/*******************************************************************************
 * Size: 28 px
 * Bpp: 4
 * Opts: --font D:\2.Project\zelda-hyrule-ui\packages\core\assets\fonts\HyliaSerif.ttf --size 28 --bpp 4 --format lvgl --no-compress --range 0x20-0x7F --lv-font-name hylia_serif_28 --lv-include lvgl.h -o D:\2.Project\ai-passport-sheikah-slate\main\font\hylia_serif_28.c
 ******************************************************************************/

#ifdef LV_LVGL_H_INCLUDE_SIMPLE
#include "lvgl.h"
#else
#include "lvgl.h"
#endif

#ifndef HYLIA_SERIF_28
#define HYLIA_SERIF_28 1
#endif

#if HYLIA_SERIF_28

/*-----------------
 *    BITMAPS
 *----------------*/

/*Store the image of the glyphs*/
static LV_ATTRIBUTE_LARGE_CONST const uint8_t glyph_bitmap[] = {
    /* U+0020 " " */

    /* U+0021 "!" */
    0x0, 0x0, 0x0, 0x0, 0x0, 0x1b, 0xc2, 0x0,
    0x5, 0xef, 0xff, 0x60, 0x7f, 0xff, 0xff, 0xf9,
    0x5f, 0xff, 0xff, 0xf8, 0x2f, 0xff, 0xff, 0xf4,
    0xe, 0xff, 0xff, 0xf0, 0xc, 0xff, 0xff, 0xe0,
    0x9, 0xff, 0xff, 0xb0, 0x7, 0xff, 0xff, 0x90,
    0x5, 0xff, 0xff, 0x70, 0x4, 0xff, 0xff, 0x60,
    0x2, 0xff, 0xff, 0x40, 0x1, 0xff, 0xff, 0x30,
    0x0, 0xff, 0xff, 0x20, 0x0, 0xff, 0xff, 0x10,
    0x0, 0xef, 0xff, 0x10, 0x0, 0xef, 0xff, 0x0,
    0x0, 0x0, 0x0, 0x0, 0x0, 0x7, 0x80, 0x0,
    0x0, 0x7f, 0xf9, 0x0, 0x6, 0xff, 0xff, 0x70,
    0x0, 0xbf, 0xfc, 0x10, 0x0, 0xb, 0xc1, 0x0,
    0x0, 0x0, 0x0, 0x0,

    /* U+0022 "\"" */
    0x2, 0x30, 0x0, 0x5, 0x0, 0x2e, 0xf4, 0x0,
    0x7f, 0xb0, 0xdf, 0xff, 0x15, 0xff, 0xf9, 0xcf,
    0xff, 0x4, 0xff, 0xf8, 0x9f, 0xfd, 0x1, 0xff,
    0xf5, 0x7f, 0xfb, 0x0, 0xff, 0xf3, 0x5f, 0xf9,
    0x0, 0xdf, 0xf1, 0x4f, 0xf8, 0x0, 0xcf, 0xf0,

    /* U+0023 "#" */
    0x0, 0x0, 0x78, 0x88, 0x70, 0x0, 0x48, 0x88,
    0x82, 0x0, 0x0, 0xb, 0xff, 0xfd, 0x0, 0x7,
    0xff, 0xfb, 0x0, 0x0, 0x0, 0x7f, 0xff, 0x80,
    0x0, 0x6f, 0xff, 0x30, 0x0, 0x0, 0x7, 0xff,
    0xf5, 0x0, 0x8, 0xff, 0xf1, 0x0, 0x0, 0x0,
    0x8f, 0xff, 0x30, 0x0, 0xaf, 0xff, 0x0, 0x0,
    0x1, 0x1a, 0xff, 0xf2, 0x11, 0x1c, 0xff, 0xe1,
    0x10, 0x4, 0xff, 0xff, 0xff, 0xff, 0xff, 0xff,
    0xff, 0xff, 0x40, 0x6f, 0xff, 0xff, 0xff, 0xff,
    0xff, 0xff, 0xff, 0xf2, 0x0, 0x0, 0xff, 0xfb,
    0x0, 0x2, 0xff, 0xf8, 0x0, 0x0, 0x0, 0x1f,
    0xff, 0x90, 0x0, 0x4f, 0xff, 0x60, 0x0, 0x0,
    0x3, 0xff, 0xf7, 0x0, 0x6, 0xff, 0xf4, 0x0,
    0x0, 0x0, 0x5f, 0xff, 0x50, 0x0, 0x8f, 0xff,
    0x30, 0x0, 0x1, 0x18, 0xff, 0xf5, 0x11, 0x1a,
    0xff, 0xf2, 0x10, 0x2, 0xff, 0xff, 0xff, 0xff,
    0xff, 0xff, 0xff, 0xff, 0x60, 0x3f, 0xff, 0xff,
    0xff, 0xff, 0xff, 0xff, 0xff, 0xf4, 0x0, 0x0,
    0xcf, 0xfd, 0x0, 0x0, 0xff, 0xfc, 0x0, 0x0,
    0x0, 0xe, 0xff, 0xb0, 0x0, 0x1f, 0xff, 0xa0,
    0x0, 0x0, 0x0, 0xff, 0xf9, 0x0, 0x3, 0xff,
    0xf8, 0x0, 0x0, 0x0, 0x4f, 0xff, 0x80, 0x0,
    0x8f, 0xff, 0x90, 0x0, 0x0, 0x1e, 0xff, 0xf9,
    0x0, 0xe, 0xff, 0xfe, 0x0, 0x0,

    /* U+0024 "$" */
    0x0, 0x0, 0x0, 0x0, 0x0, 0x0, 0x0, 0x0,
    0x0, 0x0, 0x0, 0x7, 0xa0, 0x0, 0x0, 0x0,
    0x0, 0x0, 0x0, 0x7f, 0xfb, 0x0, 0x0, 0x0,
    0x0, 0x0, 0x0, 0xdf, 0xff, 0x10, 0x0, 0x0,
    0x0, 0x0, 0x1, 0x9f, 0xfd, 0x0, 0x0, 0x10,
    0x0, 0x3, 0xbf, 0xff, 0xff, 0xfa, 0x5c, 0x50,
    0x0, 0x6f, 0xff, 0xff, 0xff, 0xff, 0xff, 0x50,
    0x3, 0xff, 0xff, 0x61, 0x4, 0xaf, 0xff, 0x50,
    0xb, 0xff, 0xf6, 0x0, 0x0, 0x5, 0xff, 0x50,
    0xf, 0xff, 0xf3, 0x0, 0x0, 0x0, 0x5f, 0x50,
    0xf, 0xff, 0xf7, 0x0, 0x0, 0x0, 0xa, 0x50,
    0xf, 0xff, 0xff, 0x40, 0x0, 0x0, 0x2, 0x50,
    0xd, 0xff, 0xff, 0xf9, 0x10, 0x0, 0x0, 0x10,
    0x7, 0xff, 0xff, 0xff, 0xf8, 0x0, 0x0, 0x0,
    0x0, 0xcf, 0xff, 0xff, 0xff, 0xe5, 0x0, 0x0,
    0x0, 0x1b, 0xff, 0xff, 0xff, 0xff, 0xa0, 0x0,
    0x0, 0x0, 0x7f, 0xff, 0xff, 0xff, 0xfb, 0x0,
    0x0, 0x0, 0x1, 0x9f, 0xff, 0xff, 0xff, 0x70,
    0x30, 0x0, 0x0, 0x2, 0xaf, 0xff, 0xff, 0xf0,
    0x46, 0x0, 0x0, 0x0, 0x5, 0xff, 0xff, 0xf4,
    0x4e, 0x0, 0x0, 0x0, 0x0, 0x5f, 0xff, 0xf7,
    0x4f, 0x80, 0x0, 0x0, 0x0, 0xf, 0xff, 0xf7,
    0x4f, 0xf4, 0x0, 0x0, 0x0, 0xf, 0xff, 0xf5,
    0x4f, 0xff, 0x50, 0x0, 0x0, 0x6f, 0xff, 0xf1,
    0x4f, 0xff, 0xfa, 0x30, 0x17, 0xff, 0xff, 0x90,
    0x4f, 0xff, 0xff, 0xff, 0xff, 0xff, 0xfa, 0x0,
    0x4f, 0x88, 0xef, 0xff, 0xff, 0xfd, 0x60, 0x0,
    0x12, 0x0, 0x2, 0xaf, 0xfc, 0x20, 0x0, 0x0,
    0x0, 0x0, 0x0, 0xbf, 0xfe, 0x0, 0x0, 0x0,
    0x0, 0x0, 0x0, 0xcf, 0xff, 0x10, 0x0, 0x0,
    0x0, 0x0, 0x0, 0x1d, 0xf3, 0x0, 0x0, 0x0,
    0x0, 0x0, 0x0, 0x1, 0x30, 0x0, 0x0, 0x0,

    /* U+0025 "%" */
    0x0, 0x0, 0x47, 0x75, 0x10, 0x0, 0x0, 0x0,
    0x0, 0x0, 0x0, 0x0, 0x0, 0x0, 0x5, 0xef,
    0xff, 0xff, 0x90, 0x0, 0x0, 0x2, 0xff, 0xf5,
    0x0, 0x0, 0x0, 0x7, 0xff, 0xf8, 0x7c, 0xff,
    0xc0, 0x0, 0x0, 0x3f, 0xfa, 0x0, 0x0, 0x0,
    0x2, 0xff, 0xf3, 0x0, 0xd, 0xff, 0x70, 0x0,
    0xa, 0xff, 0x10, 0x0, 0x0, 0x0, 0x8f, 0xfc,
    0x0, 0x0, 0x6f, 0xfe, 0x0, 0x3, 0xff, 0x80,
    0x0, 0x0, 0x0, 0xb, 0xff, 0xa0, 0x0, 0x4,
    0xff, 0xf1, 0x0, 0xbf, 0xf1, 0x0, 0x0, 0x0,
    0x0, 0xcf, 0xf9, 0x0, 0x0, 0x4f, 0xff, 0x10,
    0x3f, 0xf7, 0x0, 0x0, 0x0, 0x0, 0xa, 0xff,
    0xb0, 0x0, 0x5, 0xff, 0xf0, 0xc, 0xfe, 0x0,
    0x0, 0x0, 0x0, 0x0, 0x5f, 0xff, 0x0, 0x0,
    0xaf, 0xfb, 0x4, 0xff, 0x60, 0x0, 0x0, 0x0,
    0x0, 0x0, 0xcf, 0xfb, 0x21, 0x6f, 0xff, 0x20,
    0xcf, 0xd0, 0x0, 0x0, 0x0, 0x0, 0x0, 0x1,
    0xcf, 0xff, 0xff, 0xff, 0x40, 0x5f, 0xf5, 0x0,
    0x0, 0x0, 0x0, 0x0, 0x0, 0x0, 0x5b, 0xde,
    0xc8, 0x10, 0xd, 0xfc, 0x0, 0x0, 0x0, 0x0,
    0x0, 0x0, 0x0, 0x0, 0x0, 0x0, 0x0, 0x5,
    0xff, 0x40, 0x3, 0xae, 0xff, 0xc6, 0x0, 0x0,
    0x0, 0x0, 0x0, 0x0, 0x0, 0xdf, 0xb0, 0x7,
    0xff, 0xff, 0xff, 0xfd, 0x10, 0x0, 0x0, 0x0,
    0x0, 0x0, 0x6f, 0xf3, 0x5, 0xff, 0xe3, 0x0,
    0xaf, 0xfc, 0x0, 0x0, 0x0, 0x0, 0x0, 0xe,
    0xfa, 0x0, 0xdf, 0xf7, 0x0, 0x0, 0xff, 0xf5,
    0x0, 0x0, 0x0, 0x0, 0x7, 0xff, 0x20, 0x2f,
    0xff, 0x30, 0x0, 0xc, 0xff, 0x90, 0x0, 0x0,
    0x0, 0x0, 0xef, 0x90, 0x3, 0xff, 0xf2, 0x0,
    0x0, 0xaf, 0xfa, 0x0, 0x0, 0x0, 0x0, 0x8f,
    0xf1, 0x0, 0x2f, 0xff, 0x30, 0x0, 0xc, 0xff,
    0x90, 0x0, 0x0, 0x0, 0x1f, 0xf8, 0x0, 0x0,
    0xdf, 0xf7, 0x0, 0x0, 0xff, 0xf5, 0x0, 0x0,
    0x0, 0x8, 0xfe, 0x10, 0x0, 0x5, 0xff, 0xe3,
    0x0, 0xaf, 0xfd, 0x0, 0x0, 0x0, 0x1, 0xff,
    0xa0, 0x0, 0x0, 0x7, 0xff, 0xff, 0xff, 0xfd,
    0x10, 0x0, 0x0, 0x0, 0xcf, 0xfb, 0x0, 0x0,
    0x0, 0x3, 0xae, 0xff, 0xc7, 0x0, 0x0,

    /* U+0026 "&" */
    0x0, 0x0, 0x0, 0x0, 0x11, 0x0, 0x0, 0x0,
    0x0, 0x0, 0x0, 0x0, 0x0, 0x1, 0x8d, 0xff,
    0xff, 0xc6, 0x0, 0x0, 0x0, 0x0, 0x0, 0x0,
    0x2, 0xef, 0xff, 0xff, 0xff, 0xfc, 0x10, 0x0,
    0x0, 0x0, 0x0, 0x0, 0xcf, 0xff, 0x61, 0x16,
    0xff, 0xfb, 0x0, 0x0, 0x0, 0x0, 0x0, 0x2f,
    0xff, 0x80, 0x0, 0x7, 0xff, 0xf2, 0x0, 0x0,
    0x0, 0x0, 0x3, 0xff, 0xf4, 0x0, 0x0, 0x4f,
    0xff, 0x40, 0x0, 0x0, 0x0, 0x0, 0x1f, 0xff,
    0x90, 0x0, 0x8, 0xff, 0xf2, 0x0, 0x0, 0x0,
    0x0, 0x0, 0xbf, 0xff, 0x20, 0x4, 0xff, 0xfc,
    0x0, 0x0, 0x0, 0x0, 0x0, 0x3, 0xff, 0xfd,
    0x17, 0xff, 0xff, 0x30, 0x0, 0x0, 0x0, 0x0,
    0x0, 0x7, 0xff, 0xff, 0xff, 0xff, 0x40, 0x0,
    0x0, 0x0, 0x0, 0x0, 0x0, 0x9, 0xff, 0xff,
    0xfd, 0x20, 0x44, 0x44, 0x44, 0x0, 0x0, 0x0,
    0x4, 0xef, 0xff, 0xfd, 0x0, 0x4, 0xff, 0xff,
    0xd0, 0x0, 0x0, 0x7, 0xff, 0xff, 0xff, 0xf8,
    0x0, 0x2, 0xff, 0xfd, 0x0, 0x0, 0x7, 0xff,
    0xff, 0xbd, 0xff, 0xf8, 0x0, 0xf, 0xff, 0xb0,
    0x0, 0x4, 0xff, 0xff, 0xb0, 0x1d, 0xff, 0xf8,
    0x2, 0xff, 0xf9, 0x0, 0x0, 0xcf, 0xff, 0xe1,
    0x0, 0x1e, 0xff, 0xf7, 0x6f, 0xff, 0x60, 0x0,
    0x1f, 0xff, 0xf8, 0x0, 0x0, 0x2e, 0xff, 0xfe,
    0xff, 0xf1, 0x0, 0x4, 0xff, 0xff, 0x50, 0x0,
    0x0, 0x2e, 0xff, 0xff, 0xfc, 0x0, 0x42, 0x3f,
    0xff, 0xf5, 0x0, 0x0, 0x0, 0x2e, 0xff, 0xff,
    0x40, 0x2e, 0x1, 0xff, 0xff, 0x90, 0x0, 0x0,
    0x0, 0x8f, 0xff, 0xf7, 0x1d, 0xc0, 0x9, 0xff,
    0xff, 0x30, 0x0, 0x0, 0x5f, 0xff, 0xff, 0xfd,
    0xf9, 0x0, 0x1d, 0xff, 0xff, 0x61, 0x3, 0xaf,
    0xff, 0xfe, 0xff, 0xff, 0x50, 0x0, 0x1d, 0xff,
    0xff, 0xff, 0xff, 0xff, 0xd2, 0x2e, 0xff, 0xf2,
    0x0, 0x0, 0x7, 0xef, 0xff, 0xff, 0xfe, 0x70,
    0x0, 0x2e, 0xff, 0x0, 0x0, 0x0, 0x0, 0x36,
    0x77, 0x63, 0x0, 0x0, 0x0, 0x28, 0x60, 0x0,

    /* U+0027 "'" */
    0x1, 0x40, 0x2, 0xef, 0x40, 0xdf, 0xff, 0x1c,
    0xff, 0xf0, 0x9f, 0xfd, 0x7, 0xff, 0xb0, 0x5f,
    0xf9, 0x4, 0xff, 0x80,

    /* U+0028 "(" */
    0x0, 0x0, 0x0, 0x0, 0x0, 0x0, 0x0, 0x2,
    0xa4, 0x0, 0x0, 0x6, 0xfa, 0x0, 0x0, 0x7,
    0xff, 0x10, 0x0, 0x3, 0xff, 0x90, 0x0, 0x0,
    0xdf, 0xf3, 0x0, 0x0, 0x7f, 0xfe, 0x0, 0x0,
    0xd, 0xff, 0x90, 0x0, 0x4, 0xff, 0xf5, 0x0,
    0x0, 0x8f, 0xff, 0x20, 0x0, 0xc, 0xff, 0xf0,
    0x0, 0x0, 0xff, 0xfe, 0x0, 0x0, 0x1f, 0xff,
    0xd0, 0x0, 0x3, 0xff, 0xfc, 0x0, 0x0, 0x4f,
    0xff, 0xb0, 0x0, 0x4, 0xff, 0xfb, 0x0, 0x0,
    0x3f, 0xff, 0xc0, 0x0, 0x1, 0xff, 0xfd, 0x0,
    0x0, 0xf, 0xff, 0xe0, 0x0, 0x0, 0xcf, 0xff,
    0x0, 0x0, 0x8, 0xff, 0xf2, 0x0, 0x0, 0x4f,
    0xff, 0x50, 0x0, 0x0, 0xef, 0xf9, 0x0, 0x0,
    0x7, 0xff, 0xe0, 0x0, 0x0, 0xe, 0xff, 0x30,
    0x0, 0x0, 0x3f, 0xf9, 0x0, 0x0, 0x0, 0x7f,
    0xf1, 0x0, 0x0, 0x0, 0x6f, 0xa0, 0x0, 0x0,
    0x0, 0x2a, 0x40, 0x0, 0x0, 0x0, 0x0,

    /* U+0029 ")" */
    0x0, 0x0, 0x0, 0x0, 0x7, 0x91, 0x0, 0x0,
    0x0, 0xc, 0xe4, 0x0, 0x0, 0x0, 0x4f, 0xf4,
    0x0, 0x0, 0x0, 0xcf, 0xe1, 0x0, 0x0, 0x6,
    0xff, 0xb0, 0x0, 0x0, 0x1f, 0xff, 0x40, 0x0,
    0x0, 0xcf, 0xfb, 0x0, 0x0, 0x8, 0xff, 0xf2,
    0x0, 0x0, 0x5f, 0xff, 0x60, 0x0, 0x3, 0xff,
    0xf9, 0x0, 0x0, 0x1f, 0xff, 0xd0, 0x0, 0x0,
    0xff, 0xff, 0x0, 0x0, 0xf, 0xff, 0xf0, 0x0,
    0x0, 0xff, 0xff, 0x10, 0x0, 0xf, 0xff, 0xf1,
    0x0, 0x0, 0xff, 0xff, 0x0, 0x0, 0xf, 0xff,
    0xf0, 0x0, 0x1, 0xff, 0xfd, 0x0, 0x0, 0x3f,
    0xff, 0x90, 0x0, 0x5, 0xff, 0xf6, 0x0, 0x0,
    0x8f, 0xff, 0x20, 0x0, 0xc, 0xff, 0xb0, 0x0,
    0x1, 0xff, 0xf4, 0x0, 0x0, 0x6f, 0xfb, 0x0,
    0x0, 0xc, 0xfe, 0x10, 0x0, 0x4, 0xff, 0x40,
    0x0, 0x0, 0xce, 0x40, 0x0, 0x0, 0x78, 0x10,
    0x0, 0x0, 0x0, 0x0, 0x0, 0x0, 0x0,

    /* U+002A "*" */
    0x0, 0xb, 0x30, 0x0, 0x0, 0x6f, 0xa0, 0x0,
    0x9f, 0x6f, 0x7d, 0xc1, 0x7f, 0xff, 0xff, 0xc0,
    0x1, 0xae, 0xd3, 0x0, 0xc, 0xf6, 0xff, 0x10,
    0x7, 0x90, 0x7a, 0x0,

    /* U+002B "+" */
    0x0, 0x0, 0x16, 0x50, 0x0, 0x0, 0x0, 0x0,
    0x3f, 0xe0, 0x0, 0x0, 0x0, 0x0, 0x3f, 0xe0,
    0x0, 0x0, 0x0, 0x0, 0x3f, 0xe0, 0x0, 0x0,
    0x1, 0x11, 0x4f, 0xe1, 0x11, 0x10, 0x7f, 0xff,
    0xff, 0xff, 0xff, 0xf2, 0x7f, 0xff, 0xff, 0xff,
    0xff, 0xf2, 0x0, 0x0, 0x3f, 0xe0, 0x0, 0x0,
    0x0, 0x0, 0x3f, 0xe0, 0x0, 0x0, 0x0, 0x0,
    0x3f, 0xe0, 0x0, 0x0, 0x0, 0x0, 0x3f, 0xe0,
    0x0, 0x0,

    /* U+002C "," */
    0x0, 0x19, 0x0, 0x0, 0x1d, 0xfb, 0x0, 0x1d,
    0xff, 0xfb, 0x0, 0x8f, 0xff, 0x80, 0x0, 0x9f,
    0xc0, 0x0, 0x6, 0xf2, 0x0, 0x0, 0x66, 0x0,
    0x0, 0x2, 0x0, 0x0,

    /* U+002D "-" */
    0x11, 0x11, 0x11, 0x10, 0xef, 0xff, 0xff, 0xf4,
    0xef, 0xff, 0xff, 0xf4,

    /* U+002E "." */
    0x0, 0x19, 0x0, 0x0, 0x1d, 0xfb, 0x0, 0x1d,
    0xff, 0xfb, 0x0, 0x8f, 0xff, 0x50, 0x0, 0x8f,
    0x50, 0x0, 0x0, 0x30, 0x0,

    /* U+002F "/" */
    0x0, 0x0, 0x0, 0xff, 0xf6, 0x0, 0x0, 0x0,
    0xff, 0xd0, 0x0, 0x0, 0x1, 0xff, 0x80, 0x0,
    0x0, 0x5, 0xff, 0x50, 0x0, 0x0, 0x8, 0xff,
    0x10, 0x0, 0x0, 0xb, 0xfe, 0x0, 0x0, 0x0,
    0xe, 0xfb, 0x0, 0x0, 0x0, 0x2f, 0xf7, 0x0,
    0x0, 0x0, 0x5f, 0xf4, 0x0, 0x0, 0x0, 0x8f,
    0xf1, 0x0, 0x0, 0x0, 0xcf, 0xd0, 0x0, 0x0,
    0x0, 0xff, 0xa0, 0x0, 0x0, 0x2, 0xff, 0x70,
    0x0, 0x0, 0x6, 0xff, 0x30, 0x0, 0x0, 0x9,
    0xff, 0x0, 0x0, 0x0, 0xc, 0xfd, 0x0, 0x0,
    0x0, 0xf, 0xfa, 0x0, 0x0, 0x0, 0x3f, 0xf6,
    0x0, 0x0, 0x0, 0x6f, 0xf3, 0x0, 0x0, 0x0,
    0x9f, 0xf0, 0x0, 0x0, 0x0, 0xdf, 0xc0, 0x0,
    0x0, 0x0, 0xff, 0x90, 0x0, 0x0, 0x3, 0xff,
    0x60, 0x0, 0x0, 0x7, 0xff, 0x20, 0x0, 0x0,
    0xa, 0xff, 0x0, 0x0, 0x0, 0xd, 0xfc, 0x0,
    0x0, 0x0, 0x3f, 0xfa, 0x0, 0x0, 0x0, 0xbf,
    0xfa, 0x0, 0x0, 0x0,

    /* U+0030 "0" */
    0x0, 0x0, 0x0, 0x15, 0x76, 0x30, 0x0, 0x0,
    0x0, 0x0, 0x0, 0x9f, 0xff, 0xff, 0xd4, 0x0,
    0x0, 0x0, 0x0, 0xcf, 0xff, 0xff, 0xff, 0xf6,
    0x0, 0x0, 0x0, 0xbf, 0xef, 0x70, 0x1b, 0xff,
    0xf4, 0x0, 0x0, 0x5f, 0x9f, 0xc0, 0x0, 0x1f,
    0xff, 0xd0, 0x0, 0xd, 0xc9, 0xf6, 0x0, 0x0,
    0xbf, 0xff, 0x60, 0x3, 0xf6, 0xdf, 0x20, 0x0,
    0x6, 0xff, 0xfb, 0x0, 0x9f, 0x1f, 0xf0, 0x0,
    0x0, 0x4f, 0xff, 0xf1, 0xc, 0xe1, 0xfd, 0x0,
    0x0, 0x2, 0xff, 0xff, 0x40, 0xff, 0xaf, 0xc0,
    0x0, 0x0, 0x1f, 0xff, 0xf7, 0xf, 0xff, 0xfb,
    0x0, 0x0, 0x0, 0xff, 0xff, 0x81, 0xfd, 0x9f,
    0xb0, 0x0, 0x0, 0xf, 0xff, 0xf9, 0x1f, 0xd8,
    0xfb, 0x0, 0x0, 0x0, 0xff, 0xff, 0x90, 0xff,
    0xff, 0xb0, 0x0, 0x0, 0xf, 0xff, 0xf8, 0xf,
    0xfb, 0xfc, 0x0, 0x0, 0x1, 0xff, 0xff, 0x70,
    0xce, 0x1f, 0xd0, 0x0, 0x0, 0x2f, 0xff, 0xf4,
    0x9, 0xf1, 0xff, 0x0, 0x0, 0x4, 0xff, 0xff,
    0x10, 0x4f, 0x5d, 0xf2, 0x0, 0x0, 0x7f, 0xff,
    0xb0, 0x0, 0xdc, 0x9f, 0x60, 0x0, 0xb, 0xff,
    0xf6, 0x0, 0x5, 0xf9, 0xfc, 0x0, 0x2, 0xff,
    0xfd, 0x0, 0x0, 0xb, 0xfe, 0xf8, 0x1, 0xcf,
    0xff, 0x30, 0x0, 0x0, 0x1d, 0xff, 0xff, 0xff,
    0xff, 0x60, 0x0, 0x0, 0x0, 0x9, 0xff, 0xff,
    0xfd, 0x40, 0x0, 0x0, 0x0, 0x0, 0x1, 0x57,
    0x63, 0x0, 0x0, 0x0,

    /* U+0031 "1" */
    0x0, 0x0, 0x0, 0x1, 0x80, 0x0, 0x0, 0x0,
    0x0, 0x6f, 0xe0, 0x0, 0x0, 0x0, 0x3c, 0xff,
    0xe0, 0x0, 0x0, 0x19, 0xff, 0xff, 0xe0, 0x0,
    0x6, 0xef, 0xff, 0xdf, 0xe0, 0x0, 0x48, 0x88,
    0xff, 0x9f, 0xe0, 0x0, 0x0, 0x1, 0xff, 0x5f,
    0xe0, 0x0, 0x0, 0x1, 0xfe, 0x2f, 0xe0, 0x0,
    0x0, 0x1, 0xfc, 0xf, 0xe0, 0x0, 0x0, 0x1,
    0xff, 0x8f, 0xe0, 0x0, 0x0, 0x1, 0xff, 0xff,
    0xe0, 0x0, 0x0, 0x1, 0xff, 0x8f, 0xe0, 0x0,
    0x0, 0x1, 0xfe, 0x3f, 0xe0, 0x0, 0x0, 0x1,
    0xff, 0xff, 0xe0, 0x0, 0x0, 0x1, 0xff, 0xcf,
    0xe0, 0x0, 0x0, 0x1, 0xfc, 0xf, 0xe0, 0x0,
    0x0, 0x1, 0xfd, 0x1f, 0xe0, 0x0, 0x0, 0x1,
    0xff, 0x4f, 0xe0, 0x0, 0x0, 0x1, 0xff, 0x8f,
    0xe0, 0x0, 0x0, 0x1, 0xff, 0xcf, 0xe0, 0x0,
    0x0, 0x1, 0xff, 0xff, 0xe0, 0x0, 0x0, 0x8,
    0xff, 0xff, 0xf6, 0x0, 0x1, 0xcf, 0xff, 0xff,
    0xff, 0xa0,

    /* U+0032 "2" */
    0x0, 0x20, 0x0, 0x36, 0x77, 0x52, 0x0, 0x0,
    0x0, 0xd9, 0x9f, 0xff, 0xff, 0xff, 0xc3, 0x0,
    0x0, 0xef, 0xff, 0xff, 0xef, 0xff, 0xff, 0x50,
    0x0, 0xef, 0xff, 0xa2, 0x1, 0xdf, 0xff, 0xf1,
    0x0, 0xef, 0xf8, 0x0, 0x0, 0x6f, 0xff, 0xf8,
    0x0, 0xef, 0x90, 0x0, 0x0, 0x3f, 0xfa, 0xfb,
    0x0, 0xeb, 0x0, 0x0, 0x0, 0x4f, 0xe7, 0xfb,
    0x0, 0xc1, 0x0, 0x0, 0x0, 0x8f, 0x99, 0xf9,
    0x0, 0x20, 0x0, 0x0, 0x0, 0xee, 0x1c, 0xf4,
    0x0, 0x0, 0x0, 0x0, 0x7, 0xfc, 0x4f, 0xe0,
    0x0, 0x0, 0x0, 0x0, 0x1f, 0xff, 0xff, 0x60,
    0x0, 0x0, 0x0, 0x0, 0xbf, 0x7e, 0xfd, 0x0,
    0x0, 0x0, 0x0, 0x5, 0xff, 0x5e, 0xf4, 0x0,
    0x0, 0x0, 0x0, 0x1e, 0xff, 0xff, 0x90, 0x0,
    0x0, 0x0, 0x0, 0xbf, 0x6a, 0xfd, 0x0, 0x0,
    0x0, 0x0, 0x6, 0xfc, 0x1d, 0xf4, 0x0, 0x44,
    0x0, 0x0, 0x2f, 0xf5, 0xbf, 0xa0, 0x0, 0xd4,
    0x0, 0x0, 0xcf, 0xd9, 0xfe, 0x10, 0x6, 0xf4,
    0x0, 0x7, 0xff, 0xcf, 0xf5, 0x0, 0x1e, 0xf4,
    0x0, 0x2f, 0xff, 0xff, 0xb0, 0x0, 0x9f, 0xf4,
    0x0, 0xcf, 0xff, 0xff, 0x53, 0x34, 0xff, 0xf4,
    0x8, 0xff, 0xff, 0xff, 0xff, 0xff, 0xff, 0xf4,
    0x3f, 0xff, 0xff, 0xff, 0xff, 0xff, 0xff, 0xf4,

    /* U+0033 "3" */
    0x0, 0x1, 0x0, 0x25, 0x77, 0x63, 0x0, 0x0,
    0x0, 0x2, 0xd4, 0xcf, 0xff, 0xff, 0xfd, 0x20,
    0x0, 0x0, 0x2f, 0xff, 0xff, 0xff, 0xff, 0xff,
    0x20, 0x0, 0x2, 0xff, 0xfb, 0x67, 0xef, 0xfd,
    0xfc, 0x0, 0x0, 0x2f, 0xf6, 0x0, 0x1, 0xef,
    0x5f, 0xf2, 0x0, 0x2, 0xf6, 0x0, 0x0, 0x8,
    0xf5, 0xbf, 0x40, 0x0, 0x2a, 0x0, 0x0, 0x0,
    0x8f, 0x2a, 0xf4, 0x0, 0x1, 0x0, 0x0, 0x0,
    0xd, 0xb0, 0xef, 0x0, 0x0, 0x0, 0x0, 0x0,
    0x7, 0xfd, 0xdf, 0x80, 0x0, 0x0, 0x0, 0x0,
    0x4, 0xff, 0xff, 0xb0, 0x0, 0x0, 0x0, 0x0,
    0x5, 0xff, 0xff, 0xf3, 0x0, 0x0, 0x0, 0x0,
    0x0, 0x5e, 0xff, 0xff, 0xf4, 0x0, 0x0, 0x0,
    0x0, 0x0, 0x1d, 0xff, 0xcf, 0xe2, 0x0, 0x0,
    0x0, 0x0, 0x0, 0x1d, 0xf7, 0x7f, 0xb0, 0x0,
    0x0, 0x4, 0x0, 0x0, 0x2f, 0xe8, 0xff, 0x20,
    0x0, 0x7, 0x80, 0x0, 0x0, 0xcf, 0xff, 0xf5,
    0x0, 0x6, 0xf5, 0x0, 0x0, 0xa, 0xf6, 0x9f,
    0x70, 0x6, 0xff, 0x20, 0x0, 0x0, 0xaf, 0xce,
    0xf6, 0x5, 0xff, 0xf0, 0x0, 0x0, 0xe, 0xfb,
    0xff, 0x21, 0xff, 0xff, 0x50, 0x0, 0x6, 0xf9,
    0x4f, 0xc0, 0x7, 0xff, 0xff, 0x71, 0x17, 0xff,
    0x9e, 0xf3, 0x0, 0x7, 0xff, 0xff, 0xff, 0xff,
    0xff, 0xf4, 0x0, 0x0, 0x3, 0xaf, 0xff, 0xff,
    0xff, 0xa2, 0x0, 0x0, 0x0, 0x0, 0x4, 0x67,
    0x75, 0x10, 0x0, 0x0,

    /* U+0034 "4" */
    0x0, 0x0, 0x0, 0x0, 0x0, 0xef, 0xff, 0xf9,
    0x0, 0x0, 0x0, 0x0, 0x0, 0x8, 0xff, 0xff,
    0x80, 0x0, 0x0, 0x0, 0x0, 0x0, 0x2f, 0xff,
    0xff, 0x20, 0x0, 0x0, 0x0, 0x0, 0x0, 0xcf,
    0xfc, 0xff, 0x20, 0x0, 0x0, 0x0, 0x0, 0x6,
    0xff, 0xf8, 0xff, 0x20, 0x0, 0x0, 0x0, 0x0,
    0x1e, 0xff, 0xf4, 0xff, 0x20, 0x0, 0x0, 0x0,
    0x0, 0x9f, 0xff, 0xf2, 0xdf, 0x20, 0x0, 0x0,
    0x0, 0x3, 0xff, 0xee, 0xf0, 0xcf, 0x20, 0x0,
    0x0, 0x0, 0xc, 0xff, 0x6e, 0xfb, 0xff, 0x20,
    0x0, 0x0, 0x0, 0x6f, 0xfd, 0xe, 0xff, 0xff,
    0x20, 0x0, 0x0, 0x1, 0xef, 0xf3, 0xe, 0xf4,
    0xef, 0x20, 0x0, 0x0, 0xa, 0xff, 0xa0, 0xe,
    0xf7, 0xef, 0x20, 0x0, 0x0, 0x3f, 0xff, 0x10,
    0xe, 0xff, 0xff, 0x20, 0x0, 0x0, 0xdf, 0xf7,
    0x0, 0xe, 0xf9, 0xff, 0x20, 0x31, 0x7, 0xff,
    0xd0, 0x0, 0xe, 0xf0, 0xcf, 0x23, 0xf2, 0x1f,
    0xff, 0xed, 0xdd, 0xdf, 0xf2, 0xef, 0xdf, 0xf2,
    0xaf, 0xff, 0xff, 0xff, 0xff, 0xf4, 0xff, 0xff,
    0xf2, 0x0, 0x0, 0x0, 0x0, 0xe, 0xf8, 0xff,
    0x27, 0xf2, 0x0, 0x0, 0x0, 0x0, 0xe, 0xfd,
    0xff, 0x20, 0x72, 0x0, 0x0, 0x0, 0x0, 0xe,
    0xff, 0xff, 0x20, 0x0, 0x0, 0x0, 0x0, 0x0,
    0x6f, 0xff, 0xff, 0xa0, 0x0, 0x0, 0x0, 0x0,
    0xa, 0xff, 0xff, 0xff, 0xfd, 0x20,

    /* U+0035 "5" */
    0x0, 0x0, 0x0, 0x0, 0x0, 0x0, 0x0, 0x0,
    0x0, 0x0, 0x0, 0x0, 0x0, 0x0, 0x85, 0x0,
    0xb, 0xff, 0xff, 0xff, 0xff, 0xff, 0xf5, 0x0,
    0xb, 0xff, 0xff, 0xff, 0xff, 0xff, 0xf5, 0x0,
    0xb, 0xfe, 0xff, 0x74, 0x44, 0x4f, 0xf5, 0x0,
    0xb, 0xfa, 0xff, 0x40, 0x0, 0x6, 0xf5, 0x0,
    0xb, 0xf8, 0xef, 0x40, 0x0, 0x0, 0xa5, 0x0,
    0xb, 0xf6, 0xcf, 0x40, 0x0, 0x0, 0x14, 0x0,
    0xb, 0xf4, 0xaf, 0x40, 0x0, 0x0, 0x0, 0x0,
    0xb, 0xf6, 0xcf, 0xce, 0xfe, 0xc5, 0x0, 0x0,
    0xb, 0xff, 0xff, 0xff, 0xff, 0xff, 0xb0, 0x0,
    0xb, 0xff, 0xfd, 0xef, 0xff, 0xff, 0xfb, 0x0,
    0xb, 0xe6, 0x0, 0x3, 0xdf, 0xfb, 0xff, 0x60,
    0x7, 0x10, 0x0, 0x0, 0x1e, 0xf9, 0x5f, 0xd0,
    0x0, 0x0, 0x0, 0x0, 0x6, 0xff, 0x8f, 0xf1,
    0x0, 0x0, 0x31, 0x0, 0x1, 0xff, 0xff, 0xf3,
    0x0, 0x2, 0xe0, 0x0, 0x0, 0xef, 0x3c, 0xf4,
    0x0, 0x2e, 0xc0, 0x0, 0x0, 0xef, 0xaf, 0xf4,
    0x1, 0xef, 0x90, 0x0, 0x0, 0xff, 0xdf, 0xf1,
    0x1d, 0xff, 0x60, 0x0, 0x4, 0xfc, 0x3f, 0xd0,
    0xaf, 0xff, 0xa0, 0x0, 0xb, 0xf7, 0xcf, 0x60,
    0x2e, 0xff, 0xf8, 0x11, 0x9f, 0xff, 0xfc, 0x0,
    0x2, 0xef, 0xff, 0xff, 0xff, 0xff, 0xd1, 0x0,
    0x0, 0x19, 0xff, 0xff, 0xff, 0xf8, 0x0, 0x0,
    0x0, 0x0, 0x4, 0x67, 0x64, 0x0, 0x0, 0x0,

    /* U+0036 "6" */
    0x0, 0x0, 0x0, 0x2, 0x57, 0x75, 0x10, 0x0,
    0x0, 0x0, 0x0, 0x3c, 0xff, 0xff, 0xff, 0xc3,
    0x0, 0x0, 0x0, 0x8f, 0xff, 0xff, 0xff, 0xff,
    0xf6, 0x0, 0x0, 0x7f, 0xef, 0xf5, 0x0, 0x5f,
    0xff, 0x50, 0x0, 0x3f, 0xdb, 0xf5, 0x0, 0x5,
    0xff, 0x50, 0x0, 0xc, 0xf5, 0xfe, 0x0, 0x0,
    0x7f, 0x60, 0x0, 0x3, 0xfb, 0x6f, 0x90, 0x0,
    0xa, 0x60, 0x0, 0x0, 0x9f, 0x59, 0xf5, 0x0,
    0x0, 0x40, 0x0, 0x0, 0xc, 0xf2, 0xbf, 0x30,
    0x0, 0x0, 0x0, 0x0, 0x0, 0xff, 0x7f, 0xf1,
    0x4b, 0xff, 0xd8, 0x10, 0x0, 0x1f, 0xff, 0xff,
    0xaf, 0xff, 0xff, 0xfe, 0x40, 0x2, 0xff, 0xaf,
    0xff, 0xff, 0xff, 0xff, 0xff, 0x20, 0x2f, 0xe1,
    0xff, 0xf9, 0x10, 0x7f, 0xff, 0xfb, 0x1, 0xff,
    0xef, 0xfc, 0x0, 0x0, 0x9f, 0xff, 0xf1, 0xf,
    0xfe, 0xff, 0x50, 0x0, 0x2, 0xff, 0xff, 0x50,
    0xef, 0x2d, 0xf3, 0x0, 0x0, 0xf, 0xff, 0xf6,
    0xb, 0xf3, 0xaf, 0x10, 0x0, 0x0, 0xef, 0xff,
    0x70, 0x6f, 0x88, 0xf2, 0x0, 0x0, 0xf, 0xff,
    0xf5, 0x1, 0xfe, 0x4f, 0x50, 0x0, 0x2, 0xff,
    0xff, 0x20, 0x9, 0xf8, 0xec, 0x0, 0x0, 0x9f,
    0xff, 0xd0, 0x0, 0x1e, 0xfb, 0xf9, 0x0, 0x6f,
    0xff, 0xf4, 0x0, 0x0, 0x3f, 0xff, 0xff, 0xff,
    0xff, 0xf6, 0x0, 0x0, 0x0, 0x2b, 0xff, 0xff,
    0xff, 0xc3, 0x0, 0x0, 0x0, 0x0, 0x2, 0x57,
    0x75, 0x20, 0x0, 0x0,

    /* U+0037 "7" */
    0xd, 0xff, 0xff, 0xff, 0xff, 0xff, 0xff, 0xfa,
    0xf, 0xff, 0xff, 0xff, 0xff, 0xff, 0xff, 0xf6,
    0xf, 0xff, 0xf7, 0x44, 0x49, 0xff, 0xff, 0xf1,
    0x2f, 0xff, 0xa0, 0x0, 0xb, 0xfe, 0xef, 0xd0,
    0x4f, 0xfe, 0x0, 0x0, 0xf, 0xf9, 0xff, 0x90,
    0x6f, 0xf4, 0x0, 0x0, 0x3f, 0xf4, 0xff, 0x40,
    0x7f, 0x80, 0x0, 0x0, 0x7f, 0xb4, 0xff, 0x0,
    0x9d, 0x0, 0x0, 0x0, 0xcf, 0x56, 0xfb, 0x0,
    0xa2, 0x0, 0x0, 0x0, 0xff, 0xad, 0xf7, 0x0,
    0x40, 0x0, 0x0, 0x4, 0xff, 0xff, 0xf3, 0x0,
    0x0, 0x0, 0x0, 0x8, 0xfc, 0x9f, 0xe0, 0x0,
    0x0, 0x0, 0x0, 0xd, 0xfa, 0x9f, 0xa0, 0x0,
    0x0, 0x0, 0x0, 0x1f, 0xff, 0xff, 0x60, 0x0,
    0x0, 0x0, 0x0, 0x5f, 0xfa, 0xff, 0x10, 0x0,
    0x0, 0x0, 0x0, 0x9f, 0x83, 0xfd, 0x0, 0x0,
    0x0, 0x0, 0x0, 0xdf, 0x69, 0xf8, 0x0, 0x0,
    0x0, 0x0, 0x2, 0xff, 0x5f, 0xf4, 0x0, 0x0,
    0x0, 0x0, 0x6, 0xff, 0x9f, 0xf0, 0x0, 0x0,
    0x0, 0x0, 0xa, 0xff, 0xdf, 0xb0, 0x0, 0x0,
    0x0, 0x0, 0xe, 0xff, 0xff, 0x70, 0x0, 0x0,
    0x0, 0x0, 0x4f, 0xff, 0xff, 0x90, 0x0, 0x0,
    0x0, 0x0, 0xdf, 0xff, 0xff, 0xd0, 0x0, 0x0,

    /* U+0038 "8" */
    0x0, 0x0, 0x0, 0x25, 0x77, 0x63, 0x0, 0x0,
    0x0, 0x0, 0x6, 0xdf, 0xff, 0xff, 0xfe, 0x70,
    0x0, 0x0, 0x1c, 0xff, 0xff, 0xff, 0xff, 0xff,
    0x90, 0x0, 0xb, 0xff, 0xff, 0x80, 0x2, 0xdf,
    0xff, 0x40, 0x3, 0xff, 0xbf, 0xb0, 0x0, 0x2,
    0xff, 0xfa, 0x0, 0x5f, 0xf7, 0xf9, 0x0, 0x0,
    0xf, 0xff, 0xb0, 0x4, 0xff, 0x3f, 0xe1, 0x0,
    0x5, 0xff, 0xf8, 0x0, 0xe, 0xf3, 0x9f, 0xc1,
    0x4, 0xff, 0xff, 0x20, 0x0, 0x7f, 0xc0, 0x7f,
    0xfa, 0xff, 0xff, 0x50, 0x0, 0x0, 0x9f, 0xd7,
    0xff, 0xff, 0xfe, 0x40, 0x0, 0x0, 0x0, 0x7f,
    0xff, 0x7a, 0xff, 0x60, 0x0, 0x0, 0x0, 0x2,
    0xdf, 0xfc, 0xbf, 0xff, 0x90, 0x0, 0x0, 0x4,
    0xff, 0xff, 0xff, 0xf1, 0xaf, 0xb0, 0x0, 0x5,
    0xff, 0xff, 0x85, 0xff, 0xa0, 0xaf, 0x90, 0x3,
    0xff, 0xff, 0x60, 0x2, 0xdf, 0xc1, 0xff, 0x20,
    0xcf, 0xff, 0x80, 0x0, 0x1, 0xef, 0x89, 0xf8,
    0x2f, 0xff, 0xe0, 0x0, 0x0, 0x5, 0xfe, 0x7f,
    0xb3, 0xff, 0xfb, 0x0, 0x0, 0x0, 0x1f, 0xfa,
    0xfb, 0x2f, 0xff, 0xc0, 0x0, 0x0, 0x2, 0xff,
    0xef, 0x90, 0xef, 0xff, 0x30, 0x0, 0x0, 0xaf,
    0xff, 0xf4, 0x6, 0xff, 0xfe, 0x71, 0x3, 0xbf,
    0xff, 0xfa, 0x0, 0x8, 0xff, 0xff, 0xff, 0xff,
    0xff, 0xfa, 0x0, 0x0, 0x5, 0xdf, 0xff, 0xff,
    0xff, 0xc5, 0x0, 0x0, 0x0, 0x0, 0x25, 0x77,
    0x65, 0x10, 0x0, 0x0,

    /* U+0039 "9" */
    0x0, 0x0, 0x3, 0x67, 0x64, 0x0, 0x0, 0x0,
    0x0, 0x8, 0xff, 0xff, 0xff, 0xe7, 0x0, 0x0,
    0x1, 0xdf, 0xff, 0xff, 0xff, 0xff, 0xb0, 0x0,
    0xb, 0xff, 0xfc, 0x20, 0x3e, 0xec, 0xf8, 0x0,
    0x4f, 0xff, 0xf2, 0x0, 0x4, 0xf7, 0xef, 0x20,
    0xaf, 0xff, 0xb0, 0x0, 0x0, 0xdd, 0x5f, 0xa0,
    0xdf, 0xff, 0x80, 0x0, 0x0, 0xbf, 0x1e, 0xf0,
    0xff, 0xff, 0x60, 0x0, 0x0, 0x9f, 0x3b, 0xf4,
    0xef, 0xff, 0x80, 0x0, 0x0, 0xbf, 0x6a, 0xf7,
    0xdf, 0xff, 0xb0, 0x0, 0x0, 0xdf, 0xff, 0xf9,
    0x9f, 0xff, 0xf2, 0x0, 0x4, 0xff, 0xff, 0xfa,
    0x3f, 0xff, 0xfd, 0x30, 0x3e, 0xff, 0x95, 0xfb,
    0x9, 0xff, 0xff, 0xff, 0xff, 0xff, 0xec, 0xfb,
    0x0, 0xaf, 0xff, 0xff, 0xfe, 0xbf, 0xff, 0xfa,
    0x0, 0x5, 0xcf, 0xfe, 0x91, 0x9f, 0x9c, 0xf8,
    0x0, 0x0, 0x0, 0x0, 0x0, 0xaf, 0x3a, 0xf5,
    0x0, 0x0, 0x12, 0x0, 0x0, 0xcf, 0x2d, 0xf2,
    0x0, 0x1, 0xd2, 0x0, 0x0, 0xfe, 0x3f, 0xc0,
    0x0, 0x1c, 0xf0, 0x0, 0x5, 0xf9, 0xaf, 0x50,
    0x0, 0xcf, 0xd0, 0x0, 0xc, 0xf9, 0xfb, 0x0,
    0xc, 0xff, 0xd0, 0x1, 0xaf, 0xef, 0xe1, 0x0,
    0x1c, 0xff, 0xff, 0xef, 0xff, 0xfe, 0x20, 0x0,
    0x0, 0x8e, 0xff, 0xff, 0xff, 0x90, 0x0, 0x0,
    0x0, 0x0, 0x36, 0x76, 0x40, 0x0, 0x0, 0x0,

    /* U+003A ":" */
    0x0, 0x57, 0x0, 0x5, 0xff, 0x80, 0x4f, 0xff,
    0xf7, 0xc, 0xff, 0xd1, 0x0, 0xcd, 0x10, 0x0,
    0x1, 0x0, 0x0, 0x0, 0x0, 0x0, 0x0, 0x0,
    0x0, 0x0, 0x0, 0x0, 0x0, 0x0, 0x0, 0x0,
    0x0, 0x0, 0x0, 0x0, 0x0, 0x35, 0x0, 0x3,
    0xff, 0x50, 0x3f, 0xff, 0xf5, 0x1d, 0xff, 0xf3,
    0x1, 0xdf, 0x30, 0x0, 0x13, 0x0,

    /* U+003B ";" */
    0x0, 0x57, 0x0, 0x5, 0xff, 0x80, 0x4f, 0xff,
    0xf7, 0xc, 0xff, 0xd1, 0x0, 0xcd, 0x10, 0x0,
    0x1, 0x0, 0x0, 0x0, 0x0, 0x0, 0x0, 0x0,
    0x0, 0x0, 0x0, 0x0, 0x0, 0x0, 0x0, 0x0,
    0x0, 0x0, 0x0, 0x0, 0x0, 0x46, 0x0, 0x4,
    0xff, 0x70, 0x4f, 0xff, 0xf7, 0x1c, 0xff, 0xf4,
    0x0, 0xdf, 0x80, 0x0, 0xbc, 0x0, 0x0, 0xa2,
    0x0, 0x0, 0x20, 0x0,

    /* U+003C "<" */
    0x0, 0x0, 0x0, 0x0, 0x3, 0x0, 0x0, 0x0,
    0x0, 0x9f, 0x0, 0x0, 0x0, 0x3d, 0xff, 0x0,
    0x0, 0x9, 0xff, 0xff, 0x0, 0x3, 0xdf, 0xfd,
    0x9b, 0x0, 0x8f, 0xff, 0x80, 0x0, 0x3d, 0xff,
    0xd3, 0x0, 0x0, 0x1b, 0xff, 0xe5, 0x0, 0x0,
    0x0, 0x6f, 0xff, 0xb1, 0x0, 0x0, 0x1, 0xbf,
    0xff, 0xce, 0x0, 0x0, 0x5, 0xef, 0xff, 0x0,
    0x0, 0x0, 0x1a, 0xff, 0x0, 0x0, 0x0, 0x0,
    0x5e, 0x0, 0x0, 0x0, 0x0, 0x1,

    /* U+003D "=" */
    0x1, 0x11, 0x11, 0x11, 0x11, 0x10, 0x7f, 0xff,
    0xff, 0xff, 0xff, 0xf2, 0x7f, 0xff, 0xff, 0xff,
    0xff, 0xf2, 0x0, 0x0, 0x0, 0x0, 0x0, 0x0,
    0x0, 0x0, 0x0, 0x0, 0x0, 0x0, 0x1, 0x11,
    0x11, 0x11, 0x11, 0x10, 0x7f, 0xff, 0xff, 0xff,
    0xff, 0xf2, 0x7f, 0xff, 0xff, 0xff, 0xff, 0xf2,

    /* U+003E ">" */
    0x12, 0x0, 0x0, 0x0, 0x0, 0x2, 0xf7, 0x0,
    0x0, 0x0, 0x0, 0x2f, 0xfc, 0x20, 0x0, 0x0,
    0x2, 0xff, 0xff, 0x70, 0x0, 0x0, 0x1b, 0x9e,
    0xff, 0xc2, 0x0, 0x0, 0x0, 0x1a, 0xff, 0xf6,
    0x0, 0x0, 0x0, 0x5, 0xef, 0xfc, 0x20, 0x0,
    0x0, 0x7f, 0xff, 0x90, 0x0, 0x3, 0xdf, 0xfd,
    0x40, 0x2, 0xec, 0xff, 0xf9, 0x0, 0x0, 0x2f,
    0xff, 0xd3, 0x0, 0x0, 0x2, 0xff, 0x80, 0x0,
    0x0, 0x0, 0x2d, 0x30, 0x0, 0x0, 0x0, 0x0,
    0x0, 0x0, 0x0, 0x0, 0x0,

    /* U+003F "?" */
    0x10, 0x0, 0x3, 0x55, 0x42, 0x0, 0x0, 0xa,
    0x95, 0xcf, 0xff, 0xff, 0xfe, 0x81, 0x0, 0xaf,
    0xff, 0xff, 0xff, 0xff, 0xff, 0xe2, 0xa, 0xff,
    0xf7, 0x20, 0x2a, 0xff, 0xff, 0xd0, 0xaf, 0xd2,
    0x0, 0x0, 0xb, 0xff, 0xff, 0x4a, 0xe1, 0x0,
    0x0, 0x0, 0x5f, 0xff, 0xf8, 0xa6, 0x0, 0x0,
    0x0, 0x5, 0xff, 0xff, 0x88, 0x0, 0x0, 0x0,
    0x0, 0x9f, 0xff, 0xf6, 0x20, 0x0, 0x0, 0x0,
    0x2f, 0xff, 0xff, 0x10, 0x0, 0x0, 0x0, 0x1d,
    0xff, 0xff, 0x80, 0x0, 0x0, 0x0, 0xc, 0xff,
    0xff, 0x90, 0x0, 0x0, 0x0, 0x9, 0xff, 0xff,
    0x70, 0x0, 0x0, 0x0, 0x4, 0xff, 0xff, 0x40,
    0x0, 0x0, 0x0, 0x0, 0xcf, 0xff, 0x40, 0x0,
    0x0, 0x0, 0x0, 0x1f, 0xff, 0xc0, 0x0, 0x0,
    0x0, 0x0, 0x5, 0xff, 0xf8, 0x0, 0x0, 0x0,
    0x0, 0x0, 0x6f, 0xff, 0x70, 0x0, 0x0, 0x0,
    0x0, 0x7, 0xff, 0xf6, 0x0, 0x0, 0x0, 0x0,
    0x0, 0x0, 0x0, 0x0, 0x0, 0x0, 0x0, 0x0,
    0x0, 0x2b, 0x10, 0x0, 0x0, 0x0, 0x0, 0x0,
    0x2e, 0xfd, 0x20, 0x0, 0x0, 0x0, 0x0, 0xe,
    0xff, 0xfd, 0x0, 0x0, 0x0, 0x0, 0x0, 0x5f,
    0xff, 0x40, 0x0, 0x0, 0x0, 0x0, 0x0, 0x5f,
    0x40, 0x0, 0x0, 0x0, 0x0, 0x0, 0x0, 0x10,
    0x0, 0x0, 0x0, 0x0,

    /* U+0040 "@" */
    0x0, 0x0, 0x0, 0x0, 0x2, 0x56, 0x76, 0x41,
    0x0, 0x0, 0x0, 0x0, 0x0, 0x0, 0x0, 0x1,
    0x8e, 0xff, 0xff, 0xff, 0xfc, 0x50, 0x0, 0x0,
    0x0, 0x0, 0x0, 0x7, 0xff, 0xff, 0xff, 0xff,
    0xff, 0xff, 0xc3, 0x0, 0x0, 0x0, 0x0, 0xb,
    0xff, 0xfb, 0x61, 0x0, 0x3, 0x8e, 0xff, 0xf5,
    0x0, 0x0, 0x0, 0xc, 0xff, 0xe4, 0x0, 0x0,
    0x0, 0x0, 0x19, 0xff, 0xf5, 0x0, 0x0, 0xa,
    0xff, 0xd1, 0x0, 0x4, 0x8a, 0x95, 0x0, 0x6,
    0xff, 0xf3, 0x0, 0x5, 0xff, 0xe1, 0x0, 0x2d,
    0xff, 0xff, 0xfc, 0x10, 0x7, 0xff, 0xd0, 0x0,
    0xdf, 0xf3, 0x0, 0x2e, 0xfd, 0x21, 0xaf, 0xfb,
    0x0, 0xb, 0xff, 0x60, 0x4f, 0xfa, 0x0, 0x0,
    0x8f, 0x90, 0x1, 0xff, 0xf2, 0x0, 0x2f, 0xfd,
    0x9, 0xff, 0x40, 0x0, 0x0, 0x47, 0x0, 0xf,
    0xff, 0x40, 0x0, 0xcf, 0xf1, 0xdf, 0xf0, 0x0,
    0x0, 0x0, 0x0, 0x16, 0xff, 0xf5, 0x0, 0x7,
    0xff, 0x5e, 0xfd, 0x0, 0x0, 0x2, 0xae, 0xff,
    0xff, 0xff, 0x50, 0x0, 0x4f, 0xf7, 0xff, 0xc0,
    0x0, 0x4, 0xff, 0xff, 0xba, 0xff, 0xf5, 0x0,
    0x3, 0xff, 0x8e, 0xfd, 0x0, 0x0, 0xef, 0xfe,
    0x30, 0x2f, 0xff, 0x50, 0x0, 0x3f, 0xf8, 0xcf,
    0xf0, 0x0, 0x3f, 0xff, 0x70, 0x2, 0xff, 0xf5,
    0x0, 0x3, 0xff, 0x89, 0xff, 0x40, 0x3, 0xff,
    0xf7, 0x0, 0x4f, 0xff, 0x50, 0x0, 0x5f, 0xf5,
    0x4f, 0xfa, 0x0, 0xf, 0xff, 0xe5, 0x4d, 0xff,
    0xfc, 0x43, 0x5d, 0xff, 0x20, 0xdf, 0xf3, 0x0,
    0x7f, 0xff, 0xff, 0xff, 0xff, 0xff, 0xff, 0xff,
    0x80, 0x4, 0xff, 0xe1, 0x0, 0x4c, 0xfe, 0xc5,
    0x8e, 0xff, 0xed, 0xb9, 0x40, 0x0, 0x9, 0xff,
    0xd1, 0x0, 0x0, 0x0, 0x0, 0x0, 0x0, 0x0,
    0x0, 0x0, 0x0, 0xb, 0xff, 0xe5, 0x0, 0x0,
    0x0, 0x0, 0x1a, 0xd2, 0x0, 0x0, 0x0, 0x0,
    0xa, 0xff, 0xfc, 0x72, 0x10, 0x15, 0xaf, 0xff,
    0xe1, 0x0, 0x0, 0x0, 0x0, 0x6, 0xef, 0xff,
    0xff, 0xff, 0xff, 0xff, 0xc2, 0x0, 0x0, 0x0,
    0x0, 0x0, 0x0, 0x7d, 0xff, 0xff, 0xff, 0xfb,
    0x40, 0x0, 0x0, 0x0, 0x0, 0x0, 0x0, 0x0,
    0x1, 0x45, 0x65, 0x30, 0x0, 0x0, 0x0, 0x0,
    0x0,

    /* U+0041 "A" */
    0x0, 0x0, 0x0, 0x3e, 0xff, 0xff, 0xfb, 0x0,
    0x0, 0x0, 0x0, 0x0, 0x0, 0x0, 0x1, 0xbf,
    0xff, 0xff, 0x0, 0x0, 0x0, 0x0, 0x0, 0x0,
    0x0, 0x0, 0x8f, 0xfe, 0xff, 0x30, 0x0, 0x0,
    0x0, 0x0, 0x0, 0x0, 0x0, 0xdf, 0xfd, 0xdf,
    0x70, 0x0, 0x0, 0x0, 0x0, 0x0, 0x0, 0x1,
    0xff, 0xff, 0x7f, 0xb0, 0x0, 0x0, 0x0, 0x0,
    0x0, 0x0, 0x6, 0xff, 0xff, 0x3f, 0xf0, 0x0,
    0x0, 0x0, 0x0, 0x0, 0x0, 0xa, 0xff, 0xff,
    0x3b, 0xf3, 0x0, 0x0, 0x0, 0x0, 0x0, 0x0,
    0xf, 0xff, 0xaf, 0x55, 0xf8, 0x0, 0x0, 0x0,
    0x0, 0x0, 0x0, 0x4f, 0xfb, 0x6f, 0xd9, 0xfc,
    0x0, 0x0, 0x0, 0x0, 0x0, 0x0, 0x8f, 0xf7,
    0x2f, 0xff, 0xff, 0x0, 0x0, 0x0, 0x0, 0x0,
    0x0, 0xdf, 0xf2, 0xe, 0xf9, 0xdf, 0x40, 0x0,
    0x0, 0x0, 0x0, 0x1, 0xff, 0xd0, 0xb, 0xf7,
    0xaf, 0x80, 0x0, 0x0, 0x0, 0x0, 0x6, 0xff,
    0x80, 0x7, 0xff, 0xff, 0xc0, 0x0, 0x0, 0x0,
    0x0, 0xa, 0xff, 0xff, 0xff, 0xff, 0xbf, 0xf1,
    0x0, 0x0, 0x0, 0x0, 0xf, 0xff, 0xff, 0xff,
    0xff, 0x2a, 0xf5, 0x0, 0x0, 0x0, 0x0, 0x4f,
    0xfb, 0x44, 0x44, 0xdf, 0x68, 0xf9, 0x0, 0x0,
    0x0, 0x0, 0x8f, 0xf6, 0x0, 0x0, 0x8f, 0xc5,
    0xfd, 0x0, 0x0, 0x0, 0x0, 0xdf, 0xf1, 0x0,
    0x0, 0x4f, 0xf6, 0xff, 0x10, 0x0, 0x0, 0x1,
    0xff, 0xd0, 0x0, 0x0, 0xf, 0xfa, 0xff, 0x50,
    0x0, 0x0, 0x6, 0xff, 0x80, 0x0, 0x0, 0xc,
    0xfe, 0xff, 0x90, 0x0, 0x0, 0x3e, 0xff, 0x80,
    0x0, 0x0, 0x1d, 0xff, 0xff, 0xf5, 0x0, 0x6,
    0xff, 0xff, 0xf8, 0x0, 0x4, 0xef, 0xff, 0xff,
    0xff, 0x80,

    /* U+0042 "B" */
    0x2d, 0xff, 0xff, 0xff, 0xfe, 0xdb, 0x72, 0x0,
    0x0, 0x0, 0x9f, 0xff, 0xff, 0xff, 0xff, 0xff,
    0xb1, 0x0, 0x0, 0x2f, 0xfc, 0xff, 0x46, 0xbf,
    0xff, 0xfd, 0x10, 0x0, 0x2f, 0xf9, 0xff, 0x0,
    0x6, 0xff, 0xff, 0x80, 0x0, 0x2f, 0xf5, 0xff,
    0x0, 0x0, 0xef, 0xff, 0xc0, 0x0, 0x2f, 0xf2,
    0xff, 0x0, 0x0, 0xcf, 0xff, 0xd0, 0x0, 0x2f,
    0xd0, 0xff, 0x0, 0x0, 0xdf, 0xff, 0xb0, 0x0,
    0x2f, 0xd1, 0xff, 0x0, 0x3, 0xff, 0xff, 0x70,
    0x0, 0x2f, 0xfe, 0xff, 0x1, 0x5e, 0xff, 0xfd,
    0x0, 0x0, 0x2f, 0xfe, 0xff, 0xff, 0xff, 0xff,
    0x90, 0x0, 0x0, 0x2f, 0xd1, 0xff, 0xff, 0xff,
    0xf8, 0x10, 0x0, 0x0, 0x2f, 0xfb, 0xff, 0x35,
    0x9f, 0xff, 0xf7, 0x0, 0x0, 0x2f, 0xff, 0xff,
    0x0, 0x1, 0xdf, 0xff, 0xa0, 0x0, 0x2f, 0xf6,
    0xff, 0x0, 0x0, 0x4f, 0xff, 0xf5, 0x0, 0x2f,
    0xc0, 0xff, 0x0, 0x0, 0xf, 0xff, 0xfc, 0x0,
    0x2f, 0xe1, 0xff, 0x0, 0x0, 0xe, 0xff, 0xfe,
    0x0, 0x2f, 0xf3, 0xff, 0x0, 0x0, 0xf, 0xff,
    0xfe, 0x0, 0x2f, 0xf7, 0xff, 0x0, 0x0, 0x3f,
    0xff, 0xfc, 0x0, 0x2f, 0xfa, 0xff, 0x0, 0x1,
    0xcf, 0xff, 0xf6, 0x0, 0x2f, 0xfe, 0xff, 0x78,
    0xbf, 0xff, 0xff, 0xc0, 0x0, 0xaf, 0xff, 0xff,
    0xff, 0xff, 0xff, 0xfa, 0x0, 0x2d, 0xff, 0xff,
    0xff, 0xff, 0xec, 0xa6, 0x20, 0x0,

    /* U+0043 "C" */
    0x0, 0x0, 0x0, 0x4, 0x67, 0x64, 0x10, 0x1,
    0x0, 0x0, 0x0, 0x8e, 0xff, 0xff, 0xff, 0xa5,
    0xe2, 0x0, 0x1, 0xdf, 0xff, 0xfd, 0xcf, 0xff,
    0xff, 0x20, 0x1, 0xdf, 0xef, 0xe3, 0x0, 0x1b,
    0xff, 0xf2, 0x0, 0xaf, 0x9e, 0xf3, 0x0, 0x0,
    0xb, 0xff, 0x20, 0x3f, 0xc6, 0xfa, 0x0, 0x0,
    0x0, 0x1e, 0xf2, 0xa, 0xf5, 0xbf, 0x40, 0x0,
    0x0, 0x0, 0x4f, 0x20, 0xff, 0xf, 0xf0, 0x0,
    0x0, 0x0, 0x0, 0xb2, 0x4f, 0xb2, 0xfd, 0x0,
    0x0, 0x0, 0x0, 0x4, 0x27, 0xfe, 0xbf, 0xb0,
    0x0, 0x0, 0x0, 0x0, 0x0, 0x8f, 0xff, 0xfa,
    0x0, 0x0, 0x0, 0x0, 0x0, 0xa, 0xfa, 0xaf,
    0x90, 0x0, 0x0, 0x0, 0x0, 0x0, 0xaf, 0x99,
    0xf9, 0x0, 0x0, 0x0, 0x0, 0x0, 0x9, 0xff,
    0xff, 0xa0, 0x0, 0x0, 0x0, 0x0, 0x0, 0x7f,
    0xeb, 0xfb, 0x0, 0x0, 0x0, 0x0, 0x1, 0x14,
    0xfa, 0x3f, 0xd0, 0x0, 0x0, 0x0, 0x0, 0x72,
    0xf, 0xd1, 0xff, 0x0, 0x0, 0x0, 0x0, 0xd,
    0x20, 0xaf, 0x3e, 0xf4, 0x0, 0x0, 0x0, 0x5,
    0xf2, 0x3, 0xfa, 0x9f, 0xa0, 0x0, 0x0, 0x0,
    0xdf, 0x20, 0xa, 0xf8, 0xff, 0x30, 0x0, 0x0,
    0x9f, 0xf2, 0x0, 0x1d, 0xfe, 0xfe, 0x30, 0x1,
    0x9f, 0xff, 0x20, 0x0, 0x1d, 0xff, 0xff, 0xdc,
    0xff, 0xff, 0xf2, 0x0, 0x0, 0x8, 0xef, 0xff,
    0xff, 0xf9, 0x6f, 0x20, 0x0, 0x0, 0x0, 0x46,
    0x76, 0x30, 0x0, 0x20,

    /* U+0044 "D" */
    0x2d, 0xff, 0xff, 0xff, 0xfd, 0xb6, 0x10, 0x0,
    0x0, 0x0, 0x9, 0xff, 0xff, 0xff, 0xff, 0xff,
    0x91, 0x0, 0x0, 0x0, 0x2f, 0xfd, 0xff, 0x58,
    0xef, 0xff, 0xe3, 0x0, 0x0, 0x2, 0xff, 0x9f,
    0xf0, 0x0, 0xaf, 0xff, 0xf3, 0x0, 0x0, 0x2f,
    0xf6, 0xff, 0x0, 0x0, 0xbf, 0xff, 0xe1, 0x0,
    0x2, 0xff, 0x2f, 0xf0, 0x0, 0x2, 0xff, 0xff,
    0x90, 0x0, 0x2f, 0xe0, 0xff, 0x0, 0x0, 0xb,
    0xff, 0xff, 0x10, 0x2, 0xfd, 0xf, 0xf0, 0x0,
    0x0, 0x6f, 0xff, 0xf6, 0x0, 0x2f, 0xfb, 0xff,
    0x0, 0x0, 0x3, 0xff, 0xff, 0xa0, 0x2, 0xff,
    0xff, 0xf0, 0x0, 0x0, 0x1f, 0xff, 0xfd, 0x0,
    0x2f, 0xe5, 0xff, 0x0, 0x0, 0x0, 0xff, 0xff,
    0xe0, 0x2, 0xfe, 0x6f, 0xf0, 0x0, 0x0, 0x1f,
    0xff, 0xfe, 0x0, 0x2f, 0xff, 0xff, 0x0, 0x0,
    0x1, 0xff, 0xff, 0xd0, 0x2, 0xff, 0xaf, 0xf0,
    0x0, 0x0, 0x3f, 0xff, 0xfb, 0x0, 0x2f, 0xd0,
    0xff, 0x0, 0x0, 0x6, 0xff, 0xff, 0x60, 0x2,
    0xfe, 0x1f, 0xf0, 0x0, 0x0, 0xbf, 0xff, 0xf1,
    0x0, 0x2f, 0xf3, 0xff, 0x0, 0x0, 0x2f, 0xff,
    0xf9, 0x0, 0x2, 0xff, 0x6f, 0xf0, 0x0, 0xc,
    0xff, 0xfe, 0x10, 0x0, 0x2f, 0xfa, 0xff, 0x0,
    0x1b, 0xff, 0xff, 0x30, 0x0, 0x2, 0xff, 0xdf,
    0xf6, 0x9e, 0xff, 0xfe, 0x30, 0x0, 0x0, 0xaf,
    0xff, 0xff, 0xff, 0xff, 0xf9, 0x10, 0x0, 0x2,
    0xdf, 0xff, 0xff, 0xff, 0xdb, 0x72, 0x0, 0x0,
    0x0,

    /* U+0045 "E" */
    0x2d, 0xff, 0xff, 0xff, 0xff, 0xff, 0xff, 0xfc,
    0x0, 0x9f, 0xff, 0xff, 0xff, 0xff, 0xff, 0xfc,
    0x0, 0x2f, 0xfd, 0xff, 0x44, 0x44, 0xdf, 0xfc,
    0x0, 0x2f, 0xf9, 0xff, 0x0, 0x0, 0x5f, 0xfc,
    0x0, 0x2f, 0xf6, 0xff, 0x0, 0x0, 0xc, 0xfc,
    0x0, 0x2f, 0xf3, 0xff, 0x0, 0x0, 0x3, 0xfc,
    0x0, 0x2f, 0xd1, 0xff, 0x0, 0x0, 0x10, 0xac,
    0x0, 0x2f, 0xc0, 0xff, 0x0, 0x9, 0x30, 0x2c,
    0x0, 0x2f, 0xf9, 0xff, 0x0, 0x6f, 0x30, 0x6,
    0x0, 0x2f, 0xff, 0xff, 0x24, 0xff, 0x30, 0x0,
    0x0, 0x2f, 0xf7, 0xff, 0xff, 0xff, 0x30, 0x0,
    0x0, 0x2f, 0xe3, 0xff, 0xff, 0xff, 0x30, 0x0,
    0x0, 0x2f, 0xff, 0xff, 0x2, 0xff, 0x30, 0x0,
    0x0, 0x2f, 0xfc, 0xff, 0x0, 0x4f, 0x30, 0x3,
    0x0, 0x2f, 0xc0, 0xff, 0x0, 0x7, 0x30, 0x1b,
    0x0, 0x2f, 0xd1, 0xff, 0x0, 0x0, 0x0, 0x9c,
    0x0, 0x2f, 0xf3, 0xff, 0x0, 0x0, 0x2, 0xfc,
    0x0, 0x2f, 0xf6, 0xff, 0x0, 0x0, 0xb, 0xfc,
    0x0, 0x2f, 0xf9, 0xff, 0x0, 0x0, 0x4f, 0xfc,
    0x0, 0x2f, 0xfd, 0xff, 0x44, 0x44, 0xdf, 0xfc,
    0x0, 0xaf, 0xff, 0xff, 0xff, 0xff, 0xff, 0xfc,
    0x2d, 0xff, 0xff, 0xff, 0xff, 0xff, 0xff, 0xfc,

    /* U+0046 "F" */
    0x2d, 0xff, 0xff, 0xff, 0xff, 0xff, 0xff, 0xfc,
    0x0, 0x9f, 0xff, 0xff, 0xff, 0xff, 0xff, 0xfc,
    0x0, 0x2f, 0xfd, 0xff, 0x44, 0x44, 0xdf, 0xfc,
    0x0, 0x2f, 0xf9, 0xff, 0x0, 0x0, 0x5f, 0xfc,
    0x0, 0x2f, 0xf5, 0xff, 0x0, 0x0, 0xc, 0xfc,
    0x0, 0x2f, 0xf2, 0xff, 0x0, 0x0, 0x3, 0xfc,
    0x0, 0x2f, 0xd0, 0xff, 0x0, 0x0, 0x0, 0xac,
    0x0, 0x2f, 0xc0, 0xff, 0x0, 0x6, 0x20, 0x1c,
    0x0, 0x2f, 0xfb, 0xff, 0x0, 0x2f, 0x20, 0x4,
    0x0, 0x2f, 0xff, 0xff, 0x0, 0xcf, 0x20, 0x0,
    0x0, 0x2f, 0xe4, 0xff, 0xff, 0xff, 0x20, 0x0,
    0x0, 0x2f, 0xf7, 0xff, 0xff, 0xff, 0x20, 0x0,
    0x0, 0x2f, 0xff, 0xff, 0x22, 0xdf, 0x20, 0x0,
    0x0, 0x2f, 0xf9, 0xff, 0x0, 0x3f, 0x20, 0x0,
    0x0, 0x2f, 0xc0, 0xff, 0x0, 0x8, 0x20, 0x0,
    0x0, 0x2f, 0xe1, 0xff, 0x0, 0x0, 0x0, 0x0,
    0x0, 0x2f, 0xf3, 0xff, 0x0, 0x0, 0x0, 0x0,
    0x0, 0x2f, 0xf6, 0xff, 0x0, 0x0, 0x0, 0x0,
    0x0, 0x2f, 0xfa, 0xff, 0x0, 0x0, 0x0, 0x0,
    0x0, 0x2f, 0xfd, 0xff, 0x0, 0x0, 0x0, 0x0,
    0x0, 0xaf, 0xff, 0xff, 0x70, 0x0, 0x0, 0x0,
    0x2d, 0xff, 0xff, 0xff, 0xfb, 0x10, 0x0, 0x0,

    /* U+0047 "G" */
    0x0, 0x0, 0x0, 0x4, 0x67, 0x64, 0x10, 0x1,
    0x0, 0x0, 0x0, 0x0, 0x8e, 0xff, 0xff, 0xff,
    0xa5, 0xe2, 0x0, 0x0, 0x1, 0xdf, 0xff, 0xfd,
    0xcf, 0xff, 0xff, 0x20, 0x0, 0x1, 0xdf, 0xef,
    0xe3, 0x0, 0x1b, 0xff, 0xf2, 0x0, 0x0, 0xaf,
    0x8e, 0xf3, 0x0, 0x0, 0xb, 0xff, 0x20, 0x0,
    0x3f, 0xc6, 0xfa, 0x0, 0x0, 0x0, 0x1e, 0xf2,
    0x0, 0xa, 0xf5, 0xbf, 0x40, 0x0, 0x0, 0x0,
    0x4f, 0x20, 0x0, 0xff, 0xf, 0xf0, 0x0, 0x0,
    0x0, 0x0, 0xb2, 0x0, 0x4f, 0xb2, 0xfd, 0x0,
    0x0, 0x0, 0x0, 0x4, 0x20, 0x7, 0xfe, 0xbf,
    0xb0, 0x0, 0x0, 0x0, 0x0, 0x0, 0x0, 0x8f,
    0xff, 0xfa, 0x0, 0x1, 0x33, 0x33, 0x33, 0x33,
    0x1a, 0xfa, 0xaf, 0x90, 0x0, 0xa, 0xff, 0xff,
    0xff, 0xb0, 0xaf, 0x99, 0xf9, 0x0, 0x0, 0x8,
    0xff, 0xff, 0x90, 0x9, 0xff, 0xff, 0xa0, 0x0,
    0x0, 0x1f, 0xff, 0xf2, 0x0, 0x7f, 0xeb, 0xfb,
    0x0, 0x0, 0x1, 0xff, 0xff, 0x20, 0x4, 0xfb,
    0x3f, 0xd0, 0x0, 0x0, 0x1f, 0xff, 0xf2, 0x0,
    0xf, 0xd1, 0xff, 0x0, 0x0, 0x1, 0xff, 0xff,
    0x20, 0x0, 0xaf, 0x3e, 0xf4, 0x0, 0x0, 0x1f,
    0xff, 0xf2, 0x0, 0x3, 0xfb, 0x9f, 0xa0, 0x0,
    0x1, 0xff, 0xff, 0x20, 0x0, 0xa, 0xf8, 0xff,
    0x30, 0x0, 0x1f, 0xff, 0xf2, 0x0, 0x0, 0x1d,
    0xfe, 0xfe, 0x30, 0x2, 0xff, 0xff, 0x20, 0x0,
    0x0, 0x1d, 0xff, 0xff, 0xdc, 0xff, 0xff, 0xf2,
    0x0, 0x0, 0x0, 0x8, 0xef, 0xff, 0xff, 0xf9,
    0x6f, 0x20, 0x0, 0x0, 0x0, 0x0, 0x46, 0x76,
    0x30, 0x0, 0x20, 0x0,

    /* U+0048 "H" */
    0x2d, 0xff, 0xff, 0xff, 0xfa, 0x19, 0xff, 0xff,
    0xff, 0xfe, 0x40, 0xa, 0xff, 0xff, 0xf6, 0x0,
    0x4, 0xef, 0xff, 0xfb, 0x10, 0x0, 0x3f, 0xfd,
    0xff, 0x0, 0x0, 0xc, 0xff, 0xff, 0x50, 0x0,
    0x3, 0xff, 0x9f, 0xf0, 0x0, 0x0, 0xcf, 0xff,
    0xf5, 0x0, 0x0, 0x3f, 0xf6, 0xff, 0x0, 0x0,
    0xc, 0xff, 0xff, 0x50, 0x0, 0x3, 0xff, 0x3f,
    0xf0, 0x0, 0x0, 0xcf, 0xff, 0xf5, 0x0, 0x0,
    0x3f, 0xd1, 0xff, 0x0, 0x0, 0xc, 0xff, 0xff,
    0x50, 0x0, 0x3, 0xfc, 0xf, 0xf0, 0x0, 0x0,
    0xcf, 0xff, 0xf5, 0x0, 0x0, 0x3f, 0xfb, 0xff,
    0x0, 0x0, 0xc, 0xff, 0xff, 0x50, 0x0, 0x3,
    0xff, 0xff, 0xfa, 0xaa, 0xaa, 0xef, 0xff, 0xf5,
    0x0, 0x0, 0x3f, 0xe4, 0xff, 0xff, 0xff, 0xff,
    0xff, 0xff, 0x50, 0x0, 0x3, 0xff, 0x7f, 0xff,
    0xff, 0xff, 0xff, 0xff, 0xf5, 0x0, 0x0, 0x3f,
    0xff, 0xff, 0x0, 0x0, 0xc, 0xff, 0xff, 0x50,
    0x0, 0x3, 0xff, 0x9f, 0xf0, 0x0, 0x0, 0xcf,
    0xff, 0xf5, 0x0, 0x0, 0x3f, 0xc0, 0xff, 0x0,
    0x0, 0xc, 0xff, 0xff, 0x50, 0x0, 0x3, 0xfd,
    0x1f, 0xf0, 0x0, 0x0, 0xcf, 0xff, 0xf5, 0x0,
    0x0, 0x3f, 0xf3, 0xff, 0x0, 0x0, 0xc, 0xff,
    0xff, 0x50, 0x0, 0x3, 0xff, 0x6f, 0xf0, 0x0,
    0x0, 0xcf, 0xff, 0xf5, 0x0, 0x0, 0x3f, 0xfa,
    0xff, 0x0, 0x0, 0xc, 0xff, 0xff, 0x50, 0x0,
    0x3, 0xff, 0xdf, 0xf0, 0x0, 0x0, 0xcf, 0xff,
    0xf5, 0x0, 0x0, 0xaf, 0xff, 0xff, 0x70, 0x0,
    0x5f, 0xff, 0xff, 0xc1, 0x2, 0xdf, 0xff, 0xff,
    0xff, 0xb1, 0x9f, 0xff, 0xff, 0xff, 0xe4,

    /* U+0049 "I" */
    0x2d, 0xff, 0xff, 0xff, 0xfa, 0x10, 0xa, 0xff,
    0xff, 0xf7, 0x0, 0x0, 0x3f, 0xfd, 0xff, 0x0,
    0x0, 0x3, 0xff, 0x9f, 0xf0, 0x0, 0x0, 0x3f,
    0xf6, 0xff, 0x0, 0x0, 0x3, 0xff, 0x3f, 0xf0,
    0x0, 0x0, 0x3f, 0xd1, 0xff, 0x0, 0x0, 0x3,
    0xfc, 0xf, 0xf0, 0x0, 0x0, 0x3f, 0xfb, 0xff,
    0x0, 0x0, 0x3, 0xff, 0xff, 0xf0, 0x0, 0x0,
    0x3f, 0xe5, 0xff, 0x0, 0x0, 0x3, 0xfe, 0x6f,
    0xf0, 0x0, 0x0, 0x3f, 0xff, 0xff, 0x0, 0x0,
    0x3, 0xff, 0xaf, 0xf0, 0x0, 0x0, 0x3f, 0xc0,
    0xff, 0x0, 0x0, 0x3, 0xfd, 0x1f, 0xf0, 0x0,
    0x0, 0x3f, 0xf3, 0xff, 0x0, 0x0, 0x3, 0xff,
    0x6f, 0xf0, 0x0, 0x0, 0x3f, 0xfa, 0xff, 0x0,
    0x0, 0x3, 0xff, 0xdf, 0xf0, 0x0, 0x0, 0xaf,
    0xff, 0xff, 0x70, 0x2, 0xdf, 0xff, 0xff, 0xff,
    0xb1,

    /* U+004A "J" */
    0x0, 0x1, 0xcf, 0xff, 0xff, 0xff, 0xb1, 0x0,
    0x0, 0x8, 0xff, 0xff, 0xf7, 0x0, 0x0, 0x0,
    0x1, 0xff, 0xdf, 0xf0, 0x0, 0x0, 0x0, 0x1,
    0xff, 0x9f, 0xf0, 0x0, 0x0, 0x0, 0x1, 0xff,
    0x6f, 0xf0, 0x0, 0x0, 0x0, 0x1, 0xff, 0x2f,
    0xf0, 0x0, 0x0, 0x0, 0x1, 0xfe, 0xf, 0xf0,
    0x0, 0x0, 0x0, 0x1, 0xfe, 0xe, 0xf0, 0x0,
    0x0, 0x0, 0x1, 0xff, 0xbf, 0xf0, 0x0, 0x0,
    0x0, 0x1, 0xff, 0xff, 0xf0, 0x0, 0x0, 0x0,
    0x1, 0xff, 0x4f, 0xf0, 0x0, 0x10, 0x0, 0x1,
    0xff, 0x7f, 0xf0, 0x0, 0x70, 0x0, 0x1, 0xff,
    0xff, 0xf0, 0x0, 0xe0, 0x0, 0x1, 0xff, 0xaf,
    0xf0, 0x0, 0xf6, 0x0, 0x1, 0xfd, 0xe, 0xf0,
    0x0, 0xfd, 0x0, 0x1, 0xfe, 0xf, 0xf0, 0x0,
    0xff, 0x40, 0x2, 0xfe, 0x4f, 0xe0, 0x0, 0xff,
    0xb0, 0x5, 0xfc, 0x9f, 0xb0, 0x0, 0xff, 0xf2,
    0xc, 0xf9, 0xff, 0x50, 0x0, 0xff, 0xfb, 0xbf,
    0xfe, 0xfc, 0x0, 0x0, 0xff, 0xff, 0xff, 0xff,
    0xe2, 0x0, 0x0, 0xbf, 0xff, 0xff, 0xfa, 0x10,
    0x0, 0x0, 0x2, 0x57, 0x75, 0x10, 0x0, 0x0,
    0x0,

    /* U+004B "K" */
    0x2d, 0xff, 0xff, 0xff, 0xfb, 0x10, 0x4f, 0xff,
    0xff, 0xd2, 0x0, 0x9, 0xff, 0xff, 0xf7, 0x0,
    0x0, 0x5f, 0xff, 0xa0, 0x0, 0x0, 0x2f, 0xfd,
    0xff, 0x0, 0x0, 0xc, 0xff, 0xa0, 0x0, 0x0,
    0x2, 0xff, 0x9f, 0xf0, 0x0, 0x7, 0xff, 0xf1,
    0x0, 0x0, 0x0, 0x2f, 0xf6, 0xff, 0x0, 0x2,
    0xff, 0xf6, 0x0, 0x0, 0x0, 0x2, 0xff, 0x2f,
    0xf0, 0x0, 0xbf, 0xfc, 0x0, 0x0, 0x0, 0x0,
    0x2f, 0xd0, 0xff, 0x0, 0x6f, 0xff, 0x20, 0x0,
    0x0, 0x0, 0x2, 0xfc, 0xf, 0xf0, 0x1f, 0xff,
    0x80, 0x0, 0x0, 0x0, 0x0, 0x2f, 0xfb, 0xff,
    0xb, 0xff, 0xd0, 0x0, 0x0, 0x0, 0x0, 0x2,
    0xff, 0xff, 0xf5, 0xff, 0xf6, 0x0, 0x0, 0x0,
    0x0, 0x0, 0x2f, 0xe5, 0xff, 0xef, 0xff, 0xc0,
    0x0, 0x0, 0x0, 0x0, 0x2, 0xfe, 0x6f, 0xff,
    0xff, 0xff, 0x60, 0x0, 0x0, 0x0, 0x0, 0x2f,
    0xff, 0xff, 0x7f, 0xff, 0xfe, 0x10, 0x0, 0x0,
    0x0, 0x2, 0xff, 0xaf, 0xf0, 0xdf, 0xff, 0xf9,
    0x0, 0x0, 0x0, 0x0, 0x2f, 0xc0, 0xff, 0x3,
    0xff, 0xff, 0xf2, 0x0, 0x0, 0x0, 0x2, 0xfd,
    0x1f, 0xf0, 0xa, 0xff, 0xff, 0xb0, 0x0, 0x0,
    0x0, 0x2f, 0xf2, 0xff, 0x0, 0x1f, 0xff, 0xff,
    0x50, 0x0, 0x0, 0x2, 0xff, 0x6f, 0xf0, 0x0,
    0x7f, 0xff, 0xfe, 0x0, 0x0, 0x0, 0x2f, 0xfa,
    0xff, 0x0, 0x0, 0xdf, 0xff, 0xf8, 0x0, 0x0,
    0x2, 0xff, 0xdf, 0xf0, 0x0, 0x3, 0xff, 0xff,
    0xf2, 0x0, 0x0, 0xaf, 0xff, 0xff, 0x70, 0x0,
    0x1e, 0xff, 0xff, 0xd2, 0x2, 0xdf, 0xff, 0xff,
    0xff, 0xb1, 0x2d, 0xff, 0xff, 0xff, 0xf5,

    /* U+004C "L" */
    0x2d, 0xff, 0xff, 0xff, 0xfb, 0x10, 0x0, 0x0,
    0x9, 0xff, 0xff, 0xf7, 0x0, 0x0, 0x0, 0x0,
    0x2f, 0xfd, 0xff, 0x0, 0x0, 0x0, 0x0, 0x2,
    0xff, 0x9f, 0xf0, 0x0, 0x0, 0x0, 0x0, 0x2f,
    0xf6, 0xff, 0x0, 0x0, 0x0, 0x0, 0x2, 0xff,
    0x3f, 0xf0, 0x0, 0x0, 0x0, 0x0, 0x2f, 0xd1,
    0xff, 0x0, 0x0, 0x0, 0x0, 0x2, 0xfc, 0xf,
    0xf0, 0x0, 0x0, 0x0, 0x0, 0x2f, 0xfb, 0xff,
    0x0, 0x0, 0x0, 0x0, 0x2, 0xff, 0xff, 0xf0,
    0x0, 0x0, 0x0, 0x0, 0x2f, 0xe5, 0xff, 0x0,
    0x0, 0x0, 0x10, 0x2, 0xfe, 0x6f, 0xf0, 0x0,
    0x0, 0x7, 0x0, 0x2f, 0xff, 0xff, 0x0, 0x0,
    0x0, 0xc0, 0x2, 0xff, 0xaf, 0xf0, 0x0, 0x0,
    0x4e, 0x0, 0x2f, 0xc0, 0xff, 0x0, 0x0, 0xa,
    0xe0, 0x2, 0xfd, 0x1f, 0xf0, 0x0, 0x1, 0xfe,
    0x0, 0x2f, 0xf3, 0xff, 0x0, 0x0, 0x7f, 0xe0,
    0x2, 0xff, 0x6f, 0xf0, 0x0, 0xd, 0xfe, 0x0,
    0x2f, 0xfa, 0xff, 0x0, 0x3, 0xff, 0xe0, 0x2,
    0xff, 0xdf, 0xf3, 0x33, 0xaf, 0xfe, 0x0, 0xaf,
    0xff, 0xff, 0xff, 0xff, 0xff, 0xe2, 0xdf, 0xff,
    0xff, 0xff, 0xff, 0xff, 0xfe,

    /* U+004D "M" */
    0x2d, 0xff, 0xff, 0xff, 0xf3, 0x0, 0x0, 0xb,
    0xff, 0xff, 0xff, 0xc1, 0x0, 0xaf, 0xff, 0xff,
    0xf8, 0x0, 0x0, 0xf, 0xff, 0xff, 0xf8, 0x0,
    0x0, 0x3f, 0xff, 0xfd, 0xfd, 0x0, 0x0, 0x5f,
    0xff, 0xff, 0xf1, 0x0, 0x0, 0x3f, 0xff, 0xf8,
    0xff, 0x20, 0x0, 0xaf, 0xff, 0xff, 0xf1, 0x0,
    0x0, 0x3f, 0xff, 0xf7, 0xcf, 0x70, 0x0, 0xff,
    0xff, 0xff, 0xf1, 0x0, 0x0, 0x3f, 0xff, 0xfa,
    0x4f, 0xc0, 0x4, 0xff, 0xff, 0xff, 0xf1, 0x0,
    0x0, 0x3f, 0xff, 0xfd, 0x1f, 0xf1, 0x9, 0xff,
    0xff, 0xff, 0xf1, 0x0, 0x0, 0x3f, 0xff, 0xef,
    0xef, 0xf5, 0xe, 0xff, 0xef, 0xff, 0xf1, 0x0,
    0x0, 0x3f, 0xff, 0x8f, 0xea, 0xfa, 0x3f, 0xff,
    0x9f, 0xff, 0xf1, 0x0, 0x0, 0x3f, 0xff, 0x3f,
    0xd3, 0xff, 0x8f, 0xfb, 0x8f, 0xff, 0xf1, 0x0,
    0x0, 0x3f, 0xff, 0x2b, 0xff, 0xff, 0xff, 0xf5,
    0x8f, 0xff, 0xf1, 0x0, 0x0, 0x3f, 0xff, 0x26,
    0xfb, 0x9f, 0xff, 0xf0, 0x8f, 0xff, 0xf1, 0x0,
    0x0, 0x3f, 0xff, 0x21, 0xfa, 0x2f, 0xff, 0xb0,
    0x8f, 0xff, 0xf1, 0x0, 0x0, 0x3f, 0xff, 0x20,
    0xbf, 0x2f, 0xff, 0x50, 0x8f, 0xff, 0xf1, 0x0,
    0x0, 0x3f, 0xff, 0x20, 0x6f, 0x9d, 0xff, 0x0,
    0x8f, 0xff, 0xf1, 0x0, 0x0, 0x3f, 0xff, 0x20,
    0x1f, 0xfb, 0xfb, 0x0, 0x8f, 0xff, 0xf1, 0x0,
    0x0, 0x3f, 0xff, 0x20, 0xb, 0xff, 0xf5, 0x0,
    0x8f, 0xff, 0xf1, 0x0, 0x0, 0x3f, 0xff, 0x20,
    0x6, 0xff, 0xf0, 0x0, 0x8f, 0xff, 0xf1, 0x0,
    0x0, 0x3f, 0xff, 0x20, 0x1, 0xff, 0xa0, 0x0,
    0x8f, 0xff, 0xf1, 0x0, 0x0, 0x3f, 0xff, 0x20,
    0x0, 0xbf, 0x50, 0x0, 0x8f, 0xff, 0xf1, 0x0,
    0x0, 0xaf, 0xff, 0xa0, 0x0, 0x6f, 0x0, 0x2,
    0xdf, 0xff, 0xf9, 0x0, 0x2d, 0xff, 0xff, 0xfd,
    0x20, 0x1a, 0x0, 0x5f, 0xff, 0xff, 0xff, 0xc1,
    0x0, 0x0, 0x0, 0x0, 0x0, 0x1, 0x0, 0x0,
    0x0, 0x0, 0x0, 0x0,

    /* U+004E "N" */
    0x2d, 0xff, 0xff, 0xe1, 0x0, 0x6, 0xff, 0xff,
    0xff, 0x80, 0x0, 0xaf, 0xff, 0xfb, 0x0, 0x0,
    0x2d, 0xff, 0xf4, 0x0, 0x0, 0x3f, 0xfb, 0xff,
    0x60, 0x0, 0x9, 0xff, 0xc0, 0x0, 0x0, 0x3f,
    0xfb, 0xaf, 0xf2, 0x0, 0x9, 0xff, 0xc0, 0x0,
    0x0, 0x3f, 0xff, 0x4b, 0xfc, 0x0, 0x9, 0xff,
    0xc0, 0x0, 0x0, 0x3f, 0xff, 0xc0, 0xcf, 0x80,
    0x9, 0xff, 0xc0, 0x0, 0x0, 0x3f, 0xff, 0xf6,
    0x5f, 0xf3, 0x9, 0xff, 0xc0, 0x0, 0x0, 0x3f,
    0xff, 0xff, 0xef, 0xfd, 0x9, 0xff, 0xc0, 0x0,
    0x0, 0x3f, 0xff, 0x7f, 0xfa, 0xcf, 0x99, 0xff,
    0xc0, 0x0, 0x0, 0x3f, 0xff, 0x39, 0xfa, 0x7f,
    0xfd, 0xff, 0xc0, 0x0, 0x0, 0x3f, 0xff, 0x30,
    0xdf, 0xff, 0xff, 0xff, 0xc0, 0x0, 0x0, 0x3f,
    0xff, 0x30, 0x3f, 0xf7, 0x9f, 0xff, 0xc0, 0x0,
    0x0, 0x3f, 0xff, 0x30, 0x7, 0xfa, 0xe, 0xff,
    0xc0, 0x0, 0x0, 0x3f, 0xff, 0x30, 0x0, 0xbf,
    0x85, 0xff, 0xc0, 0x0, 0x0, 0x3f, 0xff, 0x30,
    0x0, 0x1e, 0xf7, 0xdf, 0xc0, 0x0, 0x0, 0x3f,
    0xff, 0x30, 0x0, 0x5, 0xff, 0x9f, 0xc0, 0x0,
    0x0, 0x3f, 0xff, 0x30, 0x0, 0x0, 0x9f, 0xff,
    0xc0, 0x0, 0x0, 0x3f, 0xff, 0x30, 0x0, 0x0,
    0xd, 0xff, 0xc0, 0x0, 0x0, 0x3f, 0xff, 0x30,
    0x0, 0x0, 0x3, 0xff, 0xc0, 0x0, 0x0, 0x3f,
    0xff, 0x30, 0x0, 0x0, 0x0, 0x7f, 0xc0, 0x0,
    0x0, 0xaf, 0xff, 0xa0, 0x0, 0x0, 0x0, 0xb,
    0xc0, 0x0, 0x2d, 0xff, 0xff, 0xfd, 0x20, 0x0,
    0x0, 0x1, 0xa0, 0x0, 0x0, 0x0, 0x0, 0x0,
    0x0, 0x0, 0x0, 0x0, 0x20, 0x0,

    /* U+004F "O" */
    0x0, 0x0, 0x0, 0x4, 0x67, 0x63, 0x0, 0x0,
    0x0, 0x0, 0x0, 0x0, 0x8e, 0xff, 0xff, 0xfe,
    0x60, 0x0, 0x0, 0x0, 0x1, 0xdf, 0xff, 0xfe,
    0xff, 0xff, 0xb0, 0x0, 0x0, 0x1, 0xdf, 0xef,
    0xb1, 0x1, 0xaf, 0xff, 0xb0, 0x0, 0x0, 0xaf,
    0x8e, 0xd0, 0x0, 0x0, 0xdf, 0xff, 0x60, 0x0,
    0x3f, 0xc6, 0xf6, 0x0, 0x0, 0x5, 0xff, 0xff,
    0x10, 0xa, 0xf5, 0xbf, 0x10, 0x0, 0x0, 0xf,
    0xff, 0xf7, 0x0, 0xff, 0xf, 0xe0, 0x0, 0x0,
    0x0, 0xdf, 0xff, 0xd0, 0x4f, 0xb2, 0xfc, 0x0,
    0x1, 0x0, 0xb, 0xff, 0xff, 0x7, 0xfe, 0xbf,
    0xa0, 0x0, 0xd1, 0x0, 0x9f, 0xff, 0xf4, 0x8f,
    0xff, 0xfa, 0x0, 0x8f, 0xa0, 0x9, 0xff, 0xff,
    0x5a, 0xfa, 0xaf, 0x90, 0x2f, 0xff, 0x40, 0x8f,
    0xff, 0xf6, 0xaf, 0x9a, 0xf9, 0x3, 0xff, 0xf6,
    0x8, 0xff, 0xff, 0x69, 0xff, 0xff, 0xa0, 0xa,
    0xfb, 0x0, 0x9f, 0xff, 0xf5, 0x7f, 0xeb, 0xfa,
    0x0, 0x1e, 0x20, 0xa, 0xff, 0xff, 0x44, 0xfb,
    0x3f, 0xc0, 0x0, 0x10, 0x0, 0xbf, 0xff, 0xf1,
    0xf, 0xe1, 0xfe, 0x0, 0x0, 0x0, 0xd, 0xff,
    0xfd, 0x0, 0xaf, 0x3e, 0xf2, 0x0, 0x0, 0x1,
    0xff, 0xff, 0x70, 0x3, 0xfb, 0x9f, 0x70, 0x0,
    0x0, 0x6f, 0xff, 0xf1, 0x0, 0xa, 0xf8, 0xfe,
    0x0, 0x0, 0xd, 0xff, 0xf6, 0x0, 0x0, 0x1d,
    0xfe, 0xfc, 0x20, 0x2b, 0xff, 0xfb, 0x0, 0x0,
    0x0, 0x1d, 0xff, 0xff, 0xff, 0xff, 0xfb, 0x0,
    0x0, 0x0, 0x0, 0x8, 0xef, 0xff, 0xff, 0xe6,
    0x0, 0x0, 0x0, 0x0, 0x0, 0x0, 0x46, 0x76,
    0x30, 0x0, 0x0, 0x0,

    /* U+0050 "P" */
    0x2d, 0xff, 0xff, 0xff, 0xff, 0xec, 0x95, 0x0,
    0x0, 0x0, 0x9, 0xff, 0xff, 0xff, 0xff, 0xff,
    0xfe, 0x70, 0x0, 0x0, 0x2f, 0xfd, 0xff, 0x45,
    0x8e, 0xff, 0xff, 0xa0, 0x0, 0x2, 0xff, 0xaf,
    0xf0, 0x0, 0xb, 0xff, 0xff, 0x70, 0x0, 0x2f,
    0xf6, 0xff, 0x0, 0x0, 0x1e, 0xff, 0xfd, 0x0,
    0x2, 0xff, 0x3f, 0xf0, 0x0, 0x0, 0xaf, 0xff,
    0xf1, 0x0, 0x2f, 0xe1, 0xff, 0x0, 0x0, 0x8,
    0xff, 0xff, 0x20, 0x2, 0xfd, 0xf, 0xf0, 0x0,
    0x0, 0xaf, 0xff, 0xf1, 0x0, 0x2f, 0xf9, 0xff,
    0x0, 0x0, 0xe, 0xff, 0xfe, 0x0, 0x2, 0xff,
    0xff, 0xf0, 0x0, 0x1b, 0xff, 0xff, 0x80, 0x0,
    0x2f, 0xf7, 0xff, 0x78, 0xaf, 0xff, 0xff, 0xc0,
    0x0, 0x2, 0xfe, 0x4f, 0xff, 0xff, 0xff, 0xff,
    0x90, 0x0, 0x0, 0x2f, 0xff, 0xff, 0xff, 0xed,
    0xa6, 0x10, 0x0, 0x0, 0x2, 0xff, 0xbf, 0xf0,
    0x0, 0x0, 0x0, 0x0, 0x0, 0x0, 0x2f, 0xd0,
    0xff, 0x0, 0x0, 0x0, 0x0, 0x0, 0x0, 0x2,
    0xfe, 0xf, 0xf0, 0x0, 0x0, 0x0, 0x0, 0x0,
    0x0, 0x2f, 0xf2, 0xff, 0x0, 0x0, 0x0, 0x0,
    0x0, 0x0, 0x2, 0xff, 0x6f, 0xf0, 0x0, 0x0,
    0x0, 0x0, 0x0, 0x0, 0x2f, 0xf9, 0xff, 0x0,
    0x0, 0x0, 0x0, 0x0, 0x0, 0x2, 0xff, 0xdf,
    0xf0, 0x0, 0x0, 0x0, 0x0, 0x0, 0x0, 0x9f,
    0xff, 0xff, 0x70, 0x0, 0x0, 0x0, 0x0, 0x2,
    0xdf, 0xff, 0xff, 0xff, 0xb1, 0x0, 0x0, 0x0,
    0x0,

    /* U+0051 "Q" */
    0x0, 0x0, 0x0, 0x4, 0x67, 0x63, 0x0, 0x0,
    0x0, 0x0, 0x0, 0x0, 0x8e, 0xff, 0xff, 0xfe,
    0x60, 0x0, 0x0, 0x0, 0x1, 0xdf, 0xff, 0xfe,
    0xff, 0xff, 0xb0, 0x0, 0x0, 0x1, 0xdf, 0xdf,
    0xb1, 0x1, 0xaf, 0xff, 0xb0, 0x0, 0x0, 0xaf,
    0x8e, 0xd0, 0x0, 0x0, 0xdf, 0xff, 0x60, 0x0,
    0x3f, 0xc6, 0xf6, 0x0, 0x0, 0x5, 0xff, 0xff,
    0x10, 0xa, 0xf4, 0xbf, 0x10, 0x0, 0x0, 0xf,
    0xff, 0xf7, 0x0, 0xff, 0xf, 0xe0, 0x0, 0x0,
    0x0, 0xdf, 0xff, 0xd0, 0x4f, 0xb2, 0xfc, 0x0,
    0x0, 0x0, 0xb, 0xff, 0xff, 0x17, 0xfe, 0xbf,
    0xa0, 0x0, 0x0, 0x0, 0x9f, 0xff, 0xf4, 0x8f,
    0xff, 0xfa, 0x0, 0x0, 0x0, 0x9, 0xff, 0xff,
    0x5a, 0xfa, 0xaf, 0x90, 0x0, 0x0, 0x0, 0x8f,
    0xff, 0xf6, 0xaf, 0xaa, 0xf9, 0x0, 0x0, 0x0,
    0x8, 0xff, 0xff, 0x69, 0xff, 0xff, 0xa0, 0x0,
    0x0, 0x0, 0x9f, 0xff, 0xf5, 0x7f, 0xeb, 0xfa,
    0x0, 0x0, 0x0, 0xa, 0xff, 0xff, 0x34, 0xfb,
    0x3f, 0xc0, 0x0, 0x0, 0x0, 0xbf, 0xff, 0xf1,
    0xf, 0xe1, 0xfe, 0x0, 0x0, 0x0, 0xd, 0xff,
    0xfc, 0x0, 0xaf, 0x3d, 0xf2, 0x0, 0x0, 0x1,
    0xff, 0xff, 0x70, 0x3, 0xfb, 0x9f, 0x70, 0x0,
    0x0, 0x6f, 0xff, 0xf0, 0x0, 0xa, 0xf9, 0xfe,
    0x10, 0x0, 0xd, 0xff, 0xf6, 0x0, 0x0, 0xd,
    0xfe, 0xfc, 0x30, 0x3c, 0xff, 0xfa, 0x0, 0x0,
    0x0, 0x1d, 0xff, 0xff, 0xff, 0xff, 0xfa, 0x0,
    0x0, 0x0, 0x0, 0x8, 0xef, 0xff, 0xff, 0xd5,
    0x0, 0x0, 0x0, 0x0, 0x0, 0x0, 0x3b, 0xff,
    0xfc, 0x0, 0x0, 0x0, 0x0, 0x0, 0x0, 0x0,
    0x5f, 0xff, 0xfb, 0x0, 0x0, 0x0, 0x0, 0x0,
    0x0, 0x1, 0xff, 0xff, 0xfa, 0x0, 0x0, 0x0,
    0x0, 0x0, 0x0, 0xc, 0xff, 0xff, 0xf9, 0x0,
    0x0, 0x0, 0x0, 0x0, 0x0, 0x34, 0x44, 0x44,
    0x40, 0x0,

    /* U+0052 "R" */
    0x2d, 0xff, 0xff, 0xff, 0xff, 0xed, 0xb7, 0x20,
    0x0, 0x0, 0x0, 0x9, 0xff, 0xff, 0xff, 0xff,
    0xff, 0xff, 0xb1, 0x0, 0x0, 0x0, 0x2f, 0xfd,
    0xff, 0x45, 0x7d, 0xff, 0xff, 0xe2, 0x0, 0x0,
    0x2, 0xff, 0x9f, 0xf0, 0x0, 0x8, 0xff, 0xff,
    0xc0, 0x0, 0x0, 0x2f, 0xf6, 0xff, 0x0, 0x0,
    0xd, 0xff, 0xff, 0x20, 0x0, 0x2, 0xff, 0x2f,
    0xf0, 0x0, 0x0, 0xaf, 0xff, 0xf4, 0x0, 0x0,
    0x2f, 0xd0, 0xff, 0x0, 0x0, 0xb, 0xff, 0xff,
    0x40, 0x0, 0x2, 0xfc, 0xf, 0xf0, 0x0, 0x1,
    0xff, 0xff, 0xf2, 0x0, 0x0, 0x2f, 0xfb, 0xff,
    0x0, 0x2, 0xdf, 0xff, 0xfc, 0x0, 0x0, 0x2,
    0xff, 0xff, 0xf9, 0xad, 0xff, 0xff, 0xfe, 0x20,
    0x0, 0x0, 0x2f, 0xe5, 0xff, 0xff, 0xff, 0xff,
    0xfb, 0x20, 0x0, 0x0, 0x2, 0xfe, 0x6f, 0xff,
    0xff, 0xff, 0x83, 0x0, 0x0, 0x0, 0x0, 0x2f,
    0xff, 0xff, 0xdf, 0xff, 0xf4, 0x0, 0x0, 0x0,
    0x0, 0x2, 0xff, 0xaf, 0xf4, 0xff, 0xff, 0xd0,
    0x0, 0x0, 0x0, 0x0, 0x2f, 0xc0, 0xff, 0xa,
    0xff, 0xff, 0x80, 0x0, 0x0, 0x0, 0x2, 0xfd,
    0xf, 0xf0, 0x1f, 0xff, 0xff, 0x30, 0x0, 0x0,
    0x0, 0x2f, 0xf2, 0xff, 0x0, 0x7f, 0xff, 0xfd,
    0x0, 0x0, 0x0, 0x2, 0xff, 0x6f, 0xf0, 0x0,
    0xdf, 0xff, 0xf7, 0x0, 0x0, 0x0, 0x2f, 0xfa,
    0xff, 0x0, 0x4, 0xff, 0xff, 0xf2, 0x0, 0x0,
    0x2, 0xff, 0xdf, 0xf0, 0x0, 0xa, 0xff, 0xff,
    0xc0, 0x0, 0x0, 0xaf, 0xff, 0xff, 0x70, 0x0,
    0x1f, 0xff, 0xff, 0xb0, 0x2, 0xdf, 0xff, 0xff,
    0xff, 0xb1, 0x0, 0x7f, 0xff, 0xff, 0xb0,

    /* U+0053 "S" */
    0x0, 0x0, 0x15, 0x77, 0x63, 0x0, 0x2, 0x0,
    0x2, 0xaf, 0xff, 0xff, 0xfe, 0x7b, 0xb0, 0x3,
    0xff, 0xff, 0xfe, 0xff, 0xff, 0xfb, 0x0, 0xef,
    0xff, 0x80, 0x0, 0x6e, 0xff, 0xb0, 0x6f, 0xef,
    0xb0, 0x0, 0x0, 0x1c, 0xfb, 0x9, 0xfa, 0xf8,
    0x0, 0x0, 0x0, 0x1e, 0xb0, 0xbf, 0x6f, 0xc0,
    0x0, 0x0, 0x0, 0x4b, 0xa, 0xf2, 0xef, 0x90,
    0x0, 0x0, 0x0, 0x70, 0x7f, 0x63, 0xef, 0xd4,
    0x0, 0x0, 0x1, 0x1, 0xfe, 0x11, 0xdf, 0xfc,
    0x30, 0x0, 0x0, 0x6, 0xfe, 0x6b, 0xff, 0xff,
    0xa1, 0x0, 0x0, 0x6, 0xff, 0xfe, 0x1c, 0xff,
    0xe3, 0x0, 0x0, 0x3, 0xcf, 0xfb, 0xee, 0xcf,
    0xf3, 0x0, 0x0, 0x0, 0x5d, 0xff, 0xe0, 0x4f,
    0xd0, 0x40, 0x0, 0x0, 0x7, 0xff, 0xc1, 0xaf,
    0x6b, 0x0, 0x0, 0x0, 0x2, 0xcf, 0xb4, 0xfb,
    0xf4, 0x0, 0x0, 0x0, 0x1, 0xef, 0x4f, 0xde,
    0xd0, 0x0, 0x0, 0x0, 0xa, 0xf7, 0xfd, 0xef,
    0xa0, 0x0, 0x0, 0x0, 0xbf, 0xaf, 0xbe, 0xff,
    0x90, 0x0, 0x0, 0x2f, 0xfe, 0xf6, 0xef, 0xff,
    0xd5, 0x10, 0x4d, 0xff, 0xfd, 0xe, 0xff, 0xff,
    0xff, 0xff, 0xff, 0xfe, 0x20, 0xeb, 0x6c, 0xff,
    0xff, 0xff, 0xf8, 0x0, 0x3, 0x0, 0x1, 0x57,
    0x76, 0x40, 0x0, 0x0,

    /* U+0054 "T" */
    0x4f, 0xff, 0xff, 0xff, 0xff, 0xff, 0xff, 0xff,
    0xe4, 0xff, 0xff, 0xff, 0xff, 0xff, 0xff, 0xff,
    0xfe, 0x4f, 0xfb, 0x44, 0xbf, 0xdf, 0xf7, 0x44,
    0xff, 0xe4, 0xff, 0x30, 0x9, 0xf9, 0xff, 0x30,
    0x9, 0xfe, 0x4f, 0xb0, 0x0, 0x9f, 0x7d, 0xf3,
    0x0, 0x2f, 0xe4, 0xf4, 0x0, 0x9, 0xf5, 0xbf,
    0x30, 0x0, 0xae, 0x4d, 0x0, 0x0, 0x9f, 0x39,
    0xf3, 0x0, 0x3, 0xe4, 0x50, 0x0, 0x9, 0xf2,
    0x8f, 0x30, 0x0, 0xa, 0x20, 0x0, 0x0, 0x9f,
    0xbf, 0xf3, 0x0, 0x0, 0x30, 0x0, 0x0, 0x9,
    0xff, 0xff, 0x30, 0x0, 0x0, 0x0, 0x0, 0x0,
    0x9f, 0x6b, 0xf3, 0x0, 0x0, 0x0, 0x0, 0x0,
    0x9, 0xf7, 0xcf, 0x30, 0x0, 0x0, 0x0, 0x0,
    0x0, 0x9f, 0xff, 0xf3, 0x0, 0x0, 0x0, 0x0,
    0x0, 0x9, 0xfa, 0xef, 0x30, 0x0, 0x0, 0x0,
    0x0, 0x0, 0x9f, 0x18, 0xf3, 0x0, 0x0, 0x0,
    0x0, 0x0, 0x9, 0xf3, 0x9f, 0x30, 0x0, 0x0,
    0x0, 0x0, 0x0, 0x9f, 0x5b, 0xf3, 0x0, 0x0,
    0x0, 0x0, 0x0, 0x9, 0xf7, 0xdf, 0x30, 0x0,
    0x0, 0x0, 0x0, 0x0, 0x9f, 0x9f, 0xf3, 0x0,
    0x0, 0x0, 0x0, 0x0, 0x9, 0xfd, 0xff, 0x30,
    0x0, 0x0, 0x0, 0x0, 0x3, 0xef, 0xff, 0xfb,
    0x0, 0x0, 0x0, 0x0, 0x7, 0xff, 0xff, 0xff,
    0xfd, 0x20, 0x0,

    /* U+0055 "U" */
    0x2d, 0xff, 0xff, 0xff, 0xfa, 0x0, 0x1c, 0xff,
    0xff, 0xfe, 0x30, 0xa, 0xff, 0xff, 0xf6, 0x0,
    0x0, 0x7, 0xff, 0xfb, 0x10, 0x0, 0x3f, 0xfd,
    0xfe, 0x0, 0x0, 0x0, 0xf, 0xff, 0x40, 0x0,
    0x3, 0xff, 0x9f, 0xe0, 0x0, 0x0, 0x0, 0xff,
    0xf4, 0x0, 0x0, 0x3f, 0xf6, 0xfe, 0x0, 0x0,
    0x0, 0xf, 0xff, 0x40, 0x0, 0x3, 0xfe, 0x3f,
    0xe0, 0x0, 0x0, 0x0, 0xff, 0xf4, 0x0, 0x0,
    0x3f, 0xc1, 0xfe, 0x0, 0x0, 0x0, 0xf, 0xff,
    0x40, 0x0, 0x3, 0xfb, 0xf, 0xe0, 0x0, 0x0,
    0x0, 0xff, 0xf4, 0x0, 0x0, 0x3f, 0xfb, 0xfe,
    0x0, 0x0, 0x0, 0xf, 0xff, 0x40, 0x0, 0x3,
    0xff, 0xff, 0xe0, 0x0, 0x0, 0x0, 0xff, 0xf4,
    0x0, 0x0, 0x3f, 0xd4, 0xfe, 0x0, 0x0, 0x0,
    0xf, 0xff, 0x40, 0x0, 0x3, 0xfe, 0x7f, 0xe0,
    0x0, 0x0, 0x0, 0xff, 0xf4, 0x0, 0x0, 0x3f,
    0xff, 0xfe, 0x0, 0x0, 0x0, 0xf, 0xff, 0x40,
    0x0, 0x3, 0xff, 0xaf, 0xe0, 0x0, 0x0, 0x0,
    0xff, 0xf4, 0x0, 0x0, 0x3f, 0xb0, 0xfe, 0x0,
    0x0, 0x0, 0xf, 0xff, 0x40, 0x0, 0x3, 0xfd,
    0x1f, 0xe0, 0x0, 0x0, 0x0, 0xff, 0xf4, 0x0,
    0x0, 0x1f, 0xf2, 0xff, 0x0, 0x0, 0x0, 0x1f,
    0xff, 0x20, 0x0, 0x0, 0xdf, 0x6e, 0xf3, 0x0,
    0x0, 0x6, 0xff, 0xe0, 0x0, 0x0, 0x7, 0xfe,
    0xbf, 0xa0, 0x0, 0x0, 0xdf, 0xf8, 0x0, 0x0,
    0x0, 0xc, 0xff, 0xff, 0x91, 0x3, 0xcf, 0xfd,
    0x0, 0x0, 0x0, 0x0, 0x1c, 0xff, 0xff, 0xff,
    0xff, 0xfe, 0x20, 0x0, 0x0, 0x0, 0x0, 0x6,
    0xef, 0xff, 0xff, 0xfa, 0x10, 0x0, 0x0, 0x0,
    0x0, 0x0, 0x0, 0x36, 0x77, 0x51, 0x0, 0x0,
    0x0, 0x0,

    /* U+0056 "V" */
    0xa, 0xff, 0xff, 0xff, 0xf8, 0x0, 0x0, 0x9f,
    0xff, 0xe3, 0x0, 0x6f, 0xff, 0xff, 0x80, 0x0,
    0x0, 0xc, 0xff, 0x20, 0x0, 0xb, 0xfd, 0xef,
    0x80, 0x0, 0x0, 0xe, 0xfa, 0x0, 0x0, 0x5,
    0xff, 0x7f, 0xe0, 0x0, 0x0, 0x4f, 0xf5, 0x0,
    0x0, 0x0, 0xff, 0x3e, 0xf4, 0x0, 0x0, 0x9f,
    0xe0, 0x0, 0x0, 0x0, 0x9f, 0x66, 0xfa, 0x0,
    0x0, 0xef, 0x90, 0x0, 0x0, 0x0, 0x4f, 0xb3,
    0xff, 0x0, 0x4, 0xff, 0x40, 0x0, 0x0, 0x0,
    0xe, 0xfe, 0xff, 0x50, 0xa, 0xfe, 0x0, 0x0,
    0x0, 0x0, 0x8, 0xff, 0xcf, 0xb0, 0xf, 0xf8,
    0x0, 0x0, 0x0, 0x0, 0x2, 0xfc, 0x1f, 0xf1,
    0x5f, 0xf2, 0x0, 0x0, 0x0, 0x0, 0x0, 0xdf,
    0xef, 0xf7, 0xbf, 0xd0, 0x0, 0x0, 0x0, 0x0,
    0x0, 0x7f, 0xfe, 0xfd, 0xff, 0x70, 0x0, 0x0,
    0x0, 0x0, 0x0, 0x1f, 0xe0, 0xef, 0xff, 0x20,
    0x0, 0x0, 0x0, 0x0, 0x0, 0xb, 0xf2, 0xbf,
    0xfc, 0x0, 0x0, 0x0, 0x0, 0x0, 0x0, 0x5,
    0xfa, 0x8f, 0xf6, 0x0, 0x0, 0x0, 0x0, 0x0,
    0x0, 0x0, 0xff, 0x7f, 0xf1, 0x0, 0x0, 0x0,
    0x0, 0x0, 0x0, 0x0, 0xaf, 0xcf, 0xb0, 0x0,
    0x0, 0x0, 0x0, 0x0, 0x0, 0x0, 0x4f, 0xff,
    0x50, 0x0, 0x0, 0x0, 0x0, 0x0, 0x0, 0x0,
    0xe, 0xff, 0x0, 0x0, 0x0, 0x0, 0x0, 0x0,
    0x0, 0x0, 0x9, 0xfa, 0x0, 0x0, 0x0, 0x0,
    0x0, 0x0, 0x0, 0x0, 0x3, 0xf4, 0x0, 0x0,
    0x0, 0x0, 0x0, 0x0, 0x0, 0x0, 0x0, 0xc0,
    0x0, 0x0, 0x0, 0x0, 0x0, 0x0, 0x0, 0x0,
    0x0, 0x10, 0x0, 0x0, 0x0, 0x0,

    /* U+0057 "W" */
    0xa, 0xff, 0xff, 0xff, 0xf8, 0x0, 0x0, 0xcf,
    0xff, 0xa0, 0x0, 0x3, 0xef, 0xff, 0xb1, 0x0,
    0x6f, 0xff, 0xff, 0x80, 0x0, 0x0, 0x1f, 0xfc,
    0x0, 0x0, 0x0, 0x3f, 0xfb, 0x0, 0x0, 0xa,
    0xfd, 0xdf, 0x80, 0x0, 0x0, 0x3f, 0xfe, 0x0,
    0x0, 0x0, 0x6f, 0xf3, 0x0, 0x0, 0x4, 0xff,
    0x7f, 0xe0, 0x0, 0x0, 0x8f, 0xff, 0x40, 0x0,
    0x0, 0xcf, 0xd0, 0x0, 0x0, 0x0, 0xef, 0x4d,
    0xf3, 0x0, 0x0, 0xdf, 0xff, 0xa0, 0x0, 0x1,
    0xff, 0x80, 0x0, 0x0, 0x0, 0x9f, 0x76, 0xf9,
    0x0, 0x2, 0xff, 0xff, 0xf1, 0x0, 0x7, 0xff,
    0x20, 0x0, 0x0, 0x0, 0x3f, 0xb2, 0xfe, 0x0,
    0x8, 0xff, 0xff, 0xf6, 0x0, 0xd, 0xfc, 0x0,
    0x0, 0x0, 0x0, 0xd, 0xfe, 0xff, 0x40, 0xd,
    0xff, 0xff, 0xfc, 0x0, 0x3f, 0xf7, 0x0, 0x0,
    0x0, 0x0, 0x7, 0xff, 0xcf, 0xa0, 0x2f, 0xff,
    0xff, 0xff, 0x20, 0x8f, 0xf1, 0x0, 0x0, 0x0,
    0x0, 0x2, 0xfd, 0x1f, 0xf0, 0x7f, 0xf6, 0xff,
    0xff, 0x80, 0xef, 0xb0, 0x0, 0x0, 0x0, 0x0,
    0x0, 0xcf, 0xef, 0xf5, 0xcf, 0xc0, 0xef, 0xff,
    0xd4, 0xff, 0x60, 0x0, 0x0, 0x0, 0x0, 0x0,
    0x6f, 0xfe, 0xfd, 0xff, 0x70, 0x9f, 0xff, 0xfd,
    0xff, 0x0, 0x0, 0x0, 0x0, 0x0, 0x0, 0x1f,
    0xe0, 0xef, 0xff, 0x10, 0x4f, 0xff, 0xff, 0xfa,
    0x0, 0x0, 0x0, 0x0, 0x0, 0x0, 0xb, 0xf2,
    0xbf, 0xfb, 0x0, 0xe, 0xff, 0xff, 0xf5, 0x0,
    0x0, 0x0, 0x0, 0x0, 0x0, 0x5, 0xfa, 0x7f,
    0xf6, 0x0, 0x9, 0xff, 0xff, 0xe0, 0x0, 0x0,
    0x0, 0x0, 0x0, 0x0, 0x0, 0xff, 0x7f, 0xf1,
    0x0, 0x4, 0xff, 0xff, 0x90, 0x0, 0x0, 0x0,
    0x0, 0x0, 0x0, 0x0, 0xaf, 0xcf, 0xa0, 0x0,
    0x0, 0xef, 0xff, 0x40, 0x0, 0x0, 0x0, 0x0,
    0x0, 0x0, 0x0, 0x4f, 0xff, 0x50, 0x0, 0x0,
    0x9f, 0xfe, 0x0, 0x0, 0x0, 0x0, 0x0, 0x0,
    0x0, 0x0, 0xe, 0xff, 0x0, 0x0, 0x0, 0x4f,
    0xf8, 0x0, 0x0, 0x0, 0x0, 0x0, 0x0, 0x0,
    0x0, 0x8, 0xfa, 0x0, 0x0, 0x0, 0xe, 0xf3,
    0x0, 0x0, 0x0, 0x0, 0x0, 0x0, 0x0, 0x0,
    0x3, 0xf4, 0x0, 0x0, 0x0, 0x9, 0xd0, 0x0,
    0x0, 0x0, 0x0, 0x0, 0x0, 0x0, 0x0, 0x0,
    0xc0, 0x0, 0x0, 0x0, 0x4, 0x70, 0x0, 0x0,
    0x0, 0x0, 0x0, 0x0, 0x0, 0x0, 0x0, 0x10,
    0x0, 0x0, 0x0, 0x0, 0x10, 0x0, 0x0, 0x0,
    0x0,

    /* U+0058 "X" */
    0x2d, 0xff, 0xff, 0xff, 0xf5, 0x0, 0x3e, 0xff,
    0xff, 0xb1, 0x0, 0xa, 0xff, 0xff, 0xf4, 0x0,
    0x0, 0x2e, 0xff, 0x90, 0x0, 0x0, 0xe, 0xff,
    0xff, 0x70, 0x0, 0x2, 0xff, 0xe1, 0x0, 0x0,
    0x0, 0x6f, 0xff, 0xff, 0x10, 0x0, 0xcf, 0xf6,
    0x0, 0x0, 0x0, 0x0, 0xdf, 0xee, 0xf8, 0x0,
    0x5f, 0xfd, 0x0, 0x0, 0x0, 0x0, 0x5, 0xff,
    0x7f, 0xf1, 0xe, 0xff, 0x40, 0x0, 0x0, 0x0,
    0x0, 0xd, 0xfa, 0x7f, 0x98, 0xff, 0xb0, 0x0,
    0x0, 0x0, 0x0, 0x0, 0x4f, 0xf1, 0xaf, 0xff,
    0xf2, 0x0, 0x0, 0x0, 0x0, 0x0, 0x0, 0xcf,
    0x96, 0xff, 0xf8, 0x0, 0x0, 0x0, 0x0, 0x0,
    0x0, 0x3, 0xff, 0xff, 0xff, 0x20, 0x0, 0x0,
    0x0, 0x0, 0x0, 0x0, 0xb, 0xff, 0x7d, 0xf9,
    0x0, 0x0, 0x0, 0x0, 0x0, 0x0, 0x0, 0x5f,
    0xf7, 0xbf, 0xf2, 0x0, 0x0, 0x0, 0x0, 0x0,
    0x0, 0xd, 0xff, 0xff, 0xff, 0xa0, 0x0, 0x0,
    0x0, 0x0, 0x0, 0x6, 0xff, 0xef, 0xe4, 0xff,
    0x30, 0x0, 0x0, 0x0, 0x0, 0x1, 0xef, 0xf3,
    0xbf, 0x29, 0xfb, 0x0, 0x0, 0x0, 0x0, 0x0,
    0x9f, 0xf9, 0x2, 0xfd, 0x3f, 0xf4, 0x0, 0x0,
    0x0, 0x0, 0x2f, 0xff, 0x10, 0xa, 0xfb, 0xbf,
    0xd0, 0x0, 0x0, 0x0, 0xb, 0xff, 0x70, 0x0,
    0x1f, 0xfc, 0xff, 0x50, 0x0, 0x0, 0x4, 0xff,
    0xd0, 0x0, 0x0, 0x8f, 0xff, 0xfe, 0x0, 0x0,
    0x0, 0xdf, 0xf4, 0x0, 0x0, 0x1, 0xef, 0xff,
    0xf7, 0x0, 0x0, 0x8f, 0xff, 0x10, 0x0, 0x0,
    0x1d, 0xff, 0xff, 0xe2, 0x0, 0x9f, 0xff, 0xfb,
    0x0, 0x0, 0x2e, 0xff, 0xff, 0xff, 0xe5,

    /* U+0059 "Y" */
    0x3d, 0xff, 0xff, 0xff, 0xa0, 0x0, 0x0, 0xdf,
    0xff, 0xfb, 0x10, 0xa, 0xff, 0xff, 0xd0, 0x0,
    0x0, 0x3, 0xff, 0xf7, 0x0, 0x0, 0xe, 0xff,
    0xff, 0x10, 0x0, 0x0, 0x6f, 0xf7, 0x0, 0x0,
    0x0, 0x7f, 0xff, 0xf9, 0x0, 0x0, 0xd, 0xfe,
    0x0, 0x0, 0x0, 0x0, 0xef, 0xcf, 0xf1, 0x0,
    0x5, 0xff, 0x70, 0x0, 0x0, 0x0, 0x7, 0xfa,
    0xcf, 0x90, 0x0, 0xdf, 0xe0, 0x0, 0x0, 0x0,
    0x0, 0xe, 0xf3, 0xff, 0x10, 0x5f, 0xf8, 0x0,
    0x0, 0x0, 0x0, 0x0, 0x7f, 0x66, 0xf9, 0xd,
    0xff, 0x10, 0x0, 0x0, 0x0, 0x0, 0x0, 0xec,
    0x3f, 0xf6, 0xff, 0x80, 0x0, 0x0, 0x0, 0x0,
    0x0, 0x8, 0xff, 0xff, 0xff, 0xf1, 0x0, 0x0,
    0x0, 0x0, 0x0, 0x0, 0x1f, 0xf9, 0xef, 0xf9,
    0x0, 0x0, 0x0, 0x0, 0x0, 0x0, 0x0, 0x8f,
    0x5b, 0xff, 0x20, 0x0, 0x0, 0x0, 0x0, 0x0,
    0x0, 0x4, 0xff, 0xff, 0xd0, 0x0, 0x0, 0x0,
    0x0, 0x0, 0x0, 0x0, 0x4f, 0xfa, 0xfd, 0x0,
    0x0, 0x0, 0x0, 0x0, 0x0, 0x0, 0x4, 0xfb,
    0x1f, 0xd0, 0x0, 0x0, 0x0, 0x0, 0x0, 0x0,
    0x0, 0x4f, 0xc3, 0xfd, 0x0, 0x0, 0x0, 0x0,
    0x0, 0x0, 0x0, 0x4, 0xfe, 0x4f, 0xd0, 0x0,
    0x0, 0x0, 0x0, 0x0, 0x0, 0x0, 0x4f, 0xf6,
    0xfd, 0x0, 0x0, 0x0, 0x0, 0x0, 0x0, 0x0,
    0x4, 0xff, 0xaf, 0xd0, 0x0, 0x0, 0x0, 0x0,
    0x0, 0x0, 0x0, 0x4f, 0xfd, 0xfd, 0x0, 0x0,
    0x0, 0x0, 0x0, 0x0, 0x0, 0x1b, 0xff, 0xff,
    0xf6, 0x0, 0x0, 0x0, 0x0, 0x0, 0x0, 0x3d,
    0xff, 0xff, 0xff, 0xfa, 0x0, 0x0, 0x0,

    /* U+005A "Z" */
    0x4, 0xff, 0xff, 0xff, 0xff, 0xff, 0xff, 0xff,
    0xf1, 0x8, 0xff, 0xff, 0xff, 0xff, 0xff, 0xff,
    0xff, 0x80, 0xb, 0xfe, 0x44, 0x44, 0x44, 0x9f,
    0xff, 0xff, 0x10, 0xf, 0xe2, 0x0, 0x0, 0x0,
    0xef, 0xdf, 0xf7, 0x0, 0x3f, 0x30, 0x0, 0x0,
    0x6, 0xff, 0x9f, 0xe0, 0x0, 0x63, 0x0, 0x0,
    0x0, 0xe, 0xf6, 0xdf, 0x60, 0x0, 0x10, 0x0,
    0x0, 0x0, 0x7f, 0xb4, 0xfd, 0x0, 0x0, 0x0,
    0x0, 0x0, 0x1, 0xff, 0x1a, 0xf5, 0x0, 0x0,
    0x0, 0x0, 0x0, 0x8, 0xfd, 0x5f, 0xd0, 0x0,
    0x0, 0x0, 0x0, 0x0, 0x1f, 0xff, 0xff, 0x40,
    0x0, 0x0, 0x0, 0x0, 0x0, 0x9f, 0x8b, 0xfc,
    0x0, 0x0, 0x0, 0x0, 0x0, 0x2, 0xff, 0x6d,
    0xf3, 0x0, 0x0, 0x0, 0x0, 0x0, 0xa, 0xff,
    0xff, 0xb0, 0x0, 0x0, 0x0, 0x0, 0x0, 0x2f,
    0xc7, 0xff, 0x20, 0x0, 0x0, 0x0, 0x0, 0x0,
    0xbf, 0x37, 0xfa, 0x0, 0x0, 0x0, 0x13, 0x0,
    0x3, 0xfc, 0x2f, 0xf2, 0x0, 0x0, 0x0, 0xa2,
    0x0, 0xc, 0xf6, 0xdf, 0x90, 0x0, 0x0, 0x6,
    0xf0, 0x0, 0x4f, 0xf9, 0xff, 0x10, 0x0, 0x0,
    0x2f, 0xd0, 0x0, 0xcf, 0xdf, 0xf8, 0x0, 0x0,
    0x0, 0xdf, 0xa0, 0x5, 0xff, 0xff, 0xf3, 0x22,
    0x22, 0x29, 0xff, 0x70, 0xd, 0xff, 0xff, 0xff,
    0xff, 0xff, 0xff, 0xff, 0x40, 0x6f, 0xff, 0xff,
    0xff, 0xff, 0xff, 0xff, 0xff, 0x10,

    /* U+005B "[" */
    0x9f, 0xff, 0xfc, 0x19, 0xff, 0xf9, 0x0, 0x9f,
    0xff, 0x30, 0x9, 0xff, 0xf3, 0x0, 0x9f, 0xff,
    0x30, 0x9, 0xff, 0xf3, 0x0, 0x9f, 0xff, 0x30,
    0x9, 0xff, 0xf3, 0x0, 0x9f, 0xff, 0x30, 0x9,
    0xff, 0xf3, 0x0, 0x9f, 0xff, 0x30, 0x9, 0xff,
    0xf3, 0x0, 0x9f, 0xff, 0x30, 0x9, 0xff, 0xf3,
    0x0, 0x9f, 0xff, 0x30, 0x9, 0xff, 0xf3, 0x0,
    0x9f, 0xff, 0x30, 0x9, 0xff, 0xf3, 0x0, 0x9f,
    0xff, 0x30, 0x9, 0xff, 0xf3, 0x0, 0x9f, 0xff,
    0x30, 0x9, 0xff, 0xf3, 0x0, 0x9f, 0xff, 0x30,
    0x9, 0xff, 0xf3, 0x0, 0x9f, 0xff, 0x30, 0x9,
    0xff, 0xf3, 0x0, 0x9f, 0xff, 0xa0, 0x9, 0xff,
    0xff, 0xc1,

    /* U+005C "\\" */
    0xbf, 0xfa, 0x0, 0x0, 0x0, 0x3f, 0xfa, 0x0,
    0x0, 0x0, 0xd, 0xfc, 0x0, 0x0, 0x0, 0xa,
    0xff, 0x0, 0x0, 0x0, 0x7, 0xff, 0x20, 0x0,
    0x0, 0x3, 0xff, 0x60, 0x0, 0x0, 0x0, 0xff,
    0x90, 0x0, 0x0, 0x0, 0xdf, 0xc0, 0x0, 0x0,
    0x0, 0x9f, 0xf0, 0x0, 0x0, 0x0, 0x6f, 0xf3,
    0x0, 0x0, 0x0, 0x3f, 0xf6, 0x0, 0x0, 0x0,
    0xf, 0xfa, 0x0, 0x0, 0x0, 0xc, 0xfd, 0x0,
    0x0, 0x0, 0x9, 0xff, 0x0, 0x0, 0x0, 0x6,
    0xff, 0x30, 0x0, 0x0, 0x2, 0xff, 0x70, 0x0,
    0x0, 0x0, 0xff, 0xa0, 0x0, 0x0, 0x0, 0xcf,
    0xd0, 0x0, 0x0, 0x0, 0x8f, 0xf1, 0x0, 0x0,
    0x0, 0x5f, 0xf4, 0x0, 0x0, 0x0, 0x2f, 0xf7,
    0x0, 0x0, 0x0, 0xe, 0xfb, 0x0, 0x0, 0x0,
    0xb, 0xfe, 0x0, 0x0, 0x0, 0x8, 0xff, 0x10,
    0x0, 0x0, 0x5, 0xff, 0x50, 0x0, 0x0, 0x1,
    0xff, 0x80, 0x0, 0x0, 0x0, 0xff, 0xd0, 0x0,
    0x0, 0x0, 0xff, 0xf6,

    /* U+005D "]" */
    0x6f, 0xff, 0xff, 0x30, 0x2d, 0xff, 0xf3, 0x0,
    0x9f, 0xff, 0x30, 0x9, 0xff, 0xf3, 0x0, 0x9f,
    0xff, 0x30, 0x9, 0xff, 0xf3, 0x0, 0x9f, 0xff,
    0x30, 0x9, 0xff, 0xf3, 0x0, 0x9f, 0xff, 0x30,
    0x9, 0xff, 0xf3, 0x0, 0x9f, 0xff, 0x30, 0x9,
    0xff, 0xf3, 0x0, 0x9f, 0xff, 0x30, 0x9, 0xff,
    0xf3, 0x0, 0x9f, 0xff, 0x30, 0x9, 0xff, 0xf3,
    0x0, 0x9f, 0xff, 0x30, 0x9, 0xff, 0xf3, 0x0,
    0x9f, 0xff, 0x30, 0x9, 0xff, 0xf3, 0x0, 0x9f,
    0xff, 0x30, 0x9, 0xff, 0xf3, 0x0, 0x9f, 0xff,
    0x30, 0x9, 0xff, 0xf3, 0x0, 0x9f, 0xff, 0x30,
    0x9, 0xff, 0xf3, 0x3, 0xef, 0xff, 0x36, 0xff,
    0xff, 0xf3,

    /* U+005E "^" */
    0x0, 0x0, 0x0, 0x20, 0x0, 0x0, 0x0, 0x0,
    0x0, 0x0, 0xc9, 0x0, 0x0, 0x0, 0x0, 0x0,
    0x8, 0xff, 0x40, 0x0, 0x0, 0x0, 0x0, 0x3f,
    0xff, 0xe0, 0x0, 0x0, 0x0, 0x0, 0xdf, 0xef,
    0xfa, 0x0, 0x0, 0x0, 0x9, 0xff, 0x37, 0xff,
    0x50, 0x0, 0x0, 0x4f, 0xf8, 0x0, 0xcf, 0xe1,
    0x0, 0x1, 0xef, 0xd0, 0x0, 0x2f, 0xfb, 0x0,
    0xa, 0xff, 0x80, 0x0, 0xc, 0xff, 0x50, 0x5f,
    0xff, 0xa0, 0x0, 0xe, 0xff, 0xf1,

    /* U+005F "_" */
    0x1, 0x11, 0x11, 0x11, 0x11, 0x11, 0x11, 0xf,
    0xff, 0xff, 0xff, 0xff, 0xff, 0xfd, 0xf, 0xff,
    0xff, 0xff, 0xff, 0xff, 0xfd,

    /* U+0060 "`" */
    0x5a, 0xa9, 0x0, 0xc, 0xff, 0x60, 0x1, 0xdf,
    0xd0, 0x0, 0x2e, 0xf6,

    /* U+0061 "a" */
    0x0, 0x0, 0x6, 0xff, 0xff, 0xf3, 0x0, 0x0,
    0x0, 0x0, 0x0, 0x5, 0xff, 0xff, 0x70, 0x0,
    0x0, 0x0, 0x0, 0x0, 0x3f, 0xff, 0xfb, 0x0,
    0x0, 0x0, 0x0, 0x0, 0x7, 0xff, 0xff, 0xe0,
    0x0, 0x0, 0x0, 0x0, 0x0, 0xcf, 0xff, 0xff,
    0x30, 0x0, 0x0, 0x0, 0x0, 0x1f, 0xfc, 0xff,
    0xf7, 0x0, 0x0, 0x0, 0x0, 0x5, 0xfe, 0x6f,
    0xff, 0xb0, 0x0, 0x0, 0x0, 0x0, 0xaf, 0xa3,
    0xff, 0xfe, 0x0, 0x0, 0x0, 0x0, 0xe, 0xf6,
    0xf, 0xff, 0xf2, 0x0, 0x0, 0x0, 0x4, 0xff,
    0x20, 0xcf, 0xff, 0x60, 0x0, 0x0, 0x0, 0x8f,
    0xff, 0xff, 0xff, 0xfa, 0x0, 0x0, 0x0, 0xd,
    0xff, 0xff, 0xff, 0xff, 0xe0, 0x0, 0x0, 0x2,
    0xff, 0x50, 0x1, 0xff, 0xff, 0x20, 0x0, 0x0,
    0x6f, 0xf1, 0x0, 0xd, 0xff, 0xf6, 0x0, 0x0,
    0xb, 0xfc, 0x0, 0x0, 0x9f, 0xff, 0xa0, 0x0,
    0x4, 0xff, 0xa0, 0x0, 0x7, 0xff, 0xff, 0x30,
    0x7, 0xff, 0xff, 0x90, 0x4, 0xff, 0xff, 0xff,
    0x40,

    /* U+0062 "b" */
    0x2e, 0xff, 0xff, 0xff, 0xec, 0x82, 0x0, 0x0,
    0x1d, 0xff, 0xfe, 0xef, 0xff, 0xf8, 0x0, 0x0,
    0xaf, 0xff, 0x80, 0x1b, 0xff, 0xf6, 0x0, 0xa,
    0xff, 0xf8, 0x0, 0x1f, 0xff, 0xc0, 0x0, 0xaf,
    0xff, 0x80, 0x0, 0xef, 0xfd, 0x0, 0xa, 0xff,
    0xf8, 0x0, 0xf, 0xff, 0xb0, 0x0, 0xaf, 0xff,
    0x80, 0x4, 0xff, 0xf5, 0x0, 0xa, 0xff, 0xf8,
    0x15, 0xef, 0xf6, 0x0, 0x0, 0xaf, 0xff, 0xff,
    0xff, 0xfa, 0x20, 0x0, 0xa, 0xff, 0xfd, 0xac,
    0xff, 0xff, 0x60, 0x0, 0xaf, 0xff, 0x80, 0x2,
    0xdf, 0xff, 0x30, 0xa, 0xff, 0xf8, 0x0, 0x3,
    0xff, 0xf8, 0x0, 0xaf, 0xff, 0x80, 0x0, 0x1f,
    0xff, 0x90, 0xa, 0xff, 0xf8, 0x0, 0x4, 0xff,
    0xf7, 0x0, 0xaf, 0xff, 0x80, 0x3, 0xdf, 0xff,
    0x10, 0x1d, 0xff, 0xfe, 0xde, 0xff, 0xff, 0x40,
    0x2e, 0xff, 0xff, 0xff, 0xfd, 0xb7, 0x10, 0x0,

    /* U+0063 "c" */
    0x0, 0x0, 0x7c, 0xef, 0xeb, 0x71, 0x90, 0x0,
    0x2d, 0xff, 0xff, 0xff, 0xff, 0xf0, 0x0, 0xef,
    0xff, 0x50, 0x29, 0xff, 0xf0, 0x9, 0xff, 0xf7,
    0x0, 0x0, 0x7f, 0xf0, 0xf, 0xff, 0xf1, 0x0,
    0x0, 0x9, 0xf0, 0x4f, 0xff, 0xc0, 0x0, 0x0,
    0x0, 0xd0, 0x7f, 0xff, 0xa0, 0x0, 0x0, 0x0,
    0x40, 0x9f, 0xff, 0x80, 0x0, 0x0, 0x0, 0x0,
    0xaf, 0xff, 0x80, 0x0, 0x0, 0x0, 0x0, 0x9f,
    0xff, 0x80, 0x0, 0x0, 0x0, 0x10, 0x8f, 0xff,
    0xa0, 0x0, 0x0, 0x0, 0x70, 0x4f, 0xff, 0xc0,
    0x0, 0x0, 0x0, 0xe0, 0xf, 0xff, 0xf0, 0x0,
    0x0, 0x9, 0xf0, 0x9, 0xff, 0xf7, 0x0, 0x0,
    0x5f, 0xf0, 0x1, 0xef, 0xff, 0x40, 0x7, 0xff,
    0xf0, 0x0, 0x2e, 0xff, 0xfe, 0xff, 0xff, 0xf0,
    0x0, 0x0, 0x7c, 0xff, 0xec, 0x72, 0xa0,

    /* U+0064 "d" */
    0x2e, 0xff, 0xff, 0xfe, 0xb7, 0x0, 0x0, 0x0,
    0x1d, 0xff, 0xfe, 0xff, 0xfe, 0x40, 0x0, 0x0,
    0xaf, 0xff, 0x80, 0xaf, 0xff, 0x60, 0x0, 0xa,
    0xff, 0xf8, 0x0, 0xbf, 0xff, 0x30, 0x0, 0xaf,
    0xff, 0x80, 0x2, 0xff, 0xfc, 0x0, 0xa, 0xff,
    0xf8, 0x0, 0xb, 0xff, 0xf2, 0x0, 0xaf, 0xff,
    0x80, 0x0, 0x8f, 0xff, 0x60, 0xa, 0xff, 0xf8,
    0x0, 0x6, 0xff, 0xf8, 0x0, 0xaf, 0xff, 0x80,
    0x0, 0x5f, 0xff, 0x90, 0xa, 0xff, 0xf8, 0x0,
    0x6, 0xff, 0xf8, 0x0, 0xaf, 0xff, 0x80, 0x0,
    0x8f, 0xff, 0x60, 0xa, 0xff, 0xf8, 0x0, 0xc,
    0xff, 0xf2, 0x0, 0xaf, 0xff, 0x80, 0x3, 0xff,
    0xfc, 0x0, 0xa, 0xff, 0xf8, 0x0, 0xcf, 0xff,
    0x30, 0x0, 0xaf, 0xff, 0x81, 0xcf, 0xff, 0x60,
    0x0, 0x1d, 0xff, 0xfe, 0xff, 0xff, 0x50, 0x0,
    0x2e, 0xff, 0xff, 0xfe, 0xc7, 0x10, 0x0, 0x0,

    /* U+0065 "e" */
    0x2e, 0xff, 0xff, 0xff, 0xff, 0xff, 0x60, 0x1d,
    0xff, 0xff, 0xff, 0xff, 0xf6, 0x0, 0xaf, 0xff,
    0x80, 0x0, 0xef, 0x60, 0xa, 0xff, 0xf8, 0x0,
    0x6, 0xf6, 0x0, 0xaf, 0xff, 0x80, 0x0, 0xd,
    0x60, 0xa, 0xff, 0xf8, 0x0, 0x10, 0x56, 0x0,
    0xaf, 0xff, 0x80, 0xa, 0x0, 0x30, 0xa, 0xff,
    0xf8, 0x8, 0xd0, 0x0, 0x0, 0xaf, 0xff, 0xff,
    0xfd, 0x0, 0x0, 0xa, 0xff, 0xff, 0xef, 0xd0,
    0x0, 0x0, 0xaf, 0xff, 0x80, 0x5d, 0x0, 0x40,
    0xa, 0xff, 0xf8, 0x0, 0x50, 0x56, 0x0, 0xaf,
    0xff, 0x80, 0x0, 0xc, 0x60, 0xa, 0xff, 0xf8,
    0x0, 0x4, 0xf6, 0x0, 0xaf, 0xff, 0x80, 0x0,
    0xcf, 0x60, 0x1d, 0xff, 0xff, 0xff, 0xff, 0xf6,
    0x2e, 0xff, 0xff, 0xff, 0xff, 0xff, 0x60,

    /* U+0066 "f" */
    0x2e, 0xff, 0xff, 0xff, 0xff, 0xff, 0x60, 0x1d,
    0xff, 0xff, 0xff, 0xff, 0xf6, 0x0, 0xaf, 0xff,
    0x80, 0x0, 0xef, 0x60, 0xa, 0xff, 0xf8, 0x0,
    0x6, 0xf6, 0x0, 0xaf, 0xff, 0x80, 0x0, 0xd,
    0x60, 0xa, 0xff, 0xf8, 0x0, 0x10, 0x56, 0x0,
    0xaf, 0xff, 0x80, 0xa, 0x0, 0x30, 0xa, 0xff,
    0xf8, 0x8, 0xd0, 0x0, 0x0, 0xaf, 0xff, 0xff,
    0xfd, 0x0, 0x0, 0xa, 0xff, 0xff, 0xef, 0xd0,
    0x0, 0x0, 0xaf, 0xff, 0x80, 0x5d, 0x0, 0x0,
    0xa, 0xff, 0xf8, 0x0, 0x50, 0x0, 0x0, 0xaf,
    0xff, 0x80, 0x0, 0x0, 0x0, 0xa, 0xff, 0xf8,
    0x0, 0x0, 0x0, 0x0, 0xaf, 0xff, 0x80, 0x0,
    0x0, 0x0, 0x1d, 0xff, 0xfb, 0x0, 0x0, 0x0,
    0x2d, 0xff, 0xff, 0xfd, 0x20, 0x0, 0x0,

    /* U+0067 "g" */
    0x0, 0x0, 0x0, 0x0, 0x0, 0x0, 0x0, 0x0,
    0x0, 0x0, 0x5b, 0xef, 0xec, 0x72, 0xb0, 0x0,
    0x0, 0x2d, 0xff, 0xfd, 0xef, 0xff, 0xf0, 0x0,
    0x1, 0xef, 0xfe, 0x30, 0x4, 0xef, 0xf0, 0x0,
    0x9, 0xff, 0xf5, 0x0, 0x0, 0x2e, 0xf0, 0x0,
    0x1f, 0xff, 0xf0, 0x0, 0x0, 0x4, 0xf0, 0x0,
    0x5f, 0xff, 0xc0, 0x0, 0x0, 0x0, 0x90, 0x0,
    0x8f, 0xff, 0xa0, 0x0, 0x0, 0x0, 0x10, 0x0,
    0x9f, 0xff, 0x80, 0x3, 0x77, 0x77, 0x77, 0x60,
    0xaf, 0xff, 0x80, 0x0, 0x8f, 0xff, 0xfc, 0x10,
    0x9f, 0xff, 0x80, 0x0, 0xb, 0xff, 0xf1, 0x0,
    0x8f, 0xff, 0xa0, 0x0, 0xb, 0xff, 0xf0, 0x0,
    0x4f, 0xff, 0xc0, 0x0, 0xb, 0xff, 0xf0, 0x0,
    0xf, 0xff, 0xf0, 0x0, 0xb, 0xff, 0xf0, 0x0,
    0x8, 0xff, 0xf5, 0x0, 0xb, 0xff, 0xf0, 0x0,
    0x0, 0xdf, 0xfe, 0x20, 0xc, 0xff, 0xf0, 0x0,
    0x0, 0x1c, 0xff, 0xfd, 0xff, 0xff, 0xf0, 0x0,
    0x0, 0x0, 0x5a, 0xef, 0xfe, 0xa6, 0xc0, 0x0,

    /* U+0068 "h" */
    0x3e, 0xff, 0xff, 0xf8, 0xb, 0xff, 0xff, 0xfc,
    0x10, 0x1d, 0xff, 0xf6, 0x0, 0x9, 0xff, 0xfb,
    0x0, 0x0, 0xbf, 0xff, 0x10, 0x0, 0x5f, 0xff,
    0x70, 0x0, 0xb, 0xff, 0xf1, 0x0, 0x5, 0xff,
    0xf7, 0x0, 0x0, 0xbf, 0xff, 0x10, 0x0, 0x5f,
    0xff, 0x70, 0x0, 0xb, 0xff, 0xf1, 0x0, 0x5,
    0xff, 0xf7, 0x0, 0x0, 0xbf, 0xff, 0x10, 0x0,
    0x5f, 0xff, 0x70, 0x0, 0xb, 0xff, 0xff, 0xff,
    0xff, 0xff, 0xf7, 0x0, 0x0, 0xbf, 0xff, 0xff,
    0xff, 0xff, 0xff, 0x70, 0x0, 0xb, 0xff, 0xf1,
    0x0, 0x5, 0xff, 0xf7, 0x0, 0x0, 0xbf, 0xff,
    0x10, 0x0, 0x5f, 0xff, 0x70, 0x0, 0xb, 0xff,
    0xf1, 0x0, 0x5, 0xff, 0xf7, 0x0, 0x0, 0xbf,
    0xff, 0x10, 0x0, 0x5f, 0xff, 0x70, 0x0, 0xb,
    0xff, 0xf1, 0x0, 0x5, 0xff, 0xf7, 0x0, 0x0,
    0xbf, 0xff, 0x10, 0x0, 0x5f, 0xff, 0x70, 0x0,
    0x2e, 0xff, 0xf7, 0x0, 0xb, 0xff, 0xfc, 0x0,
    0x3e, 0xff, 0xff, 0xf8, 0xb, 0xff, 0xff, 0xfd,
    0x10,

    /* U+0069 "i" */
    0xb, 0xff, 0xff, 0xff, 0x40, 0xa, 0xff, 0xff,
    0x30, 0x0, 0x6f, 0xff, 0xd0, 0x0, 0x6, 0xff,
    0xfd, 0x0, 0x0, 0x6f, 0xff, 0xd0, 0x0, 0x6,
    0xff, 0xfd, 0x0, 0x0, 0x6f, 0xff, 0xd0, 0x0,
    0x6, 0xff, 0xfd, 0x0, 0x0, 0x6f, 0xff, 0xd0,
    0x0, 0x6, 0xff, 0xfd, 0x0, 0x0, 0x6f, 0xff,
    0xd0, 0x0, 0x6, 0xff, 0xfd, 0x0, 0x0, 0x6f,
    0xff, 0xd0, 0x0, 0x6, 0xff, 0xfd, 0x0, 0x0,
    0x6f, 0xff, 0xd0, 0x0, 0xa, 0xff, 0xff, 0x30,
    0xb, 0xff, 0xff, 0xff, 0x40,

    /* U+006A "j" */
    0x0, 0x2e, 0xff, 0xff, 0xfd, 0x10, 0x0, 0x1d,
    0xff, 0xfc, 0x0, 0x0, 0x0, 0xaf, 0xff, 0x80,
    0x0, 0x0, 0xa, 0xff, 0xf8, 0x0, 0x0, 0x0,
    0xaf, 0xff, 0x80, 0x0, 0x0, 0xa, 0xff, 0xf8,
    0x0, 0x0, 0x0, 0xaf, 0xff, 0x80, 0x0, 0x0,
    0xa, 0xff, 0xf8, 0x0, 0x0, 0x0, 0xaf, 0xff,
    0x80, 0x2, 0x0, 0xa, 0xff, 0xf8, 0x0, 0x90,
    0x0, 0xaf, 0xff, 0x80, 0xe, 0x0, 0xa, 0xff,
    0xf8, 0x0, 0xf5, 0x0, 0xaf, 0xff, 0x70, 0xf,
    0xb0, 0xd, 0xff, 0xf4, 0x0, 0xff, 0x22, 0xff,
    0xfe, 0x0, 0xf, 0xfb, 0xdf, 0xff, 0x50, 0x0,
    0xff, 0xff, 0xfe, 0x40, 0x0, 0x2, 0x67, 0x74,
    0x0, 0x0, 0x0,

    /* U+006B "k" */
    0x3e, 0xff, 0xff, 0xfd, 0x10, 0xbf, 0xff, 0xf8,
    0x0, 0x1d, 0xff, 0xfc, 0x0, 0x1, 0xff, 0xe4,
    0x0, 0x0, 0xaf, 0xff, 0x80, 0x0, 0x8f, 0xf5,
    0x0, 0x0, 0xa, 0xff, 0xf8, 0x0, 0x3f, 0xfa,
    0x0, 0x0, 0x0, 0xaf, 0xff, 0x80, 0xd, 0xfe,
    0x10, 0x0, 0x0, 0xa, 0xff, 0xf8, 0x8, 0xff,
    0x50, 0x0, 0x0, 0x0, 0xaf, 0xff, 0x83, 0xff,
    0xa0, 0x0, 0x0, 0x0, 0xa, 0xff, 0xf7, 0xdf,
    0xf4, 0x0, 0x0, 0x0, 0x0, 0xaf, 0xff, 0x1f,
    0xff, 0xc0, 0x0, 0x0, 0x0, 0xa, 0xff, 0xf7,
    0xef, 0xff, 0x50, 0x0, 0x0, 0x0, 0xaf, 0xff,
    0x86, 0xff, 0xfe, 0x0, 0x0, 0x0, 0xa, 0xff,
    0xf8, 0xc, 0xff, 0xf7, 0x0, 0x0, 0x0, 0xaf,
    0xff, 0x80, 0x3f, 0xff, 0xf1, 0x0, 0x0, 0xa,
    0xff, 0xf8, 0x0, 0xaf, 0xff, 0x90, 0x0, 0x0,
    0xaf, 0xff, 0x80, 0x1, 0xff, 0xff, 0x30, 0x0,
    0x1d, 0xff, 0xfc, 0x0, 0xa, 0xff, 0xfd, 0x10,
    0x3e, 0xff, 0xff, 0xfd, 0x14, 0xff, 0xff, 0xfe,
    0x20,

    /* U+006C "l" */
    0x3e, 0xff, 0xff, 0xfd, 0x10, 0x0, 0x1, 0xdf,
    0xff, 0xc0, 0x0, 0x0, 0x0, 0xaf, 0xff, 0x80,
    0x0, 0x0, 0x0, 0xaf, 0xff, 0x80, 0x0, 0x0,
    0x0, 0xaf, 0xff, 0x80, 0x0, 0x0, 0x0, 0xaf,
    0xff, 0x80, 0x0, 0x0, 0x0, 0xaf, 0xff, 0x80,
    0x0, 0x0, 0x0, 0xaf, 0xff, 0x80, 0x0, 0x0,
    0x0, 0xaf, 0xff, 0x80, 0x0, 0x5, 0x0, 0xaf,
    0xff, 0x80, 0x0, 0xb, 0x0, 0xaf, 0xff, 0x80,
    0x0, 0x2f, 0x0, 0xaf, 0xff, 0x80, 0x0, 0x8f,
    0x0, 0xaf, 0xff, 0x80, 0x0, 0xef, 0x0, 0xaf,
    0xff, 0x80, 0x4, 0xff, 0x0, 0xaf, 0xff, 0x80,
    0xa, 0xff, 0x1, 0xdf, 0xff, 0xdb, 0xbf, 0xff,
    0x2e, 0xff, 0xff, 0xff, 0xff, 0xff,

    /* U+006D "m" */
    0x3e, 0xff, 0xff, 0xf8, 0x0, 0x0, 0xff, 0xff,
    0xfd, 0x20, 0x2e, 0xff, 0xff, 0xd0, 0x0, 0x4f,
    0xff, 0xfd, 0x10, 0x0, 0xbf, 0xff, 0xff, 0x20,
    0x9, 0xff, 0xff, 0x90, 0x0, 0xb, 0xff, 0xff,
    0xf7, 0x0, 0xef, 0xff, 0xf9, 0x0, 0x0, 0xbf,
    0xff, 0xff, 0xc0, 0x2f, 0xff, 0xff, 0x90, 0x0,
    0xb, 0xff, 0xff, 0xff, 0x17, 0xff, 0xff, 0xf9,
    0x0, 0x0, 0xbf, 0xfb, 0xff, 0xf7, 0xcf, 0xcf,
    0xff, 0x90, 0x0, 0xb, 0xff, 0x6f, 0xff, 0xdf,
    0xf7, 0xff, 0xf9, 0x0, 0x0, 0xbf, 0xf1, 0xef,
    0xff, 0xfe, 0x4f, 0xff, 0x90, 0x0, 0xb, 0xff,
    0x19, 0xff, 0xff, 0x94, 0xff, 0xf9, 0x0, 0x0,
    0xbf, 0xf1, 0x4f, 0xff, 0xf4, 0x4f, 0xff, 0x90,
    0x0, 0xb, 0xff, 0x10, 0xef, 0xfe, 0x4, 0xff,
    0xf9, 0x0, 0x0, 0xbf, 0xf1, 0x9, 0xff, 0xa0,
    0x4f, 0xff, 0x90, 0x0, 0xb, 0xff, 0x10, 0x3f,
    0xf5, 0x4, 0xff, 0xf9, 0x0, 0x0, 0xbf, 0xf1,
    0x0, 0xef, 0x0, 0x4f, 0xff, 0x90, 0x0, 0x2e,
    0xff, 0x60, 0x8, 0xb0, 0x9, 0xff, 0xfd, 0x10,
    0x3e, 0xff, 0xff, 0x80, 0x36, 0xa, 0xff, 0xff,
    0xfd, 0x20, 0x0, 0x0, 0x0, 0x0, 0x0, 0x0,
    0x0, 0x0, 0x0,

    /* U+006E "n" */
    0x3e, 0xff, 0xfb, 0x0, 0x1c, 0xff, 0xff, 0xb0,
    0x1, 0xdf, 0xff, 0x60, 0x0, 0xbf, 0xfa, 0x0,
    0x0, 0xaf, 0xff, 0xf2, 0x0, 0x7f, 0xf5, 0x0,
    0x0, 0xaf, 0xff, 0xfd, 0x0, 0x7f, 0xf5, 0x0,
    0x0, 0xaf, 0xff, 0xff, 0x80, 0x7f, 0xf5, 0x0,
    0x0, 0xaf, 0xff, 0xff, 0xf4, 0x7f, 0xf5, 0x0,
    0x0, 0xaf, 0xea, 0xff, 0xfe, 0x8f, 0xf5, 0x0,
    0x0, 0xaf, 0xe0, 0xdf, 0xff, 0xff, 0xf5, 0x0,
    0x0, 0xaf, 0xe0, 0x3f, 0xff, 0xff, 0xf5, 0x0,
    0x0, 0xaf, 0xe0, 0x7, 0xff, 0xff, 0xf5, 0x0,
    0x0, 0xaf, 0xe0, 0x0, 0xbf, 0xff, 0xf5, 0x0,
    0x0, 0xaf, 0xe0, 0x0, 0x1e, 0xff, 0xf5, 0x0,
    0x0, 0xaf, 0xe0, 0x0, 0x4, 0xff, 0xf5, 0x0,
    0x0, 0xaf, 0xe0, 0x0, 0x0, 0x8f, 0xf5, 0x0,
    0x0, 0xaf, 0xe0, 0x0, 0x0, 0xc, 0xf5, 0x0,
    0x1, 0xdf, 0xf4, 0x0, 0x0, 0x2, 0xf5, 0x0,
    0x3e, 0xff, 0xff, 0x50, 0x0, 0x0, 0x55, 0x0,
    0x0, 0x0, 0x0, 0x0, 0x0, 0x0, 0x0, 0x0,

    /* U+006F "o" */
    0x0, 0x0, 0x3a, 0xdf, 0xec, 0x70, 0x0, 0x0,
    0x0, 0x9, 0xff, 0xfd, 0xef, 0xfe, 0x30, 0x0,
    0x0, 0xaf, 0xfe, 0x20, 0x9, 0xff, 0xf2, 0x0,
    0x5, 0xff, 0xf5, 0x0, 0x0, 0xdf, 0xfd, 0x0,
    0xd, 0xff, 0xf0, 0x0, 0x0, 0x7f, 0xff, 0x50,
    0x3f, 0xff, 0xb0, 0x0, 0x0, 0x4f, 0xff, 0xb0,
    0x7f, 0xff, 0x90, 0x7, 0x10, 0x2f, 0xff, 0xf0,
    0x9f, 0xff, 0x80, 0x3f, 0xb0, 0x1f, 0xff, 0xf1,
    0xaf, 0xff, 0x80, 0xcf, 0xf3, 0xf, 0xff, 0xf1,
    0x9f, 0xff, 0x80, 0x4f, 0xc0, 0x1f, 0xff, 0xf1,
    0x7f, 0xff, 0x90, 0x9, 0x20, 0x2f, 0xff, 0xf0,
    0x3f, 0xff, 0xb0, 0x0, 0x0, 0x4f, 0xff, 0xb0,
    0xd, 0xff, 0xf0, 0x0, 0x0, 0x7f, 0xff, 0x50,
    0x6, 0xff, 0xf5, 0x0, 0x0, 0xdf, 0xfd, 0x0,
    0x0, 0xaf, 0xfe, 0x30, 0x9, 0xff, 0xf2, 0x0,
    0x0, 0x9, 0xff, 0xfd, 0xff, 0xfe, 0x30, 0x0,
    0x0, 0x0, 0x3a, 0xef, 0xec, 0x70, 0x0, 0x0,

    /* U+0070 "p" */
    0x2e, 0xff, 0xff, 0xff, 0xec, 0x95, 0x0, 0x0,
    0x1d, 0xff, 0xfd, 0xbe, 0xff, 0xfd, 0x20, 0x0,
    0xaf, 0xff, 0x80, 0x6, 0xff, 0xfe, 0x0, 0xa,
    0xff, 0xf8, 0x0, 0xb, 0xff, 0xf6, 0x0, 0xaf,
    0xff, 0x80, 0x0, 0x8f, 0xff, 0x90, 0xa, 0xff,
    0xf8, 0x0, 0x9, 0xff, 0xf8, 0x0, 0xaf, 0xff,
    0x80, 0x0, 0xef, 0xff, 0x50, 0xa, 0xff, 0xf8,
    0x14, 0xcf, 0xff, 0xd0, 0x0, 0xaf, 0xff, 0xff,
    0xff, 0xff, 0xc2, 0x0, 0xa, 0xff, 0xfe, 0xdc,
    0xb8, 0x40, 0x0, 0x0, 0xaf, 0xff, 0x80, 0x0,
    0x0, 0x0, 0x0, 0xa, 0xff, 0xf8, 0x0, 0x0,
    0x0, 0x0, 0x0, 0xaf, 0xff, 0x80, 0x0, 0x0,
    0x0, 0x0, 0xa, 0xff, 0xf8, 0x0, 0x0, 0x0,
    0x0, 0x0, 0xaf, 0xff, 0x80, 0x0, 0x0, 0x0,
    0x0, 0x1d, 0xff, 0xfb, 0x0, 0x0, 0x0, 0x0,
    0x2e, 0xff, 0xff, 0xfc, 0x10, 0x0, 0x0, 0x0,

    /* U+0071 "q" */
    0x0, 0x0, 0x3a, 0xdf, 0xec, 0x70, 0x0, 0x0,
    0x0, 0x9, 0xff, 0xfd, 0xef, 0xfe, 0x30, 0x0,
    0x0, 0x9f, 0xfe, 0x20, 0x9, 0xff, 0xe2, 0x0,
    0x5, 0xff, 0xf5, 0x0, 0x0, 0xdf, 0xfc, 0x0,
    0xd, 0xff, 0xf0, 0x0, 0x0, 0x7f, 0xff, 0x50,
    0x3f, 0xff, 0xb0, 0x0, 0x0, 0x4f, 0xff, 0xb0,
    0x7f, 0xff, 0x90, 0x0, 0x0, 0x2f, 0xff, 0xe0,
    0x9f, 0xff, 0x80, 0x0, 0x0, 0x1f, 0xff, 0xf0,
    0xaf, 0xff, 0x80, 0x0, 0x0, 0xf, 0xff, 0xf1,
    0x9f, 0xff, 0x80, 0x0, 0x0, 0x1f, 0xff, 0xf1,
    0x8f, 0xff, 0x90, 0x0, 0x0, 0x1f, 0xff, 0xf0,
    0x4f, 0xff, 0xb0, 0x0, 0x0, 0x3f, 0xff, 0xc0,
    0xe, 0xff, 0xe0, 0x0, 0x0, 0x7f, 0xff, 0x60,
    0x7, 0xff, 0xf4, 0x0, 0x0, 0xcf, 0xfe, 0x0,
    0x0, 0xdf, 0xfd, 0x10, 0x6, 0xff, 0xf4, 0x0,
    0x0, 0x1d, 0xff, 0xea, 0xcf, 0xff, 0x50, 0x0,
    0x0, 0x0, 0x7e, 0xff, 0xff, 0xa2, 0x0, 0x0,
    0x0, 0x0, 0x0, 0x2f, 0xff, 0xb0, 0x0, 0x0,
    0x0, 0x0, 0x0, 0xc, 0xff, 0xfa, 0x0, 0x0,
    0x0, 0x0, 0x0, 0x7, 0xff, 0xff, 0xa0, 0x0,

    /* U+0072 "r" */
    0x3e, 0xff, 0xff, 0xff, 0xfd, 0xb6, 0x10, 0x0,
    0x0, 0x1d, 0xff, 0xfd, 0xbe, 0xff, 0xff, 0x50,
    0x0, 0x0, 0xbf, 0xff, 0x80, 0x3, 0xff, 0xff,
    0x30, 0x0, 0xb, 0xff, 0xf8, 0x0, 0x6, 0xff,
    0xfa, 0x0, 0x0, 0xbf, 0xff, 0x80, 0x0, 0x3f,
    0xff, 0xd0, 0x0, 0xb, 0xff, 0xf8, 0x0, 0x4,
    0xff, 0xfc, 0x0, 0x0, 0xbf, 0xff, 0x80, 0x0,
    0xcf, 0xff, 0x80, 0x0, 0xb, 0xff, 0xfb, 0x79,
    0xef, 0xff, 0xd1, 0x0, 0x0, 0xbf, 0xff, 0xff,
    0xff, 0xff, 0x81, 0x0, 0x0, 0xb, 0xff, 0xff,
    0xff, 0xfc, 0x0, 0x0, 0x0, 0x0, 0xbf, 0xff,
    0x9f, 0xff, 0xf4, 0x0, 0x0, 0x0, 0xb, 0xff,
    0xf8, 0x6f, 0xff, 0xe0, 0x0, 0x0, 0x0, 0xbf,
    0xff, 0x80, 0xcf, 0xff, 0x90, 0x0, 0x0, 0xb,
    0xff, 0xf8, 0x3, 0xff, 0xff, 0x30, 0x0, 0x0,
    0xbf, 0xff, 0x80, 0x9, 0xff, 0xfd, 0x0, 0x0,
    0x1d, 0xff, 0xfb, 0x0, 0xe, 0xff, 0xf9, 0x0,
    0x2e, 0xff, 0xff, 0xfc, 0x10, 0x5f, 0xff, 0xfc,
    0x10,

    /* U+0073 "s" */
    0x0, 0x0, 0x0, 0x0, 0x0, 0x0, 0x0, 0x4b,
    0xef, 0xea, 0x49, 0x20, 0x8, 0xff, 0xfe, 0xff,
    0xff, 0x20, 0x4f, 0xfc, 0x10, 0x5, 0xef, 0x20,
    0x9f, 0xf6, 0x0, 0x0, 0x2f, 0x20, 0xbf, 0xfa,
    0x0, 0x0, 0x7, 0x20, 0x9f, 0xff, 0xa1, 0x0,
    0x0, 0x10, 0x4f, 0xff, 0xff, 0x81, 0x0, 0x0,
    0x9, 0xff, 0xff, 0xfe, 0x60, 0x0, 0x0, 0x7f,
    0xff, 0xff, 0xf9, 0x0, 0x0, 0x1, 0x9f, 0xff,
    0xff, 0x50, 0x50, 0x0, 0x2, 0xcf, 0xff, 0xd0,
    0xd0, 0x0, 0x0, 0xb, 0xff, 0xf0, 0xf8, 0x0,
    0x0, 0x4, 0xff, 0xf0, 0xff, 0x50, 0x0, 0x6,
    0xff, 0xd0, 0xff, 0xf7, 0x0, 0x4e, 0xff, 0x60,
    0xff, 0xff, 0xff, 0xff, 0xf8, 0x0, 0x91, 0x6c,
    0xef, 0xea, 0x30, 0x0,

    /* U+0074 "t" */
    0x4f, 0xff, 0xff, 0xff, 0xff, 0xff, 0xf7, 0x4f,
    0xfb, 0xbf, 0xff, 0xfb, 0xbe, 0xf7, 0x4f, 0x90,
    0xf, 0xff, 0xf2, 0x6, 0xf7, 0x4f, 0x20, 0xf,
    0xff, 0xf2, 0x0, 0xf7, 0x4b, 0x0, 0xf, 0xff,
    0xf2, 0x0, 0x97, 0x44, 0x0, 0xf, 0xff, 0xf2,
    0x0, 0x27, 0x20, 0x0, 0xf, 0xff, 0xf2, 0x0,
    0x2, 0x0, 0x0, 0xf, 0xff, 0xf2, 0x0, 0x0,
    0x0, 0x0, 0xf, 0xff, 0xf2, 0x0, 0x0, 0x0,
    0x0, 0xf, 0xff, 0xf2, 0x0, 0x0, 0x0, 0x0,
    0xf, 0xff, 0xf2, 0x0, 0x0, 0x0, 0x0, 0xf,
    0xff, 0xf2, 0x0, 0x0, 0x0, 0x0, 0xf, 0xff,
    0xf2, 0x0, 0x0, 0x0, 0x0, 0xf, 0xff, 0xf2,
    0x0, 0x0, 0x0, 0x0, 0xf, 0xff, 0xf2, 0x0,
    0x0, 0x0, 0x0, 0x5f, 0xff, 0xf7, 0x0, 0x0,
    0x0, 0x6, 0xff, 0xff, 0xff, 0x80, 0x0,

    /* U+0075 "u" */
    0x6f, 0xff, 0xff, 0xe4, 0x2, 0xdf, 0xff, 0xf5,
    0x4, 0xff, 0xfe, 0x20, 0x0, 0x1d, 0xff, 0x30,
    0x0, 0xff, 0xfc, 0x0, 0x0, 0x9, 0xfe, 0x0,
    0x0, 0xff, 0xfc, 0x0, 0x0, 0x9, 0xfe, 0x0,
    0x0, 0xff, 0xfc, 0x0, 0x0, 0x9, 0xfe, 0x0,
    0x0, 0xff, 0xfc, 0x0, 0x0, 0x9, 0xfe, 0x0,
    0x0, 0xff, 0xfc, 0x0, 0x0, 0x9, 0xfe, 0x0,
    0x0, 0xff, 0xfc, 0x0, 0x0, 0x9, 0xfe, 0x0,
    0x0, 0xff, 0xfc, 0x0, 0x0, 0x9, 0xfe, 0x0,
    0x0, 0xff, 0xfc, 0x0, 0x0, 0x9, 0xfe, 0x0,
    0x0, 0xff, 0xfc, 0x0, 0x0, 0x9, 0xfe, 0x0,
    0x0, 0xff, 0xfc, 0x0, 0x0, 0x9, 0xfd, 0x0,
    0x0, 0xef, 0xfe, 0x0, 0x0, 0xb, 0xfc, 0x0,
    0x0, 0xaf, 0xff, 0x30, 0x0, 0x1f, 0xf9, 0x0,
    0x0, 0x3f, 0xff, 0xd3, 0x2, 0xcf, 0xf2, 0x0,
    0x0, 0x6, 0xff, 0xff, 0xff, 0xff, 0x60, 0x0,
    0x0, 0x0, 0x29, 0xdf, 0xfe, 0xa3, 0x0, 0x0,

    /* U+0076 "v" */
    0xb, 0xff, 0xff, 0xfa, 0x0, 0x1c, 0xff, 0xf4,
    0x0, 0xaf, 0xff, 0xf0, 0x0, 0x4, 0xff, 0x30,
    0x0, 0x2f, 0xff, 0xf5, 0x0, 0x9, 0xfa, 0x0,
    0x0, 0xc, 0xff, 0xfc, 0x0, 0xe, 0xf4, 0x0,
    0x0, 0x6, 0xff, 0xff, 0x20, 0x5f, 0xe0, 0x0,
    0x0, 0x0, 0xff, 0xff, 0x90, 0xaf, 0x90, 0x0,
    0x0, 0x0, 0xaf, 0xff, 0xe1, 0xff, 0x30, 0x0,
    0x0, 0x0, 0x4f, 0xff, 0xfc, 0xfd, 0x0, 0x0,
    0x0, 0x0, 0xe, 0xff, 0xff, 0xf7, 0x0, 0x0,
    0x0, 0x0, 0x8, 0xff, 0xff, 0xf1, 0x0, 0x0,
    0x0, 0x0, 0x2, 0xff, 0xff, 0xb0, 0x0, 0x0,
    0x0, 0x0, 0x0, 0xcf, 0xff, 0x60, 0x0, 0x0,
    0x0, 0x0, 0x0, 0x6f, 0xff, 0x0, 0x0, 0x0,
    0x0, 0x0, 0x0, 0xf, 0xfa, 0x0, 0x0, 0x0,
    0x0, 0x0, 0x0, 0xa, 0xf4, 0x0, 0x0, 0x0,
    0x0, 0x0, 0x0, 0x4, 0xe0, 0x0, 0x0, 0x0,
    0x0, 0x0, 0x0, 0x0, 0x70, 0x0, 0x0, 0x0,
    0x0, 0x0, 0x0, 0x0, 0x0, 0x0, 0x0, 0x0,

    /* U+0077 "w" */
    0xb, 0xff, 0xff, 0xfa, 0x0, 0x6f, 0xff, 0xc1,
    0x3, 0xff, 0xfd, 0x10, 0xa, 0xff, 0xfe, 0x0,
    0x0, 0xdf, 0xf2, 0x0, 0x8, 0xfd, 0x0, 0x0,
    0x2f, 0xff, 0xf2, 0x0, 0x2f, 0xff, 0x60, 0x0,
    0xdf, 0x60, 0x0, 0x0, 0xcf, 0xff, 0x80, 0x8,
    0xff, 0xfc, 0x0, 0x3f, 0xf1, 0x0, 0x0, 0x6,
    0xff, 0xfd, 0x0, 0xef, 0xff, 0xf1, 0x9, 0xfa,
    0x0, 0x0, 0x0, 0x1f, 0xff, 0xf2, 0x4f, 0xff,
    0xff, 0x60, 0xff, 0x40, 0x0, 0x0, 0x0, 0xbf,
    0xff, 0x8a, 0xff, 0xff, 0xfc, 0x5f, 0xe0, 0x0,
    0x0, 0x0, 0x6, 0xff, 0xfd, 0xff, 0x7f, 0xff,
    0xfd, 0xf8, 0x0, 0x0, 0x0, 0x0, 0x1f, 0xff,
    0xff, 0xe0, 0xdf, 0xff, 0xff, 0x30, 0x0, 0x0,
    0x0, 0x0, 0xbf, 0xff, 0xf9, 0x7, 0xff, 0xff,
    0xd0, 0x0, 0x0, 0x0, 0x0, 0x5, 0xff, 0xff,
    0x30, 0x2f, 0xff, 0xf7, 0x0, 0x0, 0x0, 0x0,
    0x0, 0xf, 0xff, 0xd0, 0x0, 0xcf, 0xff, 0x10,
    0x0, 0x0, 0x0, 0x0, 0x0, 0xaf, 0xf7, 0x0,
    0x7, 0xff, 0xb0, 0x0, 0x0, 0x0, 0x0, 0x0,
    0x5, 0xff, 0x20, 0x0, 0x2f, 0xf5, 0x0, 0x0,
    0x0, 0x0, 0x0, 0x0, 0xf, 0xc0, 0x0, 0x0,
    0xcf, 0x0, 0x0, 0x0, 0x0, 0x0, 0x0, 0x0,
    0x96, 0x0, 0x0, 0x7, 0x90, 0x0, 0x0, 0x0,
    0x0, 0x0, 0x0, 0x4, 0x10, 0x0, 0x0, 0x13,
    0x0, 0x0, 0x0, 0x0,

    /* U+0078 "x" */
    0xb, 0xff, 0xff, 0xff, 0x20, 0xcf, 0xff, 0xf6,
    0x0, 0x0, 0x9f, 0xff, 0xf7, 0x0, 0x3f, 0xff,
    0x40, 0x0, 0x0, 0xc, 0xff, 0xfe, 0x0, 0x9f,
    0xf9, 0x0, 0x0, 0x0, 0x3, 0xff, 0xff, 0x61,
    0xff, 0xf1, 0x0, 0x0, 0x0, 0x0, 0xbf, 0xff,
    0xe9, 0xff, 0x80, 0x0, 0x0, 0x0, 0x0, 0x2f,
    0xff, 0xff, 0xfe, 0x0, 0x0, 0x0, 0x0, 0x0,
    0x9, 0xff, 0xff, 0xf7, 0x0, 0x0, 0x0, 0x0,
    0x0, 0x1, 0xff, 0xff, 0xf1, 0x0, 0x0, 0x0,
    0x0, 0x0, 0x0, 0xbf, 0xff, 0xf8, 0x0, 0x0,
    0x0, 0x0, 0x0, 0x2, 0xff, 0xff, 0xff, 0x10,
    0x0, 0x0, 0x0, 0x0, 0xb, 0xff, 0xff, 0xff,
    0x90, 0x0, 0x0, 0x0, 0x0, 0x3f, 0xfd, 0x5f,
    0xff, 0xf2, 0x0, 0x0, 0x0, 0x0, 0xcf, 0xf5,
    0xd, 0xff, 0xfa, 0x0, 0x0, 0x0, 0x5, 0xff,
    0xc0, 0x5, 0xff, 0xff, 0x30, 0x0, 0x0, 0xd,
    0xff, 0x40, 0x0, 0xdf, 0xff, 0xb0, 0x0, 0x0,
    0xaf, 0xff, 0x10, 0x0, 0x8f, 0xff, 0xf6, 0x0,
    0xb, 0xff, 0xff, 0xc0, 0x4, 0xff, 0xff, 0xff,
    0x80,

    /* U+0079 "y" */
    0xb, 0xff, 0xff, 0xfe, 0x10, 0xa, 0xff, 0xfa,
    0x0, 0xa, 0xff, 0xff, 0x50, 0x0, 0x1f, 0xf9,
    0x0, 0x0, 0x1f, 0xff, 0xf9, 0x0, 0x4, 0xfe,
    0x0, 0x0, 0x0, 0x8f, 0xff, 0xf1, 0x0, 0xbf,
    0x70, 0x0, 0x0, 0x1, 0xff, 0xff, 0x80, 0x3f,
    0xe0, 0x0, 0x0, 0x0, 0x8, 0xff, 0xff, 0xa,
    0xf7, 0x0, 0x0, 0x0, 0x0, 0x1f, 0xff, 0xf9,
    0xfe, 0x0, 0x0, 0x0, 0x0, 0x0, 0x8f, 0xff,
    0xff, 0x80, 0x0, 0x0, 0x0, 0x0, 0x1, 0xff,
    0xff, 0xf1, 0x0, 0x0, 0x0, 0x0, 0x0, 0xa,
    0xff, 0xfa, 0x0, 0x0, 0x0, 0x0, 0x0, 0x0,
    0x9f, 0xff, 0x90, 0x0, 0x0, 0x0, 0x0, 0x0,
    0x9, 0xff, 0xf9, 0x0, 0x0, 0x0, 0x0, 0x0,
    0x0, 0x9f, 0xff, 0x90, 0x0, 0x0, 0x0, 0x0,
    0x0, 0x9, 0xff, 0xf9, 0x0, 0x0, 0x0, 0x0,
    0x0, 0x0, 0x9f, 0xff, 0x90, 0x0, 0x0, 0x0,
    0x0, 0x0, 0x1d, 0xff, 0xfd, 0x10, 0x0, 0x0,
    0x0, 0x0, 0x2d, 0xff, 0xff, 0xfd, 0x20, 0x0,
    0x0,

    /* U+007A "z" */
    0x5, 0xff, 0xff, 0xff, 0xff, 0xff, 0xf3, 0x8,
    0xff, 0xee, 0xee, 0xff, 0xff, 0xc0, 0xc, 0xe2,
    0x0, 0x2, 0xff, 0xff, 0x40, 0xd, 0x20, 0x0,
    0xa, 0xff, 0xfc, 0x0, 0x22, 0x0, 0x0, 0x2f,
    0xff, 0xf4, 0x0, 0x0, 0x0, 0x0, 0xaf, 0xff,
    0xc0, 0x0, 0x0, 0x0, 0x2, 0xff, 0xff, 0x40,
    0x0, 0x0, 0x0, 0x9, 0xff, 0xfc, 0x0, 0x0,
    0x0, 0x0, 0x2f, 0xff, 0xf4, 0x0, 0x0, 0x0,
    0x0, 0x9f, 0xff, 0xc0, 0x0, 0x0, 0x0, 0x1,
    0xff, 0xff, 0x50, 0x0, 0x0, 0x0, 0x9, 0xff,
    0xfd, 0x0, 0x0, 0x5, 0x0, 0x1f, 0xff, 0xf5,
    0x0, 0x0, 0xa4, 0x0, 0x9f, 0xff, 0xd0, 0x0,
    0x5, 0xf2, 0x1, 0xff, 0xff, 0x50, 0x0, 0x2f,
    0xf0, 0x8, 0xff, 0xff, 0xbb, 0xbb, 0xef, 0xc0,
    0x1f, 0xff, 0xff, 0xff, 0xff, 0xff, 0x90,

    /* U+007B "{" */
    0x0, 0xc, 0xff, 0xfc, 0x10, 0x6, 0xff, 0xfe,
    0x10, 0x0, 0xaf, 0xff, 0x60, 0x0, 0xb, 0xff,
    0xf2, 0x0, 0x0, 0xbf, 0xff, 0x10, 0x0, 0xb,
    0xff, 0xf1, 0x0, 0x0, 0xbf, 0xff, 0x10, 0x0,
    0xb, 0xff, 0xf1, 0x0, 0x0, 0xbf, 0xff, 0x10,
    0x0, 0xc, 0xff, 0xf0, 0x0, 0x0, 0xef, 0xfe,
    0x0, 0x0, 0x4f, 0xff, 0x90, 0x0, 0xb, 0xff,
    0xe1, 0x0, 0x8, 0xff, 0xd2, 0x0, 0x0, 0x8f,
    0xfd, 0x20, 0x0, 0x0, 0xbf, 0xfe, 0x10, 0x0,
    0x3, 0xff, 0xfa, 0x0, 0x0, 0xe, 0xff, 0xe0,
    0x0, 0x0, 0xcf, 0xff, 0x0, 0x0, 0xb, 0xff,
    0xf1, 0x0, 0x0, 0xbf, 0xff, 0x10, 0x0, 0xb,
    0xff, 0xf1, 0x0, 0x0, 0xbf, 0xff, 0x10, 0x0,
    0xb, 0xff, 0xf1, 0x0, 0x0, 0xbf, 0xff, 0x20,
    0x0, 0xa, 0xff, 0xf6, 0x0, 0x0, 0x6f, 0xff,
    0xe1, 0x0, 0x0, 0xcf, 0xff, 0xc1,

    /* U+007D "}" */
    0x6f, 0xff, 0xf4, 0x0, 0x0, 0x7f, 0xff, 0xd0,
    0x0, 0x0, 0xef, 0xff, 0x20, 0x0, 0xa, 0xff,
    0xf3, 0x0, 0x0, 0x9f, 0xff, 0x30, 0x0, 0x9,
    0xff, 0xf3, 0x0, 0x0, 0x9f, 0xff, 0x30, 0x0,
    0x9, 0xff, 0xf3, 0x0, 0x0, 0x9f, 0xff, 0x30,
    0x0, 0x9, 0xff, 0xf4, 0x0, 0x0, 0x7f, 0xff,
    0x60, 0x0, 0x2, 0xff, 0xfb, 0x0, 0x0, 0x9,
    0xff, 0xf3, 0x0, 0x0, 0x9, 0xff, 0xd1, 0x0,
    0x0, 0x8f, 0xfe, 0x20, 0x0, 0x8f, 0xff, 0x30,
    0x0, 0x2f, 0xff, 0xa0, 0x0, 0x7, 0xff, 0xf6,
    0x0, 0x0, 0x9f, 0xff, 0x40, 0x0, 0x9, 0xff,
    0xf3, 0x0, 0x0, 0x9f, 0xff, 0x30, 0x0, 0x9,
    0xff, 0xf3, 0x0, 0x0, 0x9f, 0xff, 0x30, 0x0,
    0x9, 0xff, 0xf3, 0x0, 0x0, 0xaf, 0xff, 0x30,
    0x0, 0xe, 0xff, 0xf2, 0x0, 0x7, 0xff, 0xfe,
    0x0, 0x6, 0xff, 0xff, 0x50, 0x0,

    /* U+007E "~" */
    0x0, 0x6, 0xa6, 0x20, 0x0, 0x0, 0x0, 0x2,
    0x0, 0x1f, 0xff, 0xfd, 0x95, 0x10, 0x7, 0xd0,
    0x0, 0xaf, 0xff, 0xff, 0xff, 0xfc, 0xef, 0x50,
    0x3, 0xfd, 0x8c, 0xff, 0xff, 0xff, 0xfb, 0x0,
    0xa, 0x60, 0x0, 0x4, 0x8d, 0xff, 0xf2, 0x0,
    0x0, 0x0, 0x0, 0x0, 0x0, 0x15, 0x50, 0x0
};


/*---------------------
 *  GLYPH DESCRIPTION
 *--------------------*/

static const lv_font_fmt_txt_glyph_dsc_t glyph_dsc[] = {
    {.bitmap_index = 0, .adv_w = 0, .box_w = 0, .box_h = 0, .ofs_x = 0, .ofs_y = 0} /* id = 0 reserved */,
    {.bitmap_index = 0, .adv_w = 111, .box_w = 0, .box_h = 0, .ofs_x = 0, .ofs_y = 0},
    {.bitmap_index = 0, .adv_w = 130, .box_w = 8, .box_h = 25, .ofs_x = 0, .ofs_y = -1},
    {.bitmap_index = 100, .adv_w = 156, .box_w = 10, .box_h = 8, .ofs_x = 0, .ofs_y = 15},
    {.bitmap_index = 140, .adv_w = 305, .box_w = 19, .box_h = 20, .ofs_x = 0, .ofs_y = 0},
    {.bitmap_index = 330, .adv_w = 254, .box_w = 16, .box_h = 32, .ofs_x = 0, .ofs_y = -5},
    {.bitmap_index = 586, .adv_w = 269, .box_w = 27, .box_h = 23, .ofs_x = -5, .ofs_y = 0},
    {.bitmap_index = 897, .adv_w = 368, .box_w = 23, .box_h = 25, .ofs_x = 0, .ofs_y = -1},
    {.bitmap_index = 1185, .adv_w = 68, .box_w = 5, .box_h = 8, .ofs_x = 0, .ofs_y = 15},
    {.bitmap_index = 1205, .adv_w = 141, .box_w = 9, .box_h = 30, .ofs_x = 0, .ofs_y = -6},
    {.bitmap_index = 1340, .adv_w = 141, .box_w = 9, .box_h = 30, .ofs_x = 0, .ofs_y = -6},
    {.bitmap_index = 1475, .adv_w = 116, .box_w = 8, .box_h = 7, .ofs_x = 0, .ofs_y = 17},
    {.bitmap_index = 1503, .adv_w = 187, .box_w = 12, .box_h = 11, .ofs_x = 0, .ofs_y = 3},
    {.bitmap_index = 1569, .adv_w = 108, .box_w = 7, .box_h = 8, .ofs_x = 0, .ofs_y = -3},
    {.bitmap_index = 1597, .adv_w = 182, .box_w = 8, .box_h = 3, .ofs_x = 2, .ofs_y = 7},
    {.bitmap_index = 1609, .adv_w = 108, .box_w = 7, .box_h = 6, .ofs_x = 0, .ofs_y = -1},
    {.bitmap_index = 1630, .adv_w = 155, .box_w = 10, .box_h = 28, .ofs_x = 0, .ofs_y = -5},
    {.bitmap_index = 1770, .adv_w = 280, .box_w = 17, .box_h = 24, .ofs_x = 0, .ofs_y = -1},
    {.bitmap_index = 1974, .adv_w = 280, .box_w = 12, .box_h = 23, .ofs_x = 3, .ofs_y = 0},
    {.bitmap_index = 2112, .adv_w = 280, .box_w = 16, .box_h = 23, .ofs_x = 0, .ofs_y = 0},
    {.bitmap_index = 2296, .adv_w = 280, .box_w = 17, .box_h = 24, .ofs_x = 0, .ofs_y = -1},
    {.bitmap_index = 2500, .adv_w = 280, .box_w = 18, .box_h = 22, .ofs_x = 0, .ofs_y = 0},
    {.bitmap_index = 2698, .adv_w = 280, .box_w = 16, .box_h = 25, .ofs_x = 1, .ofs_y = -1},
    {.bitmap_index = 2898, .adv_w = 280, .box_w = 17, .box_h = 24, .ofs_x = 0, .ofs_y = -1},
    {.bitmap_index = 3102, .adv_w = 280, .box_w = 16, .box_h = 22, .ofs_x = 1, .ofs_y = 0},
    {.bitmap_index = 3278, .adv_w = 280, .box_w = 17, .box_h = 24, .ofs_x = 0, .ofs_y = -1},
    {.bitmap_index = 3482, .adv_w = 280, .box_w = 16, .box_h = 24, .ofs_x = 1, .ofs_y = -1},
    {.bitmap_index = 3674, .adv_w = 130, .box_w = 6, .box_h = 18, .ofs_x = 1, .ofs_y = -1},
    {.bitmap_index = 3728, .adv_w = 130, .box_w = 6, .box_h = 20, .ofs_x = 1, .ofs_y = -3},
    {.bitmap_index = 3788, .adv_w = 173, .box_w = 10, .box_h = 14, .ofs_x = 0, .ofs_y = 3},
    {.bitmap_index = 3858, .adv_w = 187, .box_w = 12, .box_h = 8, .ofs_x = 0, .ofs_y = 5},
    {.bitmap_index = 3906, .adv_w = 173, .box_w = 11, .box_h = 14, .ofs_x = 0, .ofs_y = 3},
    {.bitmap_index = 3983, .adv_w = 233, .box_w = 15, .box_h = 25, .ofs_x = 0, .ofs_y = -1},
    {.bitmap_index = 4171, .adv_w = 393, .box_w = 25, .box_h = 25, .ofs_x = 0, .ofs_y = -2},
    {.bitmap_index = 4484, .adv_w = 291, .box_w = 22, .box_h = 22, .ofs_x = -2, .ofs_y = 0},
    {.bitmap_index = 4726, .adv_w = 293, .box_w = 18, .box_h = 22, .ofs_x = 0, .ofs_y = 0},
    {.bitmap_index = 4924, .adv_w = 281, .box_w = 17, .box_h = 24, .ofs_x = 0, .ofs_y = -1},
    {.bitmap_index = 5128, .adv_w = 309, .box_w = 19, .box_h = 22, .ofs_x = 0, .ofs_y = 0},
    {.bitmap_index = 5337, .adv_w = 276, .box_w = 16, .box_h = 22, .ofs_x = 0, .ofs_y = 0},
    {.bitmap_index = 5513, .adv_w = 275, .box_w = 16, .box_h = 22, .ofs_x = 0, .ofs_y = 0},
    {.bitmap_index = 5689, .adv_w = 292, .box_w = 19, .box_h = 24, .ofs_x = 0, .ofs_y = -1},
    {.bitmap_index = 5917, .adv_w = 339, .box_w = 21, .box_h = 22, .ofs_x = 0, .ofs_y = 0},
    {.bitmap_index = 6148, .adv_w = 172, .box_w = 11, .box_h = 22, .ofs_x = 0, .ofs_y = 0},
    {.bitmap_index = 6269, .adv_w = 232, .box_w = 14, .box_h = 23, .ofs_x = 1, .ofs_y = -1},
    {.bitmap_index = 6430, .adv_w = 324, .box_w = 21, .box_h = 22, .ofs_x = 0, .ofs_y = 0},
    {.bitmap_index = 6661, .adv_w = 261, .box_w = 15, .box_h = 22, .ofs_x = 0, .ofs_y = 0},
    {.bitmap_index = 6826, .adv_w = 383, .box_w = 24, .box_h = 23, .ofs_x = 0, .ofs_y = -1},
    {.bitmap_index = 7102, .adv_w = 313, .box_w = 20, .box_h = 23, .ofs_x = 0, .ofs_y = -1},
    {.bitmap_index = 7332, .adv_w = 301, .box_w = 19, .box_h = 24, .ofs_x = 0, .ofs_y = -1},
    {.bitmap_index = 7560, .adv_w = 297, .box_w = 19, .box_h = 22, .ofs_x = 0, .ofs_y = 0},
    {.bitmap_index = 7769, .adv_w = 301, .box_w = 19, .box_h = 28, .ofs_x = 0, .ofs_y = -5},
    {.bitmap_index = 8035, .adv_w = 314, .box_w = 21, .box_h = 22, .ofs_x = 0, .ofs_y = 0},
    {.bitmap_index = 8266, .adv_w = 265, .box_w = 15, .box_h = 24, .ofs_x = 1, .ofs_y = -1},
    {.bitmap_index = 8446, .adv_w = 282, .box_w = 17, .box_h = 22, .ofs_x = 0, .ofs_y = 0},
    {.bitmap_index = 8633, .adv_w = 306, .box_w = 21, .box_h = 23, .ofs_x = -1, .ofs_y = -1},
    {.bitmap_index = 8875, .adv_w = 260, .box_w = 20, .box_h = 23, .ofs_x = -2, .ofs_y = -1},
    {.bitmap_index = 9105, .adv_w = 416, .box_w = 30, .box_h = 23, .ofs_x = -2, .ofs_y = -1},
    {.bitmap_index = 9450, .adv_w = 323, .box_w = 21, .box_h = 22, .ofs_x = 0, .ofs_y = 0},
    {.bitmap_index = 9681, .adv_w = 267, .box_w = 21, .box_h = 22, .ofs_x = -2, .ofs_y = 0},
    {.bitmap_index = 9912, .adv_w = 285, .box_w = 18, .box_h = 22, .ofs_x = 0, .ofs_y = 0},
    {.bitmap_index = 10110, .adv_w = 121, .box_w = 7, .box_h = 28, .ofs_x = 1, .ofs_y = -5},
    {.bitmap_index = 10208, .adv_w = 155, .box_w = 10, .box_h = 28, .ofs_x = 0, .ofs_y = -5},
    {.bitmap_index = 10348, .adv_w = 121, .box_w = 7, .box_h = 28, .ofs_x = 0, .ofs_y = -5},
    {.bitmap_index = 10446, .adv_w = 219, .box_w = 14, .box_h = 10, .ofs_x = 0, .ofs_y = 12},
    {.bitmap_index = 10516, .adv_w = 269, .box_w = 14, .box_h = 3, .ofs_x = 1, .ofs_y = 0},
    {.bitmap_index = 10537, .adv_w = 158, .box_w = 6, .box_h = 4, .ofs_x = 2, .ofs_y = 19},
    {.bitmap_index = 10549, .adv_w = 220, .box_w = 17, .box_h = 17, .ofs_x = -2, .ofs_y = 0},
    {.bitmap_index = 10694, .adv_w = 238, .box_w = 15, .box_h = 17, .ofs_x = 0, .ofs_y = 0},
    {.bitmap_index = 10822, .adv_w = 231, .box_w = 14, .box_h = 17, .ofs_x = 0, .ofs_y = 0},
    {.bitmap_index = 10941, .adv_w = 240, .box_w = 15, .box_h = 17, .ofs_x = 0, .ofs_y = 0},
    {.bitmap_index = 11069, .adv_w = 215, .box_w = 13, .box_h = 17, .ofs_x = 0, .ofs_y = 0},
    {.bitmap_index = 11180, .adv_w = 215, .box_w = 13, .box_h = 17, .ofs_x = 0, .ofs_y = 0},
    {.bitmap_index = 11291, .adv_w = 237, .box_w = 16, .box_h = 18, .ofs_x = 0, .ofs_y = 0},
    {.bitmap_index = 11435, .adv_w = 269, .box_w = 17, .box_h = 17, .ofs_x = 0, .ofs_y = 0},
    {.bitmap_index = 11580, .adv_w = 152, .box_w = 9, .box_h = 17, .ofs_x = 0, .ofs_y = 0},
    {.bitmap_index = 11657, .adv_w = 185, .box_w = 11, .box_h = 18, .ofs_x = 1, .ofs_y = -1},
    {.bitmap_index = 11756, .adv_w = 261, .box_w = 17, .box_h = 17, .ofs_x = 0, .ofs_y = 0},
    {.bitmap_index = 11901, .adv_w = 208, .box_w = 12, .box_h = 17, .ofs_x = 0, .ofs_y = 0},
    {.bitmap_index = 12003, .adv_w = 302, .box_w = 19, .box_h = 18, .ofs_x = 0, .ofs_y = -1},
    {.bitmap_index = 12174, .adv_w = 251, .box_w = 16, .box_h = 18, .ofs_x = 0, .ofs_y = -1},
    {.bitmap_index = 12318, .adv_w = 248, .box_w = 16, .box_h = 17, .ofs_x = 0, .ofs_y = 0},
    {.bitmap_index = 12454, .adv_w = 243, .box_w = 15, .box_h = 17, .ofs_x = 0, .ofs_y = 0},
    {.bitmap_index = 12582, .adv_w = 248, .box_w = 16, .box_h = 20, .ofs_x = 0, .ofs_y = -3},
    {.bitmap_index = 12742, .adv_w = 252, .box_w = 17, .box_h = 17, .ofs_x = 0, .ofs_y = 0},
    {.bitmap_index = 12887, .adv_w = 199, .box_w = 12, .box_h = 18, .ofs_x = 1, .ofs_y = 0},
    {.bitmap_index = 12995, .adv_w = 227, .box_w = 14, .box_h = 17, .ofs_x = 0, .ofs_y = 0},
    {.bitmap_index = 13114, .adv_w = 254, .box_w = 16, .box_h = 17, .ofs_x = 0, .ofs_y = 0},
    {.bitmap_index = 13250, .adv_w = 232, .box_w = 16, .box_h = 18, .ofs_x = -1, .ofs_y = -1},
    {.bitmap_index = 13394, .adv_w = 339, .box_w = 23, .box_h = 17, .ofs_x = -1, .ofs_y = 0},
    {.bitmap_index = 13590, .adv_w = 252, .box_w = 18, .box_h = 17, .ofs_x = -1, .ofs_y = 0},
    {.bitmap_index = 13743, .adv_w = 239, .box_w = 17, .box_h = 17, .ofs_x = -1, .ofs_y = 0},
    {.bitmap_index = 13888, .adv_w = 229, .box_w = 14, .box_h = 17, .ofs_x = 0, .ofs_y = 0},
    {.bitmap_index = 14007, .adv_w = 136, .box_w = 9, .box_h = 28, .ofs_x = 0, .ofs_y = -5},
    {.bitmap_index = 14133, .adv_w = 136, .box_w = 9, .box_h = 28, .ofs_x = 0, .ofs_y = -5},
    {.bitmap_index = 14259, .adv_w = 260, .box_w = 16, .box_h = 6, .ofs_x = 0, .ofs_y = 5}
};

/*---------------------
 *  CHARACTER MAPPING
 *--------------------*/



/*Collect the unicode lists and glyph_id offsets*/
static const lv_font_fmt_txt_cmap_t cmaps[] =
{
    {
        .range_start = 32, .range_length = 92, .glyph_id_start = 1,
        .unicode_list = NULL, .glyph_id_ofs_list = NULL, .list_length = 0, .type = LV_FONT_FMT_TXT_CMAP_FORMAT0_TINY
    },
    {
        .range_start = 125, .range_length = 2, .glyph_id_start = 93,
        .unicode_list = NULL, .glyph_id_ofs_list = NULL, .list_length = 0, .type = LV_FONT_FMT_TXT_CMAP_FORMAT0_TINY
    }
};

/*-----------------
 *    KERNING
 *----------------*/


/*Map glyph_ids to kern left classes*/
static const uint8_t kern_left_class_mapping[] =
{
    0, 0, 0, 1, 0, 0, 0, 0,
    2, 0, 0, 0, 0, 3, 0, 3,
    0, 0, 0, 0, 0, 0, 0, 0,
    0, 0, 0, 0, 0, 0, 0, 0,
    0, 0, 4, 5, 0, 6, 0, 7,
    8, 9, 10, 11, 12, 13, 9, 14,
    6, 15, 16, 17, 18, 19, 20, 21,
    22, 23, 24, 25, 0, 0, 0, 0,
    0, 0, 26, 27, 0, 28, 29, 30,
    31, 32, 33, 0, 34, 35, 32, 32,
    36, 37, 28, 38, 39, 40, 41, 30,
    42, 43, 44, 0, 0, 0, 0
};

/*Map glyph_ids to kern right classes*/
static const uint8_t kern_right_class_mapping[] =
{
    0, 0, 0, 1, 0, 0, 0, 0,
    2, 0, 0, 0, 0, 3, 0, 4,
    0, 0, 0, 0, 0, 0, 0, 0,
    0, 0, 0, 0, 0, 0, 0, 0,
    0, 0, 5, 6, 7, 6, 6, 6,
    7, 6, 0, 5, 6, 6, 6, 6,
    7, 6, 7, 6, 0, 8, 0, 9,
    10, 0, 11, 0, 0, 0, 0, 0,
    0, 0, 12, 13, 14, 13, 13, 13,
    15, 13, 16, 17, 18, 13, 13, 13,
    19, 13, 20, 21, 22, 23, 24, 25,
    26, 27, 28, 29, 0, 0, 0
};

/*Kern values between classes*/
static const int8_t kern_class_values[] =
{
    40, 40, -31, -31, 0, 0, 0, 0,
    13, 13, 13, 0, 0, 0, 0, 0,
    0, 0, 0, 0, 0, 0, 0, 0,
    0, 0, 0, 0, 0, 40, 40, 0,
    0, 0, 0, 0, 0, 0, 0, 0,
    -27, 9, -4, -4, 0, -27, 9, -4,
    -4, 9, -13, 13, 0, 13, 13, 0,
    13, 0, -31, 0, 0, 0, 0, 0,
    0, 0, 0, 0, 0, 0, 0, 0,
    0, 0, 0, 0, 0, 0, 0, 0,
    0, 0, 0, 0, 0, 0, 0, 0,
    0, 0, 0, 4, 0, -13, -27, -40,
    -40, -40, 4, 0, -4, -4, 0, 4,
    0, -4, -4, 0, 0, -36, -18, -36,
    -36, -9, -36, 0, 0, 0, 0, 0,
    0, 0, 9, -9, -9, -4, -4, 0,
    0, 9, 9, 0, 0, 0, 9, 9,
    0, 0, -9, 0, -4, -4, 0, -4,
    0, 0, 0, 0, 0, -13, 0, 9,
    4, -18, -18, -18, -13, 0, 9, 9,
    0, -13, 0, 9, 9, 0, 0, 0,
    0, 0, 0, 0, 0, 0, 0, 0,
    0, 0, -31, 0, -4, 0, 0, 0,
    0, -27, -18, -9, -18, -18, -40, -18,
    -18, -9, -18, -13, 0, 0, -18, -18,
    0, -18, 0, 0, 0, 0, 0, 0,
    0, 9, 0, 0, 0, 0, -9, 0,
    9, 9, 0, -9, 0, 9, 9, 0,
    0, 0, 0, 0, 0, 0, 0, 2,
    0, 0, 0, 0, 0, 0, 0, 0,
    0, 0, 0, -22, -18, -9, -9, -13,
    -22, -18, -9, -9, -18, -4, -22, -18,
    -22, -22, 0, -22, -9, 0, 0, 0,
    0, 0, 0, 0, 0, 0, 0, 0,
    0, -9, -4, -9, 0, 0, -9, -9,
    -9, -9, 0, -22, -9, -22, -22, 0,
    -22, 0, 0, 0, 0, 0, 0, 0,
    0, 0, 0, 0, 0, -31, -18, -13,
    -13, -18, 0, -18, -13, -13, -18, 0,
    0, -18, 0, 0, 0, 0, 0, 0,
    0, 0, 0, 0, 0, 0, 0, 0,
    0, 0, 0, 0, -18, -18, 0, 0,
    0, -18, -18, 0, 0, -45, -18, -45,
    -45, 0, -45, 0, 0, 0, 0, 0,
    4, 0, -13, -27, -40, -40, -40, -4,
    0, -4, -4, 0, 4, 0, -4, -4,
    0, 0, -36, 0, -36, -36, 0, -36,
    0, 0, 0, 0, 0, 0, 0, -4,
    0, 0, 0, 0, -22, -18, -9, -9,
    -13, -22, -18, -9, -9, -18, -4, -22,
    -18, -22, -22, 0, -22, -9, 13, 13,
    0, 0, -36, 0, 9, 4, -4, -4,
    -4, -31, 0, 0, 0, 0, -18, 0,
    0, 0, 0, 0, 0, 0, 0, 0,
    0, 0, 0, 0, 0, 0, 0, -13,
    0, 9, 4, -18, -18, -9, -13, 0,
    9, 9, 0, -13, 0, 9, 9, 0,
    0, 0, 0, 0, 0, 0, 0, 0,
    0, 0, 0, 0, 0, 0, 0, -4,
    -9, -9, -9, 0, 0, -9, -9, 0,
    0, 0, -9, -9, 0, 0, -4, 0,
    -4, -4, 0, -4, 0, 0, 0, 0,
    0, 0, -9, 4, 0, 0, 0, 0,
    -9, -9, 9, 9, -9, 0, -9, 9,
    9, -9, 0, -18, -9, -18, -18, 0,
    -18, -13, 0, 0, 0, 0, -22, 0,
    0, 0, 0, 0, 0, -27, 0, -18,
    -18, 0, -27, 0, -18, -18, -13, 0,
    0, 0, 0, 0, 0, 0, -13, 0,
    0, 0, 0, 0, 0, 0, 0, 0,
    0, 0, -18, -4, 0, 0, 0, -18,
    -4, 0, 0, -4, -13, -9, 0, -9,
    -9, 0, -9, -9, 0, 0, 0, 0,
    -31, 0, -4, 0, 0, 0, 0, -40,
    -18, -18, -18, -18, -40, -18, -18, -18,
    -18, -13, 0, 0, -18, -18, 0, -18,
    0, 0, 0, 0, 0, -31, 0, -4,
    0, 0, 0, 0, -40, -18, -18, -18,
    -18, -40, -18, -18, -18, -18, -13, 0,
    -9, -18, -18, 0, -27, 0, 0, 0,
    0, 0, 0, 0, 0, 0, 0, 0,
    0, 0, 0, 0, 0, 0, 0, 0,
    0, 0, 0, 0, 0, 0, 0, 0,
    0, -27, 0, 0, 0, 0, 0, -31,
    0, -4, 0, 0, 0, 0, -40, -18,
    -18, -18, -27, -40, -18, -18, -18, -18,
    -13, 0, 0, -18, -18, 0, -18, 0,
    0, 0, 0, 0, 0, 0, 0, 0,
    0, 0, 0, 0, -9, 0, 0, 0,
    0, -9, 9, 0, -9, 0, -27, -9,
    -27, -27, 0, -27, 0, 0, -27, 0,
    0, 4, 0, -4, -27, -45, -45, -45,
    9, 0, 0, 0, 0, 9, -4, 0,
    0, 0, 0, -27, 0, -27, -27, 0,
    -27, 0, -9, -9, 0, 0, 0, 0,
    4, -9, -31, -31, -31, 0, -4, 4,
    4, 0, 0, -4, 4, 4, -4, 0,
    -4, 0, -9, -9, 0, -9, 0, -22,
    -22, 0, 0, -9, 0, 9, -9, -31,
    -31, -31, -13, -4, 9, 9, 0, -4,
    -4, 9, 9, -4, 0, 0, 0, -18,
    -18, 0, -18, 0, 0, 9, 0, 0,
    0, 0, 0, 0, 0, 0, 0, 0,
    0, 0, 0, 0, 0, 0, 0, 0,
    0, 0, 0, 0, 0, 0, 0, 0,
    0, 0, 9, -45, -45, -31, -22, 0,
    0, 0, 0, 0, -27, -9, -9, -9,
    -4, -27, -9, -9, -9, -9, -4, 0,
    0, 0, 0, 0, 0, 0, 0, 0,
    0, 0, 0, 0, 9, 0, 0, 0,
    0, 0, 0, 9, 9, 0, 0, 0,
    9, 9, 0, -4, 0, 0, 0, 0,
    0, 0, 0, 0, 9, 0, 0, 0,
    0, 0, 0, 0, 0, 0, 0, 0,
    -4, -4, 0, 0, 0, -4, -4, 0,
    0, 0, 0, 0, 0, 0, 0, 0,
    0, 0, 0, 0, 0, 0, 0, 0,
    0, 0, 0, 0, -4, 0, 0, 0,
    0, -4, 0, 0, -4, -9, 0, 0,
    0, 0, 0, 0, 0, 0, 9, 0,
    0, 0, 0, 0, 0, 0, 0, 0,
    -9, 0, 0, 0, 0, 0, 0, -13,
    0, 0, 0, 0, 0, 0, 0, 0,
    0, 0, 0, -27, 0, 0, 4, 0,
    -4, -27, -45, -45, -45, 9, 0, 0,
    0, 0, 9, 0, 0, 0, 0, 0,
    -27, 0, -27, -27, 0, -27, 0, -22,
    -22, 0, 0, -9, 0, 9, -9, -31,
    -31, -31, -13, -4, 9, 9, 0, -4,
    -4, 9, 9, -4, 0, 0, 0, -18,
    -18, -18, -18, 0, -9, -9, 0, 0,
    -27, 0, 9, 0, -27, -27, -27, -22,
    -4, 9, 9, 0, -22, -4, 9, 9,
    -4, 0, -9, 0, -9, -9, 0, -9,
    0, -9, -9, 0, 0, 0, 0, 0,
    -4, -22, -22, -22, 0, -4, 0, 0,
    0, 0, -4, 0, 0, -4, 0, -9,
    -4, -9, -9, 0, -9, 0, 0, 0,
    0, 0, 0, -13, 4, 0, 0, 0,
    0, 0, 0, 4, 4, 0, 0, 0,
    4, 4, 0, 0, 0, 0, -4, 0,
    0, 0, 0, 0, 9, -45, -27, -31,
    -22, 0, 0, 0, 0, 0, -27, -9,
    -9, -9, -4, -27, -9, -9, -9, -9,
    -4, 0, 0, 0, 0, 0, 0, 0,
    0, 0, 0, 0, 0, 0, 0, 0,
    0, 0, 0, -18, 0, 0, 0, 0,
    0, 0, 0, 0, 0, 0, 0, 0,
    0, 0, 0, 0, 0, 0, 9, -45,
    -45, -31, -22, 0, 0, 0, 0, 0,
    -27, -9, -9, -9, -4, -27, -9, -9,
    -9, -9, -9, 0, 0, 0, 0, 0,
    0, 0, 0, 0, 0, 0, 0, 0,
    0, 0, 0, 0, 0, 0, 0, 0,
    0, 0, 0, 0, -18, 0, 0, 0,
    0, -9, 0, 0, 0, -13, 0, 0,
    9, -45, -45, -27, -22, 0, 0, 0,
    0, 0, -27, -9, -9, -9, -4, -27,
    -9, -9, -9, -9, -4, 0, 0, 0,
    0, 0, 0, 0
};


/*Collect the kern class' data in one place*/
static const lv_font_fmt_txt_kern_classes_t kern_classes =
{
    .class_pair_values   = kern_class_values,
    .left_class_mapping  = kern_left_class_mapping,
    .right_class_mapping = kern_right_class_mapping,
    .left_class_cnt      = 44,
    .right_class_cnt     = 29,
};

/*--------------------
 *  ALL CUSTOM DATA
 *--------------------*/

#if LVGL_VERSION_MAJOR == 8
/*Store all the custom data of the font*/
static  lv_font_fmt_txt_glyph_cache_t cache;
#endif

#if LVGL_VERSION_MAJOR >= 8
static const lv_font_fmt_txt_dsc_t font_dsc = {
#else
static lv_font_fmt_txt_dsc_t font_dsc = {
#endif
    .glyph_bitmap = glyph_bitmap,
    .glyph_dsc = glyph_dsc,
    .cmaps = cmaps,
    .kern_dsc = &kern_classes,
    .kern_scale = 16,
    .cmap_num = 2,
    .bpp = 4,
    .kern_classes = 1,
    .bitmap_format = 0,
#if LVGL_VERSION_MAJOR == 8
    .cache = &cache
#endif
};



/*-----------------
 *  PUBLIC FONT
 *----------------*/

/*Initialize a public general font descriptor*/
#if LVGL_VERSION_MAJOR >= 8
const lv_font_t hylia_serif_28 = {
#else
lv_font_t hylia_serif_28 = {
#endif
    .get_glyph_dsc = lv_font_get_glyph_dsc_fmt_txt,    /*Function pointer to get glyph's data*/
    .get_glyph_bitmap = lv_font_get_bitmap_fmt_txt,    /*Function pointer to get glyph's bitmap*/
    .line_height = 33,          /*The maximum line height required by the font*/
    .base_line = 6,             /*Baseline measured from the bottom of the line*/
#if !(LVGL_VERSION_MAJOR == 6 && LVGL_VERSION_MINOR == 0)
    .subpx = LV_FONT_SUBPX_NONE,
#endif
#if LV_VERSION_CHECK(7, 4, 0) || LVGL_VERSION_MAJOR >= 8
    .underline_position = -6,
    .underline_thickness = 1,
#endif
    .dsc = &font_dsc,          /*The custom font data. Will be accessed by `get_glyph_bitmap/dsc` */
#if LV_VERSION_CHECK(8, 2, 0) || LVGL_VERSION_MAJOR >= 9
    .fallback = NULL,
#endif
    .user_data = NULL,
};



#endif /*#if HYLIA_SERIF_28*/

