// Auto-generated from slate_bg.png -- DO NOT EDIT
// 240x320 LV_COLOR_FORMAT_RGB565, 153600 bytes
#include "lvgl.h"

#ifndef LV_ATTRIBUTE_MEM_ALIGN
#define LV_ATTRIBUTE_MEM_ALIGN
#endif

static const LV_ATTRIBUTE_MEM_ALIGN uint8_t img_slate_bg_map[] = {
    0x63, 0x08, 0x63, 0x08, 0x63, 0x08, 0x63, 0x08, 0x63, 0x08, 0x63, 0x08, 0x63, 0x08, 0x63, 0x08,
    0x63, 0x08, 0x63, 0x08, 0x63, 0x08, 0x63, 0x08, 0x63, 0x08, 0x63, 0x08, 0x63, 0x08, 0x63, 0x08,
    0x63, 0x08, 0x63, 0x08, 0x63, 0x08, 0x63, 0x08, 0x63, 0x08, 0x63, 0x08, 0x63, 0x08, 0x63, 0x08,
    0x63, 0x08, 0x63, 0x08, 0x63, 0x08, 0x63, 0x08, 0x63, 0x08, 0x63, 0x08, 0x63, 0x08, 0x63, 0x08,
    0x63, 0x08, 0x63, 0x08, 0x63, 0x08, 0x63, 0x08, 0x63, 0x08, 0x63, 0x08, 0x63, 0x08, 0x63, 0x08,
    0x63, 0x08, 0x83, 0x08, 0x83, 0x08, 0x83, 0x08, 0x83, 0x08, 0x83, 0x08, 0x83, 0x08, 0x83, 0x08,
    0x83, 0x08, 0x83, 0x08, 0x83, 0x08, 0x83, 0x08, 0x83, 0x08, 0x83, 0x08, 0x83, 0x08, 0x83, 0x08,
    0x83, 0x08, 0x83, 0x08, 0x83, 0x08, 0x83, 0x08, 0x83, 0x08, 0x83, 0x08, 0x83, 0x08, 0x83, 0x08,
    0x83, 0x08, 0x83, 0x08, 0x83, 0x08, 0x83, 0x08, 0x83, 0x08, 0x83, 0x08, 0x83, 0x08, 0x83, 0x08,
    0x83, 0x08, 0x83, 0x08, 0x83, 0x08, 0x83, 0x08, 0x83, 0x08, 0x83, 0x08, 0x83, 0x08, 0x84, 0x08,
    0x84, 0x08, 0x84, 0x08, 0x84, 0x08, 0x84, 0x08, 0x84, 0x08, 0x84, 0x08, 0x84, 0x08, 0x84, 0x08,
    0x84, 0x08, 0x84, 0x08, 0x84, 0x08, 0x84, 0x08, 0x84, 0x08, 0x84, 0x08, 0x84, 0x08, 0x84, 0x08,
    0x84, 0x08, 0x84, 0x08, 0x84, 0x08, 0x84, 0x08, 0x84, 0x08, 0x84, 0x08, 0x84, 0x08, 0x84, 0x08,
    0x84, 0x08, 0x84, 0x08, 0x84, 0x08, 0x84, 0x08, 0x84, 0x08, 0x84, 0x08, 0x84, 0x08, 0x84, 0x08,
    0x84, 0x08, 0x84, 0x08, 0x84, 0x08, 0x84, 0x08, 0x84, 0x08, 0x84, 0x08, 0x84, 0x08, 0x84, 0x08,
    0x84, 0x08, 0x84, 0x08, 0x84, 0x08, 0x84, 0x08, 0x84, 0x08, 0x84, 0x08, 0x84, 0x08, 0x84, 0x08,
    0x84, 0x08, 0x84, 0x08, 0x84, 0x08, 0x84, 0x08, 0x84, 0x08, 0x84, 0x08, 0x84, 0x08, 0x84, 0x08,
    0x84, 0x08, 0x84, 0x08, 0x84, 0x08, 0x84, 0x08, 0x84, 0x08, 0x84, 0x08, 0x84, 0x08, 0x84, 0x08,
    0x84, 0x08, 0x84, 0x08, 0x84, 0x08, 0x84, 0x08, 0x84, 0x08, 0x84, 0x08, 0x84, 0x08, 0x84, 0x08,
    0x84, 0x08, 0x84, 0x08, 0x84, 0x08, 0x84, 0x08, 0x84, 0x08, 0x84, 0x08, 0x84, 0x08, 0x84, 0x08,
    0x84, 0x08, 0x84, 0x08, 0x83, 0x08, 0x83, 0x08, 0x83, 0x08, 0x83, 0x08, 0x83, 0x08, 0x83, 0x08,
    0x83, 0x08, 0x83, 0x08, 0x83, 0x08, 0x83, 0x08, 0x83, 0x08, 0x83, 0x08, 0x83, 0x08, 0x83, 0x08,
    0x83, 0x08, 0x83, 0x08, 0x83, 0x08, 0x83, 0x08, 0x83, 0x08, 0x83, 0x08, 0x83, 0x08, 0x83, 0x08,
    0x83, 0x08, 0x83, 0x08, 0x83, 0x08, 0x83, 0x08, 0x83, 0x08, 0x83, 0x08, 0x83, 0x08, 0x83, 0x08,
    0x83, 0x08, 0x83, 0x08, 0x83, 0x08, 0x83, 0x08, 0x83, 0x08, 0x83, 0x08, 0x83, 0x08, 0x83, 0x08,
    0x63, 0x08, 0x63, 0x08, 0x63, 0x08, 0x63, 0x08, 0x63, 0x08, 0x63, 0x08, 0x63, 0x08, 0x63, 0x08,
    0x63, 0x08, 0x63, 0x08, 0x63, 0x08, 0x63, 0x08, 0x63, 0x08, 0x63, 0x08, 0x63, 0x08, 0x63, 0x08,
    0x63, 0x08, 0x63, 0x08, 0x63, 0x08, 0x63, 0x08, 0x63, 0x08, 0x63, 0x08, 0x63, 0x08, 0x63, 0x08,
    0x63, 0x08, 0x63, 0x08, 0x63, 0x08, 0x63, 0x08, 0x63, 0x08, 0x63, 0x08, 0x63, 0x08, 0x63, 0x08,
    0x63, 0x08, 0x63, 0x08, 0x63, 0x08, 0x63, 0x08, 0x63, 0x08, 0x63, 0x08, 0x63, 0x08, 0x63, 0x08,
    0x62, 0x08, 0x62, 0x08, 0x63, 0x08, 0x63, 0x08, 0x63, 0x08, 0x63, 0x08, 0x63, 0x08, 0x63, 0x08,
    0x63, 0x08, 0x63, 0x08, 0x63, 0x08, 0x63, 0x08, 0x63, 0x08, 0x63, 0x08, 0x63, 0x08, 0x63, 0x08,
    0x63, 0x08, 0x63, 0x08, 0x63, 0x08, 0x63, 0x08, 0x63, 0x08, 0x63, 0x08, 0x63, 0x08, 0x63, 0x08,
    0x63, 0x08, 0x63, 0x08, 0x63, 0x08, 0x63, 0x08, 0x63, 0x08, 0x63, 0x08, 0x63, 0x08, 0x63, 0x08,
    0x63, 0x08, 0x63, 0x08, 0x63, 0x08, 0x63, 0x08, 0x63, 0x08, 0x63, 0x08, 0x63, 0x08, 0x63, 0x08,
    0x63, 0x08, 0x63, 0x08, 0x63, 0x08, 0x63, 0x08, 0x63, 0x08, 0x63, 0x08, 0x63, 0x08, 0x63, 0x08,
    0x63, 0x08, 0x63, 0x08, 0x63, 0x08, 0x63, 0x08, 0x63, 0x08, 0x63, 0x08, 0x63, 0x08, 0x63, 0x08,
    0x63, 0x08, 0x63, 0x08, 0x63, 0x08, 0x83, 0x08, 0x83, 0x08, 0x83, 0x08, 0x83, 0x08, 0x83, 0x08,
    0x83, 0x08, 0x83, 0x08, 0x83, 0x08, 0x83, 0x08, 0x83, 0x08, 0x83, 0x08, 0x83, 0x08, 0x83, 0x08,
    0x83, 0x08, 0x83, 0x08, 0x83, 0x08, 0x83, 0x08, 0x83, 0x08, 0x83, 0x08, 0x83, 0x08, 0x83, 0x08,
    0x83, 0x08, 0x83, 0x08, 0x83, 0x08, 0x83, 0x08, 0x83, 0x08, 0x83, 0x08, 0x83, 0x08, 0x83, 0x08,
    0x83, 0x08, 0x83, 0x08, 0x83, 0x08, 0x83, 0x08, 0x83, 0x08, 0x83, 0x08, 0x83, 0x08, 0x83, 0x08,
    0x83, 0x08, 0x83, 0x08, 0x83, 0x08, 0x83, 0x08, 0x83, 0x08, 0x83, 0x08, 0x83, 0x08, 0x83, 0x08,
    0x83, 0x08, 0x83, 0x08, 0x83, 0x08, 0x83, 0x08, 0x83, 0x08, 0x83, 0x08, 0x83, 0x08, 0x83, 0x08,
    0x83, 0x08, 0x83, 0x08, 0x83, 0x08, 0x83, 0x08, 0x83, 0x08, 0x83, 0x08, 0x83, 0x08, 0x83, 0x08,
    0x83, 0x08, 0x83, 0x08, 0x83, 0x08, 0x83, 0x08, 0x83, 0x08, 0x83, 0x08, 0x83, 0x08, 0x83, 0x08,
    0x83, 0x08, 0x83, 0x08, 0x83, 0x08, 0x83, 0x08, 0x83, 0x08, 0x83, 0x08, 0x83, 0x08, 0x83, 0x08,
    0x83, 0x08, 0x83, 0x08, 0x83, 0x08, 0x83, 0x08, 0x83, 0x08, 0x83, 0x08, 0x83, 0x08, 0x83, 0x08,
    0x83, 0x08, 0x83, 0x08, 0x83, 0x08, 0x83, 0x08, 0x83, 0x08, 0x83, 0x08, 0x83, 0x08, 0x83, 0x08,
    0x83, 0x08, 0x83, 0x08, 0x83, 0x08, 0x83, 0x08, 0x83, 0x08, 0x83, 0x08, 0x83, 0x08, 0x83, 0x08,
    0x83, 0x08, 0x83, 0x08, 0x83, 0x08, 0x83, 0x08, 0x83, 0x08, 0x83, 0x08, 0x83, 0x08, 0x83, 0x08,
    0x83, 0x08, 0x83, 0x08, 0x83, 0x08, 0x83, 0x08, 0x83, 0x08, 0x83, 0x08, 0x83, 0x08, 0x83, 0x08,
    0x83, 0x08, 0x83, 0x08, 0x83, 0x08, 0x83, 0x08, 0x83, 0x08, 0x83, 0x08, 0x63, 0x08, 0x63, 0x08,
    0x63, 0x08, 0x63, 0x08, 0x63, 0x08, 0x63, 0x08, 0x63, 0x08, 0x63, 0x08, 0x63, 0x08, 0x63, 0x08,
    0x63, 0x08, 0x63, 0x08, 0x63, 0x08, 0x63, 0x08, 0x63, 0x08, 0x63, 0x08, 0x63, 0x08, 0x63, 0x08,
    0x63, 0x08, 0x63, 0x08, 0x63, 0x08, 0x63, 0x08, 0x63, 0x08, 0x63, 0x08, 0x63, 0x08, 0x63, 0x08,
    0x63, 0x08, 0x63, 0x08, 0x63, 0x08, 0x63, 0x08, 0x63, 0x08, 0x63, 0x08, 0x63, 0x08, 0x63, 0x08,
    0x63, 0x08, 0x63, 0x08, 0x63, 0x08, 0x63, 0x08, 0x63, 0x08, 0x63, 0x08, 0x63, 0x08, 0x63, 0x08,
    0x63, 0x08, 0x63, 0x08, 0x63, 0x08, 0x63, 0x08, 0x63, 0x08, 0x63, 0x08, 0x63, 0x08, 0x63, 0x08,
    0x63, 0x08, 0x63, 0x08, 0x63, 0x08, 0x63, 0x08, 0x63, 0x08, 0x63, 0x08, 0x63, 0x08, 0x62, 0x08,
    0x63, 0x08, 0x63, 0x08, 0x63, 0x08, 0x63, 0x08, 0x63, 0x08, 0x63, 0x08, 0x63, 0x08, 0x63, 0x08,
    0x63, 0x08, 0x63, 0x08, 0x63, 0x08, 0x63, 0x08, 0x63, 0x08, 0x63, 0x08, 0x63, 0x08, 0x63, 0x08,
    0x63, 0x08, 0x63, 0x08, 0x63, 0x08, 0x63, 0x08, 0x63, 0x08, 0x63, 0x08, 0x63, 0x08, 0x63, 0x08,
    0x63, 0x08, 0x63, 0x08, 0x63, 0x08, 0x63, 0x08, 0x63, 0x08, 0x63, 0x08, 0x63, 0x08, 0x63, 0x08,
    0x63, 0x08, 0x63, 0x08, 0x63, 0x08, 0x63, 0x08, 0x63, 0x08, 0x63, 0x08, 0x63, 0x08, 0x63, 0x08,
    0x63, 0x08, 0x63, 0x08, 0x63, 0x08, 0x63, 0x08, 0x63, 0x08, 0x63, 0x08, 0x63, 0x08, 0x63, 0x08,
    0x63, 0x08, 0x63, 0x08, 0x63, 0x08, 0x63, 0x08, 0x63, 0x08, 0x63, 0x08, 0x63, 0x08, 0x83, 0x08,
    0x83, 0x08, 0x83, 0x08, 0x83, 0x08, 0x83, 0x08, 0x83, 0x08, 0x83, 0x08, 0x83, 0x08, 0x83, 0x08,
    0x83, 0x08, 0x83, 0x08, 0x83, 0x08, 0x83, 0x08, 0x83, 0x08, 0x83, 0x08, 0x83, 0x08, 0x83, 0x08,
    0x83, 0x08, 0x83, 0x08, 0x83, 0x08, 0x83, 0x08, 0x83, 0x08, 0x83, 0x08, 0x83, 0x08, 0x83, 0x08,
    0x83, 0x08, 0x83, 0x08, 0x83, 0x08, 0x83, 0x08, 0x83, 0x08, 0x83, 0x08, 0x83, 0x08, 0x83, 0x08,
    0x83, 0x08, 0x83, 0x08, 0x83, 0x08, 0x83, 0x08, 0x83, 0x08, 0x83, 0x08, 0x83, 0x08, 0x83, 0x08,
    0x83, 0x08, 0x83, 0x08, 0x83, 0x08, 0x83, 0x08, 0x83, 0x08, 0x83, 0x08, 0x83, 0x08, 0x83, 0x08,
    0x83, 0x08, 0x83, 0x08, 0x83, 0x08, 0x83, 0x08, 0x83, 0x08, 0x83, 0x08, 0x83, 0x08, 0x83, 0x08,
    0x83, 0x08, 0x83, 0x08, 0x83, 0x08, 0x83, 0x08, 0x83, 0x08, 0x83, 0x08, 0x83, 0x08, 0x83, 0x08,
    0x83, 0x08, 0x83, 0x08, 0x83, 0x08, 0x83, 0x08, 0x83, 0x08, 0x83, 0x08, 0x83, 0x08, 0x83, 0x08,
    0x83, 0x08, 0x83, 0x08, 0x83, 0x08, 0x83, 0x08, 0x83, 0x08, 0x83, 0x08, 0x83, 0x08, 0x83, 0x08,
    0x83, 0x08, 0x83, 0x08, 0x83, 0x08, 0x83, 0x08, 0x83, 0x08, 0x83, 0x08, 0x83, 0x08, 0x83, 0x08,
    0x83, 0x08, 0x83, 0x08, 0x83, 0x08, 0x83, 0x08, 0x83, 0x08, 0x83, 0x08, 0x83, 0x08, 0x83, 0x08,
    0x83, 0x08, 0x83, 0x08, 0x83, 0x08, 0x83, 0x08, 0x83, 0x08, 0x83, 0x08, 0x83, 0x08, 0x83, 0x08,
    0x83, 0x08, 0x83, 0x08, 0x83, 0x08, 0x83, 0x08, 0x83, 0x08, 0x83, 0x08, 0x83, 0x08, 0x83, 0x08,
    0x83, 0x08, 0x83, 0x08, 0x83, 0x08, 0x83, 0x08, 0x83, 0x08, 0x83, 0x08, 0x83, 0x08, 0x83, 0x08,
    0x83, 0x08, 0x83, 0x08, 0x83, 0x08, 0x83, 0x08, 0x83, 0x08, 0x83, 0x08, 0x83, 0x08, 0x83, 0x08,
    0x83, 0x08, 0x83, 0x08, 0x63, 0x08, 0x63, 0x08, 0x63, 0x08, 0x63, 0x08, 0x63, 0x08, 0x63, 0x08,
    0x63, 0x08, 0x63, 0x08, 0x63, 0x08, 0x63, 0x08, 0x63, 0x08, 0x63, 0x08, 0x63, 0x08, 0x63, 0x08,
    0x63, 0x08, 0x63, 0x08, 0x63, 0x08, 0x63, 0x08, 0x63, 0x08, 0x63, 0x08, 0x63, 0x08, 0x63, 0x08,
    0x63, 0x08, 0x63, 0x08, 0x63, 0x08, 0x63, 0x08, 0x63, 0x08, 0x63, 0x08, 0x63, 0x08, 0x63, 0x08,
    0x63, 0x08, 0x63, 0x08, 0x63, 0x08, 0x63, 0x08, 0x63, 0x08, 0x63, 0x08, 0x63, 0x08, 0x63, 0x08,
    0x63, 0x08, 0x63, 0x08, 0x63, 0x08, 0x63, 0x08, 0x63, 0x08, 0x63, 0x08, 0x63, 0x08, 0x63, 0x08,
    0x63, 0x08, 0x63, 0x08, 0x63, 0x08, 0x63, 0x08, 0x63, 0x08, 0x63, 0x08, 0x63, 0x08, 0x63, 0x08,
    0x63, 0x08, 0x63, 0x08, 0x63, 0x08, 0x63, 0x08, 0x63, 0x08, 0x63, 0x08, 0x63, 0x08, 0x63, 0x08,
    0x63, 0x08, 0x63, 0x08, 0x63, 0x08, 0x63, 0x08, 0x63, 0x08, 0x63, 0x08, 0x63, 0x08, 0x63, 0x08,
    0x63, 0x08, 0x63, 0x08, 0x63, 0x08, 0x63, 0x08, 0x63, 0x08, 0x63, 0x08, 0x63, 0x08, 0x63, 0x08,
    0x63, 0x08, 0x63, 0x08, 0x63, 0x08, 0x63, 0x08, 0x63, 0x08, 0x63, 0x08, 0x63, 0x08, 0x63, 0x08,
    0x83, 0x08, 0x83, 0x08, 0x83, 0x08, 0x83, 0x08, 0x83, 0x08, 0x83, 0x08, 0x83, 0x08, 0x83, 0x08,
    0x83, 0x08, 0x83, 0x08, 0x83, 0x08, 0x83, 0x08, 0x83, 0x08, 0x83, 0x08, 0x83, 0x08, 0x83, 0x08,
    0x83, 0x08, 0x83, 0x08, 0x83, 0x08, 0x83, 0x08, 0x83, 0x08, 0x83, 0x08, 0x83, 0x08, 0x83, 0x08,
    0x83, 0x08, 0x83, 0x08, 0x83, 0x08, 0x83, 0x08, 0x83, 0x08, 0x83, 0x08, 0x83, 0x08, 0x84, 0x08,
    0x84, 0x08, 0x84, 0x08, 0x84, 0x08, 0x84, 0x08, 0x84, 0x08, 0x84, 0x08, 0x84, 0x08, 0x84, 0x08,
    0x84, 0x08, 0x84, 0x08, 0x84, 0x08, 0x84, 0x08, 0x84, 0x08, 0x84, 0x08, 0x84, 0x08, 0x84, 0x08,
    0x84, 0x08, 0x84, 0x08, 0x84, 0x08, 0x84, 0x08, 0x84, 0x08, 0x84, 0x08, 0x84, 0x08, 0x84, 0x08,
    0x84, 0x08, 0x84, 0x08, 0x84, 0x08, 0x84, 0x08, 0x84, 0x08, 0x84, 0x08, 0x84, 0x08, 0x84, 0x08,
    0x84, 0x08, 0x84, 0x08, 0x84, 0x08, 0x84, 0x08, 0x84, 0x08, 0x84, 0x08, 0x84, 0x08, 0x84, 0x08,
    0x84, 0x08, 0x84, 0x08, 0x84, 0x08, 0x84, 0x08, 0x84, 0x08, 0x84, 0x08, 0x84, 0x08, 0x84, 0x08,
    0x84, 0x08, 0x84, 0x08, 0x84, 0x08, 0x84, 0x08, 0x84, 0x08, 0x84, 0x08, 0x84, 0x08, 0x84, 0x08,
    0x84, 0x08, 0x84, 0x08, 0x84, 0x08, 0x84, 0x08, 0x84, 0x08, 0x84, 0x08, 0x84, 0x08, 0x84, 0x08,
    0x84, 0x08, 0x84, 0x08, 0x84, 0x08, 0x84, 0x08, 0x84, 0x08, 0x84, 0x08, 0x84, 0x08, 0x84, 0x08,
    0x84, 0x08, 0x84, 0x08, 0x84, 0x08, 0x84, 0x08, 0x84, 0x08, 0x84, 0x08, 0x84, 0x08, 0x84, 0x08,
    0x84, 0x08, 0x84, 0x08, 0x84, 0x08, 0x84, 0x08, 0x84, 0x08, 0x84, 0x08, 0x84, 0x08, 0x84, 0x08,
    0x84, 0x08, 0x84, 0x08, 0x84, 0x08, 0x84, 0x08, 0x84, 0x08, 0x84, 0x08, 0x84, 0x08, 0x84, 0x08,
    0x84, 0x08, 0x84, 0x08, 0x84, 0x08, 0x84, 0x08, 0x84, 0x08, 0x84, 0x08, 0x84, 0x08, 0x84, 0x08,
    0x84, 0x08, 0x84, 0x08, 0x84, 0x08, 0x84, 0x08, 0x84, 0x08, 0x84, 0x08, 0x84, 0x08, 0x84, 0x08,
    0x84, 0x08, 0x84, 0x08, 0x83, 0x08, 0x83, 0x08, 0x83, 0x08, 0x83, 0x08, 0x83, 0x08, 0x83, 0x08,
    0x83, 0x08, 0x83, 0x08, 0x83, 0x08, 0x83, 0x08, 0x83, 0x08, 0x83, 0x08, 0x83, 0x08, 0x83, 0x08,
    0x83, 0x08, 0x83, 0x08, 0x83, 0x08, 0x83, 0x08, 0x83, 0x08, 0x83, 0x08, 0x83, 0x08, 0x83, 0x08,
    0x83, 0x08, 0x83, 0x08, 0x83, 0x08, 0x83, 0x08, 0x83, 0x08, 0x83, 0x08, 0x83, 0x08, 0x83, 0x08,
    0x83, 0x08, 0x63, 0x08, 0x63, 0x08, 0x63, 0x08, 0x63, 0x08, 0x63, 0x08, 0x63, 0x08, 0x63, 0x08,
    0x63, 0x08, 0x63, 0x08, 0x63, 0x08, 0x63, 0x08, 0x63, 0x08, 0x63, 0x08, 0x63, 0x08, 0x63, 0x08,
    0x63, 0x08, 0x63, 0x08, 0x63, 0x08, 0x63, 0x08, 0x63, 0x08, 0x63, 0x08, 0x63, 0x08, 0x63, 0x08,
    0x63, 0x08, 0x63, 0x08, 0x63, 0x08, 0x63, 0x08, 0x63, 0x08, 0x63, 0x08, 0x63, 0x08, 0x63, 0x08,
    0x63, 0x08, 0x63, 0x08, 0x63, 0x08, 0x63, 0x08, 0x63, 0x08, 0x63, 0x08, 0x63, 0x08, 0x63, 0x08,
    0x63, 0x08, 0x63, 0x08, 0x63, 0x08, 0x63, 0x08, 0x63, 0x08, 0x63, 0x08, 0x63, 0x08, 0x63, 0x08,
    0x63, 0x08, 0x63, 0x08, 0x63, 0x08, 0x63, 0x08, 0x63, 0x08, 0x63, 0x08, 0x63, 0x08, 0x63, 0x08,
    0x63, 0x08, 0x63, 0x08, 0x63, 0x08, 0x63, 0x08, 0x63, 0x08, 0x63, 0x08, 0x63, 0x08, 0x63, 0x08,
    0x63, 0x08, 0x63, 0x08, 0x63, 0x08, 0x63, 0x08, 0x63, 0x08, 0x63, 0x08, 0x63, 0x08, 0x63, 0x08,
    0x63, 0x08, 0x63, 0x08, 0x63, 0x08, 0x63, 0x08, 0x63, 0x08, 0x63, 0x08, 0x63, 0x08, 0x63, 0x08,
    0x83, 0x08, 0x83, 0x08, 0x83, 0x08, 0x83, 0x08, 0x83, 0x08, 0x83, 0x08, 0x83, 0x08, 0x83, 0x08,
    0x83, 0x08, 0x83, 0x08, 0x83, 0x08, 0x83, 0x08, 0x83, 0x08, 0x83, 0x08, 0x83, 0x08, 0x83, 0x08,
    0x83, 0x08, 0x83, 0x08, 0x83, 0x08, 0x83, 0x08, 0x83, 0x08, 0x83, 0x08, 0x83, 0x08, 0x83, 0x08,
    0x83, 0x08, 0x83, 0x08, 0x83, 0x08, 0x83, 0x08, 0x83, 0x08, 0x83, 0x08, 0x83, 0x08, 0x83, 0x08,
    0x83, 0x08, 0x83, 0x08, 0x83, 0x08, 0x83, 0x08, 0x83, 0x08, 0x83, 0x08, 0x83, 0x08, 0x83, 0x08,
    0x83, 0x08, 0x83, 0x08, 0x83, 0x08, 0x83, 0x08, 0x83, 0x08, 0x83, 0x08, 0x83, 0x08, 0x83, 0x08,
    0x83, 0x08, 0x83, 0x08, 0x83, 0x08, 0x83, 0x08, 0x83, 0x08, 0x83, 0x08, 0x83, 0x08, 0x83, 0x08,
    0x83, 0x08, 0x84, 0x08, 0x84, 0x08, 0x84, 0x08, 0x84, 0x08, 0x84, 0x08, 0x84, 0x08, 0x84, 0x08,
    0x84, 0x08, 0x84, 0x08, 0x84, 0x08, 0x84, 0x08, 0x84, 0x08, 0x84, 0x08, 0x84, 0x08, 0x84, 0x08,
    0x84, 0x08, 0x84, 0x08, 0x84, 0x08, 0x84, 0x08, 0x84, 0x08, 0x84, 0x08, 0x84, 0x08, 0x84, 0x08,
    0x84, 0x08, 0x84, 0x08, 0x84, 0x08, 0x84, 0x08, 0x84, 0x08, 0x84, 0x08, 0x84, 0x08, 0x84, 0x08,
    0x83, 0x08, 0x83, 0x08, 0x83, 0x08, 0x83, 0x08, 0x83, 0x08, 0x83, 0x08, 0x83, 0x08, 0x83, 0x08,
    0x83, 0x08, 0x83, 0x08, 0x83, 0x08, 0x83, 0x08, 0x83, 0x08, 0x83, 0x08, 0x83, 0x08, 0x83, 0x08,
    0x83, 0x08, 0x83, 0x08, 0x83, 0x08, 0x83, 0x08, 0x83, 0x08, 0x83, 0x08, 0x83, 0x08, 0x83, 0x08,
    0x83, 0x08, 0x83, 0x08, 0x83, 0x08, 0x83, 0x08, 0x83, 0x08, 0x83, 0x08, 0x83, 0x08, 0x83, 0x08,
    0x83, 0x08, 0x83, 0x08, 0x83, 0x08, 0x83, 0x08, 0x83, 0x08, 0x83, 0x08, 0x83, 0x08, 0x83, 0x08,
    0x83, 0x08, 0x83, 0x08, 0x83, 0x08, 0x83, 0x08, 0x83, 0x08, 0x83, 0x08, 0x83, 0x08, 0x83, 0x08,
    0x83, 0x08, 0x83, 0x08, 0x83, 0x08, 0x83, 0x08, 0x83, 0x08, 0x83, 0x08, 0x83, 0x08, 0x83, 0x08,
    0x83, 0x08, 0x63, 0x08, 0x63, 0x08, 0x63, 0x08, 0x63, 0x08, 0x63, 0x08, 0x63, 0x08, 0x63, 0x08,
    0x63, 0x08, 0x63, 0x08, 0x63, 0x08, 0x63, 0x08, 0x63, 0x08, 0x63, 0x08, 0x63, 0x08, 0x63, 0x08,
    0x63, 0x08, 0x63, 0x08, 0x63, 0x08, 0x63, 0x08, 0x63, 0x08, 0x63, 0x08, 0x63, 0x08, 0x63, 0x08,
    0x63, 0x08, 0x63, 0x08, 0x63, 0x08, 0x63, 0x08, 0x63, 0x08, 0x63, 0x08, 0x63, 0x08, 0x63, 0x08,
    0x63, 0x08, 0x63, 0x08, 0x63, 0x08, 0x63, 0x08, 0x63, 0x08, 0x63, 0x08, 0x63, 0x08, 0x63, 0x08,
    0x63, 0x08, 0x63, 0x08, 0x63, 0x08, 0x63, 0x08, 0x63, 0x08, 0x63, 0x08, 0x63, 0x08, 0x63, 0x08,
    0x63, 0x08, 0x63, 0x08, 0x63, 0x08, 0x63, 0x08, 0x63, 0x08, 0x63, 0x08, 0x63, 0x08, 0x63, 0x08,
    0x63, 0x08, 0x63, 0x08, 0x63, 0x08, 0x63, 0x08, 0x63, 0x08, 0x63, 0x08, 0x63, 0x08, 0x63, 0x08,
    0x63, 0x08, 0x63, 0x08, 0x63, 0x08, 0x63, 0x08, 0x63, 0x08, 0x63, 0x08, 0x63, 0x08, 0x63, 0x08,
    0x63, 0x08, 0x63, 0x08, 0x63, 0x08, 0x63, 0x08, 0x63, 0x08, 0x63, 0x08, 0x63, 0x08, 0x63, 0x08,
    0x63, 0x08, 0x63, 0x08, 0x63, 0x08, 0x63, 0x08, 0x63, 0x08, 0x63, 0x08, 0x63, 0x08, 0x63, 0x08,
    0x63, 0x08, 0x63, 0x08, 0x63, 0x08, 0x63, 0x08, 0x83, 0x08, 0x83, 0x08, 0x83, 0x08, 0x83, 0x08,
    0x83, 0x08, 0x83, 0x08, 0x83, 0x08, 0x83, 0x08, 0x83, 0x08, 0x83, 0x08, 0x83, 0x08, 0x83, 0x08,
    0x83, 0x08, 0x83, 0x08, 0x83, 0x08, 0x83, 0x08, 0x83, 0x08, 0x83, 0x08, 0x83, 0x08, 0x83, 0x08,
    0x83, 0x08, 0x83, 0x08, 0x83, 0x08, 0x83, 0x08, 0x83, 0x08, 0x83, 0x08, 0x83, 0x08, 0x83, 0x08,
    0x83, 0x08, 0x83, 0x08, 0x83, 0x08, 0x83, 0x08, 0x83, 0x08, 0x83, 0x08, 0x83, 0x08, 0x83, 0x08,
    0x83, 0x08, 0x83, 0x08, 0x83, 0x08, 0x83, 0x08, 0x83, 0x08, 0x83, 0x08, 0x83, 0x08, 0x83, 0x08,
    0x83, 0x08, 0x83, 0x08, 0x83, 0x08, 0x83, 0x08, 0x83, 0x08, 0x84, 0x08, 0x84, 0x08, 0x84, 0x08,
    0x84, 0x08, 0x84, 0x08, 0x84, 0x08, 0x84, 0x08, 0x84, 0x08, 0x84, 0x08, 0x84, 0x08, 0x84, 0x08,
    0x84, 0x08, 0x84, 0x08, 0x84, 0x08, 0x84, 0x08, 0x84, 0x08, 0x84, 0x08, 0x84, 0x08, 0x84, 0x08,
    0x84, 0x08, 0x84, 0x08, 0x84, 0x08, 0x84, 0x08, 0x84, 0x08, 0x84, 0x08, 0x84, 0x08, 0x84, 0x08,
    0x84, 0x08, 0x84, 0x08, 0x84, 0x08, 0x84, 0x08, 0x84, 0x08, 0x84, 0x08, 0x84, 0x08, 0x84, 0x08,
    0x84, 0x08, 0x84, 0x08, 0x84, 0x08, 0x84, 0x08, 0x84, 0x08, 0x84, 0x08, 0x84, 0x08, 0x84, 0x08,
    0x84, 0x08, 0x84, 0x08, 0x84, 0x08, 0x84, 0x08, 0x84, 0x08, 0x84, 0x08, 0x84, 0x08, 0x84, 0x08,
    0x84, 0x08, 0x84, 0x08, 0x84, 0x08, 0x84, 0x08, 0x83, 0x08, 0x83, 0x08, 0x83, 0x08, 0x83, 0x08,
    0x83, 0x08, 0x83, 0x08, 0x83, 0x08, 0x83, 0x08, 0x83, 0x08, 0x83, 0x08, 0x83, 0x08, 0x83, 0x08,
    0x83, 0x08, 0x83, 0x08, 0x83, 0x08, 0x83, 0x08, 0x83, 0x08, 0x83, 0x08, 0x83, 0x08, 0x83, 0x08,
    0x83, 0x08, 0x83, 0x08, 0x83, 0x08, 0x83, 0x08, 0x83, 0x08, 0x83, 0x08, 0x83, 0x08, 0x83, 0x08,
    0x83, 0x08, 0x83, 0x08, 0x83, 0x08, 0x83, 0x08, 0x83, 0x08, 0x83, 0x08, 0x83, 0x08, 0x83, 0x08,
    0x83, 0x08, 0x83, 0x08, 0x83, 0x08, 0x83, 0x08, 0x83, 0x08, 0x83, 0x08, 0x83, 0x08, 0x83, 0x08,
    0x83, 0x08, 0x83, 0x08, 0x83, 0x08, 0x83, 0x08, 0x83, 0x08, 0x63, 0x08, 0x63, 0x08, 0x63, 0x08,
    0x63, 0x08, 0x63, 0x08, 0x63, 0x08, 0x63, 0x08, 0x63, 0x08, 0x63, 0x08, 0x63, 0x08, 0x63, 0x08,
    0x63, 0x08, 0x63, 0x08, 0x63, 0x08, 0x63, 0x08, 0x63, 0x08, 0x63, 0x08, 0x63, 0x08, 0x63, 0x08,
    0x63, 0x08, 0x63, 0x08, 0x63, 0x08, 0x63, 0x08, 0x63, 0x08, 0x63, 0x08, 0x63, 0x08, 0x63, 0x08,
    0x63, 0x08, 0x63, 0x08, 0x63, 0x08, 0x63, 0x08, 0x63, 0x08, 0x63, 0x08, 0x63, 0x08, 0x63, 0x08,
    0x63, 0x08, 0x63, 0x08, 0x63, 0x08, 0x63, 0x08, 0x63, 0x08, 0x63, 0x08, 0x63, 0x08, 0x63, 0x08,
    0x63, 0x08, 0x63, 0x08, 0x63, 0x08, 0x63, 0x08, 0x63, 0x08, 0x63, 0x08, 0x63, 0x08, 0x63, 0x08,
    0x63, 0x08, 0x63, 0x08, 0x63, 0x08, 0x63, 0x08, 0x63, 0x08, 0x63, 0x08, 0x63, 0x08, 0x63, 0x08,
    0x63, 0x08, 0x63, 0x08, 0x63, 0x08, 0x63, 0x08, 0x63, 0x08, 0x63, 0x08, 0x63, 0x08, 0x63, 0x08,
    0x83, 0x08, 0x83, 0x08, 0x83, 0x08, 0x83, 0x08, 0x83, 0x08, 0x83, 0x08, 0x83, 0x08, 0x83, 0x08,
    0x83, 0x08, 0x83, 0x08, 0x83, 0x08, 0x83, 0x08, 0x83, 0x08, 0x83, 0x08, 0x83, 0x08, 0x83, 0x08,
    0x83, 0x08, 0x83, 0x08, 0x83, 0x08, 0x83, 0x08, 0x83, 0x08, 0x83, 0x08, 0x83, 0x08, 0x83, 0x08,
    0x83, 0x08, 0x83, 0x08, 0x83, 0x08, 0x84, 0x08, 0x84, 0x08, 0x84, 0x08, 0x84, 0x08, 0x84, 0x08,
    0x84, 0x08, 0x84, 0x08, 0x84, 0x08, 0x84, 0x08, 0x84, 0x08, 0x84, 0x08, 0x84, 0x08, 0x84, 0x08,
    0x84, 0x08, 0x84, 0x08, 0x84, 0x08, 0x84, 0x08, 0x84, 0x08, 0x84, 0x08, 0x84, 0x08, 0x84, 0x08,
    0x84, 0x08, 0x84, 0x08, 0x84, 0x08, 0x84, 0x08, 0x84, 0x08, 0x84, 0x08, 0x84, 0x08, 0x84, 0x08,
    0x84, 0x08, 0x84, 0x08, 0x84, 0x08, 0x84, 0x08, 0x84, 0x08, 0x84, 0x08, 0x84, 0x08, 0x84, 0x08,
    0x84, 0x08, 0x84, 0x08, 0x84, 0x08, 0x84, 0x08, 0x84, 0x08, 0x84, 0x08, 0x84, 0x08, 0x84, 0x08,
    0x84, 0x08, 0x84, 0x08, 0x84, 0x08, 0x84, 0x08, 0x84, 0x08, 0x84, 0x08, 0x84, 0x08, 0x84, 0x08,
    0x84, 0x08, 0x84, 0x08, 0x84, 0x08, 0x84, 0x08, 0x84, 0x08, 0x84, 0x08, 0x84, 0x08, 0x84, 0x08,
    0x84, 0x08, 0x84, 0x08, 0x84, 0x08, 0x84, 0x08, 0x84, 0x08, 0x84, 0x08, 0x84, 0x08, 0x84, 0x08,
    0x84, 0x08, 0x84, 0x08, 0x84, 0x08, 0x84, 0x08, 0x84, 0x08, 0x84, 0x08, 0x84, 0x08, 0x84, 0x08,
    0x84, 0x08, 0x84, 0x08, 0x84, 0x08, 0x84, 0x08, 0x84, 0x08, 0x84, 0x08, 0x84, 0x08, 0x84, 0x08,
    0x84, 0x08, 0x84, 0x08, 0x84, 0x08, 0x84, 0x08, 0x84, 0x08, 0x84, 0x08, 0x84, 0x08, 0x84, 0x08,
    0x84, 0x08, 0x84, 0x08, 0x84, 0x08, 0x84, 0x08, 0x84, 0x08, 0x84, 0x08, 0x84, 0x08, 0x84, 0x08,
    0x84, 0x08, 0x84, 0x08, 0x84, 0x08, 0x84, 0x08, 0x84, 0x08, 0x84, 0x08, 0x84, 0x08, 0x84, 0x08,
    0x84, 0x08, 0x84, 0x08, 0x84, 0x08, 0x84, 0x08, 0x84, 0x08, 0x84, 0x08, 0x84, 0x08, 0x84, 0x08,
    0x84, 0x08, 0x84, 0x08, 0x84, 0x08, 0x84, 0x08, 0x84, 0x08, 0x84, 0x08, 0x84, 0x08, 0x84, 0x08,
    0x84, 0x08, 0x84, 0x08, 0x84, 0x08, 0x84, 0x08, 0x84, 0x08, 0x84, 0x08, 0x84, 0x08, 0x84, 0x08,
    0x84, 0x08, 0x84, 0x08, 0x84, 0x08, 0x84, 0x08, 0x84, 0x08, 0x84, 0x08, 0x83, 0x08, 0x83, 0x08,
    0x83, 0x08, 0x83, 0x08, 0x83, 0x08, 0x83, 0x08, 0x83, 0x08, 0x83, 0x08, 0x83, 0x08, 0x83, 0x08,
    0x83, 0x08, 0x83, 0x08, 0x83, 0x08, 0x83, 0x08, 0x83, 0x08, 0x83, 0x08, 0x83, 0x08, 0x83, 0x08,
    0x83, 0x08, 0x83, 0x08, 0x83, 0x08, 0x83, 0x08, 0x83, 0x08, 0x83, 0x08, 0x83, 0x08, 0x83, 0x08,
    0x83, 0x08, 0x63, 0x08, 0x63, 0x08, 0x63, 0x08, 0x63, 0x08, 0x63, 0x08, 0x63, 0x08, 0x63, 0x08,
    0x63, 0x08, 0x63, 0x08, 0x63, 0x08, 0x63, 0x08, 0x63, 0x08, 0x63, 0x08, 0x63, 0x08, 0x63, 0x08,
    0x63, 0x08, 0x63, 0x08, 0x63, 0x08, 0x63, 0x08, 0x63, 0x08, 0x63, 0x08, 0x63, 0x08, 0x63, 0x08,
    0x63, 0x08, 0x63, 0x08, 0x63, 0x08, 0x63, 0x08, 0x63, 0x08, 0x63, 0x08, 0x63, 0x08, 0x63, 0x08,
    0x63, 0x08, 0x63, 0x08, 0x63, 0x08, 0x63, 0x08, 0x63, 0x08, 0x63, 0x08, 0x63, 0x08, 0x63, 0x08,
    0x63, 0x08, 0x63, 0x08, 0x63, 0x08, 0x63, 0x08, 0x63, 0x08, 0x63, 0x08, 0x63, 0x08, 0x63, 0x08,
    0x63, 0x08, 0x63, 0x08, 0x63, 0x08, 0x63, 0x08, 0x63, 0x08, 0x63, 0x08, 0x63, 0x08, 0x63, 0x08,
    0x63, 0x08, 0x63, 0x08, 0x63, 0x08, 0x63, 0x08, 0x63, 0x08, 0x63, 0x08, 0x83, 0x08, 0x83, 0x08,
    0x83, 0x08, 0x83, 0x08, 0x83, 0x08, 0x83, 0x08, 0x83, 0x08, 0x83, 0x08, 0x83, 0x08, 0x83, 0x08,
    0x83, 0x08, 0x83, 0x08, 0x83, 0x08, 0x83, 0x08, 0x83, 0x08, 0x83, 0x08, 0x83, 0x08, 0x83, 0x08,
    0x83, 0x08, 0x83, 0x08, 0x83, 0x08, 0x83, 0x08, 0x83, 0x08, 0x83, 0x08, 0x83, 0x08, 0x83, 0x08,
    0x83, 0x08, 0x83, 0x08, 0x83, 0x08, 0x83, 0x08, 0x83, 0x08, 0x83, 0x08, 0x83, 0x08, 0x83, 0x08,
    0x83, 0x08, 0x83, 0x08, 0x83, 0x08, 0x83, 0x08, 0x83, 0x08, 0x83, 0x08, 0x83, 0x08, 0x84, 0x08,
    0x84, 0x08, 0x84, 0x08, 0x84, 0x08, 0x84, 0x08, 0x84, 0x08, 0x84, 0x08, 0x84, 0x08, 0x84, 0x08,
    0x84, 0x08, 0x84, 0x08, 0x84, 0x08, 0x84, 0x08, 0x84, 0x08, 0x84, 0x08, 0x84, 0x08, 0x84, 0x08,
    0x84, 0x08, 0x84, 0x08, 0x84, 0x08, 0x84, 0x08, 0x84, 0x08, 0x84, 0x08, 0x84, 0x08, 0x84, 0x08,
    0x84, 0x08, 0x84, 0x08, 0x84, 0x08, 0x84, 0x08, 0x84, 0x08, 0x84, 0x08, 0x84, 0x08, 0x84, 0x08,
    0x84, 0x08, 0x84, 0x08, 0x84, 0x08, 0x84, 0x08, 0x84, 0x08, 0x84, 0x08, 0x84, 0x08, 0x84, 0x08,
    0x84, 0x08, 0x84, 0x08, 0x84, 0x08, 0x84, 0x08, 0x84, 0x08, 0x84, 0x08, 0x84, 0x08, 0x84, 0x08,
    0x84, 0x08, 0x84, 0x08, 0x84, 0x08, 0x84, 0x08, 0x84, 0x08, 0x84, 0x08, 0x84, 0x08, 0x84, 0x08,
    0x84, 0x08, 0x84, 0x08, 0x84, 0x08, 0x84, 0x08, 0x84, 0x08, 0x84, 0x08, 0x84, 0x08, 0x84, 0x08,
    0x84, 0x08, 0x84, 0x08, 0x84, 0x08, 0x84, 0x08, 0x84, 0x08, 0x84, 0x08, 0x84, 0x08, 0x84, 0x08,
    0x84, 0x08, 0x84, 0x08, 0x84, 0x08, 0x84, 0x08, 0x84, 0x08, 0x84, 0x08, 0x84, 0x08, 0x84, 0x08,
    0x84, 0x08, 0x84, 0x08, 0x83, 0x08, 0x83, 0x08, 0x83, 0x08, 0x83, 0x08, 0x83, 0x08, 0x83, 0x08,
    0x83, 0x08, 0x83, 0x08, 0x83, 0x08, 0x83, 0x08, 0x83, 0x08, 0x83, 0x08, 0x83, 0x08, 0x83, 0x08,
    0x83, 0x08, 0x83, 0x08, 0x83, 0x08, 0x83, 0x08, 0x83, 0x08, 0x83, 0x08, 0x83, 0x08, 0x83, 0x08,
    0x83, 0x08, 0x83, 0x08, 0x83, 0x08, 0x83, 0x08, 0x83, 0x08, 0x83, 0x08, 0x83, 0x08, 0x83, 0x08,
    0x83, 0x08, 0x83, 0x08, 0x83, 0x08, 0x83, 0x08, 0x83, 0x08, 0x83, 0x08, 0x83, 0x08, 0x83, 0x08,
    0x83, 0x08, 0x83, 0x08, 0x83, 0x08, 0x63, 0x08, 0x63, 0x08, 0x63, 0x08, 0x63, 0x08, 0x63, 0x08,
    0x63, 0x08, 0x63, 0x08, 0x63, 0x08, 0x63, 0x08, 0x63, 0x08, 0x63, 0x08, 0x63, 0x08, 0x63, 0x08,
    0x63, 0x08, 0x63, 0x08, 0x63, 0x08, 0x63, 0x08, 0x63, 0x08, 0x63, 0x08, 0x63, 0x08, 0x63, 0x08,
    0x63, 0x08, 0x63, 0x08, 0x63, 0x08, 0x63, 0x08, 0x63, 0x08, 0x63, 0x08, 0x63, 0x08, 0x63, 0x08,
    0x63, 0x08, 0x63, 0x08, 0x63, 0x08, 0x63, 0x08, 0x63, 0x08, 0x63, 0x08, 0x63, 0x08, 0x63, 0x08,
    0x63, 0x08, 0x63, 0x08, 0x63, 0x08, 0x63, 0x08, 0x63, 0x08, 0x63, 0x08, 0x63, 0x08, 0x63, 0x08,
    0x63, 0x08, 0x63, 0x08, 0x63, 0x08, 0x63, 0x08, 0x63, 0x08, 0x63, 0x08, 0x63, 0x08, 0x63, 0x08,
    0x63, 0x08, 0x63, 0x08, 0x63, 0x08, 0x63, 0x08, 0x63, 0x08, 0x63, 0x08, 0x63, 0x08, 0x63, 0x08,
    0x63, 0x08, 0x63, 0x08, 0x63, 0x08, 0x63, 0x08, 0x63, 0x08, 0x63, 0x08, 0x63, 0x08, 0x63, 0x08,
    0x63, 0x08, 0x63, 0x08, 0x63, 0x08, 0x83, 0x08, 0x83, 0x08, 0x83, 0x08, 0x83, 0x08, 0x83, 0x08,
    0x83, 0x08, 0x83, 0x08, 0x83, 0x08, 0x83, 0x08, 0x83, 0x08, 0x83, 0x08, 0x83, 0x08, 0x83, 0x08,
    0x83, 0x08, 0x83, 0x08, 0x83, 0x08, 0x83, 0x08, 0x83, 0x08, 0x83, 0x08, 0x83, 0x08, 0x83, 0x08,
    0x83, 0x08, 0x83, 0x08, 0x83, 0x08, 0x83, 0x08, 0x83, 0x08, 0x83, 0x08, 0x83, 0x08, 0x83, 0x08,
    0x83, 0x08, 0x83, 0x08, 0x83, 0x08, 0x83, 0x08, 0x83, 0x08, 0x83, 0x08, 0x83, 0x08, 0x83, 0x08,
    0x83, 0x08, 0x84, 0x08, 0x84, 0x08, 0x84, 0x08, 0x84, 0x08, 0x84, 0x08, 0x84, 0x08, 0x84, 0x08,
    0x84, 0x08, 0x84, 0x08, 0x84, 0x08, 0x84, 0x08, 0x84, 0x08, 0x84, 0x08, 0x84, 0x08, 0x84, 0x08,
    0x84, 0x08, 0x84, 0x08, 0x84, 0x08, 0x84, 0x08, 0x84, 0x08, 0x84, 0x08, 0x84, 0x08, 0x84, 0x08,
    0x84, 0x08, 0x84, 0x08, 0x84, 0x08, 0x84, 0x08, 0x84, 0x08, 0x84, 0x08, 0x84, 0x08, 0x84, 0x08,
    0x84, 0x08, 0x84, 0x08, 0x84, 0x08, 0x84, 0x08, 0x84, 0x08, 0x84, 0x08, 0x84, 0x08, 0x84, 0x08,
    0x84, 0x08, 0x84, 0x08, 0x84, 0x08, 0x84, 0x08, 0x84, 0x08, 0x84, 0x08, 0x84, 0x08, 0x84, 0x08,
    0x84, 0x08, 0x84, 0x08, 0x84, 0x08, 0x84, 0x08, 0x84, 0x08, 0x84, 0x08, 0x84, 0x08, 0x84, 0x08,
    0x84, 0x08, 0x84, 0x08, 0x84, 0x08, 0x84, 0x08, 0x84, 0x08, 0x84, 0x08, 0x84, 0x08, 0x84, 0x08,
    0x84, 0x08, 0x84, 0x08, 0x84, 0x08, 0x84, 0x08, 0x84, 0x08, 0x84, 0x08, 0x84, 0x08, 0x84, 0x08,
    0x84, 0x08, 0x84, 0x08, 0x84, 0x08, 0x84, 0x08, 0x84, 0x08, 0x84, 0x08, 0x84, 0x08, 0x84, 0x08,
    0x84, 0x08, 0x84, 0x08, 0x84, 0x08, 0x84, 0x08, 0x84, 0x08, 0x84, 0x08, 0x84, 0x08, 0x84, 0x08,
    0x84, 0x08, 0x84, 0x08, 0x84, 0x08, 0x84, 0x08, 0x84, 0x08, 0x84, 0x08, 0x84, 0x08, 0x84, 0x08,
    0x83, 0x08, 0x83, 0x08, 0x83, 0x08, 0x83, 0x08, 0x83, 0x08, 0x83, 0x08, 0x83, 0x08, 0x83, 0x08,
    0x83, 0x08, 0x83, 0x08, 0x83, 0x08, 0x83, 0x08, 0x83, 0x08, 0x83, 0x08, 0x83, 0x08, 0x83, 0x08,
    0x83, 0x08, 0x83, 0x08, 0x83, 0x08, 0x83, 0x08, 0x83, 0x08, 0x83, 0x08, 0x83, 0x08, 0x83, 0x08,
    0x83, 0x08, 0x83, 0x08, 0x83, 0x08, 0x83, 0x08, 0x83, 0x08, 0x83, 0x08, 0x83, 0x08, 0x83, 0x08,
    0x83, 0x08, 0x83, 0x08, 0x83, 0x08, 0x83, 0x08, 0x83, 0x08, 0x83, 0x08, 0x63, 0x08, 0x63, 0x08,
    0x63, 0x08, 0x63, 0x08, 0x63, 0x08, 0x63, 0x08, 0x63, 0x08, 0x63, 0x08, 0x63, 0x08, 0x63, 0x08,
    0x63, 0x08, 0x63, 0x08, 0x63, 0x08, 0x63, 0x08, 0x63, 0x08, 0x63, 0x08, 0x63, 0x08, 0x63, 0x08,
    0x63, 0x08, 0x63, 0x08, 0x63, 0x08, 0x63, 0x08, 0x63, 0x08, 0x63, 0x08, 0x63, 0x08, 0x63, 0x08,
    0x63, 0x08, 0x63, 0x08, 0x63, 0x08, 0x63, 0x08, 0x63, 0x08, 0x63, 0x08, 0x63, 0x08, 0x63, 0x08,
    0x63, 0x08, 0x63, 0x08, 0x63, 0x08, 0x63, 0x08, 0x63, 0x08, 0x63, 0x08, 0x63, 0x08, 0x63, 0x08,
    0x63, 0x08, 0x63, 0x08, 0x63, 0x08, 0x63, 0x08, 0x63, 0x08, 0x63, 0x08, 0x63, 0x08, 0x63, 0x08,
    0x63, 0x08, 0x83, 0x08, 0x83, 0x08, 0x83, 0x08, 0x83, 0x08, 0x83, 0x08, 0x83, 0x08, 0x83, 0x08,
    0x83, 0x08, 0x83, 0x08, 0x83, 0x08, 0x83, 0x08, 0x83, 0x08, 0x83, 0x08, 0x83, 0x08, 0x83, 0x08,
    0x83, 0x08, 0x83, 0x08, 0x83, 0x08, 0x83, 0x08, 0x83, 0x08, 0x83, 0x08, 0x83, 0x08, 0x83, 0x08,
    0x84, 0x08, 0x84, 0x08, 0x84, 0x08, 0x84, 0x08, 0x84, 0x08, 0x84, 0x08, 0x84, 0x08, 0x84, 0x08,
    0x84, 0x08, 0x84, 0x08, 0x84, 0x08, 0x84, 0x08, 0x84, 0x08, 0x84, 0x08, 0x84, 0x08, 0x84, 0x08,
    0x84, 0x08, 0x84, 0x08, 0x84, 0x08, 0x84, 0x08, 0x84, 0x08, 0x84, 0x08, 0x84, 0x08, 0x84, 0x08,
    0x84, 0x08, 0x84, 0x08, 0x84, 0x08, 0x84, 0x08, 0x84, 0x08, 0x84, 0x08, 0x84, 0x08, 0x84, 0x08,
    0x84, 0x08, 0x84, 0x08, 0x84, 0x08, 0x84, 0x08, 0x84, 0x08, 0x84, 0x08, 0x84, 0x08, 0x84, 0x08,
    0x84, 0x08, 0x84, 0x08, 0x84, 0x08, 0x84, 0x08, 0x84, 0x08, 0x84, 0x08, 0x84, 0x08, 0x84, 0x08,
    0x84, 0x08, 0x84, 0x08, 0x84, 0x08, 0x84, 0x08, 0xA4, 0x08, 0xA4, 0x08, 0xA4, 0x08, 0xA4, 0x08,
    0xA4, 0x08, 0xA4, 0x08, 0xA4, 0x08, 0xA4, 0x08, 0xA4, 0x08, 0xA4, 0x08, 0xA4, 0x08, 0xA4, 0x08,
    0xA4, 0x08, 0xA4, 0x08, 0xA4, 0x08, 0xA4, 0x08, 0xA4, 0x08, 0xA4, 0x08, 0xA4, 0x08, 0xA4, 0x08,
    0xA4, 0x08, 0xA4, 0x08, 0xA4, 0x08, 0xA4, 0x08, 0xA4, 0x08, 0xA4, 0x08, 0xA4, 0x08, 0xA4, 0x08,
    0xA4, 0x08, 0xA4, 0x08, 0xA4, 0x08, 0xA4, 0x08, 0xA4, 0x08, 0xA4, 0x08, 0xA4, 0x08, 0xA4, 0x08,
    0xA4, 0x08, 0xA4, 0x08, 0xA4, 0x08, 0xA4, 0x08, 0xA4, 0x08, 0xA4, 0x08, 0xA4, 0x08, 0xA4, 0x08,
    0xA4, 0x08, 0xA4, 0x08, 0xA4, 0x08, 0xA4, 0x08, 0xA4, 0x08, 0xA4, 0x08, 0xA4, 0x08, 0xA4, 0x08,
    0xA4, 0x08, 0xA4, 0x08, 0xA4, 0x08, 0xA4, 0x08, 0xA4, 0x08, 0x84, 0x08, 0x84, 0x08, 0x84, 0x08,
    0x84, 0x08, 0x84, 0x08, 0x84, 0x08, 0x84, 0x08, 0x84, 0x08, 0x84, 0x08, 0x84, 0x08, 0x84, 0x08,
    0x84, 0x08, 0x84, 0x08, 0x84, 0x08, 0x84, 0x08, 0x84, 0x08, 0x84, 0x08, 0x84, 0x08, 0x84, 0x08,
    0x84, 0x08, 0x84, 0x08, 0x84, 0x08, 0x84, 0x08, 0x84, 0x08, 0x84, 0x08, 0x84, 0x08, 0x84, 0x08,
    0x84, 0x08, 0x84, 0x08, 0x84, 0x08, 0x84, 0x08, 0x84, 0x08, 0x84, 0x08, 0x84, 0x08, 0x84, 0x08,
    0x84, 0x08, 0x84, 0x08, 0x84, 0x08, 0x84, 0x08, 0x84, 0x08, 0x84, 0x08, 0x84, 0x08, 0x84, 0x08,
    0x84, 0x08, 0x84, 0x08, 0x84, 0x08, 0x84, 0x08, 0x84, 0x08, 0x84, 0x08, 0x84, 0x08, 0x84, 0x08,
    0x84, 0x08, 0x83, 0x08, 0x83, 0x08, 0x83, 0x08, 0x83, 0x08, 0x83, 0x08, 0x83, 0x08, 0x83, 0x08,
    0x83, 0x08, 0x83, 0x08, 0x83, 0x08, 0x83, 0x08, 0x83, 0x08, 0x83, 0x08, 0x83, 0x08, 0x83, 0x08,
    0x83, 0x08, 0x83, 0x08, 0x83, 0x08, 0x83, 0x08, 0x83, 0x08, 0x83, 0x08, 0x83, 0x08, 0x83, 0x08,
    0x63, 0x08, 0x63, 0x08, 0x63, 0x08, 0x63, 0x08, 0x63, 0x08, 0x63, 0x08, 0x63, 0x08, 0x63, 0x08,
    0x63, 0x08, 0x63, 0x08, 0x63, 0x08, 0x63, 0x08, 0x63, 0x08, 0x63, 0x08, 0x63, 0x08, 0x63, 0x08,
    0x63, 0x08, 0x63, 0x08, 0x63, 0x08, 0x63, 0x08, 0x63, 0x08, 0x63, 0x08, 0x63, 0x08, 0x63, 0x08,
    0x63, 0x08, 0x63, 0x08, 0x63, 0x08, 0x63, 0x08, 0x63, 0x08, 0x63, 0x08, 0x63, 0x08, 0x63, 0x08,
    0x63, 0x08, 0x63, 0x08, 0x63, 0x08, 0x63, 0x08, 0x63, 0x08, 0x63, 0x08, 0x63, 0x08, 0x63, 0x08,
    0x63, 0x08, 0x63, 0x08, 0x63, 0x08, 0x63, 0x08, 0x63, 0x08, 0x63, 0x08, 0x83, 0x08, 0x83, 0x08,
    0x83, 0x08, 0x83, 0x08, 0x83, 0x08, 0x83, 0x08, 0x83, 0x08, 0x83, 0x08, 0x83, 0x08, 0x83, 0x08,
    0x83, 0x08, 0x83, 0x08, 0x83, 0x08, 0x83, 0x08, 0x83, 0x08, 0x83, 0x08, 0x83, 0x08, 0x83, 0x08,
    0x83, 0x08, 0x83, 0x08, 0x83, 0x08, 0x83, 0x08, 0x83, 0x08, 0x83, 0x08, 0x83, 0x08, 0x83, 0x08,
    0x83, 0x08, 0x83, 0x08, 0x83, 0x08, 0x83, 0x08, 0x83, 0x08, 0x83, 0x08, 0x83, 0x08, 0x83, 0x08,
    0x84, 0x08, 0x84, 0x08, 0x84, 0x08, 0x84, 0x08, 0x84, 0x08, 0x84, 0x08, 0x84, 0x08, 0x84, 0x08,
    0x84, 0x08, 0x84, 0x08, 0x84, 0x08, 0x84, 0x08, 0x84, 0x08, 0x84, 0x08, 0x84, 0x08, 0x84, 0x08,
    0x84, 0x08, 0x84, 0x08, 0x84, 0x08, 0x84, 0x08, 0x84, 0x08, 0x84, 0x08, 0x84, 0x08, 0x84, 0x08,
    0x84, 0x08, 0x84, 0x08, 0x84, 0x08, 0x84, 0x08, 0x84, 0x08, 0x84, 0x08, 0x84, 0x08, 0x84, 0x08,
    0x84, 0x08, 0x84, 0x08, 0x84, 0x08, 0x84, 0x08, 0x84, 0x08, 0x84, 0x08, 0x84, 0x08, 0x84, 0x08,
    0x84, 0x08, 0x84, 0x08, 0x84, 0x08, 0x84, 0x08, 0x84, 0x08, 0x84, 0x08, 0x84, 0x08, 0x84, 0x08,
    0x84, 0x08, 0x84, 0x08, 0x84, 0x08, 0x84, 0x08, 0x84, 0x08, 0x84, 0x08, 0x84, 0x08, 0x84, 0x08,
    0x84, 0x08, 0x84, 0x08, 0x84, 0x08, 0x84, 0x08, 0x84, 0x08, 0x84, 0x08, 0x84, 0x08, 0x84, 0x08,
    0x84, 0x08, 0x84, 0x08, 0x84, 0x08, 0x84, 0x08, 0x84, 0x08, 0x84, 0x08, 0x84, 0x08, 0x84, 0x08,
    0x84, 0x08, 0x84, 0x08, 0x84, 0x08, 0x84, 0x08, 0x84, 0x08, 0x84, 0x08, 0x84, 0x08, 0x84, 0x08,
    0x84, 0x08, 0x84, 0x08, 0x84, 0x08, 0x84, 0x08, 0x84, 0x08, 0x84, 0x08, 0x84, 0x08, 0x84, 0x08,
    0x84, 0x08, 0x84, 0x08, 0x84, 0x08, 0x84, 0x08, 0x84, 0x08, 0x84, 0x08, 0x84, 0x08, 0x84, 0x08,
    0x84, 0x08, 0x84, 0x08, 0x84, 0x08, 0x84, 0x08, 0x84, 0x08, 0x84, 0x08, 0x84, 0x08, 0x84, 0x08,
    0x84, 0x08, 0x84, 0x08, 0x84, 0x08, 0x84, 0x08, 0x84, 0x08, 0x84, 0x08, 0x84, 0x08, 0x84, 0x08,
    0x84, 0x08, 0x83, 0x08, 0x83, 0x08, 0x83, 0x08, 0x83, 0x08, 0x83, 0x08, 0x83, 0x08, 0x83, 0x08,
    0x83, 0x08, 0x83, 0x08, 0x83, 0x08, 0x83, 0x08, 0x83, 0x08, 0x83, 0x08, 0x83, 0x08, 0x83, 0x08,
    0x83, 0x08, 0x83, 0x08, 0x83, 0x08, 0x83, 0x08, 0x83, 0x08, 0x83, 0x08, 0x83, 0x08, 0x83, 0x08,
    0x83, 0x08, 0x83, 0x08, 0x83, 0x08, 0x83, 0x08, 0x83, 0x08, 0x83, 0x08, 0x83, 0x08, 0x83, 0x08,
    0x83, 0x08, 0x83, 0x08, 0x83, 0x08, 0x63, 0x08, 0x63, 0x08, 0x63, 0x08, 0x63, 0x08, 0x63, 0x08,
    0x63, 0x08, 0x63, 0x08, 0x63, 0x08, 0x63, 0x08, 0x63, 0x08, 0x63, 0x08, 0x63, 0x08, 0x63, 0x08,
    0x63, 0x08, 0x63, 0x08, 0x63, 0x08, 0x63, 0x08, 0x63, 0x08, 0x63, 0x08, 0x63, 0x08, 0x63, 0x08,
    0x63, 0x08, 0x63, 0x08, 0x63, 0x08, 0x63, 0x08, 0x63, 0x08, 0x63, 0x08, 0x63, 0x08, 0x63, 0x08,
    0x63, 0x08, 0x63, 0x08, 0x63, 0x08, 0x63, 0x08, 0x63, 0x08, 0x63, 0x08, 0x63, 0x08, 0x63, 0x08,
    0x63, 0x08, 0x63, 0x08, 0x63, 0x08, 0x63, 0x08, 0x63, 0x08, 0x63, 0x08, 0x63, 0x08, 0x63, 0x08,
    0x63, 0x08, 0x63, 0x08, 0x63, 0x08, 0x63, 0x08, 0x63, 0x08, 0x63, 0x08, 0x63, 0x08, 0x63, 0x08,
    0x63, 0x08, 0x63, 0x08, 0x63, 0x08, 0x83, 0x08, 0x83, 0x08, 0x83, 0x08, 0x83, 0x08, 0x83, 0x08,
    0x83, 0x08, 0x83, 0x08, 0x83, 0x08, 0x83, 0x08, 0x83, 0x08, 0x83, 0x08, 0x83, 0x08, 0x83, 0x08,
    0x83, 0x08, 0x83, 0x08, 0x83, 0x08, 0x83, 0x08, 0x83, 0x08, 0x83, 0x08, 0x83, 0x08, 0x83, 0x08,
    0x83, 0x08, 0x83, 0x08, 0x83, 0x08, 0x83, 0x08, 0x83, 0x08, 0x83, 0x08, 0x83, 0x08, 0x83, 0x08,
    0x83, 0x08, 0x83, 0x08, 0x83, 0x08, 0x84, 0x08, 0x84, 0x08, 0x84, 0x08, 0x84, 0x08, 0x84, 0x08,
    0x84, 0x08, 0x84, 0x08, 0x84, 0x08, 0x84, 0x08, 0x84, 0x08, 0x84, 0x08, 0x84, 0x08, 0x84, 0x08,
    0x84, 0x08, 0x84, 0x08, 0x84, 0x08, 0x84, 0x08, 0x84, 0x08, 0x84, 0x08, 0x84, 0x08, 0x84, 0x08,
    0x84, 0x08, 0x84, 0x08, 0x84, 0x08, 0x84, 0x08, 0x84, 0x08, 0x84, 0x08, 0x84, 0x08, 0x84, 0x08,
    0x84, 0x08, 0x84, 0x08, 0x84, 0x08, 0x84, 0x08, 0x84, 0x08, 0x84, 0x08, 0x84, 0x08, 0x84, 0x08,
    0x84, 0x08, 0x84, 0x08, 0x84, 0x08, 0x84, 0x08, 0x84, 0x08, 0x84, 0x08, 0x84, 0x08, 0x84, 0x08,
    0x84, 0x08, 0x84, 0x08, 0x84, 0x08, 0x84, 0x08, 0x84, 0x08, 0x84, 0x08, 0x84, 0x08, 0x84, 0x08,
    0x84, 0x08, 0x84, 0x08, 0x84, 0x08, 0x84, 0x08, 0x84, 0x08, 0x84, 0x08, 0x84, 0x08, 0x84, 0x08,
    0x84, 0x08, 0x84, 0x08, 0x84, 0x08, 0x84, 0x08, 0x84, 0x08, 0x84, 0x08, 0x84, 0x08, 0x84, 0x08,
    0x84, 0x08, 0x84, 0x08, 0x84, 0x08, 0x84, 0x08, 0x84, 0x08, 0x84, 0x08, 0x84, 0x08, 0x84, 0x08,
    0x84, 0x08, 0x84, 0x08, 0x84, 0x08, 0x84, 0x08, 0x84, 0x08, 0x84, 0x08, 0x84, 0x08, 0x84, 0x08,
    0x84, 0x08, 0x84, 0x08, 0x84, 0x08, 0x84, 0x08, 0x84, 0x08, 0x84, 0x08, 0x84, 0x08, 0x84, 0x08,
    0x84, 0x08, 0x84, 0x08, 0x84, 0x08, 0x84, 0x08, 0x84, 0x08, 0x84, 0x08, 0x84, 0x08, 0x84, 0x08,
    0x84, 0x08, 0x84, 0x08, 0x84, 0x08, 0x84, 0x08, 0x84, 0x08, 0x84, 0x08, 0x84, 0x08, 0x84, 0x08,
    0x84, 0x08, 0x84, 0x08, 0x84, 0x08, 0x84, 0x08, 0x84, 0x08, 0x84, 0x08, 0x84, 0x08, 0x84, 0x08,
    0x84, 0x08, 0x84, 0x08, 0x84, 0x08, 0x84, 0x08, 0x84, 0x08, 0x84, 0x08, 0x83, 0x08, 0x83, 0x08,
    0x83, 0x08, 0x83, 0x08, 0x83, 0x08, 0x83, 0x08, 0x83, 0x08, 0x83, 0x08, 0x83, 0x08, 0x83, 0x08,
    0x83, 0x08, 0x83, 0x08, 0x83, 0x08, 0x83, 0x08, 0x83, 0x08, 0x83, 0x08, 0x83, 0x08, 0x83, 0x08,
    0x83, 0x08, 0x83, 0x08, 0x83, 0x08, 0x83, 0x08, 0x83, 0x08, 0x83, 0x08, 0x83, 0x08, 0x83, 0x08,
    0x83, 0x08, 0x83, 0x08, 0x83, 0x08, 0x83, 0x08, 0x83, 0x08, 0x83, 0x08, 0x63, 0x08, 0x63, 0x08,
    0x63, 0x08, 0x63, 0x08, 0x63, 0x08, 0x63, 0x08, 0x63, 0x08, 0x63, 0x08, 0x63, 0x08, 0x63, 0x08,
    0x63, 0x08, 0x63, 0x08, 0x63, 0x08, 0x63, 0x08, 0x63, 0x08, 0x63, 0x08, 0x63, 0x08, 0x63, 0x08,
    0x63, 0x08, 0x63, 0x08, 0x63, 0x08, 0x63, 0x08, 0x63, 0x08, 0x63, 0x08, 0x63, 0x08, 0x63, 0x08,
    0x63, 0x08, 0x63, 0x08, 0x63, 0x08, 0x63, 0x08, 0x63, 0x08, 0x63, 0x08, 0x63, 0x08, 0x63, 0x08,
    0x63, 0x08, 0x63, 0x08, 0x83, 0x08, 0x83, 0x08, 0x83, 0x08, 0x83, 0x08, 0x83, 0x08, 0x83, 0x08,
    0x83, 0x08, 0x83, 0x08, 0x83, 0x08, 0x83, 0x08, 0x83, 0x08, 0x83, 0x08, 0x83, 0x08, 0x83, 0x08,
    0x83, 0x08, 0x83, 0x08, 0x83, 0x08, 0x83, 0x08, 0x83, 0x08, 0x83, 0x08, 0x83, 0x08, 0x84, 0x08,
    0x84, 0x08, 0x84, 0x08, 0x84, 0x08, 0x84, 0x08, 0x84, 0x08, 0x84, 0x08, 0x84, 0x08, 0x84, 0x08,
    0x84, 0x08, 0x84, 0x08, 0x84, 0x08, 0x84, 0x08, 0x84, 0x08, 0x84, 0x08, 0x84, 0x08, 0x84, 0x08,
    0x84, 0x08, 0x84, 0x08, 0x84, 0x08, 0x84, 0x08, 0x84, 0x08, 0x84, 0x08, 0x84, 0x08, 0x84, 0x08,
    0x84, 0x08, 0x84, 0x08, 0x84, 0x08, 0x84, 0x08, 0x84, 0x08, 0x84, 0x08, 0x84, 0x08, 0x84, 0x08,
    0x84, 0x08, 0x84, 0x08, 0x84, 0x08, 0x84, 0x08, 0x84, 0x08, 0x84, 0x08, 0x84, 0x08, 0x84, 0x08,
    0x84, 0x08, 0x84, 0x08, 0xA4, 0x08, 0xA4, 0x08, 0xA4, 0x08, 0xA4, 0x08, 0xA4, 0x08, 0xA4, 0x08,
    0xA4, 0x08, 0xA4, 0x08, 0xA4, 0x08, 0xA4, 0x08, 0xA4, 0x08, 0xA4, 0x08, 0xA4, 0x08, 0xA4, 0x08,
    0xA4, 0x08, 0xA4, 0x08, 0xA4, 0x08, 0xA4, 0x08, 0xA4, 0x08, 0xA4, 0x08, 0xA4, 0x08, 0xA4, 0x08,
    0xA4, 0x08, 0xA4, 0x08, 0xA4, 0x08, 0xA4, 0x08, 0xA4, 0x08, 0xA4, 0x08, 0xA4, 0x08, 0xA4, 0x08,
    0xA4, 0x08, 0xA4, 0x08, 0xA4, 0x08, 0xA4, 0x08, 0xA4, 0x08, 0xA4, 0x08, 0xA4, 0x08, 0xA4, 0x08,
    0xA4, 0x08, 0xA4, 0x08, 0xA4, 0x08, 0xA4, 0x08, 0xA4, 0x08, 0xA4, 0x08, 0xA4, 0x08, 0xA4, 0x08,
    0xA4, 0x08, 0xA4, 0x08, 0xA4, 0x08, 0xA4, 0x08, 0xA4, 0x08, 0xA4, 0x08, 0xA4, 0x08, 0xA4, 0x08,
    0xA4, 0x08, 0xA4, 0x08, 0xA4, 0x08, 0xA4, 0x08, 0xA4, 0x08, 0xA4, 0x08, 0xA4, 0x08, 0xA4, 0x08,
    0xA4, 0x08, 0xA4, 0x08, 0xA4, 0x08, 0xA4, 0x08, 0xA4, 0x08, 0xA4, 0x08, 0xA4, 0x08, 0xA4, 0x08,
    0xA4, 0x08, 0xA4, 0x08, 0xA4, 0x08, 0xA4, 0x08, 0xA4, 0x08, 0xA4, 0x08, 0xA4, 0x08, 0xA4, 0x08,
    0xA4, 0x08, 0xA4, 0x08, 0xA4, 0x08, 0xA4, 0x08, 0xA4, 0x08, 0xA4, 0x08, 0xA4, 0x08, 0xA4, 0x08,
    0xA4, 0x08, 0xA4, 0x08, 0xA4, 0x08, 0xA4, 0x08, 0xA4, 0x08, 0xA4, 0x08, 0xA4, 0x08, 0x84, 0x08,
    0x84, 0x08, 0x84, 0x08, 0x84, 0x08, 0x84, 0x08, 0x84, 0x08, 0x84, 0x08, 0x84, 0x08, 0x84, 0x08,
    0x84, 0x08, 0x84, 0x08, 0x84, 0x08, 0x84, 0x08, 0x84, 0x08, 0x84, 0x08, 0x84, 0x08, 0x84, 0x08,
    0x84, 0x08, 0x84, 0x08, 0x84, 0x08, 0x84, 0x08, 0x84, 0x08, 0x84, 0x08, 0x84, 0x08, 0x84, 0x08,
    0x84, 0x08, 0x84, 0x08, 0x84, 0x08, 0x84, 0x08, 0x84, 0x08, 0x84, 0x08, 0x84, 0x08, 0x84, 0x08,
    0x84, 0x08, 0x84, 0x08, 0x84, 0x08, 0x84, 0x08, 0x84, 0x08, 0x84, 0x08, 0x84, 0x08, 0x84, 0x08,
    0x84, 0x08, 0x84, 0x08, 0x83, 0x08, 0x83, 0x08, 0x83, 0x08, 0x83, 0x08, 0x83, 0x08, 0x83, 0x08,
    0x83, 0x08, 0x83, 0x08, 0x83, 0x08, 0x83, 0x08, 0x83, 0x08, 0x83, 0x08, 0x83, 0x08, 0x83, 0x08,
    0x83, 0x08, 0x83, 0x08, 0x83, 0x08, 0x83, 0x08, 0x83, 0x08, 0x83, 0x08, 0x83, 0x08, 0x63, 0x08,
    0x63, 0x08, 0x63, 0x08, 0x63, 0x08, 0x63, 0x08, 0x63, 0x08, 0x63, 0x08, 0x63, 0x08, 0x63, 0x08,
    0x63, 0x08, 0x63, 0x08, 0x63, 0x08, 0x63, 0x08, 0x63, 0x08, 0x63, 0x08, 0x63, 0x08, 0x63, 0x08,
    0x63, 0x08, 0x63, 0x08, 0x63, 0x08, 0x63, 0x08, 0x63, 0x08, 0x63, 0x08, 0x63, 0x08, 0x63, 0x08,
    0x63, 0x08, 0x63, 0x08, 0x63, 0x08, 0x63, 0x08, 0x63, 0x08, 0x63, 0x08, 0x83, 0x08, 0x83, 0x08,
    0x83, 0x08, 0x83, 0x08, 0x83, 0x08, 0x83, 0x08, 0x83, 0x08, 0x83, 0x08, 0x83, 0x08, 0x83, 0x08,
    0x83, 0x08, 0x83, 0x08, 0x83, 0x08, 0x83, 0x08, 0x83, 0x08, 0x83, 0x08, 0x83, 0x08, 0x83, 0x08,
    0x83, 0x08, 0x83, 0x08, 0x83, 0x08, 0x83, 0x08, 0x83, 0x08, 0x83, 0x08, 0x83, 0x08, 0x83, 0x08,
    0x83, 0x08, 0x83, 0x08, 0x83, 0x08, 0x83, 0x08, 0x84, 0x08, 0x84, 0x08, 0x84, 0x08, 0x84, 0x08,
    0x84, 0x08, 0x84, 0x08, 0x84, 0x08, 0x84, 0x08, 0x84, 0x08, 0x84, 0x08, 0x84, 0x08, 0x84, 0x08,
    0x84, 0x08, 0x84, 0x08, 0x84, 0x08, 0x84, 0x08, 0x84, 0x08, 0x84, 0x08, 0x84, 0x08, 0x84, 0x08,
    0x84, 0x08, 0x84, 0x08, 0x84, 0x08, 0x84, 0x08, 0x84, 0x08, 0x84, 0x08, 0x84, 0x08, 0x84, 0x08,
    0x84, 0x08, 0x84, 0x08, 0x84, 0x08, 0x84, 0x08, 0x84, 0x08, 0x84, 0x08, 0x84, 0x08, 0x84, 0x08,
    0x84, 0x08, 0x84, 0x08, 0x84, 0x08, 0x84, 0x08, 0x84, 0x08, 0x84, 0x08, 0x84, 0x08, 0x84, 0x08,
    0x84, 0x08, 0x84, 0x08, 0x84, 0x08, 0x84, 0x08, 0x84, 0x08, 0x84, 0x08, 0x84, 0x08, 0x84, 0x08,
    0x84, 0x08, 0x84, 0x08, 0x84, 0x08, 0x84, 0x08, 0x84, 0x08, 0x84, 0x08, 0x84, 0x08, 0x84, 0x08,
    0x84, 0x08, 0x84, 0x08, 0x84, 0x08, 0x84, 0x08, 0x84, 0x08, 0x84, 0x08, 0x84, 0x08, 0x84, 0x08,
    0x84, 0x08, 0x84, 0x08, 0x84, 0x08, 0x84, 0x08, 0x84, 0x08, 0x84, 0x08, 0x84, 0x08, 0x84, 0x08,
    0x84, 0x08, 0x84, 0x08, 0x84, 0x08, 0x84, 0x08, 0x84, 0x08, 0x84, 0x08, 0x84, 0x08, 0x84, 0x08,
    0x84, 0x08, 0x84, 0x08, 0x84, 0x08, 0x84, 0x08, 0x84, 0x08, 0x84, 0x08, 0x84, 0x08, 0x84, 0x08,
    0x84, 0x08, 0x84, 0x08, 0x84, 0x08, 0x84, 0x08, 0x84, 0x08, 0x84, 0x08, 0x84, 0x08, 0x84, 0x08,
    0x84, 0x08, 0x84, 0x08, 0x84, 0x08, 0x84, 0x08, 0x84, 0x08, 0x84, 0x08, 0x84, 0x08, 0x84, 0x08,
    0x84, 0x08, 0x84, 0x08, 0x84, 0x08, 0x84, 0x08, 0x84, 0x08, 0x84, 0x08, 0x84, 0x08, 0x84, 0x08,
    0x84, 0x08, 0x84, 0x08, 0x84, 0x08, 0x84, 0x08, 0x84, 0x08, 0x84, 0x08, 0x84, 0x08, 0x84, 0x08,
    0x84, 0x08, 0x84, 0x08, 0x84, 0x08, 0x84, 0x08, 0x84, 0x08, 0x84, 0x08, 0x84, 0x08, 0x84, 0x08,
    0x84, 0x08, 0x84, 0x08, 0x84, 0x08, 0x84, 0x08, 0x84, 0x08, 0x83, 0x08, 0x83, 0x08, 0x83, 0x08,
    0x83, 0x08, 0x83, 0x08, 0x83, 0x08, 0x83, 0x08, 0x83, 0x08, 0x83, 0x08, 0x83, 0x08, 0x83, 0x08,
    0x83, 0x08, 0x83, 0x08, 0x83, 0x08, 0x83, 0x08, 0x83, 0x08, 0x83, 0x08, 0x83, 0x08, 0x83, 0x08,
    0x83, 0x08, 0x83, 0x08, 0x83, 0x08, 0x83, 0x08, 0x83, 0x08, 0x83, 0x08, 0x83, 0x08, 0x83, 0x08,
    0x83, 0x08, 0x83, 0x08, 0x83, 0x08, 0x63, 0x08, 0x63, 0x08, 0x63, 0x08, 0x63, 0x08, 0x63, 0x08,
    0x63, 0x08, 0x63, 0x08, 0x63, 0x08, 0x63, 0x08, 0x63, 0x08, 0x63, 0x08, 0x63, 0x08, 0x63, 0x08,
    0x63, 0x08, 0x63, 0x08, 0x63, 0x08, 0x63, 0x08, 0x63, 0x08, 0x63, 0x08, 0x63, 0x08, 0x63, 0x08,
    0x63, 0x08, 0x63, 0x08, 0x63, 0x08, 0x63, 0x08, 0x63, 0x08, 0x63, 0x08, 0x63, 0x08, 0x63, 0x08,
    0x63, 0x08, 0x63, 0x08, 0x63, 0x08, 0x63, 0x08, 0x63, 0x08, 0x63, 0x08, 0x63, 0x08, 0x63, 0x08,
    0x63, 0x08, 0x63, 0x08, 0x63, 0x08, 0x63, 0x08, 0x83, 0x08, 0x83, 0x08, 0x83, 0x08, 0x83, 0x08,
    0x83, 0x08, 0x83, 0x08, 0x83, 0x08, 0x83, 0x08, 0x83, 0x08, 0x83, 0x08, 0x83, 0x08, 0x83, 0x08,
    0x83, 0x08, 0x83, 0x08, 0x83, 0x08, 0x83, 0x08, 0x83, 0x08, 0x83, 0x08, 0x83, 0x08, 0x83, 0x08,
    0x83, 0x08, 0x83, 0x08, 0x83, 0x08, 0x83, 0x08, 0x83, 0x08, 0x83, 0x08, 0x83, 0x08, 0x83, 0x08,
    0x84, 0x08, 0x84, 0x08, 0x84, 0x08, 0x84, 0x08, 0x84, 0x08, 0x84, 0x08, 0x84, 0x08, 0x84, 0x08,
    0x84, 0x08, 0x84, 0x08, 0x84, 0x08, 0x84, 0x08, 0x84, 0x08, 0x84, 0x08, 0x84, 0x08, 0x84, 0x08,
    0x84, 0x08, 0x84, 0x08, 0x84, 0x08, 0x84, 0x08, 0x84, 0x08, 0x84, 0x08, 0x84, 0x08, 0x84, 0x08,
    0x84, 0x08, 0x84, 0x08, 0x84, 0x08, 0x84, 0x08, 0x84, 0x08, 0x84, 0x08, 0x84, 0x08, 0x84, 0x08,
    0x84, 0x08, 0x84, 0x08, 0x84, 0x08, 0x84, 0x08, 0x84, 0x08, 0x84, 0x08, 0x84, 0x08, 0x84, 0x08,
    0x84, 0x08, 0x84, 0x08, 0x84, 0x08, 0x84, 0x08, 0x84, 0x08, 0x84, 0x08, 0x84, 0x08, 0x84, 0x08,
    0x84, 0x08, 0x84, 0x08, 0x84, 0x08, 0x84, 0x08, 0x84, 0x08, 0x84, 0x08, 0x84, 0x08, 0x84, 0x08,
    0x84, 0x08, 0x84, 0x08, 0x84, 0x08, 0x84, 0x08, 0x84, 0x08, 0x84, 0x08, 0x84, 0x08, 0xA4, 0x08,
    0xA4, 0x08, 0xA4, 0x08, 0xA4, 0x08, 0xA4, 0x08, 0xA4, 0x08, 0xA4, 0x08, 0xA4, 0x08, 0xA4, 0x08,
    0xA4, 0x08, 0xA4, 0x08, 0xA4, 0x08, 0xA4, 0x08, 0xA4, 0x08, 0xA4, 0x08, 0xA4, 0x08, 0xA4, 0x08,
    0xA4, 0x08, 0xA4, 0x08, 0x84, 0x08, 0x84, 0x08, 0x84, 0x08, 0x84, 0x08, 0x84, 0x08, 0x84, 0x08,
    0x84, 0x08, 0x84, 0x08, 0x84, 0x08, 0x84, 0x08, 0x84, 0x08, 0x84, 0x08, 0x84, 0x08, 0x84, 0x08,
    0x84, 0x08, 0x84, 0x08, 0x84, 0x08, 0x84, 0x08, 0x84, 0x08, 0x84, 0x08, 0x84, 0x08, 0x84, 0x08,
    0x84, 0x08, 0x84, 0x08, 0x84, 0x08, 0x84, 0x08, 0x84, 0x08, 0x84, 0x08, 0x84, 0x08, 0x84, 0x08,
    0x84, 0x08, 0x84, 0x08, 0x84, 0x08, 0x84, 0x08, 0x84, 0x08, 0x84, 0x08, 0x84, 0x08, 0x84, 0x08,
    0x84, 0x08, 0x84, 0x08, 0x84, 0x08, 0x84, 0x08, 0x84, 0x08, 0x84, 0x08, 0x84, 0x08, 0x84, 0x08,
    0x84, 0x08, 0x84, 0x08, 0x84, 0x08, 0x84, 0x08, 0x84, 0x08, 0x84, 0x08, 0x84, 0x08, 0x84, 0x08,
    0x84, 0x08, 0x84, 0x08, 0x84, 0x08, 0x84, 0x08, 0x84, 0x08, 0x84, 0x08, 0x84, 0x08, 0x84, 0x08,
    0x84, 0x08, 0x83, 0x08, 0x83, 0x08, 0x83, 0x08, 0x83, 0x08, 0x83, 0x08, 0x83, 0x08, 0x83, 0x08,
    0x83, 0x08, 0x83, 0x08, 0x83, 0x08, 0x83, 0x08, 0x83, 0x08, 0x83, 0x08, 0x83, 0x08, 0x83, 0x08,
    0x83, 0x08, 0x83, 0x08, 0x83, 0x08, 0x83, 0x08, 0x83, 0x08, 0x83, 0x08, 0x83, 0x08, 0x83, 0x08,
    0x83, 0x08, 0x83, 0x08, 0x83, 0x08, 0x83, 0x08, 0x83, 0x08, 0x63, 0x08, 0x63, 0x08, 0x63, 0x08,
    0x63, 0x08, 0x63, 0x08, 0x63, 0x08, 0x63, 0x08, 0x63, 0x08, 0x63, 0x08, 0x63, 0x08, 0x63, 0x08,
    0x63, 0x08, 0x63, 0x08, 0x63, 0x08, 0x63, 0x08, 0x63, 0x08, 0x63, 0x08, 0x63, 0x08, 0x63, 0x08,
    0x63, 0x08, 0x63, 0x08, 0x63, 0x08, 0x83, 0x08, 0x83, 0x08, 0x83, 0x08, 0x83, 0x08, 0x83, 0x08,
    0x83, 0x08, 0x83, 0x08, 0x83, 0x08, 0x83, 0x08, 0x83, 0x08, 0x83, 0x08, 0x83, 0x08, 0x83, 0x08,
    0x83, 0x08, 0x83, 0x08, 0x83, 0x08, 0x83, 0x08, 0x83, 0x08, 0x83, 0x08, 0x83, 0x08, 0x84, 0x08,
    0x84, 0x08, 0x84, 0x08, 0x84, 0x08, 0x84, 0x08, 0x84, 0x08, 0x84, 0x08, 0x84, 0x08, 0x84, 0x08,
    0x84, 0x08, 0x84, 0x08, 0x84, 0x08, 0x84, 0x08, 0x84, 0x08, 0x84, 0x08, 0x84, 0x08, 0x84, 0x08,
    0x84, 0x08, 0x84, 0x08, 0x84, 0x08, 0x84, 0x08, 0x84, 0x08, 0x84, 0x08, 0x84, 0x08, 0x84, 0x08,
    0x84, 0x08, 0x84, 0x08, 0x84, 0x08, 0x84, 0x08, 0x84, 0x08, 0x84, 0x08, 0x84, 0x08, 0x84, 0x08,
    0x84, 0x08, 0x84, 0x08, 0x84, 0x08, 0x84, 0x08, 0x84, 0x08, 0xA4, 0x08, 0xA4, 0x08, 0xA4, 0x08,
    0xA4, 0x08, 0xA4, 0x08, 0xA4, 0x08, 0xA4, 0x08, 0xA4, 0x08, 0xA4, 0x08, 0xA4, 0x08, 0xA4, 0x08,
    0xA4, 0x08, 0xA4, 0x08, 0xA4, 0x08, 0xA4, 0x08, 0xA4, 0x08, 0xA4, 0x08, 0xA4, 0x08, 0xA4, 0x08,
    0xA4, 0x08, 0xA4, 0x08, 0xA4, 0x08, 0xA4, 0x08, 0xA4, 0x08, 0xA4, 0x08, 0xA4, 0x08, 0xA4, 0x08,
    0xA4, 0x08, 0xA4, 0x08, 0xA4, 0x08, 0xA4, 0x08, 0xA4, 0x08, 0xA4, 0x08, 0xA4, 0x08, 0xA4, 0x08,
    0xA4, 0x08, 0xA4, 0x08, 0xA4, 0x08, 0xA4, 0x08, 0xA4, 0x08, 0xA4, 0x08, 0xA4, 0x08, 0xA4, 0x08,
    0xA4, 0x08, 0xA4, 0x08, 0xA4, 0x08, 0xA4, 0x08, 0xA4, 0x08, 0xA4, 0x08, 0xA4, 0x08, 0xA4, 0x08,
    0xA4, 0x08, 0xA4, 0x08, 0xA4, 0x08, 0xA4, 0x08, 0xA4, 0x08, 0xA4, 0x08, 0xA4, 0x08, 0xA4, 0x08,
    0xA4, 0x08, 0xA4, 0x08, 0xA4, 0x08, 0xA4, 0x08, 0xA4, 0x08, 0xA4, 0x08, 0xA4, 0x08, 0xA4, 0x08,
    0xA4, 0x08, 0xA4, 0x08, 0xA4, 0x08, 0xA4, 0x08, 0xA4, 0x08, 0xA4, 0x08, 0xA4, 0x08, 0xA4, 0x08,
    0xA4, 0x08, 0xA4, 0x08, 0xA4, 0x08, 0xA4, 0x08, 0xA4, 0x08, 0xA4, 0x08, 0xA4, 0x08, 0xA4, 0x08,
    0xA4, 0x08, 0xA4, 0x08, 0xA4, 0x08, 0xA4, 0x08, 0xA4, 0x08, 0xA4, 0x08, 0xA4, 0x08, 0xA4, 0x08,
    0xA4, 0x08, 0xA4, 0x08, 0xA4, 0x08, 0xA4, 0x08, 0xA4, 0x08, 0xA4, 0x08, 0xA4, 0x08, 0xA4, 0x08,
    0xA4, 0x08, 0xA4, 0x08, 0xA4, 0x08, 0xA4, 0x08, 0xA4, 0x08, 0xA4, 0x08, 0xA4, 0x08, 0xA4, 0x08,
    0xA4, 0x08, 0xA4, 0x08, 0xA4, 0x08, 0xA4, 0x08, 0xA4, 0x08, 0xA4, 0x08, 0xA4, 0x08, 0xA4, 0x08,
    0xA4, 0x08, 0xA4, 0x08, 0xA4, 0x08, 0xA4, 0x08, 0x84, 0x08, 0x84, 0x08, 0x84, 0x08, 0x84, 0x08,
    0x84, 0x08, 0x84, 0x08, 0x84, 0x08, 0x84, 0x08, 0x84, 0x08, 0x84, 0x08, 0x84, 0x08, 0x84, 0x08,
    0x84, 0x08, 0x84, 0x08, 0x84, 0x08, 0x84, 0x08, 0x84, 0x08, 0x84, 0x08, 0x84, 0x08, 0x84, 0x08,
    0x84, 0x08, 0x84, 0x08, 0x84, 0x08, 0x84, 0x08, 0x84, 0x08, 0x84, 0x08, 0x84, 0x08, 0x84, 0x08,
    0x84, 0x08, 0x84, 0x08, 0x84, 0x08, 0x84, 0x08, 0x84, 0x08, 0x84, 0x08, 0x84, 0x08, 0x84, 0x08,
    0x84, 0x08, 0x84, 0x08, 0x83, 0x08, 0x83, 0x08, 0x83, 0x08, 0x83, 0x08, 0x83, 0x08, 0x83, 0x08,
    0x83, 0x08, 0x83, 0x08, 0x83, 0x08, 0x83, 0x08, 0x83, 0x08, 0x83, 0x08, 0x83, 0x08, 0x83, 0x08,
    0x83, 0x08, 0x83, 0x08, 0x83, 0x08, 0x83, 0x08, 0x83, 0x08, 0x83, 0x08, 0x63, 0x08, 0x63, 0x08,
    0x63, 0x08, 0x63, 0x08, 0x63, 0x08, 0x63, 0x08, 0x63, 0x08, 0x63, 0x08, 0x63, 0x08, 0x63, 0x08,
    0x63, 0x08, 0x63, 0x08, 0x63, 0x08, 0x63, 0x08, 0x63, 0x08, 0x63, 0x08, 0x63, 0x08, 0x83, 0x08,
    0x83, 0x08, 0x83, 0x08, 0x83, 0x08, 0x83, 0x08, 0x83, 0x08, 0x83, 0x08, 0x83, 0x08, 0x83, 0x08,
    0x83, 0x08, 0x83, 0x08, 0x83, 0x08, 0x83, 0x08, 0x83, 0x08, 0x83, 0x08, 0x83, 0x08, 0x83, 0x08,
    0x83, 0x08, 0x83, 0x08, 0x83, 0x08, 0x83, 0x08, 0x83, 0x08, 0x83, 0x08, 0x83, 0x08, 0x83, 0x08,
    0x83, 0x08, 0x83, 0x08, 0x84, 0x08, 0x84, 0x08, 0x84, 0x08, 0x84, 0x08, 0x84, 0x08, 0x84, 0x08,
    0x84, 0x08, 0x84, 0x08, 0x84, 0x08, 0x84, 0x08, 0x84, 0x08, 0x84, 0x08, 0x84, 0x08, 0x84, 0x08,
    0x84, 0x08, 0x84, 0x08, 0x84, 0x08, 0x84, 0x08, 0x84, 0x08, 0x84, 0x08, 0x84, 0x08, 0x84, 0x08,
    0x84, 0x08, 0x84, 0x08, 0x84, 0x08, 0x84, 0x08, 0x84, 0x08, 0x84, 0x08, 0x84, 0x08, 0x84, 0x08,
    0x84, 0x08, 0x84, 0x08, 0x84, 0x08, 0x84, 0x08, 0x84, 0x08, 0x84, 0x08, 0x84, 0x08, 0x84, 0x08,
    0x84, 0x08, 0x84, 0x08, 0x84, 0x08, 0x84, 0x08, 0x84, 0x08, 0x84, 0x08, 0x84, 0x08, 0x84, 0x08,
    0x84, 0x08, 0x84, 0x08, 0xA4, 0x08, 0xA4, 0x08, 0xA4, 0x08, 0xA4, 0x08, 0xA4, 0x08, 0xA4, 0x08,
    0xA4, 0x08, 0xA4, 0x08, 0xA4, 0x08, 0xA4, 0x08, 0xA4, 0x08, 0xA4, 0x08, 0xA4, 0x08, 0xA4, 0x08,
    0xA4, 0x08, 0xA4, 0x08, 0xA4, 0x08, 0xA4, 0x08, 0xA4, 0x08, 0xA4, 0x08, 0xA4, 0x08, 0xA4, 0x08,
    0xA4, 0x08, 0xA4, 0x08, 0xA4, 0x08, 0xA4, 0x08, 0xA4, 0x08, 0xA4, 0x08, 0xA4, 0x08, 0xA4, 0x08,
    0xA4, 0x08, 0xA4, 0x08, 0xA4, 0x08, 0xA4, 0x08, 0xA4, 0x08, 0xA4, 0x08, 0xA4, 0x08, 0xA4, 0x08,
    0xA4, 0x08, 0xA4, 0x08, 0xA4, 0x08, 0xA4, 0x08, 0xA4, 0x08, 0xA4, 0x08, 0xA4, 0x08, 0xA4, 0x08,
    0xA4, 0x08, 0xA4, 0x08, 0xA4, 0x08, 0xA4, 0x08, 0xA4, 0x08, 0xA4, 0x08, 0xA4, 0x08, 0xA4, 0x08,
    0xA4, 0x08, 0xA4, 0x08, 0xA4, 0x08, 0xA4, 0x08, 0xA4, 0x08, 0xA4, 0x08, 0xA4, 0x08, 0x84, 0x08,
    0x84, 0x08, 0x84, 0x08, 0x84, 0x08, 0x84, 0x08, 0x84, 0x08, 0x84, 0x08, 0x84, 0x08, 0x84, 0x08,
    0x84, 0x08, 0x84, 0x08, 0x84, 0x08, 0x84, 0x08, 0x84, 0x08, 0x84, 0x08, 0x84, 0x08, 0x84, 0x08,
    0x84, 0x08, 0x84, 0x08, 0x84, 0x08, 0x84, 0x08, 0x84, 0x08, 0x84, 0x08, 0x84, 0x08, 0x84, 0x08,
    0x84, 0x08, 0x84, 0x08, 0x84, 0x08, 0x84, 0x08, 0x84, 0x08, 0x84, 0x08, 0x84, 0x08, 0x84, 0x08,
    0x84, 0x08, 0x84, 0x08, 0x84, 0x08, 0x84, 0x08, 0x84, 0x08, 0x84, 0x08, 0x84, 0x08, 0x84, 0x08,
    0x84, 0x08, 0x84, 0x08, 0x84, 0x08, 0x84, 0x08, 0x84, 0x08, 0x84, 0x08, 0x84, 0x08, 0x83, 0x08,
    0x83, 0x08, 0x83, 0x08, 0x83, 0x08, 0x83, 0x08, 0x83, 0x08, 0x83, 0x08, 0x83, 0x08, 0x83, 0x08,
    0x83, 0x08, 0x83, 0x08, 0x83, 0x08, 0x83, 0x08, 0x83, 0x08, 0x83, 0x08, 0x83, 0x08, 0x83, 0x08,
    0x83, 0x08, 0x83, 0x08, 0x83, 0x08, 0x83, 0x08, 0x83, 0x08, 0x83, 0x08, 0x83, 0x08, 0x83, 0x08,
    0x83, 0x08, 0x83, 0x08, 0x63, 0x08, 0x63, 0x08, 0x63, 0x08, 0x63, 0x08, 0x63, 0x08, 0x63, 0x08,
    0x63, 0x08, 0x63, 0x08, 0x63, 0x08, 0x63, 0x08, 0x63, 0x08, 0x63, 0x08, 0x63, 0x08, 0x63, 0x08,
    0x63, 0x08, 0x63, 0x08, 0x63, 0x08, 0x63, 0x08, 0x63, 0x08, 0x63, 0x08, 0x63, 0x08, 0x63, 0x08,
    0x63, 0x08, 0x63, 0x08, 0x63, 0x08, 0x63, 0x08, 0x63, 0x08, 0x83, 0x08, 0x83, 0x08, 0x83, 0x08,
    0x83, 0x08, 0x83, 0x08, 0x83, 0x08, 0x83, 0x08, 0x83, 0x08, 0x83, 0x08, 0x83, 0x08, 0x83, 0x08,
    0x83, 0x08, 0x83, 0x08, 0x83, 0x08, 0x83, 0x08, 0x83, 0x08, 0x83, 0x08, 0x83, 0x08, 0x83, 0x08,
    0x83, 0x08, 0x83, 0x08, 0x83, 0x08, 0x83, 0x08, 0x83, 0x08, 0x83, 0x08, 0x83, 0x08, 0x84, 0x08,
    0x84, 0x08, 0x84, 0x08, 0x84, 0x08, 0x84, 0x08, 0x84, 0x08, 0x84, 0x08, 0x84, 0x08, 0x84, 0x08,
    0x84, 0x08, 0x84, 0x08, 0x84, 0x08, 0x84, 0x08, 0x84, 0x08, 0x84, 0x08, 0x84, 0x08, 0x84, 0x08,
    0x84, 0x08, 0x84, 0x08, 0x84, 0x08, 0x84, 0x08, 0x84, 0x08, 0x84, 0x08, 0x84, 0x08, 0x84, 0x08,
    0x84, 0x08, 0x84, 0x08, 0x84, 0x08, 0x84, 0x08, 0x84, 0x08, 0x84, 0x08, 0x84, 0x08, 0x84, 0x08,
    0x84, 0x08, 0x84, 0x08, 0x84, 0x08, 0x84, 0x08, 0x84, 0x08, 0x84, 0x08, 0x84, 0x08, 0x84, 0x08,
    0x84, 0x08, 0x84, 0x08, 0x84, 0x08, 0xA4, 0x08, 0xA4, 0x08, 0xA4, 0x08, 0xA4, 0x08, 0xA4, 0x08,
    0xA4, 0x08, 0xA4, 0x08, 0xA4, 0x08, 0xA4, 0x08, 0xA4, 0x08, 0xA4, 0x08, 0xA4, 0x08, 0xA4, 0x08,
    0xA4, 0x08, 0xA4, 0x08, 0xA4, 0x08, 0xA4, 0x08, 0xA4, 0x08, 0xA4, 0x08, 0xA4, 0x08, 0xA4, 0x08,
    0xA4, 0x08, 0xA4, 0x08, 0xA4, 0x08, 0xA4, 0x08, 0xA4, 0x08, 0xA4, 0x08, 0xA4, 0x08, 0xA4, 0x08,
    0xA4, 0x08, 0xA4, 0x08, 0xA4, 0x08, 0xA4, 0x08, 0xA4, 0x08, 0xA4, 0x08, 0xA4, 0x08, 0xA4, 0x08,
    0xA4, 0x08, 0xA4, 0x08, 0xA4, 0x08, 0xA4, 0x08, 0xA4, 0x08, 0xA4, 0x08, 0xA4, 0x08, 0xA4, 0x08,
    0xA4, 0x08, 0xA4, 0x08, 0xA4, 0x08, 0xA4, 0x08, 0xA4, 0x08, 0xA4, 0x08, 0xA4, 0x08, 0xA4, 0x08,
    0xA4, 0x08, 0xA4, 0x08, 0xA4, 0x08, 0xA4, 0x08, 0xA4, 0x08, 0xA4, 0x08, 0xA4, 0x08, 0xA4, 0x08,
    0xA4, 0x08, 0xA4, 0x08, 0xA4, 0x08, 0xA4, 0x08, 0xA4, 0x08, 0xA4, 0x08, 0xA4, 0x08, 0xA4, 0x08,
    0xA4, 0x08, 0xA4, 0x08, 0xA4, 0x08, 0xA4, 0x08, 0xA4, 0x08, 0xA4, 0x08, 0x84, 0x08, 0x84, 0x08,
    0x84, 0x08, 0x84, 0x08, 0x84, 0x08, 0x84, 0x08, 0x84, 0x08, 0x84, 0x08, 0x84, 0x08, 0x84, 0x08,
    0x84, 0x08, 0x84, 0x08, 0x84, 0x08, 0x84, 0x08, 0x84, 0x08, 0x84, 0x08, 0x84, 0x08, 0x84, 0x08,
    0x84, 0x08, 0x84, 0x08, 0x84, 0x08, 0x84, 0x08, 0x84, 0x08, 0x84, 0x08, 0x84, 0x08, 0x84, 0x08,
    0x84, 0x08, 0x84, 0x08, 0x84, 0x08, 0x84, 0x08, 0x84, 0x08, 0x84, 0x08, 0x84, 0x08, 0x84, 0x08,
    0x84, 0x08, 0x84, 0x08, 0x84, 0x08, 0x84, 0x08, 0x84, 0x08, 0x84, 0x08, 0x84, 0x08, 0x84, 0x08,
    0x84, 0x08, 0x84, 0x08, 0x83, 0x08, 0x83, 0x08, 0x83, 0x08, 0x83, 0x08, 0x83, 0x08, 0x83, 0x08,
    0x83, 0x08, 0x83, 0x08, 0x83, 0x08, 0x83, 0x08, 0x83, 0x08, 0x83, 0x08, 0x83, 0x08, 0x83, 0x08,
    0x83, 0x08, 0x83, 0x08, 0x83, 0x08, 0x83, 0x08, 0x83, 0x08, 0x83, 0x08, 0x83, 0x08, 0x83, 0x08,
    0x83, 0x08, 0x83, 0x08, 0x83, 0x08, 0x83, 0x08, 0x63, 0x08, 0x63, 0x08, 0x63, 0x08, 0x63, 0x08,
    0x63, 0x08, 0x63, 0x08, 0x63, 0x08, 0x63, 0x08, 0x63, 0x08, 0x63, 0x08, 0x63, 0x08, 0x63, 0x08,
    0x83, 0x08, 0x83, 0x08, 0x83, 0x08, 0x83, 0x08, 0x83, 0x08, 0x83, 0x08, 0x83, 0x08, 0x83, 0x08,
    0x83, 0x08, 0x83, 0x08, 0x83, 0x08, 0x83, 0x08, 0x83, 0x08, 0x83, 0x08, 0x83, 0x08, 0x83, 0x08,
    0x84, 0x08, 0x84, 0x08, 0x84, 0x08, 0x84, 0x08, 0x84, 0x08, 0x84, 0x08, 0x84, 0x08, 0x84, 0x08,
    0x84, 0x08, 0x84, 0x08, 0x84, 0x08, 0x84, 0x08, 0x84, 0x08, 0x84, 0x08, 0x84, 0x08, 0x84, 0x08,
    0x84, 0x08, 0x84, 0x08, 0x84, 0x08, 0x84, 0x08, 0x84, 0x08, 0x84, 0x08, 0x84, 0x08, 0x84, 0x08,
    0x84, 0x08, 0x84, 0x08, 0x84, 0x08, 0x84, 0x08, 0x84, 0x08, 0x84, 0x08, 0x84, 0x08, 0x84, 0x08,
    0x84, 0x08, 0x84, 0x08, 0x84, 0x08, 0xA4, 0x08, 0xA4, 0x08, 0xA4, 0x08, 0xA4, 0x08, 0xA4, 0x08,
    0xA4, 0x08, 0xA4, 0x08, 0xA4, 0x08, 0xA4, 0x08, 0xA4, 0x08, 0xA4, 0x08, 0xA4, 0x08, 0xA4, 0x08,
    0xA4, 0x08, 0xA4, 0x08, 0xA4, 0x08, 0xA4, 0x08, 0xA4, 0x08, 0xA4, 0x08, 0xA4, 0x08, 0xA4, 0x08,
    0xA4, 0x08, 0xA4, 0x08, 0xA4, 0x08, 0xA4, 0x08, 0xA4, 0x08, 0xA4, 0x08, 0xA4, 0x08, 0xA4, 0x08,
    0xA4, 0x08, 0xA4, 0x08, 0xA4, 0x08, 0xA4, 0x08, 0xA4, 0x08, 0xA4, 0x08, 0xA4, 0x08, 0xA4, 0x08,
    0xA4, 0x08, 0xA4, 0x08, 0xA4, 0x08, 0xA4, 0x08, 0xA4, 0x08, 0xA4, 0x08, 0xA4, 0x08, 0xA4, 0x08,
    0xA4, 0x08, 0xA4, 0x08, 0xA4, 0x08, 0xA4, 0x08, 0xA4, 0x08, 0xA4, 0x08, 0xA4, 0x08, 0xA4, 0x08,
    0xA4, 0x08, 0xA4, 0x08, 0xA4, 0x08, 0xA4, 0x08, 0xA4, 0x08, 0xA4, 0x08, 0xA4, 0x08, 0xA4, 0x08,
    0xA4, 0x08, 0xA4, 0x08, 0xA4, 0x08, 0xA4, 0x08, 0xA4, 0x08, 0xA4, 0x08, 0xA4, 0x08, 0xA4, 0x08,
    0xA4, 0x08, 0xA4, 0x08, 0xA4, 0x08, 0xA4, 0x08, 0xA4, 0x08, 0xA4, 0x08, 0xA4, 0x08, 0xA4, 0x08,
    0xA4, 0x08, 0xA4, 0x08, 0xA4, 0x08, 0xA4, 0x08, 0xA4, 0x08, 0xA4, 0x08, 0xA4, 0x08, 0xA4, 0x08,
    0xA4, 0x08, 0xA4, 0x08, 0xA4, 0x08, 0xA4, 0x08, 0xA4, 0x08, 0xA4, 0x08, 0xA4, 0x08, 0xA4, 0x08,
    0xA4, 0x08, 0xA4, 0x08, 0xA4, 0x08, 0xA4, 0x08, 0xA4, 0x08, 0xA4, 0x08, 0xA4, 0x08, 0xA4, 0x08,
    0xA4, 0x08, 0xA4, 0x08, 0xA4, 0x08, 0xA4, 0x08, 0xA4, 0x08, 0xA4, 0x08, 0xA4, 0x08, 0xA4, 0x08,
    0xA4, 0x08, 0xA4, 0x08, 0xA4, 0x08, 0xA4, 0x08, 0xA4, 0x08, 0xA4, 0x08, 0xA4, 0x08, 0xA4, 0x08,
    0xA4, 0x08, 0xA4, 0x08, 0xA4, 0x08, 0xA4, 0x08, 0xA4, 0x08, 0xA4, 0x08, 0xA4, 0x08, 0xA4, 0x08,
    0xA4, 0x08, 0xA4, 0x08, 0xA4, 0x08, 0xA4, 0x08, 0xA4, 0x08, 0xA4, 0x08, 0xA4, 0x08, 0xA4, 0x08,
    0xA4, 0x08, 0xA4, 0x08, 0xA4, 0x08, 0xA4, 0x08, 0xA4, 0x08, 0xA4, 0x08, 0x84, 0x08, 0x84, 0x08,
    0x84, 0x08, 0x84, 0x08, 0x84, 0x08, 0x84, 0x08, 0x84, 0x08, 0x84, 0x08, 0x84, 0x08, 0x84, 0x08,
    0x84, 0x08, 0x84, 0x08, 0x84, 0x08, 0x84, 0x08, 0x84, 0x08, 0x84, 0x08, 0x84, 0x08, 0x84, 0x08,
    0x84, 0x08, 0x84, 0x08, 0x84, 0x08, 0x84, 0x08, 0x84, 0x08, 0x84, 0x08, 0x84, 0x08, 0x84, 0x08,
    0x84, 0x08, 0x84, 0x08, 0x84, 0x08, 0x84, 0x08, 0x84, 0x08, 0x84, 0x08, 0x84, 0x08, 0x84, 0x08,
    0x84, 0x08, 0x83, 0x08, 0x83, 0x08, 0x83, 0x08, 0x83, 0x08, 0x83, 0x08, 0x83, 0x08, 0x83, 0x08,
    0x83, 0x08, 0x83, 0x08, 0x83, 0x08, 0x83, 0x08, 0x83, 0x08, 0x83, 0x08, 0x83, 0x08, 0x83, 0x08,
    0x63, 0x08, 0x63, 0x08, 0x63, 0x08, 0x63, 0x08, 0x63, 0x08, 0x63, 0x08, 0x63, 0x08, 0x63, 0x08,
    0x63, 0x08, 0x83, 0x08, 0x83, 0x08, 0x83, 0x08, 0x83, 0x08, 0x83, 0x08, 0x83, 0x08, 0x83, 0x08,
    0x83, 0x08, 0x83, 0x08, 0x83, 0x08, 0x83, 0x08, 0x83, 0x08, 0x83, 0x08, 0x83, 0x08, 0x83, 0x08,
    0x83, 0x08, 0x83, 0x08, 0x83, 0x08, 0x83, 0x08, 0x83, 0x08, 0x83, 0x08, 0x83, 0x08, 0x83, 0x08,
    0x83, 0x08, 0x84, 0x08, 0x84, 0x08, 0x84, 0x08, 0x84, 0x08, 0x84, 0x08, 0x84, 0x08, 0x84, 0x08,
    0x84, 0x08, 0x84, 0x08, 0x84, 0x08, 0x84, 0x08, 0x84, 0x08, 0x84, 0x08, 0x84, 0x08, 0x84, 0x08,
    0x84, 0x08, 0x84, 0x08, 0x84, 0x08, 0x84, 0x08, 0x84, 0x08, 0x84, 0x08, 0x84, 0x08, 0x84, 0x08,
    0x84, 0x08, 0x84, 0x08, 0x84, 0x08, 0x84, 0x08, 0x84, 0x08, 0x84, 0x08, 0x84, 0x08, 0x84, 0x08,
    0x84, 0x08, 0x84, 0x08, 0x84, 0x08, 0x84, 0x08, 0x84, 0x08, 0x84, 0x08, 0x84, 0x08, 0x84, 0x08,
    0x84, 0x08, 0xA4, 0x08, 0xA4, 0x08, 0xA4, 0x08, 0xA4, 0x08, 0xA4, 0x08, 0xA4, 0x08, 0xA4, 0x08,
    0xA4, 0x08, 0xA4, 0x08, 0xA4, 0x08, 0xA4, 0x08, 0xA4, 0x08, 0xA4, 0x08, 0xA4, 0x08, 0xA4, 0x08,
    0xA4, 0x08, 0xA4, 0x08, 0xA4, 0x08, 0xA4, 0x08, 0xA4, 0x08, 0xA4, 0x08, 0xA4, 0x08, 0xA4, 0x08,
    0xA4, 0x08, 0xA4, 0x08, 0xA4, 0x08, 0xA4, 0x08, 0xA4, 0x08, 0xA4, 0x08, 0xA4, 0x08, 0xA4, 0x08,
    0xA4, 0x08, 0xA4, 0x08, 0xA4, 0x08, 0xA4, 0x08, 0xA4, 0x08, 0xA4, 0x08, 0xA4, 0x08, 0xA4, 0x08,
    0xA4, 0x08, 0xA4, 0x08, 0xA4, 0x08, 0xA4, 0x08, 0xA4, 0x08, 0xA4, 0x08, 0xA4, 0x08, 0xA4, 0x08,
    0xA4, 0x08, 0xA4, 0x08, 0xA4, 0x08, 0xA4, 0x08, 0xA4, 0x08, 0xA4, 0x08, 0xA4, 0x08, 0xA4, 0x08,
    0xA4, 0x08, 0xA4, 0x08, 0xA4, 0x08, 0xA4, 0x08, 0xA4, 0x08, 0xA4, 0x08, 0xA4, 0x08, 0xA4, 0x08,
    0xA4, 0x08, 0xA4, 0x08, 0xA4, 0x08, 0xA4, 0x08, 0xA4, 0x08, 0xA4, 0x08, 0xA4, 0x08, 0xA4, 0x08,
    0xA4, 0x08, 0xA4, 0x08, 0xA4, 0x08, 0xA4, 0x08, 0xA4, 0x08, 0xA4, 0x08, 0xA4, 0x08, 0xA4, 0x08,
    0xA4, 0x08, 0xA4, 0x08, 0xA4, 0x08, 0xA4, 0x08, 0xA4, 0x08, 0xA4, 0x08, 0xA4, 0x08, 0xA4, 0x08,
    0xA4, 0x08, 0xA4, 0x08, 0xA4, 0x08, 0xA4, 0x08, 0xA4, 0x08, 0xA4, 0x08, 0xA4, 0x08, 0xA4, 0x08,
    0x84, 0x08, 0x84, 0x08, 0x84, 0x08, 0x84, 0x08, 0x84, 0x08, 0x84, 0x08, 0x84, 0x08, 0x84, 0x08,
    0x84, 0x08, 0x84, 0x08, 0x84, 0x08, 0x84, 0x08, 0x84, 0x08, 0x84, 0x08, 0x84, 0x08, 0x84, 0x08,
    0x84, 0x08, 0x84, 0x08, 0x84, 0x08, 0x84, 0x08, 0x84, 0x08, 0x84, 0x08, 0x84, 0x08, 0x84, 0x08,
    0x84, 0x08, 0x84, 0x08, 0x84, 0x08, 0x84, 0x08, 0x84, 0x08, 0x84, 0x08, 0x84, 0x08, 0x84, 0x08,
    0x84, 0x08, 0x84, 0x08, 0x84, 0x08, 0x84, 0x08, 0x84, 0x08, 0x84, 0x08, 0x84, 0x08, 0x84, 0x08,
    0x83, 0x08, 0x83, 0x08, 0x83, 0x08, 0x83, 0x08, 0x83, 0x08, 0x83, 0x08, 0x83, 0x08, 0x83, 0x08,
    0x83, 0x08, 0x83, 0x08, 0x83, 0x08, 0x83, 0x08, 0x83, 0x08, 0x83, 0x08, 0x83, 0x08, 0x83, 0x08,
    0x83, 0x08, 0x83, 0x08, 0x83, 0x08, 0x83, 0x08, 0x83, 0x08, 0x83, 0x08, 0x83, 0x08, 0x83, 0x08,
    0x63, 0x08, 0x63, 0x08, 0x63, 0x08, 0x63, 0x08, 0x63, 0x08, 0x63, 0x08, 0x63, 0x08, 0x63, 0x08,
    0x63, 0x08, 0x63, 0x08, 0x63, 0x08, 0x63, 0x08, 0x63, 0x08, 0x63, 0x08, 0x63, 0x08, 0x83, 0x08,
    0x83, 0x08, 0x83, 0x08, 0x83, 0x08, 0x83, 0x08, 0x83, 0x08, 0x83, 0x08, 0x83, 0x08, 0x83, 0x08,
    0x83, 0x08, 0x83, 0x08, 0x83, 0x08, 0x83, 0x08, 0x83, 0x08, 0x83, 0x08, 0x83, 0x08, 0x83, 0x08,
    0x83, 0x08, 0x83, 0x08, 0x83, 0x08, 0x83, 0x08, 0x83, 0x08, 0x83, 0x08, 0x84, 0x08, 0x84, 0x08,
    0x84, 0x08, 0x84, 0x08, 0x84, 0x08, 0x84, 0x08, 0x84, 0x08, 0x84, 0x08, 0x84, 0x08, 0x84, 0x08,
    0x84, 0x08, 0x84, 0x08, 0x84, 0x08, 0x84, 0x08, 0x84, 0x08, 0x84, 0x08, 0x84, 0x08, 0x84, 0x08,
    0x84, 0x08, 0x84, 0x08, 0x84, 0x08, 0x84, 0x08, 0x84, 0x08, 0x84, 0x08, 0x84, 0x08, 0x84, 0x08,
    0x84, 0x08, 0x84, 0x08, 0x84, 0x08, 0x84, 0x08, 0x84, 0x08, 0x84, 0x08, 0x84, 0x08, 0x84, 0x08,
    0x84, 0x08, 0x84, 0x08, 0x84, 0x08, 0x84, 0x08, 0x84, 0x08, 0xA4, 0x08, 0xA4, 0x08, 0xA4, 0x08,
    0xA4, 0x08, 0xA4, 0x08, 0xA4, 0x08, 0xA4, 0x08, 0xA4, 0x08, 0xA4, 0x08, 0xA4, 0x08, 0xA4, 0x08,
    0xA4, 0x08, 0xA4, 0x08, 0xA4, 0x08, 0xA4, 0x08, 0xA4, 0x08, 0xA4, 0x08, 0xA4, 0x08, 0xA4, 0x08,
    0xA4, 0x08, 0xA4, 0x08, 0xA4, 0x08, 0xA4, 0x08, 0xA4, 0x08, 0xA4, 0x08, 0xA4, 0x08, 0xA4, 0x08,
    0xA4, 0x08, 0xA4, 0x08, 0xA4, 0x08, 0xA4, 0x08, 0xA4, 0x08, 0xA4, 0x08, 0xA4, 0x08, 0xA4, 0x08,
    0xA4, 0x08, 0xA4, 0x08, 0xA4, 0x08, 0xA4, 0x08, 0xA4, 0x08, 0xA4, 0x08, 0xA4, 0x08, 0xA4, 0x08,
    0xA4, 0x08, 0xA4, 0x08, 0xA4, 0x08, 0xA4, 0x08, 0xA4, 0x08, 0xA4, 0x08, 0xA4, 0x08, 0xA4, 0x08,
    0xA4, 0x08, 0xA4, 0x08, 0xA4, 0x08, 0xA4, 0x08, 0xA4, 0x08, 0xA4, 0x08, 0xA4, 0x08, 0xA4, 0x08,
    0xA4, 0x08, 0xA4, 0x08, 0xA4, 0x08, 0xA4, 0x08, 0xA4, 0x08, 0xA4, 0x08, 0xA4, 0x08, 0xA4, 0x08,
    0xA4, 0x08, 0xA4, 0x08, 0xA4, 0x08, 0xA4, 0x08, 0xA4, 0x08, 0xA4, 0x08, 0xA4, 0x08, 0xA4, 0x08,
    0xA4, 0x08, 0xA4, 0x08, 0xA4, 0x08, 0xA4, 0x08, 0xA4, 0x08, 0xA4, 0x08, 0xA4, 0x08, 0xA4, 0x08,
    0xA4, 0x08, 0xA4, 0x08, 0xA4, 0x08, 0xA4, 0x08, 0xA4, 0x08, 0xA4, 0x08, 0xA4, 0x08, 0xA4, 0x08,
    0xA4, 0x08, 0xA4, 0x08, 0xA4, 0x08, 0xA4, 0x08, 0xA4, 0x08, 0xA4, 0x08, 0xA4, 0x08, 0xA4, 0x08,
    0xA4, 0x08, 0xA4, 0x08, 0xA4, 0x08, 0xA4, 0x08, 0x84, 0x08, 0x84, 0x08, 0x84, 0x08, 0x84, 0x08,
    0x84, 0x08, 0x84, 0x08, 0x84, 0x08, 0x84, 0x08, 0x84, 0x08, 0x84, 0x08, 0x84, 0x08, 0x84, 0x08,
    0x84, 0x08, 0x84, 0x08, 0x84, 0x08, 0x84, 0x08, 0x84, 0x08, 0x84, 0x08, 0x84, 0x08, 0x84, 0x08,
    0x84, 0x08, 0x84, 0x08, 0x84, 0x08, 0x84, 0x08, 0x84, 0x08, 0x84, 0x08, 0x84, 0x08, 0x84, 0x08,
    0x84, 0x08, 0x84, 0x08, 0x84, 0x08, 0x84, 0x08, 0x84, 0x08, 0x84, 0x08, 0x84, 0x08, 0x84, 0x08,
    0x84, 0x08, 0x84, 0x08, 0x84, 0x08, 0x83, 0x08, 0x83, 0x08, 0x83, 0x08, 0x83, 0x08, 0x83, 0x08,
    0x83, 0x08, 0x83, 0x08, 0x83, 0x08, 0x83, 0x08, 0x83, 0x08, 0x83, 0x08, 0x83, 0x08, 0x83, 0x08,
    0x83, 0x08, 0x83, 0x08, 0x83, 0x08, 0x83, 0x08, 0x83, 0x08, 0x83, 0x08, 0x83, 0x08, 0x83, 0x08,
    0x83, 0x08, 0x83, 0x08, 0x63, 0x08, 0x63, 0x08, 0x63, 0x08, 0x63, 0x08, 0x63, 0x08, 0x63, 0x08,
    0x83, 0x08, 0x83, 0x08, 0x83, 0x08, 0x83, 0x08, 0x83, 0x08, 0x83, 0x08, 0x83, 0x08, 0x83, 0x08,
    0x83, 0x08, 0x84, 0x08, 0x84, 0x08, 0x84, 0x08, 0x84, 0x08, 0x84, 0x08, 0x84, 0x08, 0x84, 0x08,
    0x84, 0x08, 0x84, 0x08, 0x84, 0x08, 0x84, 0x08, 0x84, 0x08, 0x84, 0x08, 0x84, 0x08, 0x84, 0x08,
    0x84, 0x08, 0x84, 0x08, 0x84, 0x08, 0x84, 0x08, 0x84, 0x08, 0x84, 0x08, 0x84, 0x08, 0x84, 0x08,
    0x84, 0x08, 0x84, 0x08, 0x84, 0x08, 0x84, 0x08, 0x84, 0x08, 0x84, 0x08, 0x84, 0x08, 0x84, 0x08,
    0x84, 0x08, 0x84, 0x08, 0xA4, 0x08, 0xA4, 0x08, 0xA4, 0x08, 0xA4, 0x08, 0xA4, 0x08, 0xA4, 0x08,
    0xA4, 0x08, 0xA4, 0x08, 0xA4, 0x08, 0xA4, 0x08, 0xA4, 0x08, 0xA4, 0x08, 0xA4, 0x08, 0xA4, 0x08,
    0xA4, 0x08, 0xA4, 0x08, 0xA4, 0x08, 0xA4, 0x08, 0xA4, 0x08, 0xA4, 0x08, 0xA4, 0x08, 0xA4, 0x08,
    0xA4, 0x08, 0xA4, 0x08, 0xA4, 0x08, 0xA4, 0x08, 0xA4, 0x08, 0xA4, 0x08, 0xA4, 0x08, 0xA4, 0x08,
    0xA4, 0x08, 0xA4, 0x08, 0xA4, 0x08, 0xA4, 0x08, 0xA4, 0x08, 0xA4, 0x08, 0xA4, 0x08, 0xA4, 0x08,
    0xA4, 0x08, 0xA4, 0x08, 0xA4, 0x08, 0xA4, 0x08, 0xA4, 0x08, 0xA4, 0x08, 0xA4, 0x08, 0xA4, 0x08,
    0xA4, 0x08, 0xA4, 0x08, 0xA4, 0x08, 0xA4, 0x08, 0xA4, 0x08, 0xA4, 0x08, 0xA4, 0x08, 0xA4, 0x08,
    0xA4, 0x08, 0xA4, 0x08, 0xA4, 0x08, 0xA4, 0x08, 0xA4, 0x08, 0xA4, 0x08, 0xA4, 0x08, 0xA4, 0x08,
    0xA4, 0x08, 0xA4, 0x08, 0xA4, 0x08, 0xA4, 0x08, 0xA4, 0x08, 0xA5, 0x08, 0xA5, 0x08, 0xA5, 0x08,
    0xA5, 0x08, 0xA5, 0x08, 0xA5, 0x08, 0xA5, 0x08, 0xA5, 0x08, 0xA5, 0x08, 0xA5, 0x08, 0xA5, 0x08,
    0xA5, 0x08, 0xA5, 0x08, 0xA5, 0x08, 0xA5, 0x08, 0xA5, 0x08, 0xA5, 0x08, 0xA5, 0x08, 0xA5, 0x08,
    0xA5, 0x08, 0xA5, 0x08, 0xA5, 0x08, 0xA5, 0x08, 0xA4, 0x08, 0xA4, 0x08, 0xA4, 0x08, 0xA4, 0x08,
    0xA4, 0x08, 0xA4, 0x08, 0xA4, 0x08, 0xA4, 0x08, 0xA4, 0x08, 0xA4, 0x08, 0xA4, 0x08, 0xA4, 0x08,
    0xA4, 0x08, 0xA4, 0x08, 0xA4, 0x08, 0xA4, 0x08, 0xA4, 0x08, 0xA4, 0x08, 0xA4, 0x08, 0xA4, 0x08,
    0xA4, 0x08, 0xA4, 0x08, 0xA4, 0x08, 0xA4, 0x08, 0xA4, 0x08, 0xA4, 0x08, 0xA4, 0x08, 0xA4, 0x08,
    0xA4, 0x08, 0xA4, 0x08, 0xA4, 0x08, 0xA4, 0x08, 0xA4, 0x08, 0xA4, 0x08, 0xA4, 0x08, 0xA4, 0x08,
    0xA4, 0x08, 0xA4, 0x08, 0xA4, 0x08, 0xA4, 0x08, 0xA4, 0x08, 0xA4, 0x08, 0xA4, 0x08, 0xA4, 0x08,
    0xA4, 0x08, 0xA4, 0x08, 0xA4, 0x08, 0xA4, 0x08, 0xA4, 0x08, 0xA4, 0x08, 0xA4, 0x08, 0xA4, 0x08,
    0xA4, 0x08, 0xA4, 0x08, 0xA4, 0x08, 0xA4, 0x08, 0xA4, 0x08, 0xA4, 0x08, 0xA4, 0x08, 0xA4, 0x08,
    0xA4, 0x08, 0xA4, 0x08, 0xA4, 0x08, 0xA4, 0x08, 0xA4, 0x08, 0xA4, 0x08, 0xA4, 0x08, 0x84, 0x08,
    0x84, 0x08, 0x84, 0x08, 0x84, 0x08, 0x84, 0x08, 0x84, 0x08, 0x84, 0x08, 0x84, 0x08, 0x84, 0x08,
    0x84, 0x08, 0x84, 0x08, 0x84, 0x08, 0x84, 0x08, 0x84, 0x08, 0x84, 0x08, 0x84, 0x08, 0x84, 0x08,
    0x84, 0x08, 0x84, 0x08, 0x84, 0x08, 0x84, 0x08, 0x84, 0x08, 0x84, 0x08, 0x84, 0x08, 0x84, 0x08,
    0x84, 0x08, 0x84, 0x08, 0x84, 0x08, 0x84, 0x08, 0x84, 0x08, 0x84, 0x08, 0x84, 0x08, 0x84, 0x08,
    0x83, 0x08, 0x83, 0x08, 0x83, 0x08, 0x83, 0x08, 0x83, 0x08, 0x83, 0x08, 0x83, 0x08, 0x83, 0x08,
    0x63, 0x08, 0x63, 0x08, 0x63, 0x08, 0x83, 0x08, 0x83, 0x08, 0x83, 0x08, 0x83, 0x08, 0x83, 0x08,
    0x83, 0x08, 0x83, 0x08, 0x83, 0x08, 0x83, 0x08, 0x83, 0x08, 0x83, 0x08, 0x83, 0x08, 0x83, 0x08,
    0x83, 0x08, 0x83, 0x08, 0x83, 0x08, 0x83, 0x08, 0x83, 0x08, 0x83, 0x08, 0x83, 0x08, 0x83, 0x08,
    0x83, 0x08, 0x84, 0x08, 0x84, 0x08, 0x84, 0x08, 0x84, 0x08, 0x84, 0x08, 0x84, 0x08, 0x84, 0x08,
    0x84, 0x08, 0x84, 0x08, 0x84, 0x08, 0x84, 0x08, 0x84, 0x08, 0x84, 0x08, 0x84, 0x08, 0x84, 0x08,
    0x84, 0x08, 0x84, 0x08, 0x84, 0x08, 0x84, 0x08, 0x84, 0x08, 0x84, 0x08, 0x84, 0x08, 0x84, 0x08,
    0x84, 0x08, 0x84, 0x08, 0x84, 0x08, 0x84, 0x08, 0x84, 0x08, 0x84, 0x08, 0x84, 0x08, 0x84, 0x08,
    0x84, 0x08, 0x84, 0x08, 0x84, 0x08, 0x84, 0x08, 0x84, 0x08, 0xA4, 0x08, 0xA4, 0x08, 0xA4, 0x08,
    0xA4, 0x08, 0xA4, 0x08, 0xA4, 0x08, 0xA4, 0x08, 0xA4, 0x08, 0xA4, 0x08, 0xA4, 0x08, 0xA4, 0x08,
    0xA4, 0x08, 0xA4, 0x08, 0xA4, 0x08, 0xA4, 0x08, 0xA4, 0x08, 0xA4, 0x08, 0xA4, 0x08, 0xA4, 0x08,
    0xA4, 0x08, 0xA4, 0x08, 0xA4, 0x08, 0xA4, 0x08, 0xA4, 0x08, 0xA4, 0x08, 0xA4, 0x08, 0xA4, 0x08,
    0xA4, 0x08, 0xA4, 0x08, 0xA4, 0x08, 0xA4, 0x08, 0xA4, 0x08, 0xA4, 0x08, 0xA4, 0x08, 0xA4, 0x08,
    0xA4, 0x08, 0xA4, 0x08, 0xA4, 0x08, 0xA4, 0x08, 0xA4, 0x08, 0xA4, 0x08, 0xA4, 0x08, 0xA4, 0x08,
    0xA4, 0x08, 0xA4, 0x08, 0xA4, 0x08, 0xA4, 0x08, 0xA4, 0x08, 0xA4, 0x08, 0xA4, 0x08, 0xA4, 0x08,
    0xA4, 0x08, 0xA4, 0x08, 0xA4, 0x08, 0xA4, 0x08, 0xA4, 0x08, 0xA4, 0x08, 0xA4, 0x08, 0xA4, 0x08,
    0xA4, 0x08, 0xA4, 0x08, 0xA4, 0x08, 0xA4, 0x08, 0xA4, 0x08, 0xA4, 0x08, 0xA4, 0x08, 0xA4, 0x08,
    0xA4, 0x08, 0xA4, 0x08, 0xA4, 0x08, 0xA4, 0x08, 0xA4, 0x08, 0xA4, 0x08, 0xA4, 0x08, 0xA4, 0x08,
    0xA4, 0x08, 0xA4, 0x08, 0xA4, 0x08, 0xA4, 0x08, 0xA4, 0x08, 0xA4, 0x08, 0xA4, 0x08, 0xA4, 0x08,
    0xA4, 0x08, 0xA4, 0x08, 0xA4, 0x08, 0xA4, 0x08, 0xA4, 0x08, 0xA4, 0x08, 0xA4, 0x08, 0xA4, 0x08,
    0xA4, 0x08, 0xA4, 0x08, 0xA4, 0x08, 0xA4, 0x08, 0xA4, 0x08, 0xA4, 0x08, 0xA4, 0x08, 0xA4, 0x08,
    0xA4, 0x08, 0xA4, 0x08, 0xA4, 0x08, 0xA4, 0x08, 0xA4, 0x08, 0xA4, 0x08, 0xA4, 0x08, 0xA4, 0x08,
    0xA4, 0x08, 0xA4, 0x08, 0xA4, 0x08, 0xA4, 0x08, 0xA4, 0x08, 0xA4, 0x08, 0xA4, 0x08, 0xA4, 0x08,
    0xA4, 0x08, 0xA4, 0x08, 0xA4, 0x08, 0xA4, 0x08, 0x84, 0x08, 0x84, 0x08, 0x84, 0x08, 0x84, 0x08,
    0x84, 0x08, 0x84, 0x08, 0x84, 0x08, 0x84, 0x08, 0x84, 0x08, 0x84, 0x08, 0x84, 0x08, 0x84, 0x08,
    0x84, 0x08, 0x84, 0x08, 0x84, 0x08, 0x84, 0x08, 0x84, 0x08, 0x84, 0x08, 0x84, 0x08, 0x84, 0x08,
    0x84, 0x08, 0x84, 0x08, 0x84, 0x08, 0x84, 0x08, 0x84, 0x08, 0x84, 0x08, 0x84, 0x08, 0x84, 0x08,
    0x84, 0x08, 0x84, 0x08, 0x84, 0x08, 0x84, 0x08, 0x84, 0x08, 0x84, 0x08, 0x84, 0x08, 0x84, 0x08,
    0x83, 0x08, 0x83, 0x08, 0x83, 0x08, 0x83, 0x08, 0x83, 0x08, 0x83, 0x08, 0x83, 0x08, 0x83, 0x08,
    0x83, 0x08, 0x83, 0x08, 0x83, 0x08, 0x83, 0x08, 0x83, 0x08, 0x83, 0x08, 0x83, 0x08, 0x83, 0x08,
    0x83, 0x08, 0x83, 0x08, 0x83, 0x08, 0x83, 0x08, 0x83, 0x08, 0x83, 0x08, 0x63, 0x08, 0x63, 0x08,
    0x63, 0x08, 0x83, 0x08, 0x83, 0x08, 0x83, 0x08, 0x83, 0x08, 0x83, 0x08, 0x83, 0x08, 0x83, 0x08,
    0x83, 0x08, 0x83, 0x08, 0x83, 0x08, 0x83, 0x08, 0x83, 0x08, 0x83, 0x08, 0x83, 0x08, 0x83, 0x08,
    0x83, 0x08, 0x83, 0x08, 0x83, 0x08, 0x83, 0x08, 0x83, 0x08, 0x83, 0x08, 0x83, 0x08, 0x84, 0x08,
    0x84, 0x08, 0x84, 0x08, 0x84, 0x08, 0x84, 0x08, 0x84, 0x08, 0x84, 0x08, 0x84, 0x08, 0x84, 0x08,
    0x84, 0x08, 0x84, 0x08, 0x84, 0x08, 0x84, 0x08, 0x84, 0x08, 0x84, 0x08, 0x84, 0x08, 0x84, 0x08,
    0x84, 0x08, 0x84, 0x08, 0x84, 0x08, 0x84, 0x08, 0x84, 0x08, 0x84, 0x08, 0x84, 0x08, 0x84, 0x08,
    0x84, 0x08, 0x84, 0x08, 0x84, 0x08, 0x84, 0x08, 0x84, 0x08, 0x84, 0x08, 0x84, 0x08, 0x84, 0x08,
    0x84, 0x08, 0x84, 0x08, 0xA4, 0x08, 0xA4, 0x08, 0xA4, 0x08, 0xA4, 0x08, 0xA4, 0x08, 0xA4, 0x08,
    0xA4, 0x08, 0xA4, 0x08, 0xA4, 0x08, 0xA4, 0x08, 0xA4, 0x08, 0xA4, 0x08, 0xA4, 0x08, 0xA4, 0x08,
    0xA4, 0x08, 0xA4, 0x08, 0xA4, 0x08, 0xA4, 0x08, 0xA4, 0x08, 0xA4, 0x08, 0xA4, 0x08, 0xA4, 0x08,
    0xA4, 0x08, 0xA4, 0x08, 0xA4, 0x08, 0xA4, 0x08, 0xA4, 0x08, 0xA4, 0x08, 0xA4, 0x08, 0xA4, 0x08,
    0xA4, 0x08, 0xA4, 0x08, 0xA4, 0x08, 0xA4, 0x08, 0xA4, 0x08, 0xA4, 0x08, 0xA4, 0x08, 0xA4, 0x08,
    0xA4, 0x08, 0xA4, 0x08, 0xA4, 0x08, 0xA4, 0x08, 0xA4, 0x08, 0xA4, 0x08, 0xA4, 0x08, 0xA4, 0x08,
    0xA4, 0x08, 0xA4, 0x08, 0xA4, 0x08, 0xA4, 0x08, 0xA4, 0x08, 0xA4, 0x08, 0xA4, 0x08, 0xA4, 0x08,
    0xA4, 0x08, 0xA4, 0x08, 0xA4, 0x08, 0xA4, 0x08, 0xA4, 0x08, 0xA4, 0x08, 0xA4, 0x08, 0xA4, 0x08,
    0xA4, 0x08, 0xA4, 0x08, 0xA4, 0x08, 0xA4, 0x08, 0xA4, 0x08, 0xA4, 0x08, 0xA4, 0x08, 0xA4, 0x08,
    0xA4, 0x08, 0xA4, 0x08, 0xA4, 0x08, 0xA4, 0x08, 0xA4, 0x08, 0xA4, 0x08, 0xA4, 0x08, 0xA4, 0x08,
    0xA4, 0x08, 0xA4, 0x08, 0xA4, 0x08, 0xA4, 0x08, 0xA4, 0x08, 0xA4, 0x08, 0xA4, 0x08, 0xA4, 0x08,
    0xA4, 0x08, 0xA4, 0x08, 0xA4, 0x08, 0xA4, 0x08, 0xA4, 0x08, 0xA4, 0x08, 0xA4, 0x08, 0xA4, 0x08,
    0xA4, 0x08, 0xA4, 0x08, 0xA4, 0x08, 0xA4, 0x08, 0xA4, 0x08, 0xA4, 0x08, 0xA4, 0x08, 0xA4, 0x08,
    0xA4, 0x08, 0xA4, 0x08, 0xA4, 0x08, 0xA4, 0x08, 0xA4, 0x08, 0xA4, 0x08, 0xA4, 0x08, 0xA4, 0x08,
    0xA4, 0x08, 0xA4, 0x08, 0xA4, 0x08, 0xA4, 0x08, 0xA4, 0x08, 0xA4, 0x08, 0xA4, 0x08, 0xA4, 0x08,
    0xA4, 0x08, 0xA4, 0x08, 0xA4, 0x08, 0xA4, 0x08, 0xA4, 0x08, 0xA4, 0x08, 0xA4, 0x08, 0x84, 0x08,
    0x84, 0x08, 0x84, 0x08, 0x84, 0x08, 0x84, 0x08, 0x84, 0x08, 0x84, 0x08, 0x84, 0x08, 0x84, 0x08,
    0x84, 0x08, 0x84, 0x08, 0x84, 0x08, 0x84, 0x08, 0x84, 0x08, 0x84, 0x08, 0x84, 0x08, 0x84, 0x08,
    0x84, 0x08, 0x84, 0x08, 0x84, 0x08, 0x84, 0x08, 0x84, 0x08, 0x84, 0x08, 0x84, 0x08, 0x84, 0x08,
    0x84, 0x08, 0x84, 0x08, 0x84, 0x08, 0x84, 0x08, 0x84, 0x08, 0x84, 0x08, 0x84, 0x08, 0x84, 0x08,
    0x84, 0x08, 0x84, 0x08, 0x83, 0x08, 0x83, 0x08, 0x83, 0x08, 0x83, 0x08, 0x83, 0x08, 0x83, 0x08,
    0x83, 0x08, 0x83, 0x08, 0x83, 0x08, 0x83, 0x08, 0x83, 0x08, 0x83, 0x08, 0x83, 0x08, 0x83, 0x08,
    0x83, 0x08, 0x83, 0x08, 0x83, 0x08, 0x83, 0x08, 0x83, 0x08, 0x83, 0x08, 0x83, 0x08, 0x83, 0x08,
    0x83, 0x08, 0x83, 0x08, 0x83, 0x08, 0x84, 0x08, 0x84, 0x08, 0x84, 0x08, 0x84, 0x08, 0x84, 0x08,
    0x84, 0x08, 0x84, 0x08, 0x84, 0x08, 0x84, 0x08, 0x84, 0x08, 0x84, 0x08, 0x84, 0x08, 0x84, 0x08,
    0x84, 0x08, 0x84, 0x08, 0x84, 0x08, 0x84, 0x08, 0x84, 0x08, 0x84, 0x08, 0x84, 0x08, 0x84, 0x08,
    0x84, 0x08, 0x84, 0x08, 0x84, 0x08, 0x84, 0x08, 0x84, 0x08, 0x84, 0x08, 0x84, 0x08, 0x84, 0x08,
    0x84, 0x08, 0x84, 0x08, 0xA4, 0x08, 0xA4, 0x08, 0xA4, 0x08, 0xA4, 0x08, 0xA4, 0x08, 0xA4, 0x08,
    0xA4, 0x08, 0xA4, 0x08, 0xA4, 0x08, 0xA4, 0x08, 0xA4, 0x08, 0xA4, 0x08, 0xA4, 0x08, 0xA4, 0x08,
    0xA4, 0x08, 0xA4, 0x08, 0xA4, 0x08, 0xA4, 0x08, 0xA4, 0x08, 0xA4, 0x08, 0xA4, 0x08, 0xA4, 0x08,
    0xA4, 0x08, 0xA4, 0x08, 0xA4, 0x08, 0xA4, 0x08, 0xA4, 0x08, 0xA4, 0x08, 0xA4, 0x08, 0xA4, 0x08,
    0xA4, 0x08, 0xA4, 0x08, 0xA4, 0x08, 0xA4, 0x08, 0xA4, 0x08, 0xA4, 0x08, 0xA4, 0x08, 0xA4, 0x08,
    0xA4, 0x08, 0xA4, 0x08, 0xA4, 0x08, 0xA4, 0x08, 0xA4, 0x08, 0xA4, 0x08, 0xA4, 0x08, 0xA4, 0x08,
    0xA4, 0x08, 0xA4, 0x08, 0xA5, 0x08, 0xA5, 0x08, 0xA5, 0x08, 0xA5, 0x08, 0xA5, 0x08, 0xA5, 0x08,
    0xA5, 0x08, 0xA5, 0x08, 0xA5, 0x08, 0xA5, 0x08, 0xA5, 0x08, 0xA5, 0x08, 0xA5, 0x08, 0xA5, 0x08,
    0xA5, 0x10, 0xA5, 0x10, 0xA5, 0x10, 0xA5, 0x10, 0xA5, 0x10, 0xA5, 0x10, 0xA5, 0x10, 0xA5, 0x10,
    0xA5, 0x10, 0xA5, 0x10, 0xA5, 0x10, 0xA5, 0x10, 0xA5, 0x10, 0xA5, 0x10, 0xA5, 0x10, 0xA5, 0x10,
    0xA5, 0x10, 0xA5, 0x10, 0xA5, 0x10, 0xA5, 0x10, 0xA5, 0x10, 0xA5, 0x10, 0xA5, 0x10, 0xA5, 0x10,
    0xA5, 0x10, 0xA5, 0x10, 0xA5, 0x10, 0xA5, 0x10, 0xA5, 0x10, 0xA5, 0x10, 0xA5, 0x10, 0xA5, 0x10,
    0xA5, 0x10, 0xA5, 0x10, 0xA5, 0x10, 0xA5, 0x10, 0xA5, 0x10, 0xA5, 0x10, 0xA5, 0x10, 0xA5, 0x10,
    0xA5, 0x10, 0xA5, 0x10, 0xA5, 0x10, 0xA5, 0x10, 0xA5, 0x10, 0xA5, 0x10, 0xA5, 0x10, 0xA5, 0x10,
    0xA5, 0x10, 0xA5, 0x08, 0xA5, 0x08, 0xA5, 0x08, 0xA5, 0x08, 0xA5, 0x08, 0xA5, 0x08, 0xA5, 0x08,
    0xA5, 0x08, 0xA5, 0x08, 0xA5, 0x08, 0xA5, 0x08, 0xA5, 0x08, 0xA5, 0x08, 0xA5, 0x08, 0xA4, 0x08,
    0xA4, 0x08, 0xA4, 0x08, 0xA4, 0x08, 0xA4, 0x08, 0xA4, 0x08, 0xA4, 0x08, 0xA4, 0x08, 0xA4, 0x08,
    0xA4, 0x08, 0xA4, 0x08, 0xA4, 0x08, 0xA4, 0x08, 0xA4, 0x08, 0xA4, 0x08, 0xA4, 0x08, 0xA4, 0x08,
    0xA4, 0x08, 0xA4, 0x08, 0xA4, 0x08, 0xA4, 0x08, 0xA4, 0x08, 0xA4, 0x08, 0xA4, 0x08, 0xA4, 0x08,
    0xA4, 0x08, 0xA4, 0x08, 0xA4, 0x08, 0xA4, 0x08, 0xA4, 0x08, 0xA4, 0x08, 0xA4, 0x08, 0xA4, 0x08,
    0xA4, 0x08, 0xA4, 0x08, 0xA4, 0x08, 0xA4, 0x08, 0xA4, 0x08, 0xA4, 0x08, 0xA4, 0x08, 0xA4, 0x08,
    0xA4, 0x08, 0xA4, 0x08, 0xA4, 0x08, 0xA4, 0x08, 0xA4, 0x08, 0xA4, 0x08, 0xA4, 0x08, 0x84, 0x08,
    0x84, 0x08, 0x84, 0x08, 0x84, 0x08, 0x84, 0x08, 0x84, 0x08, 0x84, 0x08, 0x84, 0x08, 0x84, 0x08,
    0x84, 0x08, 0x84, 0x08, 0x84, 0x08, 0x84, 0x08, 0x84, 0x08, 0x84, 0x08, 0x84, 0x08, 0x84, 0x08,
    0x84, 0x08, 0x84, 0x08, 0x84, 0x08, 0x84, 0x08, 0x84, 0x08, 0x84, 0x08, 0x84, 0x08, 0x84, 0x08,
    0x84, 0x08, 0x84, 0x08, 0x84, 0x08, 0x84, 0x08, 0x84, 0x08, 0x84, 0x08, 0x83, 0x08, 0x83, 0x08,
    0x83, 0x08, 0x83, 0x08, 0x83, 0x08, 0x83, 0x08, 0x83, 0x08, 0x83, 0x08, 0x83, 0x08, 0x83, 0x08,
    0x83, 0x08, 0x83, 0x08, 0x83, 0x08, 0x83, 0x08, 0x83, 0x08, 0x83, 0x08, 0x83, 0x08, 0x83, 0x08,
    0x83, 0x08, 0x83, 0x08, 0x84, 0x08, 0x84, 0x08, 0x84, 0x08, 0x84, 0x08, 0x84, 0x08, 0x84, 0x08,
    0x84, 0x08, 0x84, 0x08, 0x84, 0x08, 0x84, 0x08, 0x84, 0x08, 0x84, 0x08, 0x84, 0x08, 0x84, 0x08,
    0x84, 0x08, 0x84, 0x08, 0x84, 0x08, 0x84, 0x08, 0x84, 0x08, 0x84, 0x08, 0x84, 0x08, 0x84, 0x08,
    0x84, 0x08, 0x84, 0x08, 0x84, 0x08, 0x84, 0x08, 0x84, 0x08, 0x84, 0x08, 0x84, 0x08, 0x84, 0x08,
    0x84, 0x08, 0x84, 0x08, 0x84, 0x08, 0xA4, 0x08, 0xA4, 0x08, 0xA4, 0x08, 0xA4, 0x08, 0xA4, 0x08,
    0xA4, 0x08, 0xA4, 0x08, 0xA4, 0x08, 0xA4, 0x08, 0xA4, 0x08, 0xA4, 0x08, 0xA4, 0x08, 0xA4, 0x08,
    0xA4, 0x08, 0xA4, 0x08, 0xA4, 0x08, 0xA4, 0x08, 0xA4, 0x08, 0xA4, 0x08, 0xA4, 0x08, 0xA4, 0x08,
    0xA4, 0x08, 0xA4, 0x08, 0xA4, 0x08, 0xA4, 0x08, 0xA4, 0x08, 0xA4, 0x08, 0xA4, 0x08, 0xA4, 0x08,
    0xA4, 0x08, 0xA4, 0x08, 0xA4, 0x08, 0xA4, 0x08, 0xA4, 0x08, 0xA4, 0x08, 0xA4, 0x08, 0xA4, 0x08,
    0xA4, 0x08, 0xA4, 0x08, 0xA4, 0x08, 0xA4, 0x08, 0xA4, 0x08, 0xA4, 0x08, 0xA4, 0x08, 0xA4, 0x08,
    0xA4, 0x08, 0xA4, 0x08, 0xA4, 0x08, 0xA4, 0x08, 0xA4, 0x08, 0xA4, 0x08, 0xA4, 0x08, 0xA4, 0x08,
    0xA4, 0x08, 0xA4, 0x08, 0xA4, 0x08, 0xA4, 0x08, 0xA4, 0x08, 0xA4, 0x08, 0xA4, 0x08, 0xA4, 0x08,
    0xA4, 0x08, 0xA4, 0x08, 0xA4, 0x08, 0xA4, 0x08, 0xA4, 0x08, 0xA4, 0x08, 0xA4, 0x08, 0xA4, 0x08,
    0xA4, 0x08, 0xA4, 0x08, 0xA4, 0x08, 0xA4, 0x08, 0xA4, 0x08, 0xA4, 0x08, 0xA4, 0x08, 0xA4, 0x08,
    0xA4, 0x08, 0xA4, 0x08, 0xA4, 0x08, 0xA4, 0x08, 0xA4, 0x08, 0xA4, 0x08, 0xA4, 0x08, 0xA4, 0x08,
    0xA4, 0x08, 0xA4, 0x08, 0xA4, 0x08, 0xA4, 0x08, 0xA4, 0x08, 0xA4, 0x08, 0xA4, 0x08, 0xA4, 0x08,
    0xA4, 0x08, 0xA4, 0x08, 0xA4, 0x08, 0xA4, 0x08, 0xA4, 0x08, 0xA4, 0x08, 0xA4, 0x08, 0xA4, 0x08,
    0xA4, 0x08, 0xA4, 0x08, 0xA4, 0x08, 0xA4, 0x08, 0xA4, 0x08, 0xA4, 0x08, 0xA4, 0x08, 0xA4, 0x08,
    0xA4, 0x08, 0xA4, 0x08, 0xA4, 0x08, 0xA4, 0x08, 0xA4, 0x08, 0xA4, 0x08, 0xA4, 0x08, 0xA4, 0x08,
    0xA4, 0x08, 0xA4, 0x08, 0xA4, 0x08, 0xA4, 0x08, 0xA4, 0x08, 0xA4, 0x08, 0xA4, 0x08, 0xA4, 0x08,
    0xA4, 0x08, 0xA4, 0x08, 0xA4, 0x08, 0xA4, 0x08, 0xA4, 0x08, 0xA4, 0x08, 0xA4, 0x08, 0xA4, 0x08,
    0xA4, 0x08, 0xA4, 0x08, 0xA4, 0x08, 0xA4, 0x08, 0xA4, 0x08, 0xA4, 0x08, 0x84, 0x08, 0x84, 0x08,
    0x84, 0x08, 0x84, 0x08, 0x84, 0x08, 0x84, 0x08, 0x84, 0x08, 0x84, 0x08, 0x84, 0x08, 0x84, 0x08,
    0x84, 0x08, 0x84, 0x08, 0x84, 0x08, 0x84, 0x08, 0x84, 0x08, 0x84, 0x08, 0x84, 0x08, 0x84, 0x08,
    0x84, 0x08, 0x84, 0x08, 0x84, 0x08, 0x84, 0x08, 0x84, 0x08, 0x84, 0x08, 0x84, 0x08, 0x84, 0x08,
    0x84, 0x08, 0x84, 0x08, 0x84, 0x08, 0x84, 0x08, 0x84, 0x08, 0x84, 0x08, 0x84, 0x08, 0x83, 0x08,
    0x83, 0x08, 0x83, 0x08, 0x83, 0x08, 0x83, 0x08, 0x83, 0x08, 0x83, 0x08, 0x83, 0x08, 0x83, 0x08,
    0x83, 0x08, 0x83, 0x08, 0x83, 0x08, 0x83, 0x08, 0x83, 0x08, 0x83, 0x08, 0x83, 0x08, 0x83, 0x08,
    0x83, 0x08, 0x83, 0x08, 0x83, 0x08, 0x83, 0x08, 0x83, 0x08, 0x83, 0x08, 0x83, 0x08, 0x83, 0x08,
    0x83, 0x08, 0x83, 0x08, 0x83, 0x08, 0x83, 0x08, 0x83, 0x08, 0x83, 0x08, 0x83, 0x08, 0x83, 0x08,
    0x84, 0x08, 0x84, 0x08, 0x84, 0x08, 0x84, 0x08, 0x84, 0x08, 0x84, 0x08, 0x84, 0x08, 0x84, 0x08,
    0x84, 0x08, 0x84, 0x08, 0x84, 0x08, 0x84, 0x08, 0x84, 0x08, 0x84, 0x08, 0x84, 0x08, 0x84, 0x08,
    0x84, 0x08, 0x84, 0x08, 0x84, 0x08, 0x84, 0x08, 0x84, 0x08, 0x84, 0x08, 0x84, 0x08, 0x84, 0x08,
    0x84, 0x08, 0x84, 0x08, 0x84, 0x08, 0x84, 0x08, 0x84, 0x08, 0x84, 0x08, 0x84, 0x08, 0x84, 0x08,
    0xA4, 0x08, 0xA4, 0x08, 0xA4, 0x08, 0xA4, 0x08, 0xA4, 0x08, 0xA4, 0x08, 0xA4, 0x08, 0xA4, 0x08,
    0xA4, 0x08, 0xA4, 0x08, 0xA4, 0x08, 0xA4, 0x08, 0xA4, 0x08, 0xA4, 0x08, 0xA4, 0x08, 0xA4, 0x08,
    0xA4, 0x08, 0xA4, 0x08, 0xA4, 0x08, 0xA4, 0x08, 0xA4, 0x08, 0xA4, 0x08, 0xA4, 0x08, 0xA4, 0x08,
    0xA4, 0x08, 0xA4, 0x08, 0xA4, 0x08, 0xA4, 0x08, 0xA4, 0x08, 0xA4, 0x08, 0xA4, 0x08, 0xA4, 0x08,
    0xA4, 0x08, 0xA4, 0x08, 0xA4, 0x08, 0xA4, 0x08, 0xA4, 0x08, 0xA4, 0x08, 0xA4, 0x08, 0xA4, 0x08,
    0xA4, 0x08, 0xA4, 0x08, 0xA4, 0x08, 0xA4, 0x08, 0xA4, 0x08, 0xA4, 0x08, 0xA4, 0x08, 0xA4, 0x08,
    0xA4, 0x08, 0xA4, 0x08, 0xA4, 0x08, 0xA4, 0x08, 0xA4, 0x08, 0xA4, 0x08, 0xA4, 0x08, 0xA4, 0x08,
    0xA4, 0x08, 0xA4, 0x08, 0xA4, 0x08, 0xA4, 0x08, 0xA4, 0x08, 0xA4, 0x08, 0xA4, 0x08, 0xA4, 0x08,
    0xA4, 0x08, 0xA4, 0x08, 0xA4, 0x08, 0xA4, 0x08, 0xA4, 0x08, 0xA4, 0x08, 0xA4, 0x08, 0xA4, 0x08,
    0xA4, 0x08, 0xA4, 0x08, 0xA4, 0x08, 0xA4, 0x08, 0xA4, 0x08, 0xA4, 0x08, 0xA4, 0x08, 0xA4, 0x08,
    0xA4, 0x08, 0xA4, 0x08, 0xA4, 0x08, 0xA4, 0x08, 0xA4, 0x08, 0xA4, 0x08, 0xA4, 0x08, 0xA4, 0x08,
    0xA4, 0x08, 0xA4, 0x08, 0xA4, 0x08, 0xA4, 0x08, 0xA4, 0x08, 0xA4, 0x08, 0xA4, 0x08, 0xA4, 0x08,
    0xA4, 0x08, 0xA4, 0x08, 0xA4, 0x08, 0xA4, 0x08, 0xA4, 0x08, 0xA4, 0x08, 0xA4, 0x08, 0xA4, 0x08,
    0xA4, 0x08, 0xA4, 0x08, 0xA4, 0x08, 0xA4, 0x08, 0xA4, 0x08, 0xA4, 0x08, 0xA4, 0x08, 0xA4, 0x08,
    0xA4, 0x08, 0xA4, 0x08, 0xA4, 0x08, 0xA4, 0x08, 0xA4, 0x08, 0xA4, 0x08, 0xA4, 0x08, 0xA4, 0x08,
    0xA4, 0x08, 0xA4, 0x08, 0xA4, 0x08, 0xA4, 0x08, 0xA4, 0x08, 0xA4, 0x08, 0xA4, 0x08, 0xA4, 0x08,
    0xA4, 0x08, 0xA4, 0x08, 0xA4, 0x08, 0xA4, 0x08, 0xA4, 0x08, 0xA4, 0x08, 0xA4, 0x08, 0xA4, 0x08,
    0xA4, 0x08, 0xA4, 0x08, 0xA4, 0x08, 0xA4, 0x08, 0xA4, 0x08, 0xA4, 0x08, 0xA4, 0x08, 0xA4, 0x08,
    0xA4, 0x08, 0x84, 0x08, 0x84, 0x08, 0x84, 0x08, 0x84, 0x08, 0x84, 0x08, 0x84, 0x08, 0x84, 0x08,
    0x84, 0x08, 0x84, 0x08, 0x84, 0x08, 0x84, 0x08, 0x84, 0x08, 0x84, 0x08, 0x84, 0x08, 0x84, 0x08,
    0x84, 0x08, 0x84, 0x08, 0x84, 0x08, 0x84, 0x08, 0x84, 0x08, 0x84, 0x08, 0x84, 0x08, 0x84, 0x08,
    0x84, 0x08, 0x84, 0x08, 0x84, 0x08, 0x84, 0x08, 0x84, 0x08, 0x84, 0x08, 0x84, 0x08, 0x84, 0x08,
    0x84, 0x08, 0x83, 0x08, 0x83, 0x08, 0x83, 0x08, 0x83, 0x08, 0x83, 0x08, 0x83, 0x08, 0x83, 0x08,
    0x83, 0x08, 0x83, 0x08, 0x83, 0x08, 0x83, 0x08, 0x83, 0x08, 0x83, 0x08, 0x83, 0x08, 0x83, 0x08,
    0x84, 0x08, 0x84, 0x08, 0x84, 0x08, 0x84, 0x08, 0x84, 0x08, 0x84, 0x08, 0x84, 0x08, 0x84, 0x08,
    0x84, 0x08, 0x84, 0x08, 0x84, 0x08, 0x84, 0x08, 0x84, 0x08, 0x84, 0x08, 0x84, 0x08, 0x84, 0x08,
    0x84, 0x08, 0x84, 0x08, 0x84, 0x08, 0x84, 0x08, 0x84, 0x08, 0x84, 0x08, 0x84, 0x08, 0x84, 0x08,
    0x84, 0x08, 0x84, 0x08, 0x84, 0x08, 0xA4, 0x08, 0xA4, 0x08, 0xA4, 0x08, 0xA4, 0x08, 0xA4, 0x08,
    0xA4, 0x08, 0xA4, 0x08, 0xA4, 0x08, 0xA4, 0x08, 0xA4, 0x08, 0xA4, 0x08, 0xA4, 0x08, 0xA4, 0x08,
    0xA4, 0x08, 0xA4, 0x08, 0xA4, 0x08, 0xA4, 0x08, 0xA4, 0x08, 0xA4, 0x08, 0xA4, 0x08, 0xA4, 0x08,
    0xA4, 0x08, 0xA4, 0x08, 0xA4, 0x08, 0xA4, 0x08, 0xA4, 0x08, 0xA4, 0x08, 0xA4, 0x08, 0xA4, 0x08,
    0xA4, 0x08, 0xA4, 0x08, 0xA4, 0x08, 0xA4, 0x08, 0xA4, 0x08, 0xA4, 0x08, 0xA4, 0x08, 0xA4, 0x08,
    0xA4, 0x08, 0xA4, 0x08, 0xA4, 0x08, 0xA4, 0x08, 0xA5, 0x08, 0xA5, 0x08, 0xA5, 0x08, 0xA5, 0x08,
    0xA5, 0x08, 0xA5, 0x08, 0xA5, 0x08, 0xA5, 0x08, 0xA5, 0x08, 0xA5, 0x08, 0xA5, 0x08, 0xA5, 0x08,
    0xA5, 0x08, 0xA5, 0x08, 0xA5, 0x10, 0xA5, 0x10, 0xA5, 0x10, 0xA5, 0x10, 0xA5, 0x10, 0xA5, 0x10,
    0xA5, 0x10, 0xA5, 0x10, 0xA5, 0x10, 0xA5, 0x10, 0xA5, 0x10, 0xA5, 0x10, 0xA5, 0x10, 0xA5, 0x10,
    0xA5, 0x10, 0xA5, 0x10, 0xA5, 0x10, 0xC5, 0x10, 0xC5, 0x10, 0xC5, 0x10, 0xC5, 0x10, 0xC5, 0x10,
    0xC5, 0x10, 0xC5, 0x10, 0xC5, 0x10, 0xC5, 0x10, 0xC5, 0x10, 0xC5, 0x10, 0xC5, 0x10, 0xC5, 0x10,
    0xC5, 0x10, 0xC5, 0x10, 0xC5, 0x10, 0xC5, 0x10, 0xC5, 0x10, 0xC5, 0x10, 0xC5, 0x10, 0xC5, 0x10,
    0xC5, 0x10, 0xC5, 0x10, 0xC5, 0x10, 0xC5, 0x10, 0xC5, 0x10, 0xC5, 0x10, 0xC5, 0x10, 0xC5, 0x10,
    0xC5, 0x10, 0xC5, 0x10, 0xC5, 0x10, 0xC5, 0x10, 0xC5, 0x10, 0xC5, 0x10, 0xC5, 0x10, 0xC5, 0x10,
    0xC5, 0x10, 0xC5, 0x10, 0xC5, 0x10, 0xC5, 0x10, 0xC5, 0x10, 0xC5, 0x10, 0xA5, 0x10, 0xA5, 0x10,
    0xA5, 0x10, 0xA5, 0x10, 0xA5, 0x10, 0xA5, 0x10, 0xA5, 0x10, 0xA5, 0x10, 0xA5, 0x10, 0xA5, 0x10,
    0xA5, 0x10, 0xA5, 0x10, 0xA5, 0x10, 0xA5, 0x10, 0xA5, 0x10, 0xA5, 0x10, 0xA5, 0x10, 0xA5, 0x08,
    0xA5, 0x08, 0xA5, 0x08, 0xA5, 0x08, 0xA5, 0x08, 0xA5, 0x08, 0xA5, 0x08, 0xA5, 0x08, 0xA5, 0x08,
    0xA5, 0x08, 0xA5, 0x08, 0xA5, 0x08, 0xA5, 0x08, 0xA5, 0x08, 0xA4, 0x08, 0xA4, 0x08, 0xA4, 0x08,
    0xA4, 0x08, 0xA4, 0x08, 0xA4, 0x08, 0xA4, 0x08, 0xA4, 0x08, 0xA4, 0x08, 0xA4, 0x08, 0xA4, 0x08,
    0xA4, 0x08, 0xA4, 0x08, 0xA4, 0x08, 0xA4, 0x08, 0xA4, 0x08, 0xA4, 0x08, 0xA4, 0x08, 0xA4, 0x08,
    0xA4, 0x08, 0xA4, 0x08, 0xA4, 0x08, 0xA4, 0x08, 0xA4, 0x08, 0xA4, 0x08, 0xA4, 0x08, 0xA4, 0x08,
    0xA4, 0x08, 0xA4, 0x08, 0xA4, 0x08, 0xA4, 0x08, 0xA4, 0x08, 0xA4, 0x08, 0xA4, 0x08, 0xA4, 0x08,
    0xA4, 0x08, 0xA4, 0x08, 0xA4, 0x08, 0xA4, 0x08, 0xA4, 0x08, 0xA4, 0x08, 0x84, 0x08, 0x84, 0x08,
    0x84, 0x08, 0x84, 0x08, 0x84, 0x08, 0x84, 0x08, 0x84, 0x08, 0x84, 0x08, 0x84, 0x08, 0x84, 0x08,
    0x84, 0x08, 0x84, 0x08, 0x84, 0x08, 0x84, 0x08, 0x84, 0x08, 0x84, 0x08, 0x84, 0x08, 0x84, 0x08,
    0x84, 0x08, 0x84, 0x08, 0x84, 0x08, 0x84, 0x08, 0x84, 0x08, 0x84, 0x08, 0x84, 0x08, 0x84, 0x08,
    0x83, 0x08, 0x83, 0x08, 0x83, 0x08, 0x83, 0x08, 0x83, 0x08, 0x83, 0x08, 0x83, 0x08, 0x83, 0x08,
    0x83, 0x08, 0x83, 0x08, 0x83, 0x08, 0x84, 0x08, 0x84, 0x08, 0x84, 0x08, 0x84, 0x08, 0x84, 0x08,
    0x84, 0x08, 0x84, 0x08, 0x84, 0x08, 0x84, 0x08, 0x84, 0x08, 0x84, 0x08, 0x84, 0x08, 0x84, 0x08,
    0x84, 0x08, 0x84, 0x08, 0x84, 0x08, 0x84, 0x08, 0x84, 0x08, 0x84, 0x08, 0x84, 0x08, 0x84, 0x08,
    0x84, 0x08, 0x84, 0x08, 0x84, 0x08, 0x84, 0x08, 0x84, 0x08, 0x84, 0x08, 0x84, 0x08, 0x84, 0x08,
    0x84, 0x08, 0x84, 0x08, 0x84, 0x08, 0xA4, 0x08, 0xA4, 0x08, 0xA4, 0x08, 0xA4, 0x08, 0xA4, 0x08,
    0xA4, 0x08, 0xA4, 0x08, 0xA4, 0x08, 0xA4, 0x08, 0xA4, 0x08, 0xA4, 0x08, 0xA4, 0x08, 0xA4, 0x08,
    0xA4, 0x08, 0xA4, 0x08, 0xA4, 0x08, 0xA4, 0x08, 0xA4, 0x08, 0xA4, 0x08, 0xA4, 0x08, 0xA4, 0x08,
    0xA4, 0x08, 0xA4, 0x08, 0xA4, 0x08, 0xA4, 0x08, 0xA4, 0x08, 0xA4, 0x08, 0xA4, 0x08, 0xA4, 0x08,
    0xA4, 0x08, 0xA4, 0x08, 0xA4, 0x08, 0xA4, 0x08, 0xA4, 0x08, 0xA4, 0x08, 0xA4, 0x08, 0xA4, 0x08,
    0xA4, 0x08, 0xA4, 0x08, 0xA4, 0x08, 0xA4, 0x08, 0xA4, 0x08, 0xA4, 0x08, 0xA4, 0x08, 0xA4, 0x08,
    0xA4, 0x08, 0xA4, 0x08, 0xA4, 0x08, 0xA4, 0x08, 0xA4, 0x08, 0xA4, 0x08, 0xA4, 0x08, 0xA4, 0x08,
    0xA4, 0x08, 0xA4, 0x08, 0xA4, 0x08, 0xA4, 0x08, 0xA4, 0x08, 0xA4, 0x08, 0xA4, 0x08, 0xA4, 0x08,
    0xA4, 0x08, 0xA4, 0x08, 0xA4, 0x08, 0xA4, 0x08, 0xA4, 0x08, 0xA4, 0x08, 0xA4, 0x08, 0xA4, 0x08,
    0xA4, 0x08, 0xA4, 0x08, 0xA4, 0x08, 0xA4, 0x08, 0xA4, 0x08, 0xA4, 0x08, 0xA4, 0x08, 0xA4, 0x08,
    0xA4, 0x08, 0xA4, 0x08, 0xA4, 0x08, 0xA4, 0x08, 0xA4, 0x08, 0xA4, 0x08, 0xA4, 0x08, 0xA4, 0x08,
    0xA4, 0x08, 0xA4, 0x08, 0xA4, 0x08, 0xA4, 0x08, 0xA4, 0x08, 0xA4, 0x08, 0xA4, 0x08, 0xA4, 0x08,
    0xA4, 0x08, 0xA4, 0x08, 0xA4, 0x08, 0xA4, 0x08, 0xA4, 0x08, 0xA4, 0x08, 0xA4, 0x08, 0xA4, 0x08,
    0xA4, 0x08, 0xA4, 0x08, 0xA4, 0x08, 0xA4, 0x08, 0xA4, 0x08, 0xA4, 0x08, 0xA4, 0x08, 0xA4, 0x08,
    0xA4, 0x08, 0xA4, 0x08, 0xA4, 0x08, 0xA4, 0x08, 0xA4, 0x08, 0xA4, 0x08, 0xA4, 0x08, 0xA4, 0x08,
    0xA4, 0x08, 0xA4, 0x08, 0xA4, 0x08, 0xA4, 0x08, 0xA4, 0x08, 0xA4, 0x08, 0xA4, 0x08, 0xA4, 0x08,
    0xA4, 0x08, 0xA4, 0x08, 0xA4, 0x08, 0xA4, 0x08, 0xA4, 0x08, 0xA4, 0x08, 0xA4, 0x08, 0xA4, 0x08,
    0xA4, 0x08, 0xA4, 0x08, 0xA4, 0x08, 0xA4, 0x08, 0xA4, 0x08, 0xA4, 0x08, 0xA4, 0x08, 0xA4, 0x08,
    0xA4, 0x08, 0xA4, 0x08, 0xA4, 0x08, 0xA4, 0x08, 0xA4, 0x08, 0xA4, 0x08, 0xA4, 0x08, 0xA4, 0x08,
    0xA4, 0x08, 0xA4, 0x08, 0xA4, 0x08, 0xA4, 0x08, 0xA4, 0x08, 0xA4, 0x08, 0x84, 0x08, 0x84, 0x08,
    0x84, 0x08, 0x84, 0x08, 0x84, 0x08, 0x84, 0x08, 0x84, 0x08, 0x84, 0x08, 0x84, 0x08, 0x84, 0x08,
    0x84, 0x08, 0x84, 0x08, 0x84, 0x08, 0x84, 0x08, 0x84, 0x08, 0x84, 0x08, 0x84, 0x08, 0x84, 0x08,
    0x84, 0x08, 0x84, 0x08, 0x84, 0x08, 0x84, 0x08, 0x84, 0x08, 0x84, 0x08, 0x84, 0x08, 0x84, 0x08,
    0x84, 0x08, 0x84, 0x08, 0x84, 0x08, 0x84, 0x08, 0x84, 0x08, 0x84, 0x08, 0x83, 0x08, 0x83, 0x08,
    0x83, 0x08, 0x83, 0x08, 0x83, 0x08, 0x83, 0x08, 0x83, 0x08, 0x83, 0x08, 0x83, 0x08, 0x83, 0x08,
    0x83, 0x08, 0x83, 0x08, 0x83, 0x08, 0x83, 0x08, 0x83, 0x08, 0x83, 0x08, 0x83, 0x08, 0x83, 0x08,
    0x83, 0x08, 0x84, 0x08, 0x84, 0x08, 0x84, 0x08, 0x84, 0x08, 0x84, 0x08, 0x84, 0x08, 0x84, 0x08,
    0x84, 0x08, 0x84, 0x08, 0x84, 0x08, 0x84, 0x08, 0x84, 0x08, 0x84, 0x08, 0x84, 0x08, 0x84, 0x08,
    0x84, 0x08, 0x84, 0x08, 0x84, 0x08, 0x84, 0x08, 0x84, 0x08, 0x84, 0x08, 0x84, 0x08, 0x84, 0x08,
    0x84, 0x08, 0x84, 0x08, 0x84, 0x08, 0x84, 0x08, 0x84, 0x08, 0x84, 0x08, 0x84, 0x08, 0x84, 0x08,
    0xA4, 0x08, 0xA4, 0x08, 0xA4, 0x08, 0xA4, 0x08, 0xA4, 0x08, 0xA4, 0x08, 0xA4, 0x08, 0xA4, 0x08,
    0xA4, 0x08, 0xA4, 0x08, 0xA4, 0x08, 0xA4, 0x08, 0xA4, 0x08, 0xA4, 0x08, 0xA4, 0x08, 0xA4, 0x08,
    0xA4, 0x08, 0xA4, 0x08, 0xA4, 0x08, 0xA4, 0x08, 0xA4, 0x08, 0xA4, 0x08, 0xA4, 0x08, 0xA4, 0x08,
    0xA4, 0x08, 0xA4, 0x08, 0xA4, 0x08, 0xA4, 0x08, 0xA4, 0x08, 0xA4, 0x08, 0xA4, 0x08, 0xA4, 0x08,
    0xA4, 0x08, 0xA4, 0x08, 0xA4, 0x08, 0xA4, 0x08, 0xA4, 0x08, 0xA4, 0x08, 0xA4, 0x08, 0xA4, 0x08,
    0xA4, 0x08, 0xA4, 0x08, 0xA4, 0x08, 0xA4, 0x08, 0xA4, 0x08, 0xA4, 0x08, 0xA4, 0x08, 0xA4, 0x08,
    0xA4, 0x08, 0xA4, 0x08, 0xA4, 0x08, 0xA4, 0x08, 0xA4, 0x08, 0xA4, 0x08, 0xA4, 0x08, 0xA4, 0x08,
    0xA4, 0x08, 0xA4, 0x08, 0xA4, 0x08, 0xA4, 0x08, 0xA4, 0x08, 0xA4, 0x08, 0xA4, 0x08, 0xA4, 0x08,
    0xA4, 0x08, 0xA4, 0x08, 0xA4, 0x08, 0xA4, 0x08, 0xA4, 0x08, 0xA4, 0x08, 0xA4, 0x08, 0xA4, 0x08,
    0xA4, 0x08, 0xA4, 0x08, 0xA4, 0x08, 0xA4, 0x08, 0xA5, 0x08, 0xA5, 0x08, 0xA5, 0x08, 0xA5, 0x08,
    0xA5, 0x08, 0xA5, 0x08, 0xA5, 0x08, 0xA5, 0x08, 0xA5, 0x08, 0xA4, 0x08, 0xA4, 0x08, 0xA4, 0x08,
    0xA4, 0x08, 0xA4, 0x08, 0xA4, 0x08, 0xA4, 0x08, 0xA4, 0x08, 0xA4, 0x08, 0xA4, 0x08, 0xA4, 0x08,
    0xA4, 0x08, 0xA4, 0x08, 0xA4, 0x08, 0xA4, 0x08, 0xA4, 0x08, 0xA4, 0x08, 0xA4, 0x08, 0xA4, 0x08,
    0xA4, 0x08, 0xA4, 0x08, 0xA4, 0x08, 0xA4, 0x08, 0xA4, 0x08, 0xA4, 0x08, 0xA4, 0x08, 0xA4, 0x08,
    0xA4, 0x08, 0xA4, 0x08, 0xA4, 0x08, 0xA4, 0x08, 0xA4, 0x08, 0xA4, 0x08, 0xA4, 0x08, 0xA4, 0x08,
    0xA4, 0x08, 0xA4, 0x08, 0xA4, 0x08, 0xA4, 0x08, 0xA4, 0x08, 0xA4, 0x08, 0xA4, 0x08, 0xA4, 0x08,
    0xA4, 0x08, 0xA4, 0x08, 0xA4, 0x08, 0xA4, 0x08, 0xA4, 0x08, 0xA4, 0x08, 0xA4, 0x08, 0xA4, 0x08,
    0xA4, 0x08, 0xA4, 0x08, 0xA4, 0x08, 0xA4, 0x08, 0xA4, 0x08, 0xA4, 0x08, 0xA4, 0x08, 0xA4, 0x08,
    0xA4, 0x08, 0xA4, 0x08, 0xA4, 0x08, 0xA4, 0x08, 0xA4, 0x08, 0xA4, 0x08, 0xA4, 0x08, 0xA4, 0x08,
    0xA4, 0x08, 0xA4, 0x08, 0xA4, 0x08, 0xA4, 0x08, 0xA4, 0x08, 0xA4, 0x08, 0xA4, 0x08, 0xA4, 0x08,
    0xA4, 0x08, 0x84, 0x08, 0x84, 0x08, 0x84, 0x08, 0x84, 0x08, 0x84, 0x08, 0x84, 0x08, 0x84, 0x08,
    0x84, 0x08, 0x84, 0x08, 0x84, 0x08, 0x84, 0x08, 0x84, 0x08, 0x84, 0x08, 0x84, 0x08, 0x84, 0x08,
    0x84, 0x08, 0x84, 0x08, 0x84, 0x08, 0x84, 0x08, 0x84, 0x08, 0x84, 0x08, 0x84, 0x08, 0x84, 0x08,
    0x84, 0x08, 0x84, 0x08, 0x84, 0x08, 0x84, 0x08, 0x84, 0x08, 0x84, 0x08, 0x84, 0x08, 0x84, 0x08,
    0x83, 0x08, 0x83, 0x08, 0x83, 0x08, 0x83, 0x08, 0x83, 0x08, 0x83, 0x08, 0x83, 0x08, 0x83, 0x08,
    0x84, 0x08, 0x84, 0x08, 0x84, 0x08, 0x84, 0x08, 0x84, 0x08, 0x84, 0x08, 0x84, 0x08, 0x84, 0x08,
    0x84, 0x08, 0x84, 0x08, 0x84, 0x08, 0x84, 0x08, 0x84, 0x08, 0x84, 0x08, 0x84, 0x08, 0x84, 0x08,
    0x84, 0x08, 0x84, 0x08, 0x84, 0x08, 0x84, 0x08, 0xA4, 0x08, 0xA4, 0x08, 0xA4, 0x08, 0xA4, 0x08,
    0xA4, 0x08, 0xA4, 0x08, 0xA4, 0x08, 0xA4, 0x08, 0xA4, 0x08, 0xA4, 0x08, 0xA4, 0x08, 0xA4, 0x08,
    0xA4, 0x08, 0xA4, 0x08, 0xA4, 0x08, 0xA4, 0x08, 0xA4, 0x08, 0xA4, 0x08, 0xA4, 0x08, 0xA4, 0x08,
    0xA4, 0x08, 0xA4, 0x08, 0xA4, 0x08, 0xA4, 0x08, 0xA4, 0x08, 0xA4, 0x08, 0xA4, 0x08, 0xA4, 0x08,
    0xA4, 0x08, 0xA4, 0x08, 0xA4, 0x08, 0xA4, 0x08, 0xA4, 0x08, 0xA4, 0x08, 0xA4, 0x08, 0xA4, 0x08,
    0xA4, 0x08, 0xA5, 0x08, 0xA5, 0x08, 0xA5, 0x08, 0xA5, 0x08, 0xA5, 0x08, 0xA5, 0x08, 0xA5, 0x08,
    0xA5, 0x08, 0xA5, 0x08, 0xA5, 0x08, 0xA5, 0x08, 0xA5, 0x08, 0xA5, 0x08, 0xA5, 0x08, 0xA5, 0x08,
    0xA5, 0x10, 0xA5, 0x10, 0xA5, 0x10, 0xA5, 0x10, 0xA5, 0x10, 0xA5, 0x10, 0xA5, 0x10, 0xA5, 0x10,
    0xC5, 0x10, 0xC5, 0x10, 0xC5, 0x10, 0xC5, 0x10, 0xC5, 0x10, 0xC5, 0x10, 0xC5, 0x10, 0xC5, 0x10,
    0xC5, 0x10, 0xC5, 0x10, 0xC5, 0x10, 0xC5, 0x10, 0xC5, 0x10, 0xC5, 0x10, 0xC5, 0x10, 0xC5, 0x10,
    0xC5, 0x10, 0xC5, 0x10, 0xC5, 0x10, 0xC5, 0x10, 0xC5, 0x10, 0xC5, 0x10, 0xC5, 0x10, 0xC5, 0x10,
    0xC5, 0x10, 0xC5, 0x10, 0xC5, 0x10, 0xC5, 0x10, 0xC5, 0x10, 0xC5, 0x10, 0xC5, 0x10, 0xC5, 0x10,
    0xC5, 0x10, 0xC5, 0x10, 0xC5, 0x10, 0xC5, 0x10, 0xC5, 0x10, 0xC5, 0x10, 0xC5, 0x10, 0xC5, 0x10,
    0xC5, 0x10, 0xC5, 0x10, 0xC5, 0x10, 0xC5, 0x10, 0xC5, 0x10, 0xC5, 0x10, 0xC5, 0x10, 0xC5, 0x10,
    0xC5, 0x10, 0xC5, 0x10, 0xC5, 0x10, 0xC5, 0x10, 0xC5, 0x10, 0xC5, 0x10, 0xC5, 0x10, 0xC5, 0x10,
    0xC5, 0x10, 0xC5, 0x10, 0xC5, 0x10, 0xC5, 0x10, 0xC5, 0x10, 0xC5, 0x10, 0xC5, 0x10, 0xC5, 0x10,
    0xC5, 0x10, 0xC5, 0x10, 0xC5, 0x10, 0xC5, 0x10, 0xC5, 0x10, 0xC5, 0x10, 0xC5, 0x10, 0xC5, 0x10,
    0xC5, 0x10, 0xC5, 0x10, 0xC5, 0x10, 0xC5, 0x10, 0xC5, 0x10, 0xC5, 0x10, 0xC5, 0x10, 0xC5, 0x10,
    0xC5, 0x10, 0xA5, 0x10, 0xA5, 0x10, 0xA5, 0x10, 0xA5, 0x10, 0xA5, 0x10, 0xA5, 0x10, 0xA5, 0x10,
    0xA5, 0x10, 0xA5, 0x08, 0xA5, 0x08, 0xA5, 0x08, 0xA5, 0x08, 0xA5, 0x08, 0xA5, 0x08, 0xA5, 0x08,
    0xA5, 0x08, 0xA5, 0x08, 0xA5, 0x08, 0xA5, 0x08, 0xA5, 0x08, 0xA5, 0x08, 0xA5, 0x08, 0xA5, 0x08,
    0xA4, 0x08, 0xA4, 0x08, 0xA4, 0x08, 0xA4, 0x08, 0xA4, 0x08, 0xA4, 0x08, 0xA4, 0x08, 0xA4, 0x08,
    0xA4, 0x08, 0xA4, 0x08, 0xA4, 0x08, 0xA4, 0x08, 0xA4, 0x08, 0xA4, 0x08, 0xA4, 0x08, 0xA4, 0x08,
    0xA4, 0x08, 0xA4, 0x08, 0xA4, 0x08, 0xA4, 0x08, 0xA4, 0x08, 0xA4, 0x08, 0xA4, 0x08, 0xA4, 0x08,
    0xA4, 0x08, 0xA4, 0x08, 0xA4, 0x08, 0xA4, 0x08, 0xA4, 0x08, 0xA4, 0x08, 0xA4, 0x08, 0xA4, 0x08,
    0xA4, 0x08, 0xA4, 0x08, 0xA4, 0x08, 0xA4, 0x08, 0xA4, 0x08, 0x84, 0x08, 0x84, 0x08, 0x84, 0x08,
    0x84, 0x08, 0x84, 0x08, 0x84, 0x08, 0x84, 0x08, 0x84, 0x08, 0x84, 0x08, 0x84, 0x08, 0x84, 0x08,
    0x84, 0x08, 0x84, 0x08, 0x84, 0x08, 0x84, 0x08, 0x84, 0x08, 0x84, 0x08, 0x84, 0x08, 0x84, 0x08,
    0x83, 0x08, 0x83, 0x08, 0x83, 0x08, 0x83, 0x08, 0x83, 0x08, 0x84, 0x08, 0x84, 0x08, 0x84, 0x08,
    0x84, 0x08, 0x84, 0x08, 0x84, 0x08, 0x84, 0x08, 0x84, 0x08, 0x84, 0x08, 0x84, 0x08, 0x84, 0x08,
    0x84, 0x08, 0x84, 0x08, 0x84, 0x08, 0x84, 0x08, 0x84, 0x08, 0x84, 0x08, 0x84, 0x08, 0x84, 0x08,
    0x84, 0x08, 0x84, 0x08, 0x84, 0x08, 0x84, 0x08, 0x84, 0x08, 0x84, 0x08, 0x84, 0x08, 0x84, 0x08,
    0x84, 0x08, 0x84, 0x08, 0x84, 0x08, 0xA4, 0x08, 0xA4, 0x08, 0xA4, 0x08, 0xA4, 0x08, 0xA4, 0x08,
    0xA4, 0x08, 0xA4, 0x08, 0xA4, 0x08, 0xA4, 0x08, 0xA4, 0x08, 0xA4, 0x08, 0xA4, 0x08, 0xA4, 0x08,
    0xA4, 0x08, 0xA4, 0x08, 0xA4, 0x08, 0xA4, 0x08, 0xA4, 0x08, 0xA4, 0x08, 0xA4, 0x08, 0xA4, 0x08,
    0xA4, 0x08, 0xA4, 0x08, 0xA4, 0x08, 0xA4, 0x08, 0xA4, 0x08, 0xA4, 0x08, 0xA4, 0x08, 0xA4, 0x08,
    0xA4, 0x08, 0xA4, 0x08, 0xA4, 0x08, 0xA4, 0x08, 0xA4, 0x08, 0xA4, 0x08, 0xA4, 0x08, 0xA4, 0x08,
    0xA4, 0x08, 0xA4, 0x08, 0xA4, 0x08, 0xA4, 0x08, 0xA4, 0x08, 0xA4, 0x08, 0xA4, 0x08, 0xA4, 0x08,
    0xA4, 0x08, 0xA4, 0x08, 0xA4, 0x08, 0xA4, 0x08, 0xA4, 0x08, 0xA4, 0x08, 0xA4, 0x08, 0xA4, 0x08,
    0xA4, 0x08, 0xA4, 0x08, 0xA4, 0x08, 0xA5, 0x08, 0xA5, 0x08, 0xA5, 0x08, 0xA5, 0x08, 0xA5, 0x08,
    0xA5, 0x08, 0xA5, 0x08, 0xA5, 0x08, 0xA5, 0x08, 0xA5, 0x08, 0xA5, 0x08, 0xA5, 0x08, 0xA5, 0x10,
    0xA5, 0x10, 0xA5, 0x10, 0xA5, 0x10, 0xA5, 0x10, 0xA5, 0x10, 0xA5, 0x10, 0xA5, 0x10, 0xA5, 0x10,
    0xA5, 0x10, 0xA5, 0x10, 0xA5, 0x10, 0xA5, 0x10, 0xA5, 0x10, 0xA5, 0x10, 0xA5, 0x10, 0xA5, 0x10,
    0xA5, 0x10, 0xA5, 0x10, 0xA5, 0x10, 0xA5, 0x10, 0xA5, 0x10, 0xA5, 0x10, 0xA5, 0x10, 0xA5, 0x10,
    0xA5, 0x10, 0xA5, 0x10, 0xA5, 0x10, 0xA5, 0x10, 0xA5, 0x10, 0xA5, 0x10, 0xA5, 0x10, 0xA5, 0x10,
    0xA5, 0x10, 0xA5, 0x10, 0xA5, 0x08, 0xA5, 0x08, 0xA5, 0x08, 0xA5, 0x08, 0xA5, 0x08, 0xA5, 0x08,
    0xA5, 0x08, 0xA5, 0x08, 0xA5, 0x08, 0xA5, 0x08, 0xA5, 0x08, 0xA5, 0x08, 0xA4, 0x08, 0xA4, 0x08,
    0xA4, 0x08, 0xA4, 0x08, 0xA4, 0x08, 0xA4, 0x08, 0xA4, 0x08, 0xA4, 0x08, 0xA4, 0x08, 0xA4, 0x08,
    0xA4, 0x08, 0xA4, 0x08, 0xA4, 0x08, 0xA4, 0x08, 0xA4, 0x08, 0xA4, 0x08, 0xA4, 0x08, 0xA4, 0x08,
    0xA4, 0x08, 0xA4, 0x08, 0xA4, 0x08, 0xA4, 0x08, 0xA4, 0x08, 0xA4, 0x08, 0xA4, 0x08, 0xA4, 0x08,
    0xA4, 0x08, 0xA4, 0x08, 0xA4, 0x08, 0xA4, 0x08, 0xA4, 0x08, 0xA4, 0x08, 0xA4, 0x08, 0xA4, 0x08,
    0xA4, 0x08, 0xA4, 0x08, 0xA4, 0x08, 0xA4, 0x08, 0xA4, 0x08, 0xA4, 0x08, 0xA4, 0x08, 0xA4, 0x08,
    0xA4, 0x08, 0xA4, 0x08, 0xA4, 0x08, 0xA4, 0x08, 0xA4, 0x08, 0xA4, 0x08, 0xA4, 0x08, 0xA4, 0x08,
    0xA4, 0x08, 0xA4, 0x08, 0xA4, 0x08, 0xA4, 0x08, 0xA4, 0x08, 0xA4, 0x08, 0x84, 0x08, 0x84, 0x08,
    0x84, 0x08, 0x84, 0x08, 0x84, 0x08, 0x84, 0x08, 0x84, 0x08, 0x84, 0x08, 0x84, 0x08, 0x84, 0x08,
    0x84, 0x08, 0x84, 0x08, 0x84, 0x08, 0x84, 0x08, 0x84, 0x08, 0x84, 0x08, 0x84, 0x08, 0x84, 0x08,
    0x84, 0x08, 0x84, 0x08, 0x84, 0x08, 0x84, 0x08, 0x84, 0x08, 0x84, 0x08, 0x84, 0x08, 0x84, 0x08,
    0x84, 0x08, 0x84, 0x08, 0x84, 0x08, 0x84, 0x08, 0x83, 0x08, 0x83, 0x08, 0x83, 0x08, 0x83, 0x08,
    0x83, 0x08, 0x83, 0x08, 0x83, 0x08, 0x84, 0x08, 0x84, 0x08, 0x84, 0x08, 0x84, 0x08, 0x84, 0x08,
    0x84, 0x08, 0x84, 0x08, 0x84, 0x08, 0x84, 0x08, 0x84, 0x08, 0x84, 0x08, 0x84, 0x08, 0x84, 0x08,
    0x84, 0x08, 0x84, 0x08, 0x84, 0x08, 0x84, 0x08, 0x84, 0x08, 0x84, 0x08, 0x84, 0x08, 0x84, 0x08,
    0x84, 0x08, 0x84, 0x08, 0x84, 0x08, 0x84, 0x08, 0x84, 0x08, 0x84, 0x08, 0x84, 0x08, 0x84, 0x08,
    0x84, 0x08, 0xA4, 0x08, 0xA4, 0x08, 0xA4, 0x08, 0xA4, 0x08, 0xA4, 0x08, 0xA4, 0x08, 0xA4, 0x08,
    0xA4, 0x08, 0xA4, 0x08, 0xA4, 0x08, 0xA4, 0x08, 0xA4, 0x08, 0xA4, 0x08, 0xA4, 0x08, 0xA4, 0x08,
    0xA4, 0x08, 0xA4, 0x08, 0xA4, 0x08, 0xA4, 0x08, 0xA4, 0x08, 0xA4, 0x08, 0xA4, 0x08, 0xA4, 0x08,
    0xA4, 0x08, 0xA4, 0x08, 0xA4, 0x08, 0xA4, 0x08, 0xA4, 0x08, 0xA4, 0x08, 0xA4, 0x08, 0xA4, 0x08,
    0xA4, 0x08, 0xA4, 0x08, 0xA4, 0x08, 0xA4, 0x08, 0xA4, 0x08, 0xA4, 0x08, 0xA4, 0x08, 0xA4, 0x08,
    0xA4, 0x08, 0xA4, 0x08, 0xA4, 0x08, 0xA4, 0x08, 0xA4, 0x08, 0xA4, 0x08, 0xA4, 0x08, 0xA4, 0x08,
    0xA4, 0x08, 0xA4, 0x08, 0xA4, 0x08, 0xA4, 0x08, 0xA4, 0x08, 0xA5, 0x08, 0xA5, 0x08, 0xA5, 0x08,
    0xA5, 0x08, 0xA5, 0x08, 0xA5, 0x08, 0xA5, 0x08, 0xA5, 0x08, 0xA5, 0x08, 0xA5, 0x08, 0xA5, 0x08,
    0xA5, 0x10, 0xA5, 0x10, 0xA5, 0x10, 0xA5, 0x10, 0xA5, 0x10, 0xA5, 0x10, 0xA5, 0x10, 0xA5, 0x10,
    0xA5, 0x10, 0xA5, 0x10, 0xA5, 0x10, 0xA5, 0x10, 0xA5, 0x10, 0xA5, 0x10, 0xA5, 0x10, 0xA5, 0x10,
    0xA5, 0x10, 0xA5, 0x10, 0xA5, 0x10, 0xA5, 0x10, 0xA5, 0x10, 0xA5, 0x10, 0xA5, 0x10, 0xA5, 0x10,
    0xA5, 0x10, 0xA5, 0x10, 0xA5, 0x10, 0xA5, 0x10, 0xA5, 0x10, 0xA5, 0x10, 0xA5, 0x10, 0xA5, 0x10,
    0xA5, 0x10, 0xA5, 0x10, 0xA5, 0x10, 0xA5, 0x10, 0xA5, 0x10, 0xA5, 0x10, 0xA5, 0x10, 0xA5, 0x10,
    0xA5, 0x10, 0xA5, 0x10, 0xA5, 0x10, 0xA5, 0x10, 0xA5, 0x10, 0xA5, 0x10, 0xA5, 0x10, 0xA5, 0x10,
    0xA5, 0x10, 0xA5, 0x08, 0xA5, 0x08, 0xA5, 0x08, 0xA5, 0x08, 0xA5, 0x08, 0xA5, 0x08, 0xA5, 0x08,
    0xA5, 0x08, 0xA5, 0x08, 0xA5, 0x08, 0xA5, 0x08, 0xA4, 0x08, 0xA4, 0x08, 0xA4, 0x08, 0xA4, 0x08,
    0xA4, 0x08, 0xA4, 0x08, 0xA4, 0x08, 0xA4, 0x08, 0xA4, 0x08, 0xA4, 0x08, 0xA4, 0x08, 0xA4, 0x08,
    0xA4, 0x08, 0xA4, 0x08, 0xA4, 0x08, 0xA4, 0x08, 0xA4, 0x08, 0xA4, 0x08, 0xA4, 0x08, 0xA4, 0x08,
    0xA4, 0x08, 0xA4, 0x08, 0xA4, 0x08, 0xA4, 0x08, 0xA4, 0x08, 0xA4, 0x08, 0xA4, 0x08, 0xA4, 0x08,
    0xA4, 0x08, 0xA4, 0x08, 0xA4, 0x08, 0xA4, 0x08, 0xA4, 0x08, 0xA4, 0x08, 0xA4, 0x08, 0xA4, 0x08,
    0xA4, 0x08, 0xA4, 0x08, 0xA4, 0x08, 0xA4, 0x08, 0xA4, 0x08, 0xA4, 0x08, 0xA4, 0x08, 0xA4, 0x08,
    0xA4, 0x08, 0xA4, 0x08, 0xA4, 0x08, 0xA4, 0x08, 0xA4, 0x08, 0xA4, 0x08, 0xA4, 0x08, 0xA4, 0x08,
    0x84, 0x08, 0x84, 0x08, 0x84, 0x08, 0x84, 0x08, 0x84, 0x08, 0x84, 0x08, 0x84, 0x08, 0x84, 0x08,
    0x84, 0x08, 0x84, 0x08, 0x84, 0x08, 0x84, 0x08, 0x84, 0x08, 0x84, 0x08, 0x84, 0x08, 0x84, 0x08,
    0x84, 0x08, 0x84, 0x08, 0x84, 0x08, 0x84, 0x08, 0x84, 0x08, 0x84, 0x08, 0x84, 0x08, 0x84, 0x08,
    0x84, 0x08, 0x84, 0x08, 0x84, 0x08, 0x84, 0x08, 0x84, 0x08, 0x84, 0x08, 0x83, 0x08, 0x83, 0x08,
    0x84, 0x08, 0x84, 0x08, 0x84, 0x08, 0x84, 0x08, 0x84, 0x08, 0x84, 0x08, 0x84, 0x08, 0x84, 0x08,
    0x84, 0x08, 0x84, 0x08, 0x84, 0x08, 0x84, 0x08, 0x84, 0x08, 0x84, 0x08, 0xA4, 0x08, 0xA4, 0x08,
    0xA4, 0x08, 0xA4, 0x08, 0xA4, 0x08, 0xA4, 0x08, 0xA4, 0x08, 0xA4, 0x08, 0xA4, 0x08, 0xA4, 0x08,
    0xA4, 0x08, 0xA4, 0x08, 0xA4, 0x08, 0xA4, 0x08, 0xA4, 0x08, 0xA4, 0x08, 0xA4, 0x08, 0xA4, 0x08,
    0xA4, 0x08, 0xA4, 0x08, 0xA4, 0x08, 0xA4, 0x08, 0xA4, 0x08, 0xA4, 0x08, 0xA4, 0x08, 0xA4, 0x08,
    0xA4, 0x08, 0xA4, 0x08, 0xA4, 0x08, 0xA4, 0x08, 0xA4, 0x08, 0xA4, 0x08, 0xA4, 0x08, 0xA5, 0x08,
    0xA5, 0x08, 0xA5, 0x08, 0xA5, 0x08, 0xA5, 0x08, 0xA5, 0x08, 0xA5, 0x08, 0xA5, 0x08, 0xA5, 0x08,
    0xA5, 0x08, 0xA5, 0x08, 0xA5, 0x08, 0xA5, 0x08, 0xA5, 0x08, 0xA5, 0x08, 0xA5, 0x08, 0xA5, 0x08,
    0xA5, 0x10, 0xA5, 0x10, 0xA5, 0x10, 0xA5, 0x10, 0xC5, 0x10, 0xC5, 0x10, 0xC5, 0x10, 0xC5, 0x10,
    0xC5, 0x10, 0xC5, 0x10, 0xC5, 0x10, 0xC5, 0x10, 0xC5, 0x10, 0xC5, 0x10, 0xC5, 0x10, 0xC5, 0x10,
    0xC5, 0x10, 0xC5, 0x10, 0xC5, 0x10, 0xC5, 0x10, 0xC5, 0x10, 0xC5, 0x10, 0xC5, 0x10, 0xC5, 0x10,
    0xC5, 0x10, 0xC5, 0x10, 0xC5, 0x10, 0xC5, 0x10, 0xC5, 0x10, 0xC5, 0x10, 0xC5, 0x10, 0xC5, 0x10,
    0xC5, 0x10, 0xC5, 0x10, 0xC5, 0x10, 0xC5, 0x10, 0xC5, 0x10, 0xC5, 0x10, 0xC5, 0x10, 0xC5, 0x10,
    0xC5, 0x10, 0xC5, 0x10, 0xC5, 0x10, 0xC5, 0x10, 0xC5, 0x10, 0xC5, 0x10, 0xC5, 0x10, 0xC5, 0x10,
    0xC5, 0x10, 0xC5, 0x10, 0xC5, 0x10, 0xC5, 0x10, 0xC5, 0x10, 0xC5, 0x10, 0xC5, 0x10, 0xC5, 0x10,
    0xC5, 0x10, 0xC5, 0x10, 0xC5, 0x10, 0xC5, 0x10, 0xC5, 0x10, 0xC5, 0x10, 0xC5, 0x10, 0xC5, 0x10,
    0xC5, 0x10, 0xC5, 0x10, 0xC5, 0x10, 0xC5, 0x10, 0xC5, 0x10, 0xC5, 0x10, 0xC5, 0x10, 0xC5, 0x10,
    0xC5, 0x10, 0xC5, 0x10, 0xC5, 0x10, 0xC5, 0x10, 0xC5, 0x10, 0xC5, 0x10, 0xC5, 0x10, 0xC5, 0x10,
    0xC5, 0x10, 0xC5, 0x10, 0xC5, 0x10, 0xC5, 0x10, 0xC5, 0x10, 0xC5, 0x10, 0xC5, 0x10, 0xC5, 0x10,
    0xC5, 0x10, 0xC5, 0x10, 0xC5, 0x10, 0xC5, 0x10, 0xC5, 0x10, 0xC5, 0x10, 0xC5, 0x10, 0xC5, 0x10,
    0xC5, 0x10, 0xC5, 0x10, 0xC5, 0x10, 0xC5, 0x10, 0xC5, 0x10, 0xC5, 0x10, 0xC5, 0x10, 0xC5, 0x10,
    0xC5, 0x10, 0xC5, 0x10, 0xC5, 0x10, 0xC5, 0x10, 0xC5, 0x10, 0xA5, 0x10, 0xA5, 0x10, 0xA5, 0x10,
    0xA5, 0x10, 0xA5, 0x08, 0xA5, 0x08, 0xA5, 0x08, 0xA5, 0x08, 0xA5, 0x08, 0xA5, 0x08, 0xA5, 0x08,
    0xA5, 0x08, 0xA5, 0x08, 0xA5, 0x08, 0xA5, 0x08, 0xA5, 0x08, 0xA5, 0x08, 0xA5, 0x08, 0xA5, 0x08,
    0xA5, 0x08, 0xA5, 0x08, 0xA4, 0x08, 0xA4, 0x08, 0xA4, 0x08, 0xA4, 0x08, 0xA4, 0x08, 0xA4, 0x08,
    0xA4, 0x08, 0xA4, 0x08, 0xA4, 0x08, 0xA4, 0x08, 0xA4, 0x08, 0xA4, 0x08, 0xA4, 0x08, 0xA4, 0x08,
    0xA4, 0x08, 0xA4, 0x08, 0xA4, 0x08, 0xA4, 0x08, 0xA4, 0x08, 0xA4, 0x08, 0xA4, 0x08, 0xA4, 0x08,
    0xA4, 0x08, 0xA4, 0x08, 0xA4, 0x08, 0xA4, 0x08, 0xA4, 0x08, 0xA4, 0x08, 0xA4, 0x08, 0xA4, 0x08,
    0xA4, 0x08, 0xA4, 0x08, 0xA4, 0x08, 0x84, 0x08, 0x84, 0x08, 0x84, 0x08, 0x84, 0x08, 0x84, 0x08,
    0x84, 0x08, 0x84, 0x08, 0x84, 0x08, 0x84, 0x08, 0x84, 0x08, 0x84, 0x08, 0x84, 0x08, 0x84, 0x08,
    0x84, 0x08, 0x84, 0x08, 0x84, 0x08, 0x84, 0x08, 0x84, 0x08, 0x84, 0x08, 0x84, 0x08, 0x84, 0x08,
    0x84, 0x08, 0x84, 0x08, 0x84, 0x08, 0x84, 0x08, 0x84, 0x08, 0x84, 0x08, 0x84, 0x08, 0x84, 0x08,
    0x84, 0x08, 0x84, 0x08, 0x84, 0x08, 0x84, 0x08, 0x84, 0x08, 0x84, 0x08, 0x84, 0x08, 0x84, 0x08,
    0x84, 0x08, 0x84, 0x08, 0x84, 0x08, 0x84, 0x08, 0xA4, 0x08, 0xA4, 0x08, 0xA4, 0x08, 0xA4, 0x08,
    0xA4, 0x08, 0xA4, 0x08, 0xA4, 0x08, 0xA4, 0x08, 0xA4, 0x08, 0xA4, 0x08, 0xA4, 0x08, 0xA4, 0x08,
    0xA4, 0x08, 0xA4, 0x08, 0xA4, 0x08, 0xA4, 0x08, 0xA4, 0x08, 0xA4, 0x08, 0xA4, 0x08, 0xA4, 0x08,
    0xA4, 0x08, 0xA4, 0x08, 0xA4, 0x08, 0xA4, 0x08, 0xA4, 0x08, 0xA4, 0x08, 0xA4, 0x08, 0xA4, 0x08,
    0xA4, 0x08, 0xA4, 0x08, 0xA4, 0x08, 0xA4, 0x08, 0xA4, 0x08, 0xA4, 0x08, 0xA4, 0x08, 0xA4, 0x08,
    0xA4, 0x08, 0xA4, 0x08, 0xA4, 0x08, 0xA4, 0x08, 0xA4, 0x08, 0xA4, 0x08, 0xA4, 0x08, 0xA4, 0x08,
    0xA4, 0x08, 0xA4, 0x08, 0xA4, 0x08, 0xA5, 0x08, 0xA5, 0x08, 0xA5, 0x08, 0xA5, 0x08, 0xA5, 0x08,
    0xA5, 0x08, 0xA5, 0x08, 0xA5, 0x08, 0xA5, 0x08, 0xA5, 0x08, 0xA5, 0x08, 0xA5, 0x08, 0xA5, 0x10,
    0xA5, 0x10, 0xA5, 0x10, 0xA5, 0x10, 0xA5, 0x10, 0xA5, 0x10, 0xA5, 0x10, 0xA5, 0x10, 0xA5, 0x10,
    0xA5, 0x10, 0xA5, 0x10, 0xA5, 0x10, 0xA5, 0x10, 0xA5, 0x10, 0xA5, 0x10, 0xA5, 0x10, 0xA5, 0x10,
    0xA5, 0x10, 0xA5, 0x10, 0xA5, 0x10, 0xA5, 0x10, 0xC5, 0x10, 0xC5, 0x10, 0xC5, 0x10, 0xC5, 0x10,
    0xC5, 0x10, 0xC5, 0x10, 0xC5, 0x10, 0xC5, 0x10, 0xC5, 0x10, 0xC5, 0x10, 0xC5, 0x10, 0xC5, 0x10,
    0xC5, 0x10, 0xC5, 0x10, 0xC5, 0x10, 0xC5, 0x10, 0xC5, 0x10, 0xC5, 0x10, 0xC5, 0x10, 0xC5, 0x10,
    0xC5, 0x10, 0xC5, 0x10, 0xC5, 0x10, 0xC5, 0x10, 0xC5, 0x10, 0xA5, 0x10, 0xA5, 0x10, 0xA5, 0x10,
    0xA5, 0x10, 0xA5, 0x10, 0xA5, 0x10, 0xA5, 0x10, 0xA5, 0x10, 0xA5, 0x10, 0xA5, 0x10, 0xA5, 0x10,
    0xA5, 0x10, 0xA5, 0x10, 0xA5, 0x10, 0xA5, 0x10, 0xA5, 0x10, 0xA5, 0x10, 0xA5, 0x10, 0xA5, 0x10,
    0xA5, 0x10, 0xA5, 0x10, 0xA5, 0x08, 0xA5, 0x08, 0xA5, 0x08, 0xA5, 0x08, 0xA5, 0x08, 0xA5, 0x08,
    0xA5, 0x08, 0xA5, 0x08, 0xA5, 0x08, 0xA5, 0x08, 0xA5, 0x08, 0xA5, 0x08, 0xA4, 0x08, 0xA4, 0x08,
    0xA4, 0x08, 0xA4, 0x08, 0xA4, 0x08, 0xA4, 0x08, 0xA4, 0x08, 0xA4, 0x08, 0xA4, 0x08, 0xA4, 0x08,
    0xA4, 0x08, 0xA4, 0x08, 0xA4, 0x08, 0xA4, 0x08, 0xA4, 0x08, 0xA4, 0x08, 0xA4, 0x08, 0xA4, 0x08,
    0xA4, 0x08, 0xA4, 0x08, 0xA4, 0x08, 0xA4, 0x08, 0xA4, 0x08, 0xA4, 0x08, 0xA4, 0x08, 0xA4, 0x08,
    0xA4, 0x08, 0xA4, 0x08, 0xA4, 0x08, 0xA4, 0x08, 0xA4, 0x08, 0xA4, 0x08, 0xA4, 0x08, 0xA4, 0x08,
    0xA4, 0x08, 0xA4, 0x08, 0xA4, 0x08, 0xA4, 0x08, 0xA4, 0x08, 0xA4, 0x08, 0xA4, 0x08, 0xA4, 0x08,
    0xA4, 0x08, 0xA4, 0x08, 0xA4, 0x08, 0xA4, 0x08, 0xA4, 0x08, 0x84, 0x08, 0x84, 0x08, 0x84, 0x08,
    0x84, 0x08, 0x84, 0x08, 0x84, 0x08, 0x84, 0x08, 0x84, 0x08, 0x84, 0x08, 0x84, 0x08, 0x84, 0x08,
    0x84, 0x08, 0x84, 0x08, 0x84, 0x08, 0x84, 0x08, 0x84, 0x08, 0x84, 0x08, 0x84, 0x08, 0x84, 0x08,
    0x84, 0x08, 0x84, 0x08, 0x84, 0x08, 0x84, 0x08, 0x84, 0x08, 0x84, 0x08, 0x84, 0x08, 0x84, 0x08,
    0x84, 0x08, 0x84, 0x08, 0x84, 0x08, 0x84, 0x08, 0x84, 0x08, 0x84, 0x08, 0x84, 0x08, 0x84, 0x08,
    0x84, 0x08, 0x84, 0x08, 0x84, 0x08, 0x84, 0x08, 0x84, 0x08, 0x84, 0x08, 0x84, 0x08, 0x84, 0x08,
    0x84, 0x08, 0x84, 0x08, 0x84, 0x08, 0x84, 0x08, 0x84, 0x08, 0x84, 0x08, 0x84, 0x08, 0x84, 0x08,
    0x84, 0x08, 0x84, 0x08, 0xA4, 0x08, 0xA4, 0x08, 0xA4, 0x08, 0xA4, 0x08, 0xA4, 0x08, 0xA4, 0x08,
    0xA4, 0x08, 0xA4, 0x08, 0xA4, 0x08, 0xA4, 0x08, 0xA4, 0x08, 0xA4, 0x08, 0xA4, 0x08, 0xA4, 0x08,
    0xA4, 0x08, 0xA4, 0x08, 0xA4, 0x08, 0xA4, 0x08, 0xA4, 0x08, 0xA4, 0x08, 0xA4, 0x08, 0xA4, 0x08,
    0xA4, 0x08, 0xA4, 0x08, 0xA4, 0x08, 0xA4, 0x08, 0xA4, 0x08, 0xA4, 0x08, 0xA4, 0x08, 0xA4, 0x08,
    0xA4, 0x08, 0xA4, 0x08, 0xA4, 0x08, 0xA4, 0x08, 0xA4, 0x08, 0xA4, 0x08, 0xA4, 0x08, 0xA4, 0x08,
    0xA4, 0x08, 0xA4, 0x08, 0xA4, 0x08, 0xA4, 0x08, 0xA4, 0x08, 0xA4, 0x08, 0xA4, 0x08, 0xA5, 0x08,
    0xA5, 0x08, 0xA5, 0x08, 0xA5, 0x08, 0xA5, 0x08, 0xA5, 0x08, 0xA5, 0x08, 0xA5, 0x08, 0xA5, 0x08,
    0xA5, 0x08, 0xA5, 0x08, 0xA5, 0x08, 0xA5, 0x10, 0xA5, 0x10, 0xA5, 0x10, 0xA5, 0x10, 0xA5, 0x10,
    0xA5, 0x10, 0xA5, 0x10, 0xA5, 0x10, 0xA5, 0x10, 0xA5, 0x10, 0xA5, 0x10, 0xA5, 0x10, 0xA5, 0x10,
    0xA5, 0x10, 0xA5, 0x10, 0xC5, 0x10, 0xC5, 0x10, 0xC5, 0x10, 0xC5, 0x10, 0xC5, 0x10, 0xC5, 0x10,
    0xC5, 0x10, 0xC5, 0x10, 0xC5, 0x10, 0xC5, 0x10, 0xC5, 0x10, 0xC5, 0x10, 0xC5, 0x10, 0xC5, 0x10,
    0xC5, 0x10, 0xC5, 0x10, 0xC5, 0x10, 0xC5, 0x10, 0xC5, 0x10, 0xC5, 0x10, 0xC5, 0x10, 0xC5, 0x10,
    0xC5, 0x10, 0xC5, 0x10, 0xC5, 0x10, 0xC5, 0x10, 0xC5, 0x10, 0xC5, 0x10, 0xC5, 0x10, 0xC5, 0x10,
    0xC5, 0x10, 0xC5, 0x10, 0xC5, 0x10, 0xC5, 0x10, 0xC5, 0x10, 0xC5, 0x10, 0xC5, 0x10, 0xC5, 0x10,
    0xC5, 0x10, 0xC5, 0x10, 0xC5, 0x10, 0xC5, 0x10, 0xC5, 0x10, 0xC5, 0x10, 0xC5, 0x10, 0xA5, 0x10,
    0xA5, 0x10, 0xA5, 0x10, 0xA5, 0x10, 0xA5, 0x10, 0xA5, 0x10, 0xA5, 0x10, 0xA5, 0x10, 0xA5, 0x10,
    0xA5, 0x10, 0xA5, 0x10, 0xA5, 0x10, 0xA5, 0x10, 0xA5, 0x10, 0xA5, 0x10, 0xA5, 0x08, 0xA5, 0x08,
    0xA5, 0x08, 0xA5, 0x08, 0xA5, 0x08, 0xA5, 0x08, 0xA5, 0x08, 0xA5, 0x08, 0xA5, 0x08, 0xA5, 0x08,
    0xA5, 0x08, 0xA5, 0x08, 0xA4, 0x08, 0xA4, 0x08, 0xA4, 0x08, 0xA4, 0x08, 0xA4, 0x08, 0xA4, 0x08,
    0xA4, 0x08, 0xA4, 0x08, 0xA4, 0x08, 0xA4, 0x08, 0xA4, 0x08, 0xA4, 0x08, 0xA4, 0x08, 0xA4, 0x08,
    0xA4, 0x08, 0xA4, 0x08, 0xA4, 0x08, 0xA4, 0x08, 0xA4, 0x08, 0xA4, 0x08, 0xA4, 0x08, 0xA4, 0x08,
    0xA4, 0x08, 0xA4, 0x08, 0xA4, 0x08, 0xA4, 0x08, 0xA4, 0x08, 0xA4, 0x08, 0xA4, 0x08, 0xA4, 0x08,
    0xA4, 0x08, 0xA4, 0x08, 0xA4, 0x08, 0xA4, 0x08, 0xA4, 0x08, 0xA4, 0x08, 0xA4, 0x08, 0xA4, 0x08,
    0xA4, 0x08, 0xA4, 0x08, 0xA4, 0x08, 0xA4, 0x08, 0xA4, 0x08, 0xA4, 0x08, 0xA4, 0x08, 0x84, 0x08,
    0x84, 0x08, 0x84, 0x08, 0x84, 0x08, 0x84, 0x08, 0x84, 0x08, 0x84, 0x08, 0x84, 0x08, 0x84, 0x08,
    0x84, 0x08, 0x84, 0x08, 0x84, 0x08, 0x84, 0x08, 0x84, 0x08, 0x84, 0x08, 0x84, 0x08, 0x84, 0x08,
    0x84, 0x08, 0x84, 0x08, 0x84, 0x08, 0x84, 0x08, 0x84, 0x08, 0x84, 0x08, 0x84, 0x08, 0x84, 0x08,
    0x84, 0x08, 0x84, 0x08, 0x84, 0x08, 0x84, 0x08, 0x84, 0x08, 0x84, 0x08, 0x84, 0x08, 0x84, 0x08,
    0xA4, 0x08, 0xA4, 0x08, 0xA4, 0x08, 0xA4, 0x08, 0xA4, 0x08, 0xA4, 0x08, 0xA4, 0x08, 0xA4, 0x08,
    0xA4, 0x08, 0xA4, 0x08, 0xA4, 0x08, 0xA4, 0x08, 0xA4, 0x08, 0xA4, 0x08, 0xA4, 0x08, 0xA4, 0x08,
    0xA4, 0x08, 0xA4, 0x08, 0xA4, 0x08, 0xA4, 0x08, 0xA4, 0x08, 0xA4, 0x08, 0xA4, 0x08, 0xA4, 0x08,
    0xA4, 0x08, 0xA4, 0x08, 0xA4, 0x08, 0xA4, 0x08, 0xA4, 0x08, 0xA4, 0x08, 0xA4, 0x08, 0xA5, 0x08,
    0xA5, 0x08, 0xA5, 0x08, 0xA5, 0x08, 0xA5, 0x08, 0xA5, 0x08, 0xA5, 0x08, 0xA5, 0x08, 0xA5, 0x08,
    0xA5, 0x08, 0xA5, 0x08, 0xA5, 0x08, 0xA5, 0x08, 0xA5, 0x08, 0xA5, 0x08, 0xA5, 0x08, 0xA5, 0x08,
    0xA5, 0x08, 0xA5, 0x10, 0xC5, 0x10, 0xC5, 0x10, 0xC5, 0x10, 0xC5, 0x10, 0xC5, 0x10, 0xC5, 0x10,
    0xC5, 0x10, 0xC5, 0x10, 0xC5, 0x10, 0xC5, 0x10, 0xC5, 0x10, 0xC5, 0x10, 0xC5, 0x10, 0xC5, 0x10,
    0xC5, 0x10, 0xC5, 0x10, 0xC5, 0x10, 0xC5, 0x10, 0xC5, 0x10, 0xC5, 0x10, 0xC5, 0x10, 0xC5, 0x10,
    0xC5, 0x10, 0xC5, 0x10, 0xC5, 0x10, 0xC5, 0x10, 0xC5, 0x10, 0xC5, 0x10, 0xC5, 0x10, 0xC5, 0x10,
    0xC5, 0x10, 0xC5, 0x10, 0xC5, 0x10, 0xC5, 0x10, 0xC5, 0x10, 0xC5, 0x10, 0xC5, 0x10, 0xC5, 0x10,
    0xC5, 0x10, 0xC5, 0x10, 0xC5, 0x10, 0xC5, 0x10, 0xC5, 0x10, 0xC5, 0x10, 0xC5, 0x10, 0xC5, 0x10,
    0xC5, 0x10, 0xC5, 0x10, 0xC5, 0x10, 0xC5, 0x10, 0xC5, 0x10, 0xC5, 0x10, 0xC5, 0x10, 0xC5, 0x10,
    0xC5, 0x10, 0xC5, 0x10, 0xC5, 0x10, 0xC5, 0x10, 0xC5, 0x10, 0xC5, 0x10, 0xC5, 0x10, 0xC5, 0x10,
    0xC5, 0x10, 0xC5, 0x10, 0xC5, 0x10, 0xC5, 0x10, 0xC5, 0x10, 0xC5, 0x10, 0xC5, 0x10, 0xC5, 0x10,
    0xC5, 0x10, 0xC5, 0x10, 0xC5, 0x10, 0xC5, 0x10, 0xC5, 0x10, 0xC5, 0x10, 0xC5, 0x10, 0xC5, 0x10,
    0xC5, 0x10, 0xC5, 0x10, 0xC5, 0x10, 0xC5, 0x10, 0xC5, 0x10, 0xC5, 0x10, 0xC5, 0x10, 0xC5, 0x10,
    0xC5, 0x10, 0xC5, 0x10, 0xC5, 0x10, 0xC5, 0x10, 0xC5, 0x10, 0xC5, 0x10, 0xC5, 0x10, 0xC5, 0x10,
    0xC5, 0x10, 0xC5, 0x10, 0xC5, 0x10, 0xC5, 0x10, 0xC5, 0x10, 0xC5, 0x10, 0xC5, 0x10, 0xC5, 0x10,
    0xC5, 0x10, 0xC5, 0x10, 0xC5, 0x10, 0xC5, 0x10, 0xC5, 0x10, 0xC5, 0x10, 0xC5, 0x10, 0xC5, 0x10,
    0xC5, 0x10, 0xC5, 0x10, 0xC5, 0x10, 0xC5, 0x10, 0xC5, 0x10, 0xC5, 0x10, 0xC5, 0x10, 0xC5, 0x10,
    0xC5, 0x10, 0xC5, 0x10, 0xC5, 0x10, 0xC5, 0x10, 0xC5, 0x10, 0xC5, 0x10, 0xC5, 0x10, 0xA5, 0x10,
    0xA5, 0x08, 0xA5, 0x08, 0xA5, 0x08, 0xA5, 0x08, 0xA5, 0x08, 0xA5, 0x08, 0xA5, 0x08, 0xA5, 0x08,
    0xA5, 0x08, 0xA5, 0x08, 0xA5, 0x08, 0xA5, 0x08, 0xA5, 0x08, 0xA5, 0x08, 0xA5, 0x08, 0xA5, 0x08,
    0xA5, 0x08, 0xA5, 0x08, 0xA4, 0x08, 0xA4, 0x08, 0xA4, 0x08, 0xA4, 0x08, 0xA4, 0x08, 0xA4, 0x08,
    0xA4, 0x08, 0xA4, 0x08, 0xA4, 0x08, 0xA4, 0x08, 0xA4, 0x08, 0xA4, 0x08, 0xA4, 0x08, 0xA4, 0x08,
    0xA4, 0x08, 0xA4, 0x08, 0xA4, 0x08, 0xA4, 0x08, 0xA4, 0x08, 0xA4, 0x08, 0xA4, 0x08, 0xA4, 0x08,
    0xA4, 0x08, 0xA4, 0x08, 0xA4, 0x08, 0xA4, 0x08, 0xA4, 0x08, 0xA4, 0x08, 0xA4, 0x08, 0xA4, 0x08,
    0xA4, 0x08, 0x84, 0x08, 0x84, 0x08, 0x84, 0x08, 0x84, 0x08, 0x84, 0x08, 0x84, 0x08, 0x84, 0x08,
    0x84, 0x08, 0x84, 0x08, 0x84, 0x08, 0x84, 0x08, 0x84, 0x08, 0x84, 0x08, 0x84, 0x08, 0x84, 0x08,
    0x84, 0x08, 0x84, 0x08, 0x84, 0x08, 0x84, 0x08, 0x84, 0x08, 0x84, 0x08, 0x84, 0x08, 0x84, 0x08,
    0x84, 0x08, 0x84, 0x08, 0x84, 0x08, 0x84, 0x08, 0x84, 0x08, 0x84, 0x08, 0xA4, 0x08, 0xA4, 0x08,
    0xA4, 0x08, 0xA4, 0x08, 0xA4, 0x08, 0xA4, 0x08, 0xA4, 0x08, 0xA4, 0x08, 0xA4, 0x08, 0xA4, 0x08,
    0xA4, 0x08, 0xA4, 0x08, 0xA4, 0x08, 0xA4, 0x08, 0xA4, 0x08, 0xA4, 0x08, 0xA4, 0x08, 0xA4, 0x08,
    0xA4, 0x08, 0xA4, 0x08, 0xA4, 0x08, 0xA4, 0x08, 0xA4, 0x08, 0xA4, 0x08, 0xA4, 0x08, 0xA4, 0x08,
    0xA4, 0x08, 0xA4, 0x08, 0xA4, 0x08, 0xA4, 0x08, 0xA4, 0x08, 0xA4, 0x08, 0xA4, 0x08, 0xA4, 0x08,
    0xA4, 0x08, 0xA4, 0x08, 0xA4, 0x08, 0xA4, 0x08, 0xA4, 0x08, 0xA4, 0x08, 0xA4, 0x08, 0xA5, 0x08,
    0xA5, 0x08, 0xA5, 0x08, 0xA5, 0x08, 0xA5, 0x08, 0xA5, 0x08, 0xA5, 0x08, 0xA5, 0x08, 0xA5, 0x08,
    0xA5, 0x08, 0xA5, 0x08, 0xA5, 0x08, 0xA5, 0x08, 0xA5, 0x10, 0xA5, 0x10, 0xA5, 0x10, 0xA5, 0x10,
    0xA5, 0x10, 0xA5, 0x10, 0xA5, 0x10, 0xA5, 0x10, 0xA5, 0x10, 0xC5, 0x10, 0xC5, 0x10, 0xC5, 0x10,
    0xC5, 0x10, 0xC5, 0x10, 0xC5, 0x10, 0xC5, 0x10, 0xC5, 0x10, 0xC5, 0x10, 0xC5, 0x10, 0xC5, 0x10,
    0xC5, 0x10, 0xC5, 0x10, 0xC5, 0x10, 0xC5, 0x10, 0xC5, 0x10, 0xC5, 0x10, 0xC5, 0x10, 0xC5, 0x10,
    0xC5, 0x10, 0xC5, 0x10, 0xC5, 0x10, 0xC5, 0x10, 0xC5, 0x10, 0xC5, 0x10, 0xC5, 0x10, 0xC5, 0x10,
    0xC5, 0x10, 0xC5, 0x10, 0xC5, 0x10, 0xC5, 0x10, 0xC5, 0x10, 0xC5, 0x10, 0xC5, 0x10, 0xC5, 0x10,
    0xC5, 0x10, 0xC5, 0x10, 0xC5, 0x10, 0xC5, 0x10, 0xC5, 0x10, 0xC5, 0x10, 0xC5, 0x10, 0xC5, 0x10,
    0xC5, 0x10, 0xC5, 0x10, 0xC5, 0x10, 0xC5, 0x10, 0xC5, 0x10, 0xC5, 0x10, 0xC5, 0x10, 0xC5, 0x10,
    0xC5, 0x10, 0xC5, 0x10, 0xC5, 0x10, 0xC5, 0x10, 0xC5, 0x10, 0xC5, 0x10, 0xC5, 0x10, 0xC5, 0x10,
    0xC5, 0x10, 0xC5, 0x10, 0xC5, 0x10, 0xC5, 0x10, 0xC5, 0x10, 0xC5, 0x10, 0xC5, 0x10, 0xC5, 0x10,
    0xC5, 0x10, 0xC5, 0x10, 0xC5, 0x10, 0xC5, 0x10, 0xA5, 0x10, 0xA5, 0x10, 0xA5, 0x10, 0xA5, 0x10,
    0xA5, 0x10, 0xA5, 0x10, 0xA5, 0x10, 0xA5, 0x10, 0xA5, 0x10, 0xA5, 0x08, 0xA5, 0x08, 0xA5, 0x08,
    0xA5, 0x08, 0xA5, 0x08, 0xA5, 0x08, 0xA5, 0x08, 0xA5, 0x08, 0xA5, 0x08, 0xA5, 0x08, 0xA5, 0x08,
    0xA5, 0x08, 0xA5, 0x08, 0xA4, 0x08, 0xA4, 0x08, 0xA4, 0x08, 0xA4, 0x08, 0xA4, 0x08, 0xA4, 0x08,
    0xA4, 0x08, 0xA4, 0x08, 0xA4, 0x08, 0xA4, 0x08, 0xA4, 0x08, 0xA4, 0x08, 0xA4, 0x08, 0xA4, 0x08,
    0xA4, 0x08, 0xA4, 0x08, 0xA4, 0x08, 0xA4, 0x08, 0xA4, 0x08, 0xA4, 0x08, 0xA4, 0x08, 0xA4, 0x08,
    0xA4, 0x08, 0xA4, 0x08, 0xA4, 0x08, 0xA4, 0x08, 0xA4, 0x08, 0xA4, 0x08, 0xA4, 0x08, 0xA4, 0x08,
    0xA4, 0x08, 0xA4, 0x08, 0xA4, 0x08, 0xA4, 0x08, 0xA4, 0x08, 0xA4, 0x08, 0xA4, 0x08, 0xA4, 0x08,
    0xA4, 0x08, 0xA4, 0x08, 0xA4, 0x08, 0x84, 0x08, 0x84, 0x08, 0x84, 0x08, 0x84, 0x08, 0x84, 0x08,
    0x84, 0x08, 0x84, 0x08, 0x84, 0x08, 0x84, 0x08, 0x84, 0x08, 0x84, 0x08, 0x84, 0x08, 0x84, 0x08,
    0x84, 0x08, 0x84, 0x08, 0x84, 0x08, 0x84, 0x08, 0x84, 0x08, 0x84, 0x08, 0x84, 0x08, 0x84, 0x08,
    0x84, 0x08, 0x84, 0x08, 0x84, 0x08, 0x84, 0x08, 0x84, 0x08, 0x84, 0x08, 0x84, 0x08, 0x84, 0x08,
    0x84, 0x08, 0x84, 0x08, 0x84, 0x08, 0x84, 0x08, 0x84, 0x08, 0x84, 0x08, 0x84, 0x08, 0x84, 0x08,
    0x84, 0x08, 0x84, 0x08, 0x84, 0x08, 0x84, 0x08, 0xA4, 0x08, 0xA4, 0x08, 0xA4, 0x08, 0xA4, 0x08,
    0xA4, 0x08, 0xA4, 0x08, 0xA4, 0x08, 0xA4, 0x08, 0xA4, 0x08, 0xA4, 0x08, 0xA4, 0x08, 0xA4, 0x08,
    0xA4, 0x08, 0xA4, 0x08, 0xA4, 0x08, 0xA4, 0x08, 0xA4, 0x08, 0xA4, 0x08, 0xA4, 0x08, 0xA4, 0x08,
    0xA4, 0x08, 0xA4, 0x08, 0xA4, 0x08, 0xA4, 0x08, 0xA4, 0x08, 0xA4, 0x08, 0xA4, 0x08, 0xA4, 0x08,
    0xA4, 0x08, 0xA4, 0x08, 0xA4, 0x08, 0xA4, 0x08, 0xA4, 0x08, 0xA4, 0x08, 0xA4, 0x08, 0xA4, 0x08,
    0xA4, 0x08, 0xA4, 0x08, 0xA4, 0x08, 0xA4, 0x08, 0xA5, 0x08, 0xA5, 0x08, 0xA5, 0x08, 0xA5, 0x08,
    0xA5, 0x08, 0xA5, 0x08, 0xA5, 0x08, 0xA5, 0x08, 0xA5, 0x08, 0xA5, 0x08, 0xA5, 0x08, 0xA5, 0x08,
    0xA5, 0x08, 0xA5, 0x10, 0xA5, 0x10, 0xA5, 0x10, 0xA5, 0x10, 0xA5, 0x10, 0xA5, 0x10, 0xA5, 0x10,
    0xC5, 0x10, 0xC5, 0x10, 0xC5, 0x10, 0xC5, 0x10, 0xC5, 0x10, 0xC5, 0x10, 0xC5, 0x10, 0xC5, 0x10,
    0xC5, 0x10, 0xC5, 0x10, 0xC5, 0x10, 0xC5, 0x10, 0xC5, 0x10, 0xC5, 0x10, 0xC5, 0x10, 0xC5, 0x10,
    0xC5, 0x10, 0xC5, 0x10, 0xC5, 0x10, 0xC5, 0x10, 0xC5, 0x10, 0xC5, 0x10, 0xC5, 0x10, 0xC5, 0x10,
    0xC5, 0x10, 0xC5, 0x10, 0xC5, 0x10, 0xC5, 0x10, 0xC5, 0x10, 0xC5, 0x10, 0xC5, 0x10, 0xC5, 0x10,
    0xC5, 0x10, 0xC5, 0x10, 0xC5, 0x10, 0xC5, 0x10, 0xC5, 0x10, 0xC5, 0x10, 0xC5, 0x10, 0xC5, 0x10,
    0xC5, 0x10, 0xC5, 0x10, 0xC5, 0x10, 0xC5, 0x10, 0xC5, 0x10, 0xC5, 0x10, 0xC5, 0x10, 0xC5, 0x10,
    0xC5, 0x10, 0xC5, 0x10, 0xC5, 0x10, 0xC5, 0x10, 0xC5, 0x10, 0xC5, 0x10, 0xC5, 0x10, 0xC5, 0x10,
    0xC5, 0x10, 0xC5, 0x10, 0xC5, 0x10, 0xC5, 0x10, 0xC5, 0x10, 0xC5, 0x10, 0xC5, 0x10, 0xC5, 0x10,
    0xC5, 0x10, 0xC5, 0x10, 0xC5, 0x10, 0xC5, 0x10, 0xC5, 0x10, 0xC5, 0x10, 0xC5, 0x10, 0xC5, 0x10,
    0xC5, 0x10, 0xC5, 0x10, 0xC5, 0x10, 0xC5, 0x10, 0xC5, 0x10, 0xC5, 0x10, 0xC5, 0x10, 0xC5, 0x10,
    0xC5, 0x10, 0xA5, 0x10, 0xA5, 0x10, 0xA5, 0x10, 0xA5, 0x10, 0xA5, 0x10, 0xA5, 0x10, 0xA5, 0x10,
    0xA5, 0x08, 0xA5, 0x08, 0xA5, 0x08, 0xA5, 0x08, 0xA5, 0x08, 0xA5, 0x08, 0xA5, 0x08, 0xA5, 0x08,
    0xA5, 0x08, 0xA5, 0x08, 0xA5, 0x08, 0xA5, 0x08, 0xA5, 0x08, 0xA4, 0x08, 0xA4, 0x08, 0xA4, 0x08,
    0xA4, 0x08, 0xA4, 0x08, 0xA4, 0x08, 0xA4, 0x08, 0xA4, 0x08, 0xA4, 0x08, 0xA4, 0x08, 0xA4, 0x08,
    0xA4, 0x08, 0xA4, 0x08, 0xA4, 0x08, 0xA4, 0x08, 0xA4, 0x08, 0xA4, 0x08, 0xA4, 0x08, 0xA4, 0x08,
    0xA4, 0x08, 0xA4, 0x08, 0xA4, 0x08, 0xA4, 0x08, 0xA4, 0x08, 0xA4, 0x08, 0xA4, 0x08, 0xA4, 0x08,
    0xA4, 0x08, 0xA4, 0x08, 0xA4, 0x08, 0xA4, 0x08, 0xA4, 0x08, 0xA4, 0x08, 0xA4, 0x08, 0xA4, 0x08,
    0xA4, 0x08, 0xA4, 0x08, 0xA4, 0x08, 0xA4, 0x08, 0xA4, 0x08, 0x84, 0x08, 0x84, 0x08, 0x84, 0x08,
    0x84, 0x08, 0x84, 0x08, 0x84, 0x08, 0x84, 0x08, 0x84, 0x08, 0x84, 0x08, 0x84, 0x08, 0x84, 0x08,
    0x84, 0x08, 0x84, 0x08, 0x84, 0x08, 0x84, 0x08, 0x84, 0x08, 0x84, 0x08, 0x84, 0x08, 0x84, 0x08,
    0x84, 0x08, 0x84, 0x08, 0x84, 0x08, 0xA4, 0x08, 0xA4, 0x08, 0xA4, 0x08, 0xA4, 0x08, 0xA4, 0x08,
    0xA4, 0x08, 0xA4, 0x08, 0xA4, 0x08, 0xA4, 0x08, 0xA4, 0x08, 0xA4, 0x08, 0xA4, 0x08, 0xA4, 0x08,
    0xA4, 0x08, 0xA4, 0x08, 0xA4, 0x08, 0xA4, 0x08, 0xA4, 0x08, 0xA4, 0x08, 0xA4, 0x08, 0xA4, 0x08,
    0xA4, 0x08, 0xA4, 0x08, 0xA4, 0x08, 0xA4, 0x08, 0xA4, 0x08, 0xA4, 0x08, 0xA4, 0x08, 0xA4, 0x08,
    0xA5, 0x08, 0xA5, 0x08, 0xA5, 0x08, 0xA5, 0x08, 0xA5, 0x08, 0xA5, 0x08, 0xA5, 0x08, 0xA5, 0x08,
    0xA5, 0x08, 0xA5, 0x08, 0xA5, 0x08, 0xA5, 0x08, 0xA5, 0x08, 0xA5, 0x08, 0xA5, 0x08, 0xA5, 0x08,
    0xA5, 0x08, 0xC5, 0x08, 0xC5, 0x08, 0xC5, 0x10, 0xC5, 0x10, 0xC5, 0x10, 0xC5, 0x10, 0xC5, 0x10,
    0xC5, 0x10, 0xC5, 0x10, 0xC5, 0x10, 0xC5, 0x10, 0xC5, 0x10, 0xC5, 0x10, 0xC5, 0x10, 0xC5, 0x10,
    0xC5, 0x10, 0xC5, 0x10, 0xC5, 0x10, 0xC5, 0x10, 0xC5, 0x10, 0xC5, 0x10, 0xC5, 0x10, 0xC5, 0x10,
    0xC5, 0x10, 0xC5, 0x10, 0xC5, 0x10, 0xC5, 0x10, 0xC5, 0x10, 0xC5, 0x10, 0xC5, 0x10, 0xC5, 0x10,
    0xC5, 0x10, 0xC5, 0x10, 0xC5, 0x10, 0xC5, 0x10, 0xC5, 0x10, 0xC5, 0x10, 0xC5, 0x10, 0xC5, 0x10,
    0xC5, 0x10, 0xC5, 0x10, 0xC5, 0x10, 0xC5, 0x10, 0xC5, 0x10, 0xC5, 0x10, 0xC5, 0x10, 0xC5, 0x10,
    0xC5, 0x10, 0xC5, 0x10, 0xC5, 0x10, 0xC5, 0x10, 0xC5, 0x10, 0xC5, 0x10, 0xC5, 0x10, 0xC5, 0x10,
    0xC5, 0x10, 0xC5, 0x10, 0xC5, 0x10, 0xC5, 0x10, 0xC5, 0x10, 0xC5, 0x10, 0xC5, 0x10, 0xC5, 0x10,
    0xC5, 0x10, 0xC5, 0x10, 0xC5, 0x10, 0xC5, 0x10, 0xC5, 0x10, 0xC5, 0x10, 0xC5, 0x10, 0xC5, 0x10,
    0xC5, 0x10, 0xC5, 0x10, 0xC5, 0x10, 0xC5, 0x10, 0xC5, 0x10, 0xC5, 0x10, 0xC5, 0x10, 0xC5, 0x10,
    0xC5, 0x10, 0xC5, 0x10, 0xC5, 0x10, 0xC5, 0x10, 0xC5, 0x10, 0xC5, 0x10, 0xC5, 0x10, 0xC5, 0x10,
    0xC5, 0x10, 0xC5, 0x10, 0xC5, 0x10, 0xC5, 0x10, 0xC5, 0x10, 0xC5, 0x10, 0xC5, 0x10, 0xC5, 0x10,
    0xC5, 0x10, 0xC5, 0x10, 0xC5, 0x10, 0xC5, 0x10, 0xC5, 0x10, 0xC5, 0x10, 0xC5, 0x10, 0xC5, 0x10,
    0xC5, 0x10, 0xC5, 0x10, 0xC5, 0x10, 0xC5, 0x10, 0xC5, 0x10, 0xC5, 0x10, 0xC5, 0x10, 0xC5, 0x10,
    0xC5, 0x10, 0xC5, 0x10, 0xC5, 0x10, 0xC5, 0x10, 0xC5, 0x10, 0xC5, 0x10, 0xC5, 0x10, 0xC5, 0x10,
    0xC5, 0x10, 0xC5, 0x10, 0xC5, 0x10, 0xC5, 0x10, 0xC5, 0x10, 0xC5, 0x10, 0xC5, 0x10, 0xC5, 0x10,
    0xC5, 0x10, 0xC5, 0x10, 0xC5, 0x10, 0xC5, 0x10, 0xC5, 0x10, 0xC5, 0x10, 0xC5, 0x10, 0xC5, 0x10,
    0xC5, 0x10, 0xC5, 0x10, 0xC5, 0x10, 0xC5, 0x10, 0xC5, 0x10, 0xC5, 0x10, 0xC5, 0x08, 0xC5, 0x08,
    0xA5, 0x08, 0xA5, 0x08, 0xA5, 0x08, 0xA5, 0x08, 0xA5, 0x08, 0xA5, 0x08, 0xA5, 0x08, 0xA5, 0x08,
    0xA5, 0x08, 0xA5, 0x08, 0xA5, 0x08, 0xA5, 0x08, 0xA5, 0x08, 0xA5, 0x08, 0xA5, 0x08, 0xA5, 0x08,
    0xA5, 0x08, 0xA4, 0x08, 0xA4, 0x08, 0xA4, 0x08, 0xA4, 0x08, 0xA4, 0x08, 0xA4, 0x08, 0xA4, 0x08,
    0xA4, 0x08, 0xA4, 0x08, 0xA4, 0x08, 0xA4, 0x08, 0xA4, 0x08, 0xA4, 0x08, 0xA4, 0x08, 0xA4, 0x08,
    0xA4, 0x08, 0xA4, 0x08, 0xA4, 0x08, 0xA4, 0x08, 0xA4, 0x08, 0xA4, 0x08, 0xA4, 0x08, 0xA4, 0x08,
    0xA4, 0x08, 0xA4, 0x08, 0xA4, 0x08, 0xA4, 0x08, 0xA4, 0x08, 0xA4, 0x08, 0x84, 0x08, 0x84, 0x08,
    0x84, 0x08, 0x84, 0x08, 0x84, 0x08, 0x84, 0x08, 0x84, 0x08, 0x84, 0x08, 0x84, 0x08, 0x84, 0x08,
    0x84, 0x08, 0x84, 0x08, 0x84, 0x08, 0x84, 0x08, 0x84, 0x08, 0x84, 0x08, 0x84, 0x08, 0x84, 0x08,
    0xA4, 0x08, 0xA4, 0x08, 0xA4, 0x08, 0xA4, 0x08, 0xA4, 0x08, 0xA4, 0x08, 0xA4, 0x08, 0xA4, 0x08,
    0xA4, 0x08, 0xA4, 0x08, 0xA4, 0x08, 0xA4, 0x08, 0xA4, 0x08, 0xA4, 0x08, 0xA4, 0x08, 0xA4, 0x08,
    0xA4, 0x08, 0xA4, 0x08, 0xA4, 0x08, 0xA4, 0x08, 0xA4, 0x08, 0xA4, 0x08, 0xA4, 0x08, 0xA4, 0x08,
    0xA4, 0x08, 0xA4, 0x08, 0xA4, 0x08, 0xA4, 0x08, 0xA4, 0x08, 0xA4, 0x08, 0xA4, 0x08, 0xA4, 0x08,
    0xA4, 0x08, 0xA4, 0x08, 0xA4, 0x08, 0xA4, 0x08, 0xA4, 0x08, 0xA5, 0x08, 0xA5, 0x08, 0xA5, 0x08,
    0xA5, 0x08, 0xA5, 0x08, 0xA5, 0x08, 0xA5, 0x08, 0xA5, 0x08, 0xA5, 0x08, 0xA5, 0x08, 0xA5, 0x08,
    0xA5, 0x08, 0xA5, 0x08, 0xA5, 0x08, 0xA5, 0x08, 0xA5, 0x10, 0xA5, 0x10, 0xA5, 0x10, 0xA5, 0x10,
    0xC5, 0x10, 0xC5, 0x10, 0xC5, 0x10, 0xC5, 0x10, 0xC5, 0x10, 0xC5, 0x10, 0xC5, 0x10, 0xC5, 0x10,
    0xC5, 0x10, 0xC5, 0x10, 0xC5, 0x10, 0xC5, 0x10, 0xC5, 0x10, 0xC5, 0x10, 0xC5, 0x10, 0xC5, 0x10,
    0xC5, 0x10, 0xC5, 0x10, 0xC5, 0x10, 0xC5, 0x10, 0xC5, 0x10, 0xC5, 0x10, 0xC5, 0x10, 0xC5, 0x10,
    0xC5, 0x10, 0xC5, 0x10, 0xC5, 0x10, 0xC5, 0x10, 0xC5, 0x10, 0xC5, 0x10, 0xC5, 0x10, 0xC5, 0x10,
    0xC5, 0x10, 0xC5, 0x10, 0xC5, 0x10, 0xC5, 0x10, 0xC5, 0x10, 0xC5, 0x10, 0xC5, 0x10, 0xC5, 0x10,
    0xC5, 0x10, 0xC5, 0x10, 0xC5, 0x10, 0xC5, 0x10, 0xC5, 0x10, 0xC5, 0x10, 0xC5, 0x10, 0xC5, 0x10,
    0xC5, 0x10, 0xC5, 0x10, 0xC5, 0x10, 0xC5, 0x10, 0xC5, 0x10, 0xC5, 0x10, 0xC5, 0x10, 0xC5, 0x10,
    0xC5, 0x10, 0xC5, 0x10, 0xC5, 0x10, 0xC5, 0x10, 0xC5, 0x10, 0xC5, 0x10, 0xC5, 0x10, 0xC5, 0x10,
    0xC5, 0x10, 0xC5, 0x10, 0xC5, 0x10, 0xC5, 0x10, 0xC5, 0x10, 0xC5, 0x10, 0xC5, 0x10, 0xC5, 0x10,
    0xC5, 0x10, 0xC5, 0x10, 0xC5, 0x10, 0xC5, 0x10, 0xC5, 0x10, 0xC5, 0x10, 0xC5, 0x10, 0xC5, 0x10,
    0xC5, 0x10, 0xC5, 0x10, 0xC5, 0x10, 0xC5, 0x10, 0xC5, 0x10, 0xC5, 0x10, 0xC5, 0x10, 0xC5, 0x10,
    0xC5, 0x10, 0xC5, 0x10, 0xC5, 0x10, 0xC5, 0x10, 0xC5, 0x10, 0xC5, 0x10, 0xC5, 0x10, 0xC5, 0x10,
    0xC5, 0x10, 0xA5, 0x10, 0xA5, 0x10, 0xA5, 0x10, 0xA5, 0x10, 0xA5, 0x08, 0xA5, 0x08, 0xA5, 0x08,
    0xA5, 0x08, 0xA5, 0x08, 0xA5, 0x08, 0xA5, 0x08, 0xA5, 0x08, 0xA5, 0x08, 0xA5, 0x08, 0xA5, 0x08,
    0xA5, 0x08, 0xA5, 0x08, 0xA5, 0x08, 0xA5, 0x08, 0xA4, 0x08, 0xA4, 0x08, 0xA4, 0x08, 0xA4, 0x08,
    0xA4, 0x08, 0xA4, 0x08, 0xA4, 0x08, 0xA4, 0x08, 0xA4, 0x08, 0xA4, 0x08, 0xA4, 0x08, 0xA4, 0x08,
    0xA4, 0x08, 0xA4, 0x08, 0xA4, 0x08, 0xA4, 0x08, 0xA4, 0x08, 0xA4, 0x08, 0xA4, 0x08, 0xA4, 0x08,
    0xA4, 0x08, 0xA4, 0x08, 0xA4, 0x08, 0xA4, 0x08, 0xA4, 0x08, 0xA4, 0x08, 0xA4, 0x08, 0xA4, 0x08,
    0xA4, 0x08, 0xA4, 0x08, 0xA4, 0x08, 0xA4, 0x08, 0xA4, 0x08, 0xA4, 0x08, 0xA4, 0x08, 0xA4, 0x08,
    0xA4, 0x08, 0x84, 0x08, 0x84, 0x08, 0x84, 0x08, 0x84, 0x08, 0x84, 0x08, 0x84, 0x08, 0x84, 0x08,
    0x84, 0x08, 0x84, 0x08, 0x84, 0x08, 0x84, 0x08, 0x84, 0x08, 0x84, 0x08, 0x84, 0x08, 0x84, 0x08,
    0x84, 0x08, 0x84, 0x08, 0x84, 0x08, 0x84, 0x08, 0x84, 0x08, 0x84, 0x08, 0x84, 0x08, 0x84, 0x08,
    0x84, 0x08, 0x84, 0x08, 0x84, 0x08, 0x84, 0x08, 0x84, 0x08, 0x84, 0x08, 0xA4, 0x08, 0xA4, 0x08,
    0xA4, 0x08, 0xA4, 0x08, 0xA4, 0x08, 0xA4, 0x08, 0xA4, 0x08, 0xA4, 0x08, 0xA4, 0x08, 0xA4, 0x08,
    0xA4, 0x08, 0xA4, 0x08, 0xA4, 0x08, 0xA4, 0x08, 0xA4, 0x08, 0xA4, 0x08, 0xA4, 0x08, 0xA4, 0x08,
    0xA4, 0x08, 0xA4, 0x08, 0xA4, 0x08, 0xA4, 0x08, 0xA4, 0x08, 0xA4, 0x08, 0xA4, 0x08, 0xA4, 0x08,
    0xA4, 0x08, 0xA4, 0x08, 0xA4, 0x08, 0xA4, 0x08, 0xA4, 0x08, 0xA4, 0x08, 0xA4, 0x08, 0xA4, 0x08,
    0xA4, 0x08, 0xA4, 0x08, 0xA5, 0x08, 0xA5, 0x08, 0xA5, 0x08, 0xA5, 0x08, 0xA5, 0x08, 0xA5, 0x08,
    0xA5, 0x08, 0xA5, 0x08, 0xA5, 0x08, 0xA5, 0x08, 0xA5, 0x08, 0xA5, 0x08, 0xA5, 0x08, 0xA5, 0x08,
    0xA5, 0x08, 0xA5, 0x08, 0xA5, 0x10, 0xA5, 0x10, 0xA5, 0x10, 0xC5, 0x10, 0xC5, 0x10, 0xC5, 0x10,
    0xC5, 0x10, 0xC5, 0x10, 0xC5, 0x10, 0xC5, 0x10, 0xC5, 0x10, 0xC5, 0x10, 0xC5, 0x10, 0xC5, 0x10,
    0xC5, 0x10, 0xC5, 0x10, 0xC5, 0x10, 0xC5, 0x10, 0xC5, 0x10, 0xC5, 0x10, 0xC5, 0x10, 0xC5, 0x10,
    0xC5, 0x10, 0xC5, 0x10, 0xC5, 0x10, 0xC5, 0x10, 0xC5, 0x10, 0xC5, 0x10, 0xC5, 0x10, 0xC5, 0x10,
    0xC5, 0x10, 0xC5, 0x10, 0xC5, 0x10, 0xC5, 0x10, 0xC5, 0x10, 0xC5, 0x10, 0xC5, 0x10, 0xC5, 0x10,
    0xC5, 0x10, 0xC5, 0x10, 0xC5, 0x10, 0xC5, 0x10, 0xC5, 0x10, 0xC5, 0x10, 0xC5, 0x10, 0xC5, 0x10,
    0xC5, 0x10, 0xC5, 0x10, 0xC5, 0x10, 0xC5, 0x10, 0xC5, 0x10, 0xC5, 0x10, 0xC5, 0x10, 0xC5, 0x10,
    0xC5, 0x10, 0xC5, 0x10, 0xC5, 0x10, 0xC5, 0x10, 0xC5, 0x10, 0xC5, 0x10, 0xC5, 0x10, 0xC5, 0x10,
    0xC5, 0x10, 0xC5, 0x10, 0xC5, 0x10, 0xC5, 0x10, 0xC5, 0x10, 0xC5, 0x10, 0xC5, 0x10, 0xC5, 0x10,
    0xC5, 0x10, 0xC5, 0x10, 0xC5, 0x10, 0xC5, 0x10, 0xC5, 0x10, 0xC5, 0x10, 0xC5, 0x10, 0xC5, 0x10,
    0xC5, 0x10, 0xC5, 0x10, 0xC5, 0x10, 0xC5, 0x10, 0xC5, 0x10, 0xC5, 0x10, 0xC5, 0x10, 0xC5, 0x10,
    0xC5, 0x10, 0xC5, 0x10, 0xC5, 0x10, 0xC5, 0x10, 0xC5, 0x10, 0xC5, 0x10, 0xC5, 0x10, 0xC5, 0x10,
    0xC5, 0x10, 0xC5, 0x10, 0xC5, 0x10, 0xC5, 0x10, 0xC5, 0x10, 0xC5, 0x10, 0xC5, 0x10, 0xC5, 0x10,
    0xC5, 0x10, 0xC5, 0x10, 0xC5, 0x10, 0xC5, 0x10, 0xA5, 0x10, 0xA5, 0x10, 0xA5, 0x10, 0xA5, 0x08,
    0xA5, 0x08, 0xA5, 0x08, 0xA5, 0x08, 0xA5, 0x08, 0xA5, 0x08, 0xA5, 0x08, 0xA5, 0x08, 0xA5, 0x08,
    0xA5, 0x08, 0xA5, 0x08, 0xA5, 0x08, 0xA5, 0x08, 0xA5, 0x08, 0xA5, 0x08, 0xA5, 0x08, 0xA4, 0x08,
    0xA4, 0x08, 0xA4, 0x08, 0xA4, 0x08, 0xA4, 0x08, 0xA4, 0x08, 0xA4, 0x08, 0xA4, 0x08, 0xA4, 0x08,
    0xA4, 0x08, 0xA4, 0x08, 0xA4, 0x08, 0xA4, 0x08, 0xA4, 0x08, 0xA4, 0x08, 0xA4, 0x08, 0xA4, 0x08,
    0xA4, 0x08, 0xA4, 0x08, 0xA4, 0x08, 0xA4, 0x08, 0xA4, 0x08, 0xA4, 0x08, 0xA4, 0x08, 0xA4, 0x08,
    0xA4, 0x08, 0xA4, 0x08, 0xA4, 0x08, 0xA4, 0x08, 0xA4, 0x08, 0xA4, 0x08, 0xA4, 0x08, 0xA4, 0x08,
    0xA4, 0x08, 0xA4, 0x08, 0xA4, 0x08, 0x84, 0x08, 0x84, 0x08, 0x84, 0x08, 0x84, 0x08, 0x84, 0x08,
    0x84, 0x08, 0x84, 0x08, 0x84, 0x08, 0x84, 0x08, 0x84, 0x08, 0x84, 0x08, 0x84, 0x08, 0x84, 0x08,
    0xA4, 0x08, 0xA4, 0x08, 0xA4, 0x08, 0xA4, 0x08, 0xA4, 0x08, 0xA4, 0x08, 0xA4, 0x08, 0xA4, 0x08,
    0xA4, 0x08, 0xA4, 0x08, 0xA4, 0x08, 0xA4, 0x08, 0xA4, 0x08, 0xA4, 0x08, 0xA4, 0x08, 0xA4, 0x08,
    0xA4, 0x08, 0xA4, 0x08, 0xA4, 0x08, 0xA4, 0x08, 0xA4, 0x08, 0xA4, 0x08, 0xA4, 0x08, 0xA4, 0x08,
    0xA4, 0x08, 0xA5, 0x08, 0xA5, 0x08, 0xA5, 0x08, 0xA5, 0x08, 0xA5, 0x08, 0xA5, 0x08, 0xA5, 0x08,
    0xA5, 0x08, 0xA5, 0x08, 0xA5, 0x08, 0xA5, 0x08, 0xA5, 0x08, 0xA5, 0x08, 0xA5, 0x08, 0xA5, 0x08,
    0xA5, 0x08, 0xA5, 0x08, 0xC5, 0x08, 0xC5, 0x08, 0xC5, 0x08, 0xC5, 0x10, 0xC5, 0x10, 0xC5, 0x10,
    0xC5, 0x10, 0xC5, 0x10, 0xC5, 0x10, 0xC5, 0x10, 0xC5, 0x10, 0xC5, 0x10, 0xC5, 0x10, 0xC5, 0x10,
    0xC5, 0x10, 0xC5, 0x10, 0xC5, 0x10, 0xC5, 0x10, 0xC5, 0x10, 0xC5, 0x10, 0xC5, 0x10, 0xC5, 0x10,
    0xC5, 0x10, 0xC5, 0x10, 0xC5, 0x10, 0xC5, 0x10, 0xC5, 0x10, 0xC5, 0x10, 0xC5, 0x10, 0xC5, 0x10,
    0xC5, 0x10, 0xC5, 0x10, 0xC5, 0x10, 0xC5, 0x10, 0xC5, 0x10, 0xC5, 0x10, 0xC5, 0x10, 0xC5, 0x10,
    0xC5, 0x10, 0xC5, 0x10, 0xC5, 0x10, 0xC5, 0x10, 0xC5, 0x10, 0xC5, 0x10, 0xC5, 0x10, 0xC5, 0x10,
    0xC5, 0x10, 0xC5, 0x10, 0xC5, 0x10, 0xC5, 0x10, 0xC5, 0x10, 0xC5, 0x10, 0xC5, 0x10, 0xC5, 0x10,
    0xC5, 0x10, 0xC5, 0x10, 0xC5, 0x10, 0xC5, 0x10, 0xC5, 0x10, 0xC5, 0x10, 0xC5, 0x10, 0xC5, 0x10,
    0xC5, 0x10, 0xC5, 0x10, 0xC5, 0x10, 0xC5, 0x10, 0xC5, 0x10, 0xC5, 0x10, 0xC5, 0x10, 0xC5, 0x10,
    0xC5, 0x10, 0xC5, 0x10, 0xC5, 0x10, 0xC5, 0x10, 0xC5, 0x10, 0xC5, 0x10, 0xC5, 0x10, 0xC5, 0x10,
    0xC5, 0x10, 0xC5, 0x10, 0xC5, 0x10, 0xC5, 0x10, 0xC5, 0x10, 0xC5, 0x10, 0xC5, 0x10, 0xC5, 0x10,
    0xC5, 0x10, 0xC5, 0x10, 0xC5, 0x10, 0xC5, 0x10, 0xC5, 0x10, 0xC5, 0x10, 0xC5, 0x10, 0xC5, 0x10,
    0xC5, 0x10, 0xC5, 0x10, 0xC5, 0x10, 0xC5, 0x10, 0xC5, 0x10, 0xC5, 0x10, 0xC5, 0x10, 0xC5, 0x10,
    0xC5, 0x10, 0xC5, 0x10, 0xC5, 0x10, 0xC5, 0x10, 0xC5, 0x10, 0xC5, 0x10, 0xC5, 0x10, 0xC5, 0x10,
    0xC5, 0x10, 0xC5, 0x10, 0xC5, 0x10, 0xC5, 0x10, 0xC5, 0x10, 0xC5, 0x10, 0xC5, 0x10, 0xC5, 0x10,
    0xC5, 0x10, 0xC5, 0x10, 0xC5, 0x10, 0xC5, 0x10, 0xC5, 0x10, 0xC5, 0x10, 0xC5, 0x10, 0xC5, 0x10,
    0xC5, 0x10, 0xC5, 0x10, 0xC5, 0x10, 0xC5, 0x10, 0xC5, 0x10, 0xC5, 0x10, 0xC5, 0x10, 0xC5, 0x10,
    0xC5, 0x10, 0xC5, 0x10, 0xC5, 0x10, 0xC5, 0x10, 0xC5, 0x10, 0xC5, 0x10, 0xC5, 0x10, 0xC5, 0x10,
    0xC5, 0x10, 0xC5, 0x10, 0xC5, 0x10, 0xC5, 0x10, 0xC5, 0x10, 0xC5, 0x10, 0xC5, 0x10, 0xC5, 0x10,
    0xC5, 0x10, 0xC5, 0x10, 0xC5, 0x10, 0xC5, 0x10, 0xC5, 0x08, 0xC5, 0x08, 0xC5, 0x08, 0xA5, 0x08,
    0xA5, 0x08, 0xA5, 0x08, 0xA5, 0x08, 0xA5, 0x08, 0xA5, 0x08, 0xA5, 0x08, 0xA5, 0x08, 0xA5, 0x08,
    0xA5, 0x08, 0xA5, 0x08, 0xA5, 0x08, 0xA5, 0x08, 0xA5, 0x08, 0xA5, 0x08, 0xA5, 0x08, 0xA5, 0x08,
    0xA4, 0x08, 0xA4, 0x08, 0xA4, 0x08, 0xA4, 0x08, 0xA4, 0x08, 0xA4, 0x08, 0xA4, 0x08, 0xA4, 0x08,
    0xA4, 0x08, 0xA4, 0x08, 0xA4, 0x08, 0xA4, 0x08, 0xA4, 0x08, 0xA4, 0x08, 0xA4, 0x08, 0xA4, 0x08,
    0xA4, 0x08, 0xA4, 0x08, 0xA4, 0x08, 0xA4, 0x08, 0xA4, 0x08, 0xA4, 0x08, 0xA4, 0x08, 0xA4, 0x08,
    0x84, 0x08, 0x84, 0x08, 0x84, 0x08, 0x84, 0x08, 0x84, 0x08, 0x84, 0x08, 0x84, 0x08, 0x84, 0x08,
    0x84, 0x08, 0x84, 0x08, 0x84, 0x08, 0xA4, 0x08, 0xA4, 0x08, 0xA4, 0x08, 0xA4, 0x08, 0xA4, 0x08,
    0xA4, 0x08, 0xA4, 0x08, 0xA4, 0x08, 0xA4, 0x08, 0xA4, 0x08, 0xA4, 0x08, 0xA4, 0x08, 0xA4, 0x08,
    0xA4, 0x08, 0xA4, 0x08, 0xA4, 0x08, 0xA4, 0x08, 0xA4, 0x08, 0xA4, 0x08, 0xA4, 0x08, 0xA4, 0x08,
    0xA4, 0x08, 0xA4, 0x08, 0xA4, 0x08, 0xA4, 0x08, 0xA4, 0x08, 0xA4, 0x08, 0xA4, 0x08, 0xA4, 0x08,
    0xA4, 0x08, 0xA4, 0x08, 0xA4, 0x08, 0xA4, 0x08, 0xA4, 0x08, 0xA5, 0x08, 0xA5, 0x08, 0xA5, 0x08,
    0xA5, 0x08, 0xA5, 0x08, 0xA5, 0x08, 0xA5, 0x08, 0xA5, 0x08, 0xA5, 0x08, 0xA5, 0x08, 0xA5, 0x08,
    0xA5, 0x08, 0xA5, 0x08, 0xA5, 0x08, 0xA5, 0x08, 0xA5, 0x08, 0xA5, 0x10, 0xC5, 0x10, 0xC5, 0x10,
    0xC5, 0x10, 0xC5, 0x10, 0xC5, 0x10, 0xC5, 0x10, 0xC5, 0x10, 0xC5, 0x10, 0xC5, 0x10, 0xC5, 0x10,
    0xC5, 0x10, 0xC5, 0x10, 0xC5, 0x10, 0xC5, 0x10, 0xC5, 0x10, 0xC5, 0x10, 0xC5, 0x10, 0xC5, 0x10,
    0xC5, 0x10, 0xC5, 0x10, 0xC5, 0x10, 0xC5, 0x10, 0xC5, 0x10, 0xC5, 0x10, 0xC5, 0x10, 0xC5, 0x10,
    0xC5, 0x10, 0xC5, 0x10, 0xC5, 0x10, 0xC5, 0x10, 0xC5, 0x10, 0xC5, 0x10, 0xC5, 0x10, 0xC5, 0x10,
    0xC5, 0x10, 0xC5, 0x10, 0xC5, 0x10, 0xC5, 0x10, 0xC5, 0x10, 0xC5, 0x10, 0xC5, 0x10, 0xC5, 0x10,
    0xC5, 0x10, 0xC5, 0x10, 0xC5, 0x10, 0xC5, 0x10, 0xC5, 0x10, 0xC5, 0x10, 0xC5, 0x10, 0xC5, 0x10,
    0xC5, 0x10, 0xC5, 0x10, 0xC5, 0x10, 0xC5, 0x10, 0xC5, 0x10, 0xC5, 0x10, 0xC5, 0x10, 0xC5, 0x10,
    0xC5, 0x10, 0xC5, 0x10, 0xC5, 0x10, 0xC5, 0x10, 0xC5, 0x10, 0xC5, 0x10, 0xC5, 0x10, 0xC5, 0x10,
    0xC5, 0x10, 0xC5, 0x10, 0xC5, 0x10, 0xC5, 0x10, 0xC5, 0x10, 0xC5, 0x10, 0xC5, 0x10, 0xC5, 0x10,
    0xC5, 0x10, 0xC5, 0x10, 0xC5, 0x10, 0xC5, 0x10, 0xC5, 0x10, 0xC5, 0x10, 0xC5, 0x10, 0xC5, 0x10,
    0xC5, 0x10, 0xC5, 0x10, 0xC5, 0x10, 0xC5, 0x10, 0xC5, 0x10, 0xC5, 0x10, 0xC5, 0x10, 0xC5, 0x10,
    0xC5, 0x10, 0xC5, 0x10, 0xC5, 0x10, 0xC5, 0x10, 0xC5, 0x10, 0xC5, 0x10, 0xC5, 0x10, 0xC5, 0x10,
    0xC5, 0x10, 0xC5, 0x10, 0xC5, 0x10, 0xC5, 0x10, 0xC5, 0x10, 0xC5, 0x10, 0xC5, 0x10, 0xC5, 0x10,
    0xC5, 0x10, 0xC5, 0x10, 0xC5, 0x10, 0xC5, 0x10, 0xC5, 0x10, 0xC5, 0x10, 0xC5, 0x10, 0xC5, 0x10,
    0xC5, 0x10, 0xC5, 0x10, 0xC5, 0x10, 0xA5, 0x10, 0xA5, 0x08, 0xA5, 0x08, 0xA5, 0x08, 0xA5, 0x08,
    0xA5, 0x08, 0xA5, 0x08, 0xA5, 0x08, 0xA5, 0x08, 0xA5, 0x08, 0xA5, 0x08, 0xA5, 0x08, 0xA5, 0x08,
    0xA5, 0x08, 0xA5, 0x08, 0xA5, 0x08, 0xA5, 0x08, 0xA4, 0x08, 0xA4, 0x08, 0xA4, 0x08, 0xA4, 0x08,
    0xA4, 0x08, 0xA4, 0x08, 0xA4, 0x08, 0xA4, 0x08, 0xA4, 0x08, 0xA4, 0x08, 0xA4, 0x08, 0xA4, 0x08,
    0xA4, 0x08, 0xA4, 0x08, 0xA4, 0x08, 0xA4, 0x08, 0xA4, 0x08, 0xA4, 0x08, 0xA4, 0x08, 0xA4, 0x08,
    0xA4, 0x08, 0xA4, 0x08, 0xA4, 0x08, 0xA4, 0x08, 0xA4, 0x08, 0xA4, 0x08, 0xA4, 0x08, 0xA4, 0x08,
    0xA4, 0x08, 0xA4, 0x08, 0xA4, 0x08, 0xA4, 0x08, 0xA4, 0x08, 0xA4, 0x08, 0x84, 0x08, 0x84, 0x08,
    0x84, 0x08, 0x84, 0x08, 0x84, 0x08, 0x84, 0x08, 0x84, 0x08, 0x84, 0x08, 0x84, 0x08, 0x84, 0x08,
    0x84, 0x08, 0x84, 0x08, 0x84, 0x08, 0x84, 0x08, 0x84, 0x08, 0x84, 0x08, 0x84, 0x08, 0x84, 0x08,
    0x84, 0x08, 0xA4, 0x08, 0xA4, 0x08, 0xA4, 0x08, 0xA4, 0x08, 0xA4, 0x08, 0xA4, 0x08, 0xA4, 0x08,
    0xA4, 0x08, 0xA4, 0x08, 0xA4, 0x08, 0xA4, 0x08, 0xA4, 0x08, 0xA4, 0x08, 0xA4, 0x08, 0xA4, 0x08,
    0xA4, 0x08, 0xA4, 0x08, 0xA4, 0x08, 0xA4, 0x08, 0xA4, 0x08, 0xA4, 0x08, 0xA4, 0x08, 0xA4, 0x08,
    0xA4, 0x08, 0xA4, 0x08, 0xA4, 0x08, 0xA4, 0x08, 0xA4, 0x08, 0xA4, 0x08, 0xA4, 0x08, 0xA4, 0x08,
    0xA4, 0x08, 0xA4, 0x08, 0xA5, 0x08, 0xA5, 0x08, 0xA5, 0x08, 0xA5, 0x08, 0xA5, 0x08, 0xA5, 0x08,
    0xA5, 0x08, 0xA5, 0x08, 0xA5, 0x08, 0xA5, 0x08, 0xA5, 0x08, 0xA5, 0x08, 0xA5, 0x08, 0xA5, 0x08,
    0xA5, 0x08, 0xA5, 0x08, 0xA5, 0x08, 0xC5, 0x10, 0xC5, 0x10, 0xC5, 0x10, 0xC5, 0x10, 0xC5, 0x10,
    0xC5, 0x10, 0xC5, 0x10, 0xC5, 0x10, 0xC5, 0x10, 0xC5, 0x10, 0xC5, 0x10, 0xC5, 0x10, 0xC5, 0x10,
    0xC5, 0x10, 0xC5, 0x10, 0xC5, 0x10, 0xC5, 0x10, 0xC5, 0x10, 0xC5, 0x10, 0xC5, 0x10, 0xC5, 0x10,
    0xC5, 0x10, 0xC5, 0x10, 0xC5, 0x10, 0xC5, 0x10, 0xC5, 0x10, 0xC5, 0x10, 0xC5, 0x10, 0xC5, 0x10,
    0xC5, 0x10, 0xC5, 0x10, 0xC5, 0x10, 0xC5, 0x10, 0xC5, 0x10, 0xC5, 0x10, 0xC5, 0x10, 0xC5, 0x10,
    0xC5, 0x10, 0xC5, 0x10, 0xC5, 0x10, 0xC5, 0x10, 0xC5, 0x10, 0xC5, 0x10, 0xC5, 0x10, 0xC5, 0x10,
    0xC5, 0x10, 0xC5, 0x10, 0xC5, 0x10, 0xC5, 0x10, 0xC5, 0x10, 0xC5, 0x10, 0xC5, 0x10, 0xC5, 0x10,
    0xC5, 0x10, 0xC5, 0x10, 0xC5, 0x10, 0xC5, 0x10, 0xC5, 0x10, 0xC5, 0x10, 0xC5, 0x10, 0xC5, 0x10,
    0xC5, 0x10, 0xC5, 0x10, 0xC5, 0x10, 0xC5, 0x10, 0xC5, 0x10, 0xC5, 0x10, 0xC5, 0x10, 0xC5, 0x10,
    0xC5, 0x10, 0xC5, 0x10, 0xC5, 0x10, 0xC5, 0x10, 0xC5, 0x10, 0xC5, 0x10, 0xC5, 0x10, 0xC5, 0x10,
    0xC5, 0x10, 0xC5, 0x10, 0xC5, 0x10, 0xC5, 0x10, 0xC5, 0x10, 0xC5, 0x10, 0xC5, 0x10, 0xC5, 0x10,
    0xC5, 0x10, 0xC5, 0x10, 0xC5, 0x10, 0xC5, 0x10, 0xC5, 0x10, 0xC5, 0x10, 0xC5, 0x10, 0xC5, 0x10,
    0xC5, 0x10, 0xC5, 0x10, 0xC5, 0x10, 0xC5, 0x10, 0xC5, 0x10, 0xC5, 0x10, 0xC5, 0x10, 0xC5, 0x10,
    0xC5, 0x10, 0xC5, 0x10, 0xC5, 0x10, 0xC5, 0x10, 0xC5, 0x10, 0xC5, 0x10, 0xC5, 0x10, 0xC5, 0x10,
    0xC5, 0x10, 0xC5, 0x10, 0xC5, 0x10, 0xC5, 0x10, 0xC5, 0x10, 0xC5, 0x10, 0xC5, 0x10, 0xC5, 0x10,
    0xC5, 0x10, 0xC5, 0x10, 0xC5, 0x10, 0xC5, 0x10, 0xC5, 0x10, 0xC5, 0x10, 0xA5, 0x08, 0xA5, 0x08,
    0xA5, 0x08, 0xA5, 0x08, 0xA5, 0x08, 0xA5, 0x08, 0xA5, 0x08, 0xA5, 0x08, 0xA5, 0x08, 0xA5, 0x08,
    0xA5, 0x08, 0xA5, 0x08, 0xA5, 0x08, 0xA5, 0x08, 0xA5, 0x08, 0xA5, 0x08, 0xA5, 0x08, 0xA4, 0x08,
    0xA4, 0x08, 0xA4, 0x08, 0xA4, 0x08, 0xA4, 0x08, 0xA4, 0x08, 0xA4, 0x08, 0xA4, 0x08, 0xA4, 0x08,
    0xA4, 0x08, 0xA4, 0x08, 0xA4, 0x08, 0xA4, 0x08, 0xA4, 0x08, 0xA4, 0x08, 0xA4, 0x08, 0xA4, 0x08,
    0xA4, 0x08, 0xA4, 0x08, 0xA4, 0x08, 0xA4, 0x08, 0xA4, 0x08, 0xA4, 0x08, 0xA4, 0x08, 0xA4, 0x08,
    0xA4, 0x08, 0xA4, 0x08, 0xA4, 0x08, 0xA4, 0x08, 0xA4, 0x08, 0xA4, 0x08, 0xA4, 0x08, 0xA4, 0x08,
    0x84, 0x08, 0x84, 0x08, 0x84, 0x08, 0x84, 0x08, 0x84, 0x08, 0x84, 0x08, 0x84, 0x08, 0x84, 0x08,
    0xA4, 0x08, 0xA4, 0x08, 0xA4, 0x08, 0xA4, 0x08, 0xA4, 0x08, 0xA4, 0x08, 0xA4, 0x08, 0xA4, 0x08,
    0xA4, 0x08, 0xA4, 0x08, 0xA4, 0x08, 0xA4, 0x08, 0xA4, 0x08, 0xA4, 0x08, 0xA4, 0x08, 0xA4, 0x08,
    0xA4, 0x08, 0xA4, 0x08, 0xA4, 0x08, 0xA5, 0x08, 0xA5, 0x08, 0xA5, 0x08, 0xA5, 0x08, 0xA5, 0x08,
    0xA5, 0x08, 0xA5, 0x08, 0xA5, 0x08, 0xA5, 0x08, 0xA5, 0x08, 0xA5, 0x08, 0xA5, 0x08, 0xA5, 0x08,
    0xA5, 0x08, 0xA5, 0x08, 0xA5, 0x08, 0xC5, 0x08, 0xC5, 0x08, 0xC5, 0x08, 0xC5, 0x08, 0xC5, 0x08,
    0xC5, 0x10, 0xC5, 0x10, 0xC5, 0x10, 0xC5, 0x10, 0xC5, 0x10, 0xC5, 0x10, 0xC5, 0x10, 0xC5, 0x10,
    0xC5, 0x10, 0xC5, 0x10, 0xC5, 0x10, 0xC5, 0x10, 0xC5, 0x10, 0xC5, 0x10, 0xC5, 0x10, 0xC5, 0x10,
    0xC5, 0x10, 0xC5, 0x10, 0xC5, 0x10, 0xC5, 0x10, 0xC5, 0x10, 0xC5, 0x10, 0xC5, 0x10, 0xC5, 0x10,
    0xC5, 0x10, 0xC5, 0x10, 0xC5, 0x10, 0xC5, 0x10, 0xC5, 0x10, 0xC5, 0x10, 0xC5, 0x10, 0xC5, 0x10,
    0xC5, 0x10, 0xC5, 0x10, 0xC5, 0x10, 0xC5, 0x10, 0xC5, 0x10, 0xC5, 0x10, 0xC5, 0x10, 0xC5, 0x10,
    0xC5, 0x10, 0xC5, 0x10, 0xC5, 0x10, 0xC5, 0x10, 0xC5, 0x10, 0xC5, 0x10, 0xC5, 0x10, 0xC5, 0x10,
    0xC5, 0x10, 0xC5, 0x10, 0xC5, 0x10, 0xC5, 0x10, 0xC5, 0x10, 0xC5, 0x10, 0xC5, 0x10, 0xC5, 0x10,
    0xC5, 0x10, 0xC5, 0x10, 0xC5, 0x10, 0xC5, 0x10, 0xC5, 0x10, 0xC5, 0x10, 0xC5, 0x10, 0xC6, 0x10,
    0xE6, 0x10, 0xE6, 0x10, 0xE6, 0x10, 0xE6, 0x10, 0xE6, 0x10, 0xE6, 0x10, 0xE6, 0x10, 0xE6, 0x10,
    0xE6, 0x10, 0xE6, 0x10, 0xE6, 0x10, 0xE6, 0x10, 0xE6, 0x10, 0xE6, 0x10, 0xE6, 0x10, 0xE6, 0x10,
    0xE6, 0x10, 0xE6, 0x10, 0xE6, 0x10, 0xE6, 0x10, 0xE6, 0x10, 0xE6, 0x10, 0xE6, 0x10, 0xE6, 0x10,
    0xE6, 0x10, 0xE6, 0x10, 0xE6, 0x10, 0xE6, 0x10, 0xE6, 0x10, 0xE6, 0x10, 0xE6, 0x10, 0xE6, 0x10,
    0xE6, 0x10, 0xC6, 0x10, 0xC5, 0x10, 0xC5, 0x10, 0xC5, 0x10, 0xC5, 0x10, 0xC5, 0x10, 0xC5, 0x10,
    0xC5, 0x10, 0xC5, 0x10, 0xC5, 0x10, 0xC5, 0x10, 0xC5, 0x10, 0xC5, 0x10, 0xC5, 0x10, 0xC5, 0x10,
    0xC5, 0x10, 0xC5, 0x10, 0xC5, 0x10, 0xC5, 0x10, 0xC5, 0x10, 0xC5, 0x10, 0xC5, 0x10, 0xC5, 0x10,
    0xC5, 0x10, 0xC5, 0x10, 0xC5, 0x10, 0xC5, 0x10, 0xC5, 0x10, 0xC5, 0x10, 0xC5, 0x10, 0xC5, 0x10,
    0xC5, 0x10, 0xC5, 0x10, 0xC5, 0x10, 0xC5, 0x10, 0xC5, 0x10, 0xC5, 0x10, 0xC5, 0x10, 0xC5, 0x10,
    0xC5, 0x10, 0xC5, 0x10, 0xC5, 0x10, 0xC5, 0x10, 0xC5, 0x10, 0xC5, 0x10, 0xC5, 0x10, 0xC5, 0x10,
    0xC5, 0x10, 0xC5, 0x10, 0xC5, 0x10, 0xC5, 0x10, 0xC5, 0x10, 0xC5, 0x10, 0xC5, 0x10, 0xC5, 0x10,
    0xC5, 0x10, 0xC5, 0x10, 0xC5, 0x10, 0xC5, 0x10, 0xC5, 0x10, 0xC5, 0x10, 0xC5, 0x10, 0xC5, 0x10,
    0xC5, 0x10, 0xC5, 0x08, 0xC5, 0x08, 0xC5, 0x08, 0xC5, 0x08, 0xC5, 0x08, 0xA5, 0x08, 0xA5, 0x08,
    0xA5, 0x08, 0xA5, 0x08, 0xA5, 0x08, 0xA5, 0x08, 0xA5, 0x08, 0xA5, 0x08, 0xA5, 0x08, 0xA5, 0x08,
    0xA5, 0x08, 0xA5, 0x08, 0xA5, 0x08, 0xA5, 0x08, 0xA5, 0x08, 0xA5, 0x08, 0xA4, 0x08, 0xA4, 0x08,
    0xA4, 0x08, 0xA4, 0x08, 0xA4, 0x08, 0xA4, 0x08, 0xA4, 0x08, 0xA4, 0x08, 0xA4, 0x08, 0xA4, 0x08,
    0xA4, 0x08, 0xA4, 0x08, 0xA4, 0x08, 0xA4, 0x08, 0xA4, 0x08, 0xA4, 0x08, 0xA4, 0x08, 0xA4, 0x08,
    0x84, 0x08, 0x84, 0x08, 0x84, 0x08, 0x84, 0x08, 0x84, 0x08, 0x84, 0x08, 0xA4, 0x08, 0xA4, 0x08,
    0xA4, 0x08, 0xA4, 0x08, 0xA4, 0x08, 0xA4, 0x08, 0xA4, 0x08, 0xA4, 0x08, 0xA4, 0x08, 0xA4, 0x08,
    0xA4, 0x08, 0xA4, 0x08, 0xA4, 0x08, 0xA4, 0x08, 0xA4, 0x08, 0xA4, 0x08, 0xA4, 0x08, 0xA4, 0x08,
    0xA4, 0x08, 0xA4, 0x08, 0xA4, 0x08, 0xA4, 0x08, 0xA4, 0x08, 0xA4, 0x08, 0xA4, 0x08, 0xA4, 0x08,
    0xA4, 0x08, 0xA4, 0x08, 0xA4, 0x08, 0xA4, 0x08, 0xA4, 0x08, 0xA5, 0x08, 0xA5, 0x08, 0xA5, 0x08,
    0xA5, 0x08, 0xA5, 0x08, 0xA5, 0x08, 0xA5, 0x08, 0xA5, 0x08, 0xA5, 0x08, 0xA5, 0x08, 0xA5, 0x08,
    0xA5, 0x08, 0xA5, 0x08, 0xA5, 0x08, 0xA5, 0x08, 0xA5, 0x08, 0xA5, 0x08, 0xC5, 0x08, 0xC5, 0x10,
    0xC5, 0x10, 0xC5, 0x10, 0xC5, 0x10, 0xC5, 0x10, 0xC5, 0x10, 0xC5, 0x10, 0xC5, 0x10, 0xC5, 0x10,
    0xC5, 0x10, 0xC5, 0x10, 0xC5, 0x10, 0xC5, 0x10, 0xC5, 0x10, 0xC5, 0x10, 0xC5, 0x10, 0xC5, 0x10,
    0xC5, 0x10, 0xC5, 0x10, 0xC5, 0x10, 0xC5, 0x10, 0xC5, 0x10, 0xC5, 0x10, 0xC5, 0x10, 0xC5, 0x10,
    0xC5, 0x10, 0xC5, 0x10, 0xC5, 0x10, 0xC5, 0x10, 0xC5, 0x10, 0xC5, 0x10, 0xC5, 0x10, 0xC5, 0x10,
    0xC5, 0x10, 0xC5, 0x10, 0xC5, 0x10, 0xC5, 0x10, 0xC5, 0x10, 0xC5, 0x10, 0xC5, 0x10, 0xC5, 0x10,
    0xC5, 0x10, 0xC5, 0x10, 0xC5, 0x10, 0xC5, 0x10, 0xC5, 0x10, 0xC5, 0x10, 0xC5, 0x10, 0xC5, 0x10,
    0xC5, 0x10, 0xC5, 0x10, 0xC5, 0x10, 0xC5, 0x10, 0xC5, 0x10, 0xC5, 0x10, 0xC5, 0x10, 0xC5, 0x10,
    0xC5, 0x10, 0xC5, 0x10, 0xC5, 0x10, 0xC5, 0x10, 0xC5, 0x10, 0xC5, 0x10, 0xC5, 0x10, 0xC5, 0x10,
    0xC5, 0x10, 0xC5, 0x10, 0xC5, 0x10, 0xC5, 0x10, 0xC5, 0x10, 0xC5, 0x10, 0xC5, 0x10, 0xC5, 0x10,
    0xC5, 0x10, 0xC5, 0x10, 0xC5, 0x10, 0xC5, 0x10, 0xC5, 0x10, 0xC5, 0x10, 0xC5, 0x10, 0xC5, 0x10,
    0xC5, 0x10, 0xC5, 0x10, 0xC5, 0x10, 0xC5, 0x10, 0xC5, 0x10, 0xC5, 0x10, 0xC5, 0x10, 0xC5, 0x10,
    0xC5, 0x10, 0xC5, 0x10, 0xC5, 0x10, 0xC5, 0x10, 0xC5, 0x10, 0xC5, 0x10, 0xC5, 0x10, 0xC5, 0x10,
    0xC5, 0x10, 0xC5, 0x10, 0xC5, 0x10, 0xC5, 0x10, 0xC5, 0x10, 0xC5, 0x10, 0xC5, 0x10, 0xC5, 0x10,
    0xC5, 0x10, 0xC5, 0x10, 0xC5, 0x10, 0xC5, 0x10, 0xC5, 0x10, 0xC5, 0x10, 0xC5, 0x10, 0xC5, 0x10,
    0xC5, 0x10, 0xC5, 0x10, 0xC5, 0x10, 0xC5, 0x10, 0xC5, 0x10, 0xC5, 0x10, 0xC5, 0x10, 0xC5, 0x10,
    0xC5, 0x10, 0xC5, 0x10, 0xC5, 0x10, 0xC5, 0x10, 0xC5, 0x10, 0xC5, 0x10, 0xC5, 0x10, 0xC5, 0x10,
    0xC5, 0x10, 0xC5, 0x10, 0xC5, 0x08, 0xA5, 0x08, 0xA5, 0x08, 0xA5, 0x08, 0xA5, 0x08, 0xA5, 0x08,
    0xA5, 0x08, 0xA5, 0x08, 0xA5, 0x08, 0xA5, 0x08, 0xA5, 0x08, 0xA5, 0x08, 0xA5, 0x08, 0xA5, 0x08,
    0xA5, 0x08, 0xA5, 0x08, 0xA5, 0x08, 0xA5, 0x08, 0xA4, 0x08, 0xA4, 0x08, 0xA4, 0x08, 0xA4, 0x08,
    0xA4, 0x08, 0xA4, 0x08, 0xA4, 0x08, 0xA4, 0x08, 0xA4, 0x08, 0xA4, 0x08, 0xA4, 0x08, 0xA4, 0x08,
    0xA4, 0x08, 0xA4, 0x08, 0xA4, 0x08, 0xA4, 0x08, 0xA4, 0x08, 0xA4, 0x08, 0xA4, 0x08, 0xA4, 0x08,
    0xA4, 0x08, 0xA4, 0x08, 0xA4, 0x08, 0xA4, 0x08, 0xA4, 0x08, 0xA4, 0x08, 0xA4, 0x08, 0xA4, 0x08,
    0xA4, 0x08, 0xA4, 0x08, 0xA4, 0x08, 0x84, 0x08, 0x84, 0x08, 0x84, 0x08, 0x84, 0x08, 0x84, 0x08,
    0x84, 0x08, 0x84, 0x08, 0x84, 0x08, 0x84, 0x08, 0xA4, 0x08, 0xA4, 0x08, 0xA4, 0x08, 0xA4, 0x08,
    0xA4, 0x08, 0xA4, 0x08, 0xA4, 0x08, 0xA4, 0x08, 0xA4, 0x08, 0xA4, 0x08, 0xA4, 0x08, 0xA4, 0x08,
    0xA4, 0x08, 0xA4, 0x08, 0xA4, 0x08, 0xA4, 0x08, 0xA4, 0x08, 0xA4, 0x08, 0xA4, 0x08, 0xA4, 0x08,
    0xA4, 0x08, 0xA4, 0x08, 0xA4, 0x08, 0xA4, 0x08, 0xA4, 0x08, 0xA4, 0x08, 0xA4, 0x08, 0xA4, 0x08,
    0xA4, 0x08, 0xA4, 0x08, 0xA4, 0x08, 0xA5, 0x08, 0xA5, 0x08, 0xA5, 0x08, 0xA5, 0x08, 0xA5, 0x08,
    0xA5, 0x08, 0xA5, 0x08, 0xA5, 0x08, 0xA5, 0x08, 0xA5, 0x08, 0xA5, 0x08, 0xA5, 0x08, 0xA5, 0x08,
    0xA5, 0x08, 0xA5, 0x08, 0xA5, 0x08, 0xC5, 0x08, 0xC5, 0x08, 0xC5, 0x10, 0xC5, 0x10, 0xC5, 0x10,
    0xC5, 0x10, 0xC5, 0x10, 0xC5, 0x10, 0xC5, 0x10, 0xC5, 0x10, 0xC5, 0x10, 0xC5, 0x10, 0xC5, 0x10,
    0xC5, 0x10, 0xC5, 0x10, 0xC5, 0x10, 0xC5, 0x10, 0xC5, 0x10, 0xC5, 0x10, 0xC5, 0x10, 0xC5, 0x10,
    0xC5, 0x10, 0xC5, 0x10, 0xC5, 0x10, 0xC5, 0x10, 0xC5, 0x10, 0xC5, 0x10, 0xC5, 0x10, 0xC5, 0x10,
    0xC5, 0x10, 0xC5, 0x10, 0xC5, 0x10, 0xC5, 0x10, 0xC5, 0x10, 0xC5, 0x10, 0xC5, 0x10, 0xC5, 0x10,
    0xC5, 0x10, 0xC5, 0x10, 0xC5, 0x10, 0xC5, 0x10, 0xC5, 0x10, 0xC5, 0x10, 0xC5, 0x10, 0xC5, 0x10,
    0xC5, 0x10, 0xC5, 0x10, 0xC5, 0x10, 0xC5, 0x10, 0xC5, 0x10, 0xC5, 0x10, 0xC5, 0x10, 0xC5, 0x10,
    0xC5, 0x10, 0xC5, 0x10, 0xC5, 0x10, 0xC5, 0x10, 0xC5, 0x10, 0xC5, 0x10, 0xC5, 0x10, 0xC5, 0x10,
    0xC5, 0x10, 0xC5, 0x10, 0xC5, 0x10, 0xC5, 0x10, 0xC5, 0x10, 0xC5, 0x10, 0xC5, 0x10, 0xC5, 0x10,
    0xC5, 0x10, 0xC5, 0x10, 0xC5, 0x10, 0xC5, 0x10, 0xC5, 0x10, 0xC5, 0x10, 0xC5, 0x10, 0xC5, 0x10,
    0xC5, 0x10, 0xC5, 0x10, 0xC5, 0x10, 0xC5, 0x10, 0xC5, 0x10, 0xC5, 0x10, 0xC5, 0x10, 0xC5, 0x10,
    0xC5, 0x10, 0xC5, 0x10, 0xC5, 0x10, 0xC5, 0x10, 0xC5, 0x10, 0xC5, 0x10, 0xC5, 0x10, 0xC5, 0x10,
    0xC5, 0x10, 0xC5, 0x10, 0xC5, 0x10, 0xC5, 0x10, 0xC5, 0x10, 0xC5, 0x10, 0xC5, 0x10, 0xC5, 0x10,
    0xC5, 0x10, 0xC5, 0x10, 0xC5, 0x10, 0xC5, 0x10, 0xC5, 0x10, 0xC5, 0x10, 0xC5, 0x10, 0xC5, 0x10,
    0xC5, 0x10, 0xC5, 0x10, 0xC5, 0x10, 0xC5, 0x10, 0xC5, 0x10, 0xC5, 0x10, 0xC5, 0x10, 0xC5, 0x10,
    0xC5, 0x10, 0xC5, 0x10, 0xC5, 0x10, 0xC5, 0x10, 0xC5, 0x10, 0xC5, 0x10, 0xC5, 0x10, 0xC5, 0x10,
    0xC5, 0x10, 0xC5, 0x10, 0xC5, 0x10, 0xC5, 0x10, 0xC5, 0x10, 0xC5, 0x10, 0xC5, 0x10, 0xC5, 0x10,
    0xC5, 0x10, 0xC5, 0x10, 0xC5, 0x10, 0xC5, 0x10, 0xC5, 0x08, 0xC5, 0x08, 0xA5, 0x08, 0xA5, 0x08,
    0xA5, 0x08, 0xA5, 0x08, 0xA5, 0x08, 0xA5, 0x08, 0xA5, 0x08, 0xA5, 0x08, 0xA5, 0x08, 0xA5, 0x08,
    0xA5, 0x08, 0xA5, 0x08, 0xA5, 0x08, 0xA5, 0x08, 0xA5, 0x08, 0xA5, 0x08, 0xA4, 0x08, 0xA4, 0x08,
    0xA4, 0x08, 0xA4, 0x08, 0xA4, 0x08, 0xA4, 0x08, 0xA4, 0x08, 0xA4, 0x08, 0xA4, 0x08, 0xA4, 0x08,
    0xA4, 0x08, 0xA4, 0x08, 0xA4, 0x08, 0xA4, 0x08, 0xA4, 0x08, 0xA4, 0x08, 0xA4, 0x08, 0xA4, 0x08,
    0xA4, 0x08, 0xA4, 0x08, 0xA4, 0x08, 0xA4, 0x08, 0xA4, 0x08, 0xA4, 0x08, 0xA4, 0x08, 0xA4, 0x08,
    0xA4, 0x08, 0xA4, 0x08, 0xA4, 0x08, 0xA4, 0x08, 0xA4, 0x08, 0x84, 0x08, 0x84, 0x08, 0x84, 0x08,
    0xA4, 0x08, 0xA4, 0x08, 0xA4, 0x08, 0xA4, 0x08, 0xA4, 0x08, 0xA4, 0x08, 0xA4, 0x08, 0xA4, 0x08,
    0xA4, 0x08, 0xA4, 0x08, 0xA4, 0x08, 0xA4, 0x08, 0xA4, 0x08, 0xA5, 0x08, 0xA5, 0x08, 0xA5, 0x08,
    0xA5, 0x08, 0xA5, 0x08, 0xA5, 0x08, 0xA5, 0x08, 0xA5, 0x08, 0xA5, 0x08, 0xA5, 0x08, 0xA5, 0x08,
    0xA5, 0x08, 0xA5, 0x08, 0xA5, 0x08, 0xA5, 0x08, 0xA5, 0x08, 0xC5, 0x08, 0xC5, 0x08, 0xC5, 0x08,
    0xC5, 0x08, 0xC5, 0x08, 0xC5, 0x08, 0xC5, 0x10, 0xC5, 0x10, 0xC5, 0x10, 0xC5, 0x10, 0xC5, 0x10,
    0xC5, 0x10, 0xC5, 0x10, 0xC5, 0x10, 0xC5, 0x10, 0xC5, 0x10, 0xC5, 0x10, 0xC5, 0x10, 0xC5, 0x10,
    0xC5, 0x10, 0xC5, 0x10, 0xC5, 0x10, 0xC5, 0x10, 0xC5, 0x10, 0xC5, 0x10, 0xC5, 0x10, 0xC5, 0x10,
    0xC5, 0x10, 0xC5, 0x10, 0xC5, 0x10, 0xC5, 0x10, 0xC5, 0x10, 0xC5, 0x10, 0xC5, 0x10, 0xC5, 0x10,
    0xC5, 0x10, 0xC5, 0x10, 0xC5, 0x10, 0xC5, 0x10, 0xC5, 0x10, 0xC5, 0x10, 0xC5, 0x10, 0xC5, 0x10,
    0xC5, 0x10, 0xC5, 0x10, 0xC5, 0x10, 0xC5, 0x10, 0xC5, 0x10, 0xC5, 0x10, 0xC5, 0x10, 0xC5, 0x10,
    0xC5, 0x10, 0xC5, 0x10, 0xC5, 0x10, 0xC6, 0x10, 0xC6, 0x10, 0xE6, 0x10, 0xE6, 0x10, 0xE6, 0x10,
    0xE6, 0x10, 0xE6, 0x10, 0xE6, 0x10, 0xE6, 0x10, 0xE6, 0x10, 0xE6, 0x10, 0xE6, 0x10, 0xE6, 0x10,
    0xE6, 0x10, 0xE6, 0x10, 0xE6, 0x10, 0xE6, 0x10, 0xE6, 0x10, 0xE6, 0x10, 0xE6, 0x10, 0xE6, 0x10,
    0xE6, 0x10, 0xE6, 0x10, 0xE6, 0x10, 0xE6, 0x10, 0xE6, 0x10, 0xE6, 0x10, 0xE6, 0x10, 0xE6, 0x10,
    0xE6, 0x10, 0xE6, 0x10, 0xE6, 0x10, 0xE6, 0x10, 0xE6, 0x10, 0xE6, 0x10, 0xE6, 0x10, 0xE6, 0x10,
    0xE6, 0x10, 0xE6, 0x10, 0xE6, 0x10, 0xE6, 0x10, 0xE6, 0x10, 0xE6, 0x10, 0xE6, 0x10, 0xE6, 0x10,
    0xE6, 0x10, 0xE6, 0x10, 0xE6, 0x10, 0xE6, 0x10, 0xE6, 0x10, 0xE6, 0x10, 0xE6, 0x10, 0xE6, 0x10,
    0xE6, 0x10, 0xE6, 0x10, 0xE6, 0x10, 0xE6, 0x10, 0xE6, 0x10, 0xE6, 0x10, 0xE6, 0x10, 0xE6, 0x10,
    0xE6, 0x10, 0xE6, 0x10, 0xE6, 0x10, 0xE6, 0x10, 0xE6, 0x10, 0xE6, 0x10, 0xE6, 0x10, 0xE6, 0x10,
    0xE6, 0x10, 0xE6, 0x10, 0xE6, 0x10, 0xE6, 0x10, 0xC6, 0x10, 0xC6, 0x10, 0xC5, 0x10, 0xC5, 0x10,
    0xC5, 0x10, 0xC5, 0x10, 0xC5, 0x10, 0xC5, 0x10, 0xC5, 0x10, 0xC5, 0x10, 0xC5, 0x10, 0xC5, 0x10,
    0xC5, 0x10, 0xC5, 0x10, 0xC5, 0x10, 0xC5, 0x10, 0xC5, 0x10, 0xC5, 0x10, 0xC5, 0x10, 0xC5, 0x10,
    0xC5, 0x10, 0xC5, 0x10, 0xC5, 0x10, 0xC5, 0x10, 0xC5, 0x10, 0xC5, 0x10, 0xC5, 0x10, 0xC5, 0x10,
    0xC5, 0x10, 0xC5, 0x10, 0xC5, 0x10, 0xC5, 0x10, 0xC5, 0x10, 0xC5, 0x10, 0xC5, 0x10, 0xC5, 0x10,
    0xC5, 0x10, 0xC5, 0x10, 0xC5, 0x10, 0xC5, 0x10, 0xC5, 0x10, 0xC5, 0x10, 0xC5, 0x10, 0xC5, 0x10,
    0xC5, 0x10, 0xC5, 0x10, 0xC5, 0x10, 0xC5, 0x10, 0xC5, 0x10, 0xC5, 0x10, 0xC5, 0x08, 0xC5, 0x08,
    0xC5, 0x08, 0xC5, 0x08, 0xC5, 0x08, 0xC5, 0x08, 0xA5, 0x08, 0xA5, 0x08, 0xA5, 0x08, 0xA5, 0x08,
    0xA5, 0x08, 0xA5, 0x08, 0xA5, 0x08, 0xA5, 0x08, 0xA5, 0x08, 0xA5, 0x08, 0xA5, 0x08, 0xA5, 0x08,
    0xA5, 0x08, 0xA5, 0x08, 0xA5, 0x08, 0xA5, 0x08, 0xA4, 0x08, 0xA4, 0x08, 0xA4, 0x08, 0xA4, 0x08,
    0xA4, 0x08, 0xA4, 0x08, 0xA4, 0x08, 0xA4, 0x08, 0xA4, 0x08, 0xA4, 0x08, 0xA4, 0x08, 0xA4, 0x08,
    0x84, 0x08, 0xA4, 0x08, 0xA4, 0x08, 0xA4, 0x08, 0xA4, 0x08, 0xA4, 0x08, 0xA4, 0x08, 0xA4, 0x08,
    0xA4, 0x08, 0xA4, 0x08, 0xA4, 0x08, 0xA4, 0x08, 0xA4, 0x08, 0xA4, 0x08, 0xA4, 0x08, 0xA4, 0x08,
    0xA4, 0x08, 0xA4, 0x08, 0xA4, 0x08, 0xA4, 0x08, 0xA4, 0x08, 0xA4, 0x08, 0xA4, 0x08, 0xA4, 0x08,
    0xA4, 0x08, 0xA4, 0x08, 0xA4, 0x08, 0xA4, 0x08, 0xA4, 0x08, 0xA4, 0x08, 0xA4, 0x08, 0xA5, 0x08,
    0xA5, 0x08, 0xA5, 0x08, 0xA5, 0x08, 0xA5, 0x08, 0xA5, 0x08, 0xA5, 0x08, 0xA5, 0x08, 0xA5, 0x08,
    0xA5, 0x08, 0xA5, 0x08, 0xA5, 0x08, 0xA5, 0x08, 0xA5, 0x08, 0xA5, 0x08, 0xC5, 0x08, 0xC5, 0x08,
    0xC5, 0x08, 0xC5, 0x10, 0xC5, 0x10, 0xC5, 0x10, 0xC5, 0x10, 0xC5, 0x10, 0xC5, 0x10, 0xC5, 0x10,
    0xC5, 0x10, 0xC5, 0x10, 0xC5, 0x10, 0xC5, 0x10, 0xC5, 0x10, 0xC5, 0x10, 0xC5, 0x10, 0xC5, 0x10,
    0xC5, 0x10, 0xC5, 0x10, 0xC5, 0x10, 0xC5, 0x10, 0xC5, 0x10, 0xC5, 0x10, 0xC5, 0x10, 0xC5, 0x10,
    0xC5, 0x10, 0xC5, 0x10, 0xC5, 0x10, 0xC5, 0x10, 0xC5, 0x10, 0xC5, 0x10, 0xC5, 0x10, 0xC5, 0x10,
    0xC5, 0x10, 0xC5, 0x10, 0xC5, 0x10, 0xC5, 0x10, 0xC5, 0x10, 0xC5, 0x10, 0xC5, 0x10, 0xC5, 0x10,
    0xC5, 0x10, 0xC5, 0x10, 0xC5, 0x10, 0xC5, 0x10, 0xC5, 0x10, 0xC5, 0x10, 0xC5, 0x10, 0xC5, 0x10,
    0xC5, 0x10, 0xC5, 0x10, 0xC5, 0x10, 0xC5, 0x10, 0xC5, 0x10, 0xC5, 0x10, 0xC5, 0x10, 0xC5, 0x10,
    0xC5, 0x10, 0xC5, 0x10, 0xC5, 0x10, 0xC5, 0x10, 0xC5, 0x10, 0xC5, 0x10, 0xC5, 0x10, 0xC5, 0x10,
    0xC5, 0x10, 0xC5, 0x10, 0xC5, 0x10, 0xC5, 0x10, 0xC5, 0x10, 0xC5, 0x10, 0xC5, 0x10, 0xC5, 0x10,
    0xC5, 0x10, 0xC5, 0x10, 0xC5, 0x10, 0xC5, 0x10, 0xC5, 0x10, 0xC5, 0x10, 0xC5, 0x10, 0xC5, 0x10,
    0xC5, 0x10, 0xC5, 0x10, 0xC5, 0x10, 0xC5, 0x10, 0xC5, 0x10, 0xC5, 0x10, 0xC5, 0x10, 0xC5, 0x10,
    0xC5, 0x10, 0xC5, 0x10, 0xC5, 0x10, 0xC5, 0x10, 0xC5, 0x10, 0xC5, 0x10, 0xC5, 0x10, 0xC5, 0x10,
    0xC5, 0x10, 0xC5, 0x10, 0xC5, 0x10, 0xC5, 0x10, 0xC5, 0x10, 0xC5, 0x10, 0xC5, 0x10, 0xC5, 0x10,
    0xC5, 0x10, 0xC5, 0x10, 0xC5, 0x10, 0xC5, 0x10, 0xC5, 0x10, 0xC5, 0x10, 0xC5, 0x10, 0xC5, 0x10,
    0xC5, 0x10, 0xC5, 0x10, 0xC5, 0x10, 0xC5, 0x10, 0xC5, 0x10, 0xC5, 0x10, 0xC5, 0x10, 0xC5, 0x10,
    0xC5, 0x10, 0xC5, 0x10, 0xC5, 0x10, 0xC5, 0x10, 0xC5, 0x10, 0xC5, 0x10, 0xC5, 0x10, 0xC5, 0x10,
    0xC5, 0x10, 0xC5, 0x10, 0xC5, 0x10, 0xC5, 0x10, 0xC5, 0x10, 0xC5, 0x10, 0xC5, 0x10, 0xC5, 0x10,
    0xC5, 0x10, 0xC5, 0x10, 0xC5, 0x10, 0xC5, 0x10, 0xC5, 0x10, 0xC5, 0x10, 0xC5, 0x10, 0xC5, 0x10,
    0xC5, 0x08, 0xC5, 0x08, 0xC5, 0x08, 0xA5, 0x08, 0xA5, 0x08, 0xA5, 0x08, 0xA5, 0x08, 0xA5, 0x08,
    0xA5, 0x08, 0xA5, 0x08, 0xA5, 0x08, 0xA5, 0x08, 0xA5, 0x08, 0xA5, 0x08, 0xA5, 0x08, 0xA5, 0x08,
    0xA5, 0x08, 0xA5, 0x08, 0xA4, 0x08, 0xA4, 0x08, 0xA4, 0x08, 0xA4, 0x08, 0xA4, 0x08, 0xA4, 0x08,
    0xA4, 0x08, 0xA4, 0x08, 0xA4, 0x08, 0xA4, 0x08, 0xA4, 0x08, 0xA4, 0x08, 0xA4, 0x08, 0xA4, 0x08,
    0xA4, 0x08, 0xA4, 0x08, 0xA4, 0x08, 0xA4, 0x08, 0xA4, 0x08, 0xA4, 0x08, 0xA4, 0x08, 0xA4, 0x08,
    0xA4, 0x08, 0xA4, 0x08, 0xA4, 0x08, 0xA4, 0x08, 0xA4, 0x08, 0xA4, 0x08, 0xA4, 0x08, 0xA4, 0x08,
    0xA4, 0x08, 0xA4, 0x08, 0xA4, 0x08, 0xA4, 0x08, 0xA4, 0x08, 0xA4, 0x08, 0xA4, 0x08, 0xA4, 0x08,
    0xA4, 0x08, 0xA4, 0x08, 0xA4, 0x08, 0xA4, 0x08, 0xA4, 0x08, 0xA4, 0x08, 0xA4, 0x08, 0xA4, 0x08,
    0xA4, 0x08, 0xA4, 0x08, 0xA4, 0x08, 0xA4, 0x08, 0xA4, 0x08, 0xA4, 0x08, 0xA4, 0x08, 0xA4, 0x08,
    0xA4, 0x08, 0xA4, 0x08, 0xA4, 0x08, 0xA4, 0x08, 0xA4, 0x08, 0xA5, 0x08, 0xA5, 0x08, 0xA5, 0x08,
    0xA5, 0x08, 0xA5, 0x08, 0xA5, 0x08, 0xA5, 0x08, 0xA5, 0x08, 0xA5, 0x08, 0xA5, 0x08, 0xA5, 0x08,
    0xA5, 0x08, 0xA5, 0x08, 0xA5, 0x08, 0xA5, 0x08, 0xC5, 0x08, 0xC5, 0x08, 0xC5, 0x08, 0xC5, 0x08,
    0xC5, 0x10, 0xC5, 0x10, 0xC5, 0x10, 0xC5, 0x10, 0xC5, 0x10, 0xC5, 0x10, 0xC5, 0x10, 0xC5, 0x10,
    0xC5, 0x10, 0xC5, 0x10, 0xC5, 0x10, 0xC5, 0x10, 0xC5, 0x10, 0xC5, 0x10, 0xC5, 0x10, 0xC5, 0x10,
    0xC5, 0x10, 0xC5, 0x10, 0xC5, 0x10, 0xC5, 0x10, 0xC5, 0x10, 0xC5, 0x10, 0xC5, 0x10, 0xC5, 0x10,
    0xC5, 0x10, 0xC5, 0x10, 0xC5, 0x10, 0xC5, 0x10, 0xC5, 0x10, 0xC5, 0x10, 0xC5, 0x10, 0xC5, 0x10,
    0xC5, 0x10, 0xC5, 0x10, 0xC5, 0x10, 0xC5, 0x10, 0xC5, 0x10, 0xC5, 0x10, 0xC5, 0x10, 0xC5, 0x10,
    0xC5, 0x10, 0xC5, 0x10, 0xC5, 0x10, 0xC5, 0x10, 0xC5, 0x10, 0xC5, 0x10, 0xC5, 0x10, 0xC5, 0x10,
    0xC5, 0x10, 0xC5, 0x10, 0xC5, 0x10, 0xC5, 0x10, 0xC5, 0x10, 0xC5, 0x10, 0xC5, 0x10, 0xC5, 0x10,
    0xC5, 0x10, 0xC5, 0x10, 0xC5, 0x10, 0xC5, 0x10, 0xC5, 0x10, 0xC5, 0x10, 0xC5, 0x10, 0xC5, 0x10,
    0xC5, 0x10, 0xC5, 0x10, 0xC5, 0x10, 0xC5, 0x10, 0xC5, 0x10, 0xC5, 0x10, 0xC5, 0x10, 0xC5, 0x10,
    0xC5, 0x10, 0xC5, 0x10, 0xC5, 0x10, 0xC5, 0x10, 0xC5, 0x10, 0xC5, 0x10, 0xC5, 0x10, 0xC5, 0x10,
    0xC5, 0x10, 0xC5, 0x10, 0xC5, 0x10, 0xC5, 0x10, 0xC5, 0x10, 0xC5, 0x10, 0xC5, 0x10, 0xC5, 0x10,
    0xC5, 0x10, 0xC5, 0x10, 0xC5, 0x10, 0xC5, 0x10, 0xC5, 0x10, 0xC5, 0x10, 0xC5, 0x10, 0xC5, 0x10,
    0xC5, 0x10, 0xC5, 0x10, 0xC5, 0x10, 0xC5, 0x10, 0xC5, 0x10, 0xC5, 0x10, 0xC5, 0x10, 0xC5, 0x10,
    0xC5, 0x10, 0xC5, 0x10, 0xC5, 0x10, 0xC5, 0x10, 0xC5, 0x10, 0xC5, 0x10, 0xC5, 0x10, 0xC5, 0x10,
    0xC5, 0x10, 0xC5, 0x10, 0xC5, 0x10, 0xC5, 0x10, 0xC5, 0x10, 0xC5, 0x10, 0xC5, 0x10, 0xC5, 0x10,
    0xC5, 0x10, 0xC5, 0x10, 0xC5, 0x10, 0xC5, 0x10, 0xC5, 0x10, 0xC5, 0x10, 0xC5, 0x10, 0xC5, 0x10,
    0xC5, 0x10, 0xC5, 0x10, 0xC5, 0x10, 0xC5, 0x10, 0xC5, 0x10, 0xC5, 0x10, 0xC5, 0x10, 0xC5, 0x10,
    0xC5, 0x10, 0xC5, 0x10, 0xC5, 0x10, 0xC5, 0x10, 0xC5, 0x10, 0xC5, 0x10, 0xC5, 0x10, 0xC5, 0x10,
    0xC5, 0x10, 0xC5, 0x08, 0xC5, 0x08, 0xC5, 0x08, 0xC5, 0x08, 0xA5, 0x08, 0xA5, 0x08, 0xA5, 0x08,
    0xA5, 0x08, 0xA5, 0x08, 0xA5, 0x08, 0xA5, 0x08, 0xA5, 0x08, 0xA5, 0x08, 0xA5, 0x08, 0xA5, 0x08,
    0xA5, 0x08, 0xA5, 0x08, 0xA5, 0x08, 0xA5, 0x08, 0xA4, 0x08, 0xA4, 0x08, 0xA4, 0x08, 0xA4, 0x08,
    0xA4, 0x08, 0xA4, 0x08, 0xA4, 0x08, 0xA4, 0x08, 0xA4, 0x08, 0xA4, 0x08, 0xA4, 0x08, 0xA4, 0x08,
    0xA4, 0x08, 0xA4, 0x08, 0xA4, 0x08, 0xA4, 0x08, 0xA4, 0x08, 0xA4, 0x08, 0xA4, 0x08, 0xA4, 0x08,
    0xA4, 0x08, 0xA4, 0x08, 0xA4, 0x08, 0xA4, 0x08, 0xA4, 0x08, 0xA4, 0x08, 0xA4, 0x08, 0xA4, 0x08,
    0xA4, 0x08, 0xA4, 0x08, 0xA4, 0x08, 0xA4, 0x08, 0xA4, 0x08, 0xA4, 0x08, 0xA4, 0x08, 0xA5, 0x08,
    0xA5, 0x08, 0xA5, 0x08, 0xA5, 0x08, 0xA5, 0x08, 0xA5, 0x08, 0xA5, 0x08, 0xA5, 0x08, 0xA5, 0x08,
    0xA5, 0x08, 0xA5, 0x08, 0xA5, 0x08, 0xA5, 0x08, 0xA5, 0x08, 0xA5, 0x08, 0xA5, 0x08, 0xC5, 0x08,
    0xC5, 0x08, 0xC5, 0x08, 0xC5, 0x08, 0xC5, 0x08, 0xC5, 0x08, 0xC5, 0x08, 0xC5, 0x08, 0xC5, 0x10,
    0xC5, 0x10, 0xC5, 0x10, 0xC5, 0x10, 0xC5, 0x10, 0xC5, 0x10, 0xC5, 0x10, 0xC5, 0x10, 0xC5, 0x10,
    0xC5, 0x10, 0xC5, 0x10, 0xC5, 0x10, 0xC5, 0x10, 0xC5, 0x10, 0xC5, 0x10, 0xC5, 0x10, 0xC5, 0x10,
    0xC5, 0x10, 0xC5, 0x10, 0xC5, 0x10, 0xC5, 0x10, 0xC5, 0x10, 0xC5, 0x10, 0xC5, 0x10, 0xC5, 0x10,
    0xC5, 0x10, 0xC5, 0x10, 0xC5, 0x10, 0xC5, 0x10, 0xC5, 0x10, 0xC5, 0x10, 0xC5, 0x10, 0xC5, 0x10,
    0xC5, 0x10, 0xC5, 0x10, 0xC5, 0x10, 0xC5, 0x10, 0xC5, 0x10, 0xC5, 0x10, 0xC5, 0x10, 0xC6, 0x10,
    0xC6, 0x10, 0xE6, 0x10, 0xE6, 0x10, 0xE6, 0x10, 0xE6, 0x10, 0xE6, 0x10, 0xE6, 0x10, 0xE6, 0x10,
    0xE6, 0x10, 0xE6, 0x10, 0xE6, 0x10, 0xE6, 0x10, 0xE6, 0x10, 0xE6, 0x10, 0xE6, 0x10, 0xE6, 0x10,
    0xE6, 0x10, 0xE6, 0x10, 0xE6, 0x10, 0xE6, 0x10, 0xE6, 0x10, 0xE6, 0x10, 0xE6, 0x10, 0xE6, 0x10,
    0xE6, 0x10, 0xE6, 0x10, 0xE6, 0x10, 0xE6, 0x10, 0xE6, 0x10, 0xE6, 0x10, 0xE6, 0x10, 0xE6, 0x10,
    0xE6, 0x10, 0xE6, 0x10, 0xE6, 0x10, 0xE6, 0x10, 0xE6, 0x10, 0xE6, 0x10, 0xE6, 0x10, 0xE6, 0x10,
    0xE6, 0x10, 0xE6, 0x10, 0xE6, 0x10, 0xE6, 0x10, 0xE6, 0x10, 0xE6, 0x10, 0xE6, 0x10, 0xE6, 0x10,
    0xE6, 0x10, 0xE6, 0x10, 0xE6, 0x10, 0xE6, 0x10, 0xE6, 0x10, 0xE6, 0x10, 0xE6, 0x10, 0xE6, 0x10,
    0xE6, 0x10, 0xE6, 0x10, 0xE6, 0x10, 0xE6, 0x10, 0xE6, 0x10, 0xE6, 0x10, 0xE6, 0x10, 0xE6, 0x10,
    0xE6, 0x10, 0xE6, 0x10, 0xE6, 0x10, 0xE6, 0x10, 0xE6, 0x10, 0xE6, 0x10, 0xE6, 0x10, 0xE6, 0x10,
    0xE6, 0x10, 0xE6, 0x10, 0xE6, 0x10, 0xE6, 0x10, 0xE6, 0x10, 0xE6, 0x10, 0xE6, 0x10, 0xE6, 0x10,
    0xE6, 0x10, 0xE6, 0x10, 0xE6, 0x10, 0xE6, 0x10, 0xE6, 0x10, 0xE6, 0x10, 0xE6, 0x10, 0xE6, 0x10,
    0xE6, 0x10, 0xE6, 0x10, 0xE6, 0x10, 0xE6, 0x10, 0xE6, 0x10, 0xE6, 0x10, 0xE6, 0x10, 0xE6, 0x10,
    0xC6, 0x10, 0xC6, 0x10, 0xC5, 0x10, 0xC5, 0x10, 0xC5, 0x10, 0xC5, 0x10, 0xC5, 0x10, 0xC5, 0x10,
    0xC5, 0x10, 0xC5, 0x10, 0xC5, 0x10, 0xC5, 0x10, 0xC5, 0x10, 0xC5, 0x10, 0xC5, 0x10, 0xC5, 0x10,
    0xC5, 0x10, 0xC5, 0x10, 0xC5, 0x10, 0xC5, 0x10, 0xC5, 0x10, 0xC5, 0x10, 0xC5, 0x10, 0xC5, 0x10,
    0xC5, 0x10, 0xC5, 0x10, 0xC5, 0x10, 0xC5, 0x10, 0xC5, 0x10, 0xC5, 0x10, 0xC5, 0x10, 0xC5, 0x10,
    0xC5, 0x10, 0xC5, 0x10, 0xC5, 0x10, 0xC5, 0x10, 0xC5, 0x10, 0xC5, 0x10, 0xC5, 0x10, 0xC5, 0x10,
    0xC5, 0x10, 0xC5, 0x10, 0xC5, 0x08, 0xC5, 0x08, 0xC5, 0x08, 0xC5, 0x08, 0xC5, 0x08, 0xC5, 0x08,
    0xC5, 0x08, 0xC5, 0x08, 0xA5, 0x08, 0xA5, 0x08, 0xA5, 0x08, 0xA5, 0x08, 0xA5, 0x08, 0xA5, 0x08,
    0xA5, 0x08, 0xA5, 0x08, 0xA5, 0x08, 0xA5, 0x08, 0xA5, 0x08, 0xA5, 0x08, 0xA5, 0x08, 0xA5, 0x08,
    0xA5, 0x08, 0xA5, 0x08, 0xA4, 0x08, 0xA4, 0x08, 0xA4, 0x08, 0xA4, 0x08, 0xA4, 0x08, 0xA4, 0x08,
    0xA4, 0x08, 0xA4, 0x08, 0xA4, 0x08, 0xA4, 0x08, 0xA4, 0x08, 0xA4, 0x08, 0xA4, 0x08, 0xA4, 0x08,
    0xA4, 0x08, 0xA4, 0x08, 0xA4, 0x08, 0xA4, 0x08, 0xA4, 0x08, 0xA4, 0x08, 0xA4, 0x08, 0xA4, 0x08,
    0xA4, 0x08, 0xA4, 0x08, 0xA4, 0x08, 0xA4, 0x08, 0xA4, 0x08, 0xA4, 0x08, 0xA4, 0x08, 0xA4, 0x08,
    0xA5, 0x08, 0xA5, 0x08, 0xA5, 0x08, 0xA5, 0x08, 0xA5, 0x08, 0xA5, 0x08, 0xA5, 0x08, 0xA5, 0x08,
    0xA5, 0x08, 0xA5, 0x08, 0xA5, 0x08, 0xA5, 0x08, 0xA5, 0x08, 0xA5, 0x08, 0xA5, 0x08, 0xA5, 0x08,
    0xC5, 0x08, 0xC5, 0x08, 0xC5, 0x08, 0xC5, 0x08, 0xC5, 0x10, 0xC5, 0x10, 0xC5, 0x10, 0xC5, 0x10,
    0xC5, 0x10, 0xC5, 0x10, 0xC5, 0x10, 0xC5, 0x10, 0xC5, 0x10, 0xC5, 0x10, 0xC5, 0x10, 0xC5, 0x10,
    0xC5, 0x10, 0xC5, 0x10, 0xC5, 0x10, 0xC5, 0x10, 0xC5, 0x10, 0xC5, 0x10, 0xC5, 0x10, 0xC5, 0x10,
    0xC5, 0x10, 0xC5, 0x10, 0xC5, 0x10, 0xC5, 0x10, 0xC5, 0x10, 0xC5, 0x10, 0xC5, 0x10, 0xC5, 0x10,
    0xC5, 0x10, 0xC5, 0x10, 0xC5, 0x10, 0xC5, 0x10, 0xC5, 0x10, 0xC5, 0x10, 0xC5, 0x10, 0xC5, 0x10,
    0xC5, 0x10, 0xC5, 0x10, 0xC5, 0x10, 0xC5, 0x10, 0xC5, 0x10, 0xC5, 0x10, 0xC5, 0x10, 0xC5, 0x10,
    0xC5, 0x10, 0xC5, 0x10, 0xC5, 0x10, 0xC5, 0x10, 0xC5, 0x10, 0xC5, 0x10, 0xC5, 0x10, 0xC5, 0x10,
    0xC5, 0x10, 0xC5, 0x10, 0xC5, 0x10, 0xC5, 0x10, 0xC5, 0x10, 0xC5, 0x10, 0xC5, 0x10, 0xC5, 0x10,
    0xC5, 0x10, 0xC5, 0x10, 0xC5, 0x10, 0xC5, 0x10, 0xC5, 0x10, 0xC5, 0x10, 0xC5, 0x10, 0xC5, 0x10,
    0xC5, 0x10, 0xC5, 0x10, 0xC5, 0x10, 0xC5, 0x10, 0xC5, 0x10, 0xC5, 0x10, 0xC5, 0x10, 0xC5, 0x10,
    0xC5, 0x10, 0xC5, 0x10, 0xC5, 0x10, 0xC5, 0x10, 0xC5, 0x10, 0xC5, 0x10, 0xC5, 0x10, 0xC5, 0x10,
    0xC5, 0x10, 0xC5, 0x10, 0xC5, 0x10, 0xC5, 0x10, 0xC5, 0x10, 0xC5, 0x10, 0xC5, 0x10, 0xC5, 0x10,
    0xC5, 0x10, 0xC5, 0x10, 0xC5, 0x10, 0xC5, 0x10, 0xC5, 0x10, 0xC5, 0x10, 0xC5, 0x10, 0xC5, 0x10,
    0xC5, 0x10, 0xC5, 0x10, 0xC5, 0x10, 0xC5, 0x10, 0xC5, 0x10, 0xC5, 0x10, 0xC5, 0x10, 0xC5, 0x10,
    0xC5, 0x10, 0xC5, 0x10, 0xC5, 0x10, 0xC5, 0x10, 0xC5, 0x10, 0xC5, 0x10, 0xC5, 0x10, 0xC5, 0x10,
    0xC5, 0x10, 0xC5, 0x10, 0xC5, 0x10, 0xC5, 0x10, 0xC5, 0x10, 0xC5, 0x10, 0xC5, 0x10, 0xC5, 0x10,
    0xC5, 0x10, 0xC5, 0x10, 0xC5, 0x10, 0xC5, 0x10, 0xC5, 0x10, 0xC5, 0x10, 0xC5, 0x10, 0xC5, 0x10,
    0xC5, 0x10, 0xC5, 0x10, 0xC5, 0x10, 0xC5, 0x10, 0xC5, 0x10, 0xC5, 0x10, 0xC5, 0x10, 0xC5, 0x10,
    0xC5, 0x10, 0xC5, 0x10, 0xC5, 0x10, 0xC5, 0x10, 0xC5, 0x10, 0xC5, 0x10, 0xC5, 0x10, 0xC5, 0x10,
    0xC5, 0x10, 0xC5, 0x10, 0xC5, 0x10, 0xC5, 0x10, 0xC5, 0x10, 0xC5, 0x08, 0xC5, 0x08, 0xC5, 0x08,
    0xC5, 0x08, 0xA5, 0x08, 0xA5, 0x08, 0xA5, 0x08, 0xA5, 0x08, 0xA5, 0x08, 0xA5, 0x08, 0xA5, 0x08,
    0xA5, 0x08, 0xA5, 0x08, 0xA5, 0x08, 0xA5, 0x08, 0xA5, 0x08, 0xA5, 0x08, 0xA5, 0x08, 0xA5, 0x08,
    0xA5, 0x08, 0xA4, 0x08, 0xA4, 0x08, 0xA4, 0x08, 0xA4, 0x08, 0xA4, 0x08, 0xA4, 0x08, 0xA4, 0x08,
    0xA4, 0x08, 0xA4, 0x08, 0xA4, 0x08, 0xA4, 0x08, 0xA4, 0x08, 0xA4, 0x08, 0xA4, 0x08, 0xA4, 0x08,
    0xA4, 0x08, 0xA4, 0x08, 0xA4, 0x08, 0xA4, 0x08, 0xA4, 0x08, 0xA4, 0x08, 0xA4, 0x08, 0xA4, 0x08,
    0xA4, 0x08, 0xA4, 0x08, 0xA4, 0x08, 0xA4, 0x08, 0xA4, 0x08, 0xA4, 0x08, 0xA4, 0x08, 0xA4, 0x08,
    0xA4, 0x08, 0xA4, 0x08, 0xA4, 0x08, 0xA4, 0x08, 0xA4, 0x08, 0xA4, 0x08, 0xA4, 0x08, 0xA4, 0x08,
    0xA4, 0x08, 0xA4, 0x08, 0xA4, 0x08, 0xA4, 0x08, 0xA4, 0x08, 0xA4, 0x08, 0xA5, 0x08, 0xA5, 0x08,
    0xA5, 0x08, 0xA5, 0x08, 0xA5, 0x08, 0xA5, 0x08, 0xA5, 0x08, 0xA5, 0x08, 0xA5, 0x08, 0xA5, 0x08,
    0xA5, 0x08, 0xA5, 0x08, 0xA5, 0x08, 0xA5, 0x08, 0xA5, 0x08, 0xA5, 0x08, 0xC5, 0x08, 0xC5, 0x08,
    0xC5, 0x08, 0xC5, 0x08, 0xC5, 0x08, 0xC5, 0x10, 0xC5, 0x10, 0xC5, 0x10, 0xC5, 0x10, 0xC5, 0x10,
    0xC5, 0x10, 0xC5, 0x10, 0xC5, 0x10, 0xC5, 0x10, 0xC5, 0x10, 0xC5, 0x10, 0xC5, 0x10, 0xC5, 0x10,
    0xC5, 0x10, 0xC5, 0x10, 0xC5, 0x10, 0xC5, 0x10, 0xC5, 0x10, 0xC5, 0x10, 0xC5, 0x10, 0xC5, 0x10,
    0xC5, 0x10, 0xC5, 0x10, 0xC5, 0x10, 0xC5, 0x10, 0xC5, 0x10, 0xC5, 0x10, 0xC5, 0x10, 0xC5, 0x10,
    0xC5, 0x10, 0xC5, 0x10, 0xC5, 0x10, 0xC5, 0x10, 0xC5, 0x10, 0xC5, 0x10, 0xC5, 0x10, 0xC5, 0x10,
    0xC5, 0x10, 0xC5, 0x10, 0xC5, 0x10, 0xC5, 0x10, 0xC5, 0x10, 0xC5, 0x10, 0xC5, 0x10, 0xC5, 0x10,
    0xC5, 0x10, 0xC5, 0x10, 0xC5, 0x10, 0xC5, 0x10, 0xC5, 0x10, 0xC5, 0x10, 0xC5, 0x10, 0xC5, 0x10,
    0xC5, 0x10, 0xC5, 0x10, 0xC5, 0x10, 0xC5, 0x10, 0xC5, 0x10, 0xC5, 0x10, 0xC5, 0x10, 0xC5, 0x10,
    0xC5, 0x10, 0xC5, 0x10, 0xC5, 0x10, 0xC5, 0x10, 0xC5, 0x10, 0xC5, 0x10, 0xC5, 0x10, 0xC5, 0x10,
    0xC5, 0x10, 0xC5, 0x10, 0xC5, 0x10, 0xC5, 0x10, 0xC5, 0x10, 0xC5, 0x10, 0xC5, 0x10, 0xC5, 0x10,
    0xC5, 0x10, 0xC5, 0x10, 0xC5, 0x10, 0xC5, 0x10, 0xC5, 0x10, 0xC5, 0x10, 0xC5, 0x10, 0xC5, 0x10,
    0xC5, 0x10, 0xC5, 0x10, 0xC5, 0x10, 0xC5, 0x10, 0xC5, 0x10, 0xC5, 0x10, 0xC5, 0x10, 0xC5, 0x10,
    0xC5, 0x10, 0xC5, 0x10, 0xC5, 0x10, 0xC5, 0x10, 0xC5, 0x10, 0xC5, 0x10, 0xC5, 0x10, 0xC5, 0x10,
    0xC5, 0x10, 0xC5, 0x10, 0xC5, 0x10, 0xC5, 0x10, 0xC5, 0x10, 0xC5, 0x10, 0xC5, 0x10, 0xC5, 0x10,
    0xC5, 0x10, 0xC5, 0x10, 0xC5, 0x10, 0xC5, 0x10, 0xC5, 0x10, 0xC5, 0x10, 0xC5, 0x10, 0xC5, 0x10,
    0xC5, 0x10, 0xC5, 0x10, 0xC5, 0x10, 0xC5, 0x10, 0xC5, 0x10, 0xC5, 0x10, 0xC5, 0x10, 0xC5, 0x10,
    0xC5, 0x10, 0xC5, 0x10, 0xC5, 0x10, 0xC5, 0x10, 0xC5, 0x10, 0xC5, 0x10, 0xC5, 0x10, 0xC5, 0x10,
    0xC5, 0x10, 0xC5, 0x10, 0xC5, 0x10, 0xC5, 0x10, 0xC5, 0x10, 0xC5, 0x10, 0xC5, 0x10, 0xC5, 0x10,
    0xC5, 0x10, 0xC5, 0x10, 0xC5, 0x10, 0xC5, 0x10, 0xC5, 0x10, 0xC5, 0x10, 0xC5, 0x10, 0xC5, 0x10,
    0xC5, 0x10, 0xC5, 0x10, 0xC5, 0x10, 0xC5, 0x10, 0xC5, 0x10, 0xC5, 0x10, 0xC5, 0x08, 0xC5, 0x08,
    0xC5, 0x08, 0xC5, 0x08, 0xC5, 0x08, 0xA5, 0x08, 0xA5, 0x08, 0xA5, 0x08, 0xA5, 0x08, 0xA5, 0x08,
    0xA5, 0x08, 0xA5, 0x08, 0xA5, 0x08, 0xA5, 0x08, 0xA5, 0x08, 0xA5, 0x08, 0xA5, 0x08, 0xA5, 0x08,
    0xA5, 0x08, 0xA5, 0x08, 0xA5, 0x08, 0xA4, 0x08, 0xA4, 0x08, 0xA4, 0x08, 0xA4, 0x08, 0xA4, 0x08,
    0xA4, 0x08, 0xA4, 0x08, 0xA4, 0x08, 0xA4, 0x08, 0xA4, 0x08, 0xA4, 0x08, 0xA4, 0x08, 0xA4, 0x08,
    0xA4, 0x08, 0xA4, 0x08, 0xA4, 0x08, 0xA4, 0x08, 0xA4, 0x08, 0xA4, 0x08, 0xA4, 0x08, 0xA4, 0x08,
    0xA4, 0x08, 0xA4, 0x08, 0xA5, 0x08, 0xA5, 0x08, 0xA5, 0x08, 0xA5, 0x08, 0xA5, 0x08, 0xA5, 0x08,
    0xA5, 0x08, 0xA5, 0x08, 0xA5, 0x08, 0xA5, 0x08, 0xA5, 0x08, 0xA5, 0x08, 0xA5, 0x08, 0xA5, 0x08,
    0xA5, 0x08, 0xA5, 0x08, 0xC5, 0x08, 0xC5, 0x08, 0xC5, 0x08, 0xC5, 0x08, 0xC5, 0x08, 0xC5, 0x08,
    0xC5, 0x08, 0xC5, 0x08, 0xC5, 0x08, 0xC5, 0x10, 0xC5, 0x10, 0xC5, 0x10, 0xC5, 0x10, 0xC5, 0x10,
    0xC5, 0x10, 0xC5, 0x10, 0xC5, 0x10, 0xC5, 0x10, 0xC5, 0x10, 0xC5, 0x10, 0xC5, 0x10, 0xC5, 0x10,
    0xC5, 0x10, 0xC5, 0x10, 0xC5, 0x10, 0xC5, 0x10, 0xC5, 0x10, 0xC5, 0x10, 0xC5, 0x10, 0xC5, 0x10,
    0xC5, 0x10, 0xC5, 0x10, 0xC5, 0x10, 0xC5, 0x10, 0xC5, 0x10, 0xC5, 0x10, 0xC5, 0x10, 0xC5, 0x10,
    0xC5, 0x10, 0xC5, 0x10, 0xC5, 0x10, 0xC5, 0x10, 0xC5, 0x10, 0xC6, 0x10, 0xC6, 0x10, 0xC6, 0x10,
    0xE6, 0x10, 0xE6, 0x10, 0xE6, 0x10, 0xE6, 0x10, 0xE6, 0x10, 0xE6, 0x10, 0xE6, 0x10, 0xE6, 0x10,
    0xE6, 0x10, 0xE6, 0x10, 0xE6, 0x10, 0xE6, 0x10, 0xE6, 0x10, 0xE6, 0x10, 0xE6, 0x10, 0xE6, 0x10,
    0xE6, 0x10, 0xE6, 0x10, 0xE6, 0x10, 0xE6, 0x10, 0xE6, 0x10, 0xE6, 0x10, 0xE6, 0x10, 0xE6, 0x10,
    0xE6, 0x10, 0xE6, 0x10, 0xE6, 0x10, 0xE6, 0x10, 0xE6, 0x10, 0xE6, 0x10, 0xE6, 0x10, 0xE6, 0x10,
    0xE6, 0x10, 0xE6, 0x10, 0xE6, 0x10, 0xE6, 0x10, 0xE6, 0x10, 0xE6, 0x10, 0xE6, 0x10, 0xE6, 0x10,
    0xE6, 0x10, 0xE6, 0x10, 0xE6, 0x10, 0xE6, 0x10, 0xE6, 0x10, 0xE6, 0x10, 0xE6, 0x10, 0xE6, 0x10,
    0xE6, 0x10, 0xE6, 0x10, 0xE6, 0x10, 0xE6, 0x10, 0xE6, 0x10, 0xE6, 0x10, 0xE6, 0x10, 0xE6, 0x10,
    0xE6, 0x10, 0xE6, 0x10, 0xE6, 0x10, 0xE6, 0x10, 0xE6, 0x10, 0xE6, 0x10, 0xE6, 0x10, 0xE6, 0x10,
    0xE6, 0x10, 0xE6, 0x10, 0xE6, 0x10, 0xE6, 0x10, 0xE6, 0x10, 0xE6, 0x10, 0xE6, 0x10, 0xE6, 0x10,
    0xE6, 0x10, 0xE6, 0x10, 0xE6, 0x10, 0xE6, 0x10, 0xE6, 0x10, 0xE6, 0x10, 0xE6, 0x10, 0xE6, 0x10,
    0xE6, 0x10, 0xE6, 0x10, 0xE6, 0x10, 0xE6, 0x10, 0xE6, 0x10, 0xE6, 0x10, 0xE6, 0x10, 0xE6, 0x10,
    0xE6, 0x10, 0xE6, 0x10, 0xE6, 0x10, 0xE6, 0x10, 0xE6, 0x10, 0xE6, 0x10, 0xE6, 0x10, 0xE6, 0x10,
    0xE6, 0x10, 0xE6, 0x10, 0xE6, 0x10, 0xE6, 0x10, 0xE6, 0x10, 0xE6, 0x10, 0xE6, 0x10, 0xE6, 0x10,
    0xE6, 0x10, 0xE6, 0x10, 0xE6, 0x10, 0xE6, 0x10, 0xE6, 0x10, 0xE6, 0x10, 0xE6, 0x10, 0xE6, 0x10,
    0xE6, 0x10, 0xC6, 0x10, 0xC6, 0x10, 0xC6, 0x10, 0xC5, 0x10, 0xC5, 0x10, 0xC5, 0x10, 0xC5, 0x10,
    0xC5, 0x10, 0xC5, 0x10, 0xC5, 0x10, 0xC5, 0x10, 0xC5, 0x10, 0xC5, 0x10, 0xC5, 0x10, 0xC5, 0x10,
    0xC5, 0x10, 0xC5, 0x10, 0xC5, 0x10, 0xC5, 0x10, 0xC5, 0x10, 0xC5, 0x10, 0xC5, 0x10, 0xC5, 0x10,
    0xC5, 0x10, 0xC5, 0x10, 0xC5, 0x10, 0xC5, 0x10, 0xC5, 0x10, 0xC5, 0x10, 0xC5, 0x10, 0xC5, 0x10,
    0xC5, 0x10, 0xC5, 0x10, 0xC5, 0x10, 0xC5, 0x10, 0xC5, 0x10, 0xC5, 0x10, 0xC5, 0x08, 0xC5, 0x08,
    0xC5, 0x08, 0xC5, 0x08, 0xC5, 0x08, 0xC5, 0x08, 0xC5, 0x08, 0xC5, 0x08, 0xC5, 0x08, 0xA5, 0x08,
    0xA5, 0x08, 0xA5, 0x08, 0xA5, 0x08, 0xA5, 0x08, 0xA5, 0x08, 0xA5, 0x08, 0xA5, 0x08, 0xA5, 0x08,
    0xA5, 0x08, 0xA5, 0x08, 0xA5, 0x08, 0xA5, 0x08, 0xA5, 0x08, 0xA5, 0x08, 0xA5, 0x08, 0xA4, 0x08,
    0xA4, 0x08, 0xA4, 0x08, 0xA4, 0x08, 0xA4, 0x08, 0xA4, 0x08, 0xA4, 0x08, 0xA4, 0x08, 0xA4, 0x08,
    0xA4, 0x08, 0xA4, 0x08, 0xA4, 0x08, 0xA4, 0x08, 0xA4, 0x08, 0xA4, 0x08, 0xA4, 0x08, 0xA4, 0x08,
    0xA4, 0x08, 0xA4, 0x08, 0xA4, 0x08, 0xA5, 0x08, 0xA5, 0x08, 0xA5, 0x08, 0xA5, 0x08, 0xA5, 0x08,
    0xA5, 0x08, 0xA5, 0x08, 0xA5, 0x08, 0xA5, 0x08, 0xA5, 0x08, 0xA5, 0x08, 0xA5, 0x08, 0xA5, 0x08,
    0xA5, 0x08, 0xA5, 0x08, 0xC5, 0x08, 0xC5, 0x08, 0xC5, 0x08, 0xC5, 0x08, 0xC5, 0x08, 0xC5, 0x08,
    0xC5, 0x10, 0xC5, 0x10, 0xC5, 0x10, 0xC5, 0x10, 0xC5, 0x10, 0xC5, 0x10, 0xC5, 0x10, 0xC5, 0x10,
    0xC5, 0x10, 0xC5, 0x10, 0xC5, 0x10, 0xC5, 0x10, 0xC5, 0x10, 0xC5, 0x10, 0xC5, 0x10, 0xC5, 0x10,
    0xC5, 0x10, 0xC5, 0x10, 0xC5, 0x10, 0xC5, 0x10, 0xC5, 0x10, 0xC5, 0x10, 0xC5, 0x10, 0xC5, 0x10,
    0xC5, 0x10, 0xC5, 0x10, 0xC5, 0x10, 0xC5, 0x10, 0xC5, 0x10, 0xC5, 0x10, 0xC5, 0x10, 0xC5, 0x10,
    0xC5, 0x10, 0xC5, 0x10, 0xC5, 0x10, 0xC5, 0x10, 0xC5, 0x10, 0xC5, 0x10, 0xC5, 0x10, 0xC5, 0x10,
    0xC5, 0x10, 0xC5, 0x10, 0xC5, 0x10, 0xC5, 0x10, 0xC5, 0x10, 0xC5, 0x10, 0xC5, 0x10, 0xC5, 0x10,
    0xC5, 0x10, 0xC5, 0x10, 0xC5, 0x10, 0xC5, 0x10, 0xC5, 0x10, 0xC5, 0x10, 0xC5, 0x10, 0xC5, 0x10,
    0xC5, 0x10, 0xE5, 0x10, 0xE5, 0x10, 0xE5, 0x10, 0xE5, 0x10, 0xE5, 0x10, 0xE5, 0x10, 0xE6, 0x10,
    0xE6, 0x10, 0xE6, 0x10, 0xE6, 0x10, 0xE6, 0x10, 0xE6, 0x10, 0xE6, 0x10, 0xE6, 0x10, 0xE6, 0x10,
    0xE6, 0x10, 0xE6, 0x10, 0xE6, 0x10, 0xE6, 0x10, 0xE6, 0x10, 0xE6, 0x10, 0xE6, 0x10, 0xE6, 0x10,
    0xE6, 0x10, 0xE6, 0x10, 0xE6, 0x10, 0xE6, 0x10, 0xE6, 0x10, 0xE6, 0x10, 0xE6, 0x10, 0xE6, 0x10,
    0xE6, 0x10, 0xE6, 0x10, 0xE6, 0x10, 0xE6, 0x10, 0xE6, 0x10, 0xE6, 0x10, 0xE6, 0x10, 0xE6, 0x10,
    0xE6, 0x10, 0xE6, 0x10, 0xE5, 0x10, 0xE5, 0x10, 0xE5, 0x10, 0xE5, 0x10, 0xE5, 0x10, 0xE5, 0x10,
    0xC5, 0x10, 0xC5, 0x10, 0xC5, 0x10, 0xC5, 0x10, 0xC5, 0x10, 0xC5, 0x10, 0xC5, 0x10, 0xC5, 0x10,
    0xC5, 0x10, 0xC5, 0x10, 0xC5, 0x10, 0xC5, 0x10, 0xC5, 0x10, 0xC5, 0x10, 0xC5, 0x10, 0xC5, 0x10,
    0xC5, 0x10, 0xC5, 0x10, 0xC5, 0x10, 0xC5, 0x10, 0xC5, 0x10, 0xC5, 0x10, 0xC5, 0x10, 0xC5, 0x10,
    0xC5, 0x10, 0xC5, 0x10, 0xC5, 0x10, 0xC5, 0x10, 0xC5, 0x10, 0xC5, 0x10, 0xC5, 0x10, 0xC5, 0x10,
    0xC5, 0x10, 0xC5, 0x10, 0xC5, 0x10, 0xC5, 0x10, 0xC5, 0x10, 0xC5, 0x10, 0xC5, 0x10, 0xC5, 0x10,
    0xC5, 0x10, 0xC5, 0x10, 0xC5, 0x10, 0xC5, 0x10, 0xC5, 0x10, 0xC5, 0x10, 0xC5, 0x10, 0xC5, 0x10,
    0xC5, 0x10, 0xC5, 0x10, 0xC5, 0x10, 0xC5, 0x10, 0xC5, 0x10, 0xC5, 0x10, 0xC5, 0x10, 0xC5, 0x10,
    0xC5, 0x10, 0xC5, 0x08, 0xC5, 0x08, 0xC5, 0x08, 0xC5, 0x08, 0xC5, 0x08, 0xC5, 0x08, 0xA5, 0x08,
    0xA5, 0x08, 0xA5, 0x08, 0xA5, 0x08, 0xA5, 0x08, 0xA5, 0x08, 0xA5, 0x08, 0xA5, 0x08, 0xA5, 0x08,
    0xA5, 0x08, 0xA5, 0x08, 0xA5, 0x08, 0xA5, 0x08, 0xA5, 0x08, 0xA5, 0x08, 0xA4, 0x08, 0xA4, 0x08,
    0xA4, 0x08, 0xA4, 0x08, 0xA4, 0x08, 0xA4, 0x08, 0xA4, 0x08, 0xA4, 0x08, 0xA4, 0x08, 0xA4, 0x08,
    0xA4, 0x08, 0xA4, 0x08, 0xA4, 0x08, 0xA4, 0x08, 0xA4, 0x08, 0xA4, 0x08, 0xA4, 0x08, 0xA4, 0x08,
    0xA4, 0x08, 0xA4, 0x08, 0xA4, 0x08, 0xA4, 0x08, 0xA4, 0x08, 0xA4, 0x08, 0xA4, 0x08, 0xA4, 0x08,
    0xA4, 0x08, 0xA4, 0x08, 0xA4, 0x08, 0xA4, 0x08, 0xA4, 0x08, 0xA4, 0x08, 0xA4, 0x08, 0xA4, 0x08,
    0xA4, 0x08, 0xA5, 0x08, 0xA5, 0x08, 0xA5, 0x08, 0xA5, 0x08, 0xA5, 0x08, 0xA5, 0x08, 0xA5, 0x08,
    0xA5, 0x08, 0xA5, 0x08, 0xA5, 0x08, 0xA5, 0x08, 0xA5, 0x08, 0xA5, 0x08, 0xA5, 0x08, 0xA5, 0x08,
    0xC5, 0x08, 0xC5, 0x08, 0xC5, 0x08, 0xC5, 0x08, 0xC5, 0x08, 0xC5, 0x08, 0xC5, 0x10, 0xC5, 0x10,
    0xC5, 0x10, 0xC5, 0x10, 0xC5, 0x10, 0xC5, 0x10, 0xC5, 0x10, 0xC5, 0x10, 0xC5, 0x10, 0xC5, 0x10,
    0xC5, 0x10, 0xC5, 0x10, 0xC5, 0x10, 0xC5, 0x10, 0xC5, 0x10, 0xC5, 0x10, 0xC5, 0x10, 0xC5, 0x10,
    0xC5, 0x10, 0xC5, 0x10, 0xC5, 0x10, 0xC5, 0x10, 0xC5, 0x10, 0xC5, 0x10, 0xC5, 0x10, 0xC5, 0x10,
    0xC5, 0x10, 0xC5, 0x10, 0xC5, 0x10, 0xC5, 0x10, 0xC5, 0x10, 0xC5, 0x10, 0xC5, 0x10, 0xC5, 0x10,
    0xC5, 0x10, 0xC5, 0x10, 0xC5, 0x10, 0xC5, 0x10, 0xC5, 0x10, 0xC5, 0x10, 0xC5, 0x10, 0xC5, 0x10,
    0xC5, 0x10, 0xC5, 0x10, 0xC5, 0x10, 0xC5, 0x10, 0xC5, 0x10, 0xC5, 0x10, 0xC5, 0x10, 0xC5, 0x10,
    0xC5, 0x10, 0xC5, 0x10, 0xC5, 0x10, 0xE5, 0x10, 0xE5, 0x10, 0xE5, 0x10, 0xE5, 0x10, 0xE6, 0x10,
    0xE6, 0x10, 0xE6, 0x10, 0xE6, 0x10, 0xE6, 0x10, 0xE6, 0x10, 0xE6, 0x10, 0xE6, 0x10, 0xE6, 0x10,
    0xE6, 0x10, 0xE6, 0x10, 0xE6, 0x10, 0xE6, 0x10, 0xE6, 0x10, 0xE6, 0x10, 0xE6, 0x10, 0xE6, 0x10,
    0xE6, 0x10, 0xE6, 0x10, 0xE6, 0x10, 0xE6, 0x10, 0xE6, 0x10, 0xE6, 0x10, 0xE6, 0x10, 0xE6, 0x10,
    0xE6, 0x10, 0xE6, 0x10, 0xE6, 0x10, 0xE6, 0x10, 0xE6, 0x10, 0xE6, 0x10, 0xE6, 0x10, 0xE6, 0x10,
    0xE6, 0x10, 0xE6, 0x10, 0xE6, 0x10, 0xE6, 0x10, 0xE6, 0x10, 0xE6, 0x10, 0xE6, 0x10, 0xE6, 0x10,
    0xE6, 0x10, 0xE6, 0x10, 0xE6, 0x10, 0xE6, 0x10, 0xE6, 0x10, 0xE6, 0x10, 0xE6, 0x10, 0xE6, 0x10,
    0xE6, 0x10, 0xE6, 0x10, 0xE5, 0x10, 0xE5, 0x10, 0xE5, 0x10, 0xE5, 0x10, 0xC5, 0x10, 0xC5, 0x10,
    0xC5, 0x10, 0xC5, 0x10, 0xC5, 0x10, 0xC5, 0x10, 0xC5, 0x10, 0xC5, 0x10, 0xC5, 0x10, 0xC5, 0x10,
    0xC5, 0x10, 0xC5, 0x10, 0xC5, 0x10, 0xC5, 0x10, 0xC5, 0x10, 0xC5, 0x10, 0xC5, 0x10, 0xC5, 0x10,
    0xC5, 0x10, 0xC5, 0x10, 0xC5, 0x10, 0xC5, 0x10, 0xC5, 0x10, 0xC5, 0x10, 0xC5, 0x10, 0xC5, 0x10,
    0xC5, 0x10, 0xC5, 0x10, 0xC5, 0x10, 0xC5, 0x10, 0xC5, 0x10, 0xC5, 0x10, 0xC5, 0x10, 0xC5, 0x10,
    0xC5, 0x10, 0xC5, 0x10, 0xC5, 0x10, 0xC5, 0x10, 0xC5, 0x10, 0xC5, 0x10, 0xC5, 0x10, 0xC5, 0x10,
    0xC5, 0x10, 0xC5, 0x10, 0xC5, 0x10, 0xC5, 0x10, 0xC5, 0x10, 0xC5, 0x10, 0xC5, 0x10, 0xC5, 0x10,
    0xC5, 0x10, 0xC5, 0x10, 0xC5, 0x10, 0xC5, 0x08, 0xC5, 0x08, 0xC5, 0x08, 0xC5, 0x08, 0xC5, 0x08,
    0xC5, 0x08, 0xA5, 0x08, 0xA5, 0x08, 0xA5, 0x08, 0xA5, 0x08, 0xA5, 0x08, 0xA5, 0x08, 0xA5, 0x08,
    0xA5, 0x08, 0xA5, 0x08, 0xA5, 0x08, 0xA5, 0x08, 0xA5, 0x08, 0xA5, 0x08, 0xA5, 0x08, 0xA5, 0x08,
    0xA4, 0x08, 0xA4, 0x08, 0xA4, 0x08, 0xA4, 0x08, 0xA4, 0x08, 0xA4, 0x08, 0xA4, 0x08, 0xA4, 0x08,
    0xA4, 0x08, 0xA4, 0x08, 0xA4, 0x08, 0xA4, 0x08, 0xA4, 0x08, 0xA4, 0x08, 0xA4, 0x08, 0xA4, 0x08,
    0xA5, 0x08, 0xA5, 0x08, 0xA5, 0x08, 0xA5, 0x08, 0xA5, 0x08, 0xA5, 0x08, 0xA5, 0x08, 0xA5, 0x08,
    0xA5, 0x08, 0xA5, 0x08, 0xA5, 0x08, 0xA5, 0x08, 0xA5, 0x08, 0xC5, 0x08, 0xC5, 0x08, 0xC5, 0x08,
    0xC5, 0x08, 0xC5, 0x08, 0xC5, 0x08, 0xC5, 0x08, 0xC5, 0x08, 0xC5, 0x08, 0xC5, 0x08, 0xC5, 0x10,
    0xC5, 0x10, 0xC5, 0x10, 0xC5, 0x10, 0xC5, 0x10, 0xC5, 0x10, 0xC5, 0x10, 0xC5, 0x10, 0xC5, 0x10,
    0xC5, 0x10, 0xC5, 0x10, 0xC5, 0x10, 0xC5, 0x10, 0xC5, 0x10, 0xC5, 0x10, 0xC5, 0x10, 0xC5, 0x10,
    0xC5, 0x10, 0xC5, 0x10, 0xC5, 0x10, 0xC5, 0x10, 0xC5, 0x10, 0xC5, 0x10, 0xC5, 0x10, 0xC5, 0x10,
    0xC5, 0x10, 0xC5, 0x10, 0xC5, 0x10, 0xC5, 0x10, 0xC5, 0x10, 0xC6, 0x10, 0xC6, 0x10, 0xC6, 0x10,
    0xE6, 0x10, 0xE6, 0x10, 0xE6, 0x10, 0xE6, 0x10, 0xE6, 0x10, 0xE6, 0x10, 0xE6, 0x10, 0xE6, 0x10,
    0xE6, 0x10, 0xE6, 0x10, 0xE6, 0x10, 0xE6, 0x10, 0xE6, 0x10, 0xE6, 0x10, 0xE6, 0x10, 0xE6, 0x10,
    0xE6, 0x10, 0xE6, 0x10, 0xE6, 0x10, 0xE6, 0x10, 0xE6, 0x10, 0xE6, 0x10, 0xE6, 0x10, 0xE6, 0x10,
    0xE6, 0x10, 0xE6, 0x10, 0xE6, 0x10, 0xE6, 0x10, 0xE6, 0x10, 0xE6, 0x10, 0xE6, 0x10, 0xE6, 0x10,
    0xE6, 0x10, 0xE6, 0x10, 0xE6, 0x10, 0xE6, 0x10, 0xE6, 0x10, 0xE6, 0x10, 0xE6, 0x10, 0xE6, 0x10,
    0xE6, 0x10, 0xE6, 0x10, 0xE6, 0x10, 0xE6, 0x10, 0xE6, 0x10, 0xE6, 0x10, 0xE6, 0x10, 0xE6, 0x10,
    0xE6, 0x10, 0xE6, 0x10, 0xE6, 0x10, 0xE6, 0x10, 0xE6, 0x10, 0xE6, 0x10, 0xE6, 0x10, 0xE6, 0x10,
    0xE6, 0x10, 0xE6, 0x10, 0xE6, 0x10, 0xE6, 0x10, 0xE6, 0x10, 0xE6, 0x10, 0xE6, 0x10, 0xE6, 0x10,
    0xE6, 0x10, 0xE6, 0x10, 0xE6, 0x10, 0xE6, 0x10, 0xE6, 0x10, 0xE6, 0x10, 0xE6, 0x10, 0xE6, 0x10,
    0xE6, 0x10, 0xE6, 0x10, 0xE6, 0x10, 0xE6, 0x10, 0xE6, 0x10, 0xE6, 0x10, 0xE6, 0x10, 0xE6, 0x10,
    0xE6, 0x10, 0xE6, 0x10, 0xE6, 0x10, 0xE6, 0x10, 0xE6, 0x10, 0xE6, 0x10, 0xE6, 0x10, 0xE6, 0x10,
    0xE6, 0x10, 0xE6, 0x10, 0xE6, 0x10, 0xE6, 0x10, 0xE6, 0x10, 0xE6, 0x10, 0xE6, 0x10, 0xE6, 0x10,
    0xE6, 0x10, 0xE6, 0x10, 0xE6, 0x10, 0xE6, 0x10, 0xE6, 0x10, 0xE6, 0x10, 0xE6, 0x10, 0xE6, 0x10,
    0xE6, 0x10, 0xE6, 0x10, 0xE6, 0x10, 0xE6, 0x10, 0xE6, 0x10, 0xE6, 0x10, 0xE6, 0x10, 0xE6, 0x10,
    0xE6, 0x10, 0xE6, 0x10, 0xE6, 0x10, 0xE6, 0x10, 0xE6, 0x10, 0xE6, 0x10, 0xE6, 0x10, 0xE6, 0x10,
    0xE6, 0x10, 0xE6, 0x10, 0xE6, 0x10, 0xE6, 0x10, 0xE6, 0x10, 0xE6, 0x10, 0xE6, 0x10, 0xE6, 0x10,
    0xE6, 0x10, 0xC6, 0x10, 0xC6, 0x10, 0xC6, 0x10, 0xC5, 0x10, 0xC5, 0x10, 0xC5, 0x10, 0xC5, 0x10,
    0xC5, 0x10, 0xC5, 0x10, 0xC5, 0x10, 0xC5, 0x10, 0xC5, 0x10, 0xC5, 0x10, 0xC5, 0x10, 0xC5, 0x10,
    0xC5, 0x10, 0xC5, 0x10, 0xC5, 0x10, 0xC5, 0x10, 0xC5, 0x10, 0xC5, 0x10, 0xC5, 0x10, 0xC5, 0x10,
    0xC5, 0x10, 0xC5, 0x10, 0xC5, 0x10, 0xC5, 0x10, 0xC5, 0x10, 0xC5, 0x10, 0xC5, 0x10, 0xC5, 0x10,
    0xC5, 0x10, 0xC5, 0x10, 0xC5, 0x08, 0xC5, 0x08, 0xC5, 0x08, 0xC5, 0x08, 0xC5, 0x08, 0xC5, 0x08,
    0xC5, 0x08, 0xC5, 0x08, 0xC5, 0x08, 0xC5, 0x08, 0xA5, 0x08, 0xA5, 0x08, 0xA5, 0x08, 0xA5, 0x08,
    0xA5, 0x08, 0xA5, 0x08, 0xA5, 0x08, 0xA5, 0x08, 0xA5, 0x08, 0xA5, 0x08, 0xA5, 0x08, 0xA5, 0x08,
    0xA4, 0x08, 0xA4, 0x08, 0xA4, 0x08, 0xA4, 0x08, 0xA4, 0x08, 0xA4, 0x08, 0xA4, 0x08, 0xA4, 0x08,
    0xA4, 0x08, 0xA4, 0x08, 0xA4, 0x08, 0xA4, 0x08, 0xA4, 0x08, 0xA5, 0x08, 0xA5, 0x08, 0xA5, 0x08,
    0xA5, 0x08, 0xA5, 0x08, 0xA5, 0x08, 0xA5, 0x08, 0xA5, 0x08, 0xA5, 0x08, 0xA5, 0x08, 0xA5, 0x08,
    0xA5, 0x08, 0xA5, 0x08, 0xA5, 0x08, 0xA5, 0x08, 0xC5, 0x08, 0xC5, 0x08, 0xC5, 0x08, 0xC5, 0x08,
    0xC5, 0x08, 0xC5, 0x08, 0xC5, 0x08, 0xC5, 0x08, 0xC5, 0x10, 0xC5, 0x10, 0xC5, 0x10, 0xC5, 0x10,
    0xC5, 0x10, 0xC5, 0x10, 0xC5, 0x10, 0xC5, 0x10, 0xC5, 0x10, 0xC5, 0x10, 0xC5, 0x10, 0xC5, 0x10,
    0xC5, 0x10, 0xC5, 0x10, 0xC5, 0x10, 0xC5, 0x10, 0xC5, 0x10, 0xC5, 0x10, 0xC5, 0x10, 0xC5, 0x10,
    0xC5, 0x10, 0xC5, 0x10, 0xC5, 0x10, 0xC5, 0x10, 0xC5, 0x10, 0xC5, 0x10, 0xC5, 0x10, 0xC5, 0x10,
    0xC5, 0x10, 0xC5, 0x10, 0xC5, 0x10, 0xC5, 0x10, 0xC5, 0x10, 0xC5, 0x10, 0xC5, 0x10, 0xC5, 0x10,
    0xC5, 0x10, 0xC5, 0x10, 0xC5, 0x10, 0xC5, 0x10, 0xC5, 0x10, 0xC5, 0x10, 0xC5, 0x10, 0xC5, 0x10,
    0xC5, 0x10, 0xC5, 0x10, 0xC5, 0x10, 0xE5, 0x10, 0xE5, 0x10, 0xE6, 0x10, 0xE6, 0x10, 0xE6, 0x10,
    0xE6, 0x10, 0xE6, 0x10, 0xE6, 0x10, 0xE6, 0x10, 0xE6, 0x10, 0xE6, 0x10, 0xE6, 0x10, 0xE6, 0x10,
    0xE6, 0x10, 0xE6, 0x10, 0xE6, 0x10, 0xE6, 0x10, 0xE6, 0x10, 0xE6, 0x10, 0xE6, 0x10, 0xE6, 0x10,
    0xE6, 0x10, 0xE6, 0x10, 0xE6, 0x10, 0xE6, 0x10, 0xE6, 0x10, 0xE6, 0x10, 0xE6, 0x10, 0xE6, 0x10,
    0xE6, 0x10, 0xE6, 0x10, 0xE6, 0x10, 0xE6, 0x10, 0xE6, 0x10, 0xE6, 0x10, 0xE6, 0x10, 0xE6, 0x10,
    0xE6, 0x10, 0xE6, 0x10, 0xE6, 0x10, 0xE6, 0x10, 0xE6, 0x10, 0xE6, 0x10, 0xE6, 0x10, 0xE6, 0x10,
    0xE6, 0x10, 0xE6, 0x10, 0xE6, 0x10, 0xE6, 0x10, 0xE6, 0x10, 0xE6, 0x10, 0xE6, 0x10, 0xE6, 0x10,
    0xE6, 0x10, 0xE6, 0x10, 0xE6, 0x10, 0xE6, 0x10, 0xE6, 0x10, 0xE6, 0x10, 0xE6, 0x10, 0xE6, 0x10,
    0xE6, 0x10, 0xE6, 0x10, 0xE6, 0x10, 0xE6, 0x10, 0xE6, 0x10, 0xE6, 0x10, 0xE6, 0x10, 0xE6, 0x10,
    0xE6, 0x10, 0xE6, 0x10, 0xE6, 0x10, 0xE6, 0x10, 0xE5, 0x10, 0xE5, 0x10, 0xC5, 0x10, 0xC5, 0x10,
    0xC5, 0x10, 0xC5, 0x10, 0xC5, 0x10, 0xC5, 0x10, 0xC5, 0x10, 0xC5, 0x10, 0xC5, 0x10, 0xC5, 0x10,
    0xC5, 0x10, 0xC5, 0x10, 0xC5, 0x10, 0xC5, 0x10, 0xC5, 0x10, 0xC5, 0x10, 0xC5, 0x10, 0xC5, 0x10,
    0xC5, 0x10, 0xC5, 0x10, 0xC5, 0x10, 0xC5, 0x10, 0xC5, 0x10, 0xC5, 0x10, 0xC5, 0x10, 0xC5, 0x10,
    0xC5, 0x10, 0xC5, 0x10, 0xC5, 0x10, 0xC5, 0x10, 0xC5, 0x10, 0xC5, 0x10, 0xC5, 0x10, 0xC5, 0x10,
    0xC5, 0x10, 0xC5, 0x10, 0xC5, 0x10, 0xC5, 0x10, 0xC5, 0x10, 0xC5, 0x10, 0xC5, 0x10, 0xC5, 0x10,
    0xC5, 0x10, 0xC5, 0x10, 0xC5, 0x10, 0xC5, 0x10, 0xC5, 0x10, 0xC5, 0x08, 0xC5, 0x08, 0xC5, 0x08,
    0xC5, 0x08, 0xC5, 0x08, 0xC5, 0x08, 0xC5, 0x08, 0xC5, 0x08, 0xA5, 0x08, 0xA5, 0x08, 0xA5, 0x08,
    0xA5, 0x08, 0xA5, 0x08, 0xA5, 0x08, 0xA5, 0x08, 0xA5, 0x08, 0xA5, 0x08, 0xA5, 0x08, 0xA5, 0x08,
    0xA5, 0x08, 0xA5, 0x08, 0xA5, 0x08, 0xA5, 0x08, 0xA4, 0x08, 0xA4, 0x08, 0xA4, 0x08, 0xA4, 0x08,
    0xA4, 0x08, 0xA4, 0x08, 0xA4, 0x08, 0xA4, 0x08, 0xA4, 0x08, 0xA4, 0x08, 0xA4, 0x08, 0xA4, 0x08,
    0xA4, 0x08, 0xA4, 0x08, 0xA4, 0x08, 0xA4, 0x08, 0xA4, 0x08, 0xA4, 0x08, 0xA4, 0x08, 0xA4, 0x08,
    0xA4, 0x08, 0xA4, 0x08, 0xA4, 0x08, 0xA4, 0x08, 0xA5, 0x08, 0xA5, 0x08, 0xA5, 0x08, 0xA5, 0x08,
    0xA5, 0x08, 0xA5, 0x08, 0xA5, 0x08, 0xA5, 0x08, 0xA5, 0x08, 0xA5, 0x08, 0xA5, 0x08, 0xA5, 0x08,
    0xA5, 0x08, 0xA5, 0x08, 0xC5, 0x08, 0xC5, 0x08, 0xC5, 0x08, 0xC5, 0x08, 0xC5, 0x08, 0xC5, 0x08,
    0xC5, 0x08, 0xC5, 0x08, 0xC5, 0x10, 0xC5, 0x10, 0xC5, 0x10, 0xC5, 0x10, 0xC5, 0x10, 0xC5, 0x10,
    0xC5, 0x10, 0xC5, 0x10, 0xC5, 0x10, 0xC5, 0x10, 0xC5, 0x10, 0xC5, 0x10, 0xC5, 0x10, 0xC5, 0x10,
    0xC5, 0x10, 0xC5, 0x10, 0xC5, 0x10, 0xC5, 0x10, 0xC5, 0x10, 0xC5, 0x10, 0xC5, 0x10, 0xC5, 0x10,
    0xC5, 0x10, 0xC5, 0x10, 0xC5, 0x10, 0xC5, 0x10, 0xC5, 0x10, 0xC5, 0x10, 0xC5, 0x10, 0xC5, 0x10,
    0xC5, 0x10, 0xC5, 0x10, 0xC5, 0x10, 0xC5, 0x10, 0xC5, 0x10, 0xC5, 0x10, 0xC5, 0x10, 0xC5, 0x10,
    0xC5, 0x10, 0xC5, 0x10, 0xC5, 0x10, 0xC5, 0x10, 0xC5, 0x10, 0xC5, 0x10, 0xC5, 0x10, 0xE5, 0x10,
    0xE6, 0x10, 0xE6, 0x10, 0xE6, 0x10, 0xE6, 0x10, 0xE6, 0x10, 0xE6, 0x10, 0xE6, 0x10, 0xE6, 0x10,
    0xE6, 0x10, 0xE6, 0x10, 0xE6, 0x10, 0xE6, 0x10, 0xE6, 0x10, 0xE6, 0x10, 0xE6, 0x10, 0xE6, 0x10,
    0xE6, 0x10, 0xE6, 0x10, 0xE6, 0x10, 0xE6, 0x10, 0xE6, 0x10, 0xE6, 0x10, 0xE6, 0x10, 0xE6, 0x10,
    0xE6, 0x10, 0xE6, 0x10, 0xE6, 0x10, 0xE6, 0x10, 0xE6, 0x10, 0xE6, 0x10, 0xE6, 0x10, 0xE6, 0x10,
    0xE6, 0x10, 0xE6, 0x10, 0xE6, 0x10, 0xE6, 0x10, 0xE6, 0x10, 0xE6, 0x10, 0xE6, 0x10, 0xE6, 0x10,
    0xE6, 0x10, 0xE6, 0x10, 0xE6, 0x10, 0xE6, 0x10, 0xE6, 0x10, 0xE6, 0x10, 0xE6, 0x10, 0xE6, 0x10,
    0xE6, 0x10, 0xE6, 0x10, 0xE6, 0x10, 0xE6, 0x10, 0xE6, 0x10, 0xE6, 0x10, 0xE6, 0x10, 0xE6, 0x10,
    0xE6, 0x10, 0xE6, 0x10, 0xE6, 0x10, 0xE6, 0x10, 0xE6, 0x10, 0xE6, 0x10, 0xE6, 0x10, 0xE6, 0x10,
    0xE6, 0x10, 0xE6, 0x10, 0xE6, 0x10, 0xE6, 0x10, 0xE6, 0x10, 0xE6, 0x10, 0xE6, 0x10, 0xE6, 0x10,
    0xE6, 0x10, 0xE6, 0x10, 0xE6, 0x10, 0xE6, 0x10, 0xE6, 0x10, 0xE6, 0x10, 0xE6, 0x10, 0xE6, 0x10,
    0xE6, 0x10, 0xE5, 0x10, 0xC5, 0x10, 0xC5, 0x10, 0xC5, 0x10, 0xC5, 0x10, 0xC5, 0x10, 0xC5, 0x10,
    0xC5, 0x10, 0xC5, 0x10, 0xC5, 0x10, 0xC5, 0x10, 0xC5, 0x10, 0xC5, 0x10, 0xC5, 0x10, 0xC5, 0x10,
    0xC5, 0x10, 0xC5, 0x10, 0xC5, 0x10, 0xC5, 0x10, 0xC5, 0x10, 0xC5, 0x10, 0xC5, 0x10, 0xC5, 0x10,
    0xC5, 0x10, 0xC5, 0x10, 0xC5, 0x10, 0xC5, 0x10, 0xC5, 0x10, 0xC5, 0x10, 0xC5, 0x10, 0xC5, 0x10,
    0xC5, 0x10, 0xC5, 0x10, 0xC5, 0x10, 0xC5, 0x10, 0xC5, 0x10, 0xC5, 0x10, 0xC5, 0x10, 0xC5, 0x10,
    0xC5, 0x10, 0xC5, 0x10, 0xC5, 0x10, 0xC5, 0x10, 0xC5, 0x10, 0xC5, 0x10, 0xC5, 0x10, 0xC5, 0x08,
    0xC5, 0x08, 0xC5, 0x08, 0xC5, 0x08, 0xC5, 0x08, 0xC5, 0x08, 0xC5, 0x08, 0xC5, 0x08, 0xA5, 0x08,
    0xA5, 0x08, 0xA5, 0x08, 0xA5, 0x08, 0xA5, 0x08, 0xA5, 0x08, 0xA5, 0x08, 0xA5, 0x08, 0xA5, 0x08,
    0xA5, 0x08, 0xA5, 0x08, 0xA5, 0x08, 0xA5, 0x08, 0xA5, 0x08, 0xA4, 0x08, 0xA4, 0x08, 0xA4, 0x08,
    0xA4, 0x08, 0xA4, 0x08, 0xA4, 0x08, 0xA4, 0x08, 0xA4, 0x08, 0xA4, 0x08, 0xA4, 0x08, 0xA4, 0x08,
    0xA5, 0x08, 0xA5, 0x08, 0xA5, 0x08, 0xA5, 0x08, 0xA5, 0x08, 0xA5, 0x08, 0xA5, 0x08, 0xA5, 0x08,
    0xC5, 0x08, 0xC5, 0x08, 0xC5, 0x08, 0xC5, 0x08, 0xC5, 0x08, 0xC5, 0x08, 0xC5, 0x08, 0xC5, 0x08,
    0xC5, 0x08, 0xC5, 0x08, 0xC5, 0x08, 0xC5, 0x10, 0xC5, 0x10, 0xC5, 0x10, 0xC5, 0x10, 0xC5, 0x10,
    0xC5, 0x10, 0xC5, 0x10, 0xC5, 0x10, 0xC5, 0x10, 0xC5, 0x10, 0xC5, 0x10, 0xC5, 0x10, 0xC5, 0x10,
    0xC5, 0x10, 0xC5, 0x10, 0xC5, 0x10, 0xC5, 0x10, 0xC5, 0x10, 0xC5, 0x10, 0xC5, 0x10, 0xC5, 0x10,
    0xC5, 0x10, 0xC5, 0x10, 0xC5, 0x10, 0xC5, 0x10, 0xC5, 0x10, 0xC5, 0x10, 0xC6, 0x10, 0xC6, 0x10,
    0xC6, 0x10, 0xE6, 0x10, 0xE6, 0x10, 0xE6, 0x10, 0xE6, 0x10, 0xE6, 0x10, 0xE6, 0x10, 0xE6, 0x10,
    0xE6, 0x10, 0xE6, 0x10, 0xE6, 0x10, 0xE6, 0x10, 0xE6, 0x10, 0xE6, 0x10, 0xE6, 0x10, 0xE6, 0x10,
    0xE6, 0x10, 0xE6, 0x10, 0xE6, 0x10, 0xE6, 0x10, 0xE6, 0x10, 0xE6, 0x10, 0xE6, 0x10, 0xE6, 0x10,
    0xE6, 0x10, 0xE6, 0x10, 0xE6, 0x10, 0xE6, 0x10, 0xE6, 0x10, 0xE6, 0x10, 0xE6, 0x10, 0xE6, 0x10,
    0xE6, 0x10, 0xE6, 0x10, 0xE6, 0x10, 0xE6, 0x10, 0xE6, 0x10, 0xE6, 0x10, 0xE6, 0x10, 0xE6, 0x10,
    0xE6, 0x10, 0xE6, 0x10, 0xE6, 0x10, 0xE6, 0x10, 0xE6, 0x10, 0xE6, 0x10, 0xE6, 0x10, 0xE6, 0x10,
    0xE6, 0x10, 0xE6, 0x10, 0xE6, 0x10, 0xE6, 0x10, 0xE6, 0x10, 0xE6, 0x10, 0xE6, 0x10, 0xE6, 0x10,
    0xE6, 0x10, 0xE6, 0x10, 0xE6, 0x10, 0xE6, 0x10, 0xE6, 0x10, 0xE6, 0x10, 0xE6, 0x10, 0xE6, 0x10,
    0xE6, 0x10, 0xE6, 0x10, 0xE6, 0x10, 0xE6, 0x10, 0xE6, 0x10, 0xE6, 0x10, 0xE6, 0x10, 0xE6, 0x10,
    0xE6, 0x10, 0xE6, 0x10, 0xE6, 0x10, 0xE6, 0x10, 0xE6, 0x10, 0xE6, 0x10, 0xE6, 0x10, 0xE6, 0x10,
    0xE6, 0x10, 0xE6, 0x10, 0xE6, 0x10, 0xE6, 0x10, 0xE6, 0x10, 0xE6, 0x10, 0xE6, 0x10, 0xE6, 0x10,
    0xE6, 0x10, 0xE6, 0x10, 0xE6, 0x10, 0xE6, 0x10, 0xE6, 0x10, 0xE6, 0x10, 0xE6, 0x10, 0xE6, 0x10,
    0xE6, 0x10, 0xE6, 0x10, 0xE6, 0x10, 0xE6, 0x10, 0xE6, 0x10, 0xE6, 0x10, 0xE6, 0x10, 0xE6, 0x10,
    0xE6, 0x10, 0xE6, 0x10, 0xE6, 0x10, 0xE6, 0x10, 0xE6, 0x10, 0xE6, 0x10, 0xE6, 0x10, 0xE6, 0x10,
    0xE6, 0x10, 0xE6, 0x10, 0xE6, 0x10, 0xE6, 0x10, 0xE6, 0x10, 0xE6, 0x10, 0xE6, 0x10, 0xE6, 0x10,
    0xE6, 0x10, 0xE6, 0x10, 0xE6, 0x10, 0xE6, 0x10, 0xE6, 0x10, 0xE6, 0x10, 0xE6, 0x10, 0xE6, 0x10,
    0xE6, 0x10, 0xE6, 0x10, 0xE6, 0x10, 0xE6, 0x10, 0xE6, 0x10, 0xE6, 0x10, 0xE6, 0x10, 0xE6, 0x10,
    0xE6, 0x10, 0xE6, 0x10, 0xE6, 0x10, 0xE6, 0x10, 0xE6, 0x10, 0xE6, 0x10, 0xE6, 0x10, 0xE6, 0x10,
    0xC6, 0x10, 0xC6, 0x10, 0xC6, 0x10, 0xC5, 0x10, 0xC5, 0x10, 0xC5, 0x10, 0xC5, 0x10, 0xC5, 0x10,
    0xC5, 0x10, 0xC5, 0x10, 0xC5, 0x10, 0xC5, 0x10, 0xC5, 0x10, 0xC5, 0x10, 0xC5, 0x10, 0xC5, 0x10,
    0xC5, 0x10, 0xC5, 0x10, 0xC5, 0x10, 0xC5, 0x10, 0xC5, 0x10, 0xC5, 0x10, 0xC5, 0x10, 0xC5, 0x10,
    0xC5, 0x10, 0xC5, 0x10, 0xC5, 0x10, 0xC5, 0x10, 0xC5, 0x10, 0xC5, 0x10, 0xC5, 0x08, 0xC5, 0x08,
    0xC5, 0x08, 0xC5, 0x08, 0xC5, 0x08, 0xC5, 0x08, 0xC5, 0x08, 0xC5, 0x08, 0xC5, 0x08, 0xC5, 0x08,
    0xC5, 0x08, 0xA5, 0x08, 0xA5, 0x08, 0xA5, 0x08, 0xA5, 0x08, 0xA5, 0x08, 0xA5, 0x08, 0xA5, 0x08,
    0xA4, 0x08, 0xA4, 0x08, 0xA4, 0x08, 0xA4, 0x08, 0xA4, 0x08, 0xA4, 0x08, 0xA4, 0x08, 0xA4, 0x08,
    0xA5, 0x08, 0xA5, 0x08, 0xA5, 0x08, 0xA5, 0x08, 0xA5, 0x08, 0xA5, 0x08, 0xA5, 0x08, 0xA5, 0x08,
    0xA5, 0x08, 0xA5, 0x08, 0xA5, 0x08, 0xA5, 0x08, 0xA5, 0x08, 0xA5, 0x08, 0xA5, 0x08, 0xC5, 0x08,
    0xC5, 0x08, 0xC5, 0x08, 0xC5, 0x08, 0xC5, 0x08, 0xC5, 0x08, 0xC5, 0x08, 0xC5, 0x08, 0xC5, 0x08,
    0xC5, 0x10, 0xC5, 0x10, 0xC5, 0x10, 0xC5, 0x10, 0xC5, 0x10, 0xC5, 0x10, 0xC5, 0x10, 0xC5, 0x10,
    0xC5, 0x10, 0xC5, 0x10, 0xC5, 0x10, 0xC5, 0x10, 0xC5, 0x10, 0xC5, 0x10, 0xC5, 0x10, 0xC5, 0x10,
    0xC5, 0x10, 0xC5, 0x10, 0xC5, 0x10, 0xC5, 0x10, 0xC5, 0x10, 0xC5, 0x10, 0xC5, 0x10, 0xC5, 0x10,
    0xC5, 0x10, 0xC5, 0x10, 0xC5, 0x10, 0xC5, 0x10, 0xC5, 0x10, 0xC5, 0x10, 0xC5, 0x10, 0xC5, 0x10,
    0xC5, 0x10, 0xC5, 0x10, 0xC5, 0x10, 0xC5, 0x10, 0xC5, 0x10, 0xC5, 0x10, 0xC5, 0x10, 0xC5, 0x10,
    0xE5, 0x10, 0xE6, 0x10, 0xE6, 0x10, 0xE6, 0x10, 0xE6, 0x10, 0xE6, 0x10, 0xE6, 0x10, 0xE6, 0x10,
    0xE6, 0x10, 0xE6, 0x10, 0xE6, 0x10, 0xE6, 0x10, 0xE6, 0x10, 0xE6, 0x10, 0xE6, 0x10, 0xE6, 0x10,
    0xE6, 0x10, 0xE6, 0x10, 0xE6, 0x10, 0xE6, 0x10, 0xE6, 0x10, 0xE6, 0x10, 0xE6, 0x10, 0xE6, 0x10,
    0xE6, 0x10, 0xE6, 0x10, 0xE6, 0x10, 0xE6, 0x10, 0xE6, 0x10, 0xE6, 0x10, 0xE6, 0x10, 0xE6, 0x10,
    0xE6, 0x10, 0xE6, 0x10, 0xE6, 0x10, 0xE6, 0x10, 0xE6, 0x10, 0xE6, 0x10, 0xE6, 0x10, 0xE6, 0x10,
    0xE6, 0x10, 0xE6, 0x10, 0xE6, 0x10, 0xE6, 0x10, 0xE6, 0x10, 0xE6, 0x10, 0xE6, 0x10, 0xE6, 0x10,
    0xE6, 0x10, 0xE6, 0x10, 0xE6, 0x10, 0xE6, 0x10, 0xE6, 0x10, 0xE6, 0x10, 0xE6, 0x10, 0xE6, 0x10,
    0xE6, 0x10, 0xE6, 0x10, 0xE6, 0x10, 0xE6, 0x10, 0xE6, 0x10, 0xE6, 0x10, 0xE6, 0x10, 0xE6, 0x10,
    0xE6, 0x10, 0xE6, 0x10, 0xE6, 0x10, 0xE6, 0x10, 0xE6, 0x10, 0xE6, 0x10, 0xE6, 0x10, 0xE6, 0x10,
    0xE6, 0x10, 0xE6, 0x10, 0xE6, 0x10, 0xE6, 0x10, 0xE6, 0x10, 0xE6, 0x10, 0xE6, 0x10, 0xE6, 0x10,
    0xE6, 0x10, 0xE6, 0x10, 0xE6, 0x10, 0xE6, 0x10, 0xE6, 0x10, 0xE6, 0x10, 0xE6, 0x10, 0xE6, 0x10,
    0xE6, 0x10, 0xE6, 0x10, 0xE6, 0x10, 0xE6, 0x10, 0xE6, 0x10, 0xE6, 0x10, 0xE6, 0x10, 0xE6, 0x10,
    0xE5, 0x10, 0xC5, 0x10, 0xC5, 0x10, 0xC5, 0x10, 0xC5, 0x10, 0xC5, 0x10, 0xC5, 0x10, 0xC5, 0x10,
    0xC5, 0x10, 0xC5, 0x10, 0xC5, 0x10, 0xC5, 0x10, 0xC5, 0x10, 0xC5, 0x10, 0xC5, 0x10, 0xC5, 0x10,
    0xC5, 0x10, 0xC5, 0x10, 0xC5, 0x10, 0xC5, 0x10, 0xC5, 0x10, 0xC5, 0x10, 0xC5, 0x10, 0xC5, 0x10,
    0xC5, 0x10, 0xC5, 0x10, 0xC5, 0x10, 0xC5, 0x10, 0xC5, 0x10, 0xC5, 0x10, 0xC5, 0x10, 0xC5, 0x10,
    0xC5, 0x10, 0xC5, 0x10, 0xC5, 0x10, 0xC5, 0x10, 0xC5, 0x10, 0xC5, 0x10, 0xC5, 0x10, 0xC5, 0x10,
    0xC5, 0x10, 0xC5, 0x08, 0xC5, 0x08, 0xC5, 0x08, 0xC5, 0x08, 0xC5, 0x08, 0xC5, 0x08, 0xC5, 0x08,
    0xC5, 0x08, 0xC5, 0x08, 0xA5, 0x08, 0xA5, 0x08, 0xA5, 0x08, 0xA5, 0x08, 0xA5, 0x08, 0xA5, 0x08,
    0xA5, 0x08, 0xA5, 0x08, 0xA5, 0x08, 0xA5, 0x08, 0xA5, 0x08, 0xA5, 0x08, 0xA5, 0x08, 0xA5, 0x08,
    0xA5, 0x08, 0xA4, 0x08, 0xA4, 0x08, 0xA4, 0x08, 0xA4, 0x08, 0xA4, 0x08, 0xA4, 0x08, 0xA4, 0x08,
    0xA4, 0x08, 0xA4, 0x08, 0xA4, 0x08, 0xA4, 0x08, 0xA4, 0x08, 0xA4, 0x08, 0xA4, 0x08, 0xA5, 0x08,
    0xA5, 0x08, 0xA5, 0x08, 0xA5, 0x08, 0xA5, 0x08, 0xA5, 0x08, 0xA5, 0x08, 0xA5, 0x08, 0xA5, 0x08,
    0xA5, 0x08, 0xA5, 0x08, 0xA5, 0x08, 0xA5, 0x08, 0xA5, 0x08, 0xC5, 0x08, 0xC5, 0x08, 0xC5, 0x08,
    0xC5, 0x08, 0xC5, 0x08, 0xC5, 0x08, 0xC5, 0x08, 0xC5, 0x08, 0xC5, 0x08, 0xC5, 0x10, 0xC5, 0x10,
    0xC5, 0x10, 0xC5, 0x10, 0xC5, 0x10, 0xC5, 0x10, 0xC5, 0x10, 0xC5, 0x10, 0xC5, 0x10, 0xC5, 0x10,
    0xC5, 0x10, 0xC5, 0x10, 0xC5, 0x10, 0xC5, 0x10, 0xC5, 0x10, 0xC5, 0x10, 0xC5, 0x10, 0xC5, 0x10,
    0xC5, 0x10, 0xC5, 0x10, 0xC5, 0x10, 0xC5, 0x10, 0xC5, 0x10, 0xC5, 0x10, 0xC5, 0x10, 0xC5, 0x10,
    0xC5, 0x10, 0xC5, 0x10, 0xC5, 0x10, 0xC5, 0x10, 0xC5, 0x10, 0xC5, 0x10, 0xC5, 0x10, 0xC5, 0x10,
    0xC5, 0x10, 0xC5, 0x10, 0xC5, 0x10, 0xC5, 0x10, 0xC5, 0x10, 0xE5, 0x10, 0xE6, 0x10, 0xE6, 0x10,
    0xE6, 0x10, 0xE6, 0x10, 0xE6, 0x10, 0xE6, 0x10, 0xE6, 0x10, 0xE6, 0x10, 0xE6, 0x10, 0xE6, 0x10,
    0xE6, 0x10, 0xE6, 0x10, 0xE6, 0x10, 0xE6, 0x10, 0xE6, 0x10, 0xE6, 0x10, 0xE6, 0x10, 0xE6, 0x10,
    0xE6, 0x10, 0xE6, 0x10, 0xE6, 0x10, 0xE6, 0x10, 0xE6, 0x10, 0xE6, 0x10, 0xE6, 0x10, 0xE6, 0x10,
    0xE6, 0x10, 0xE6, 0x10, 0xE6, 0x10, 0xE6, 0x10, 0xE6, 0x10, 0xE6, 0x10, 0xE6, 0x10, 0xE6, 0x10,
    0xE6, 0x10, 0xE6, 0x10, 0xE6, 0x10, 0xE6, 0x10, 0xE6, 0x10, 0xE6, 0x10, 0xE6, 0x10, 0xE6, 0x10,
    0xE6, 0x10, 0xE6, 0x10, 0xE6, 0x10, 0xE6, 0x10, 0xE6, 0x10, 0xE6, 0x10, 0xE6, 0x10, 0xE6, 0x10,
    0xE6, 0x10, 0xE6, 0x10, 0xE6, 0x10, 0xE6, 0x10, 0xE6, 0x10, 0xE6, 0x10, 0xE6, 0x10, 0xE6, 0x10,
    0xE6, 0x10, 0xE6, 0x10, 0xE6, 0x10, 0xE6, 0x10, 0xE6, 0x10, 0xE6, 0x10, 0xE6, 0x10, 0xE6, 0x10,
    0xE6, 0x10, 0xE6, 0x10, 0xE6, 0x10, 0xE6, 0x10, 0xE6, 0x10, 0xE6, 0x10, 0xE6, 0x10, 0xE6, 0x10,
    0xE6, 0x10, 0xE6, 0x10, 0xE6, 0x10, 0xE6, 0x10, 0xE6, 0x10, 0xE6, 0x10, 0xE6, 0x10, 0xE6, 0x10,
    0xE6, 0x10, 0xE6, 0x10, 0xE6, 0x10, 0xE6, 0x10, 0xE6, 0x10, 0xE6, 0x10, 0xE6, 0x10, 0xE6, 0x10,
    0xE6, 0x10, 0xE6, 0x10, 0xE6, 0x10, 0xE6, 0x10, 0xE6, 0x10, 0xE6, 0x10, 0xE6, 0x10, 0xE6, 0x10,
    0xE6, 0x10, 0xE6, 0x10, 0xE6, 0x10, 0xE5, 0x10, 0xC5, 0x10, 0xC5, 0x10, 0xC5, 0x10, 0xC5, 0x10,
    0xC5, 0x10, 0xC5, 0x10, 0xC5, 0x10, 0xC5, 0x10, 0xC5, 0x10, 0xC5, 0x10, 0xC5, 0x10, 0xC5, 0x10,
    0xC5, 0x10, 0xC5, 0x10, 0xC5, 0x10, 0xC5, 0x10, 0xC5, 0x10, 0xC5, 0x10, 0xC5, 0x10, 0xC5, 0x10,
    0xC5, 0x10, 0xC5, 0x10, 0xC5, 0x10, 0xC5, 0x10, 0xC5, 0x10, 0xC5, 0x10, 0xC5, 0x10, 0xC5, 0x10,
    0xC5, 0x10, 0xC5, 0x10, 0xC5, 0x10, 0xC5, 0x10, 0xC5, 0x10, 0xC5, 0x10, 0xC5, 0x10, 0xC5, 0x10,
    0xC5, 0x10, 0xC5, 0x10, 0xC5, 0x10, 0xC5, 0x08, 0xC5, 0x08, 0xC5, 0x08, 0xC5, 0x08, 0xC5, 0x08,
    0xC5, 0x08, 0xC5, 0x08, 0xC5, 0x08, 0xC5, 0x08, 0xA5, 0x08, 0xA5, 0x08, 0xA5, 0x08, 0xA5, 0x08,
    0xA5, 0x08, 0xA5, 0x08, 0xA5, 0x08, 0xA5, 0x08, 0xA5, 0x08, 0xA5, 0x08, 0xA5, 0x08, 0xA5, 0x08,
    0xA5, 0x08, 0xA5, 0x08, 0xA4, 0x08, 0xA4, 0x08, 0xA4, 0x08, 0xA4, 0x08, 0xA4, 0x08, 0xA4, 0x08,
    0xA5, 0x08, 0xA5, 0x08, 0xA5, 0x08, 0xA5, 0x08, 0xC5, 0x08, 0xC5, 0x08, 0xC5, 0x08, 0xC5, 0x08,
    0xC5, 0x08, 0xC5, 0x08, 0xC5, 0x08, 0xC5, 0x08, 0xC5, 0x08, 0xC5, 0x08, 0xC5, 0x08, 0xC5, 0x08,
    0xC5, 0x10, 0xC5, 0x10, 0xC5, 0x10, 0xC5, 0x10, 0xC5, 0x10, 0xC5, 0x10, 0xC5, 0x10, 0xC5, 0x10,
    0xC5, 0x10, 0xC5, 0x10, 0xC5, 0x10, 0xC5, 0x10, 0xC5, 0x10, 0xC5, 0x10, 0xC5, 0x10, 0xC5, 0x10,
    0xC5, 0x10, 0xC5, 0x10, 0xC5, 0x10, 0xC5, 0x10, 0xC5, 0x10, 0xC5, 0x10, 0xC5, 0x10, 0xC6, 0x10,
    0xC6, 0x10, 0xC6, 0x10, 0xC6, 0x10, 0xE6, 0x10, 0xE6, 0x10, 0xE6, 0x10, 0xE6, 0x10, 0xE6, 0x10,
    0xE6, 0x10, 0xE6, 0x10, 0xE6, 0x10, 0xE6, 0x10, 0xE6, 0x10, 0xE6, 0x10, 0xE6, 0x10, 0xE6, 0x10,
    0xE6, 0x10, 0xE6, 0x10, 0xE6, 0x10, 0xE6, 0x10, 0xE6, 0x10, 0xE6, 0x10, 0xE6, 0x10, 0xE6, 0x10,
    0xE6, 0x10, 0xE6, 0x10, 0xE6, 0x10, 0xE6, 0x10, 0xE6, 0x10, 0xE6, 0x10, 0xE6, 0x10, 0xE6, 0x10,
    0xE6, 0x10, 0xE6, 0x10, 0xE6, 0x10, 0xE6, 0x10, 0xE6, 0x10, 0xE6, 0x10, 0xE6, 0x10, 0xE6, 0x10,
    0xE6, 0x10, 0xE6, 0x10, 0xE6, 0x10, 0xE6, 0x10, 0xE6, 0x10, 0xE6, 0x10, 0xE6, 0x10, 0xE6, 0x10,
    0xE6, 0x10, 0xE6, 0x10, 0xE6, 0x10, 0xE6, 0x10, 0xE6, 0x10, 0xE6, 0x10, 0xE6, 0x10, 0xE6, 0x10,
    0xE6, 0x10, 0xE6, 0x10, 0xE6, 0x10, 0xE6, 0x10, 0xE6, 0x10, 0xE6, 0x10, 0xE6, 0x10, 0xE6, 0x10,
    0xE6, 0x10, 0xE6, 0x10, 0xE6, 0x10, 0xE6, 0x10, 0x06, 0x11, 0x06, 0x11, 0x06, 0x11, 0x06, 0x11,
    0x06, 0x11, 0x06, 0x11, 0x06, 0x11, 0x06, 0x11, 0x06, 0x11, 0x06, 0x11, 0x06, 0x11, 0x06, 0x11,
    0x06, 0x11, 0x06, 0x11, 0x06, 0x11, 0x06, 0x11, 0x06, 0x11, 0x06, 0x11, 0x06, 0x11, 0x06, 0x11,
    0x06, 0x11, 0x06, 0x11, 0x06, 0x11, 0x06, 0x11, 0x06, 0x11, 0xE6, 0x10, 0xE6, 0x10, 0xE6, 0x10,
    0xE6, 0x10, 0xE6, 0x10, 0xE6, 0x10, 0xE6, 0x10, 0xE6, 0x10, 0xE6, 0x10, 0xE6, 0x10, 0xE6, 0x10,
    0xE6, 0x10, 0xE6, 0x10, 0xE6, 0x10, 0xE6, 0x10, 0xE6, 0x10, 0xE6, 0x10, 0xE6, 0x10, 0xE6, 0x10,
    0xE6, 0x10, 0xE6, 0x10, 0xE6, 0x10, 0xE6, 0x10, 0xE6, 0x10, 0xE6, 0x10, 0xE6, 0x10, 0xE6, 0x10,
    0xE6, 0x10, 0xE6, 0x10, 0xE6, 0x10, 0xE6, 0x10, 0xE6, 0x10, 0xE6, 0x10, 0xE6, 0x10, 0xE6, 0x10,
    0xE6, 0x10, 0xE6, 0x10, 0xE6, 0x10, 0xE6, 0x10, 0xE6, 0x10, 0xE6, 0x10, 0xE6, 0x10, 0xE6, 0x10,
    0xE6, 0x10, 0xE6, 0x10, 0xE6, 0x10, 0xE6, 0x10, 0xE6, 0x10, 0xE6, 0x10, 0xE6, 0x10, 0xE6, 0x10,
    0xE6, 0x10, 0xE6, 0x10, 0xE6, 0x10, 0xE6, 0x10, 0xE6, 0x10, 0xE6, 0x10, 0xE6, 0x10, 0xE6, 0x10,
    0xE6, 0x10, 0xE6, 0x10, 0xE6, 0x10, 0xE6, 0x10, 0xE6, 0x10, 0xE6, 0x10, 0xC6, 0x10, 0xC6, 0x10,
    0xC6, 0x10, 0xC6, 0x10, 0xC5, 0x10, 0xC5, 0x10, 0xC5, 0x10, 0xC5, 0x10, 0xC5, 0x10, 0xC5, 0x10,
    0xC5, 0x10, 0xC5, 0x10, 0xC5, 0x10, 0xC5, 0x10, 0xC5, 0x10, 0xC5, 0x10, 0xC5, 0x10, 0xC5, 0x10,
    0xC5, 0x10, 0xC5, 0x10, 0xC5, 0x10, 0xC5, 0x10, 0xC5, 0x10, 0xC5, 0x10, 0xC5, 0x10, 0xC5, 0x10,
    0xC5, 0x10, 0xC5, 0x08, 0xC5, 0x08, 0xC5, 0x08, 0xC5, 0x08, 0xC5, 0x08, 0xC5, 0x08, 0xC5, 0x08,
    0xC5, 0x08, 0xC5, 0x08, 0xC5, 0x08, 0xC5, 0x08, 0xC5, 0x08, 0xA5, 0x08, 0xA5, 0x08, 0xA5, 0x08,
    0xA4, 0x08, 0xA4, 0x08, 0xA4, 0x08, 0xA4, 0x08, 0xA5, 0x08, 0xA5, 0x08, 0xA5, 0x08, 0xA5, 0x08,
    0xA5, 0x08, 0xA5, 0x08, 0xA5, 0x08, 0xA5, 0x08, 0xA5, 0x08, 0xA5, 0x08, 0xA5, 0x08, 0xA5, 0x08,
    0xA5, 0x08, 0xA5, 0x08, 0xC5, 0x08, 0xC5, 0x08, 0xC5, 0x08, 0xC5, 0x08, 0xC5, 0x08, 0xC5, 0x08,
    0xC5, 0x08, 0xC5, 0x08, 0xC5, 0x08, 0xC5, 0x08, 0xC5, 0x10, 0xC5, 0x10, 0xC5, 0x10, 0xC5, 0x10,
    0xC5, 0x10, 0xC5, 0x10, 0xC5, 0x10, 0xC5, 0x10, 0xC5, 0x10, 0xC5, 0x10, 0xC5, 0x10, 0xC5, 0x10,
    0xC5, 0x10, 0xC5, 0x10, 0xC5, 0x10, 0xC5, 0x10, 0xC5, 0x10, 0xC5, 0x10, 0xC5, 0x10, 0xC5, 0x10,
    0xC5, 0x10, 0xC5, 0x10, 0xC5, 0x10, 0xC5, 0x10, 0xC5, 0x10, 0xC5, 0x10, 0xC5, 0x10, 0xC5, 0x10,
    0xC5, 0x10, 0xC5, 0x10, 0xC5, 0x10, 0xC5, 0x10, 0xC5, 0x10, 0xC5, 0x10, 0xC5, 0x10, 0xC5, 0x10,
    0xE6, 0x10, 0xE6, 0x10, 0xE6, 0x10, 0xE6, 0x10, 0xE6, 0x10, 0xE6, 0x10, 0xE6, 0x10, 0xE6, 0x10,
    0xE6, 0x10, 0xE6, 0x10, 0xE6, 0x10, 0xE6, 0x10, 0xE6, 0x10, 0xE6, 0x10, 0xE6, 0x10, 0xE6, 0x10,
    0xE6, 0x10, 0xE6, 0x10, 0xE6, 0x10, 0xE6, 0x10, 0xE6, 0x10, 0xE6, 0x10, 0xE6, 0x10, 0xE6, 0x10,
    0xE6, 0x10, 0xE6, 0x10, 0xE6, 0x10, 0xE6, 0x10, 0xE6, 0x10, 0xE6, 0x10, 0xE6, 0x10, 0xE6, 0x10,
    0xE6, 0x10, 0xE6, 0x10, 0xE6, 0x10, 0xE6, 0x10, 0xE6, 0x10, 0xE6, 0x10, 0xE6, 0x10, 0xE6, 0x10,
    0xE6, 0x10, 0xE6, 0x10, 0xE6, 0x10, 0xE6, 0x10, 0xE6, 0x10, 0xE6, 0x10, 0xE6, 0x10, 0xE6, 0x10,
    0xE6, 0x10, 0xE6, 0x10, 0xE6, 0x10, 0xE6, 0x10, 0xE6, 0x10, 0xE6, 0x10, 0xE6, 0x10, 0xE6, 0x10,
    0xE6, 0x10, 0xE6, 0x10, 0xE6, 0x10, 0xE6, 0x10, 0xE6, 0x10, 0xE6, 0x10, 0xE6, 0x10, 0xE6, 0x10,
    0xE6, 0x10, 0xE6, 0x10, 0xE6, 0x10, 0xE6, 0x10, 0xE6, 0x10, 0xE6, 0x10, 0xE6, 0x10, 0xE6, 0x10,
    0xE6, 0x10, 0xE6, 0x10, 0xE6, 0x10, 0xE6, 0x10, 0xE6, 0x10, 0xE6, 0x10, 0xE6, 0x10, 0xE6, 0x10,
    0xE6, 0x10, 0xE6, 0x10, 0xE6, 0x10, 0xE6, 0x10, 0xE6, 0x10, 0xE6, 0x10, 0xE6, 0x10, 0xE6, 0x10,
    0xE6, 0x10, 0xE6, 0x10, 0xE6, 0x10, 0xE6, 0x10, 0xE6, 0x10, 0xE6, 0x10, 0xE6, 0x10, 0xE6, 0x10,
    0xE6, 0x10, 0xE6, 0x10, 0xE6, 0x10, 0xE6, 0x10, 0xE6, 0x10, 0xE6, 0x10, 0xE6, 0x10, 0xE6, 0x10,
    0xE6, 0x10, 0xE6, 0x10, 0xE6, 0x10, 0xE6, 0x10, 0xE6, 0x10, 0xE6, 0x10, 0xE6, 0x10, 0xE6, 0x10,
    0xE6, 0x10, 0xC5, 0x10, 0xC5, 0x10, 0xC5, 0x10, 0xC5, 0x10, 0xC5, 0x10, 0xC5, 0x10, 0xC5, 0x10,
    0xC5, 0x10, 0xC5, 0x10, 0xC5, 0x10, 0xC5, 0x10, 0xC5, 0x10, 0xC5, 0x10, 0xC5, 0x10, 0xC5, 0x10,
    0xC5, 0x10, 0xC5, 0x10, 0xC5, 0x10, 0xC5, 0x10, 0xC5, 0x10, 0xC5, 0x10, 0xC5, 0x10, 0xC5, 0x10,
    0xC5, 0x10, 0xC5, 0x10, 0xC5, 0x10, 0xC5, 0x10, 0xC5, 0x10, 0xC5, 0x10, 0xC5, 0x10, 0xC5, 0x10,
    0xC5, 0x10, 0xC5, 0x10, 0xC5, 0x10, 0xC5, 0x10, 0xC5, 0x10, 0xC5, 0x08, 0xC5, 0x08, 0xC5, 0x08,
    0xC5, 0x08, 0xC5, 0x08, 0xC5, 0x08, 0xC5, 0x08, 0xC5, 0x08, 0xC5, 0x08, 0xC5, 0x08, 0xA5, 0x08,
    0xA5, 0x08, 0xA5, 0x08, 0xA5, 0x08, 0xA5, 0x08, 0xA5, 0x08, 0xA5, 0x08, 0xA5, 0x08, 0xA5, 0x08,
    0xA5, 0x08, 0xA5, 0x08, 0xA5, 0x08, 0xA5, 0x08, 0xA5, 0x08, 0xA4, 0x08, 0xA4, 0x08, 0xA4, 0x08,
    0xA4, 0x08, 0xA4, 0x08, 0xA5, 0x08, 0xA5, 0x08, 0xA5, 0x08, 0xA5, 0x08, 0xA5, 0x08, 0xA5, 0x08,
    0xA5, 0x08, 0xA5, 0x08, 0xA5, 0x08, 0xA5, 0x08, 0xA5, 0x08, 0xA5, 0x08, 0xA5, 0x08, 0xA5, 0x08,
    0xC5, 0x08, 0xC5, 0x08, 0xC5, 0x08, 0xC5, 0x08, 0xC5, 0x08, 0xC5, 0x08, 0xC5, 0x08, 0xC5, 0x08,
    0xC5, 0x08, 0xC5, 0x08, 0xC5, 0x08, 0xC5, 0x10, 0xC5, 0x10, 0xC5, 0x10, 0xC5, 0x10, 0xC5, 0x10,
    0xC5, 0x10, 0xC5, 0x10, 0xC5, 0x10, 0xC5, 0x10, 0xC5, 0x10, 0xC5, 0x10, 0xC5, 0x10, 0xC5, 0x10,
    0xC5, 0x10, 0xC5, 0x10, 0xC5, 0x10, 0xC5, 0x10, 0xC5, 0x10, 0xC5, 0x10, 0xC5, 0x10, 0xC5, 0x10,
    0xC5, 0x10, 0xC5, 0x10, 0xC5, 0x10, 0xC5, 0x10, 0xC5, 0x10, 0xC5, 0x10, 0xC5, 0x10, 0xC5, 0x10,
    0xC5, 0x10, 0xC5, 0x10, 0xC5, 0x10, 0xC5, 0x10, 0xC5, 0x10, 0xC6, 0x10, 0xE6, 0x10, 0xE6, 0x10,
    0xE6, 0x10, 0xE6, 0x10, 0xE6, 0x10, 0xE6, 0x10, 0xE6, 0x10, 0xE6, 0x10, 0xE6, 0x10, 0xE6, 0x10,
    0xE6, 0x10, 0xE6, 0x10, 0xE6, 0x10, 0xE6, 0x10, 0xE6, 0x10, 0xE6, 0x10, 0xE6, 0x10, 0xE6, 0x10,
    0xE6, 0x10, 0xE6, 0x10, 0xE6, 0x10, 0xE6, 0x10, 0xE6, 0x10, 0xE6, 0x10, 0xE6, 0x10, 0xE6, 0x10,
    0xE6, 0x10, 0xE6, 0x10, 0xE6, 0x10, 0xE6, 0x10, 0xE6, 0x10, 0xE6, 0x10, 0xE6, 0x10, 0xE6, 0x10,
    0xE6, 0x10, 0xE6, 0x10, 0xE6, 0x10, 0xE6, 0x10, 0xE6, 0x10, 0xE6, 0x10, 0xE6, 0x10, 0xE6, 0x10,
    0xE6, 0x10, 0xE6, 0x10, 0xE6, 0x10, 0xE6, 0x10, 0xE6, 0x10, 0xE6, 0x10, 0xE6, 0x10, 0xE6, 0x10,
    0xE6, 0x10, 0xE6, 0x10, 0xE6, 0x10, 0xE6, 0x10, 0xE6, 0x10, 0xE6, 0x10, 0xE6, 0x10, 0xE6, 0x10,
    0xE6, 0x10, 0xE6, 0x10, 0xE6, 0x10, 0xE6, 0x10, 0xE6, 0x10, 0xE6, 0x10, 0xE6, 0x10, 0xE6, 0x10,
    0xE6, 0x10, 0xE6, 0x10, 0xE6, 0x10, 0xE6, 0x10, 0xE6, 0x10, 0xE6, 0x10, 0xE6, 0x10, 0xE6, 0x10,
    0xE6, 0x10, 0xE6, 0x10, 0xE6, 0x10, 0xE6, 0x10, 0xE6, 0x10, 0xE6, 0x10, 0xE6, 0x10, 0xE6, 0x10,
    0xE6, 0x10, 0xE6, 0x10, 0xE6, 0x10, 0xE6, 0x10, 0xE6, 0x10, 0xE6, 0x10, 0xE6, 0x10, 0xE6, 0x10,
    0xE6, 0x10, 0xE6, 0x10, 0xE6, 0x10, 0xE6, 0x10, 0xE6, 0x10, 0xE6, 0x10, 0xE6, 0x10, 0xE6, 0x10,
    0xE6, 0x10, 0xE6, 0x10, 0xE6, 0x10, 0xE6, 0x10, 0xE6, 0x10, 0xE6, 0x10, 0xE6, 0x10, 0xE6, 0x10,
    0xE6, 0x10, 0xE6, 0x10, 0xE6, 0x10, 0xE6, 0x10, 0xE6, 0x10, 0xE6, 0x10, 0xE6, 0x10, 0xE6, 0x10,
    0xE6, 0x10, 0xE6, 0x10, 0xE6, 0x10, 0xC6, 0x10, 0xC5, 0x10, 0xC5, 0x10, 0xC5, 0x10, 0xC5, 0x10,
    0xC5, 0x10, 0xC5, 0x10, 0xC5, 0x10, 0xC5, 0x10, 0xC5, 0x10, 0xC5, 0x10, 0xC5, 0x10, 0xC5, 0x10,
    0xC5, 0x10, 0xC5, 0x10, 0xC5, 0x10, 0xC5, 0x10, 0xC5, 0x10, 0xC5, 0x10, 0xC5, 0x10, 0xC5, 0x10,
    0xC5, 0x10, 0xC5, 0x10, 0xC5, 0x10, 0xC5, 0x10, 0xC5, 0x10, 0xC5, 0x10, 0xC5, 0x10, 0xC5, 0x10,
    0xC5, 0x10, 0xC5, 0x10, 0xC5, 0x10, 0xC5, 0x10, 0xC5, 0x10, 0xC5, 0x10, 0xC5, 0x08, 0xC5, 0x08,
    0xC5, 0x08, 0xC5, 0x08, 0xC5, 0x08, 0xC5, 0x08, 0xC5, 0x08, 0xC5, 0x08, 0xC5, 0x08, 0xC5, 0x08,
    0xC5, 0x08, 0xA5, 0x08, 0xA5, 0x08, 0xA5, 0x08, 0xA5, 0x08, 0xA5, 0x08, 0xA5, 0x08, 0xA5, 0x08,
    0xA5, 0x08, 0xA5, 0x08, 0xA5, 0x08, 0xA5, 0x08, 0xA5, 0x08, 0xA5, 0x08, 0xA5, 0x08, 0xA4, 0x08,
    0xC5, 0x08, 0xC5, 0x08, 0xC5, 0x08, 0xC5, 0x08, 0xC5, 0x08, 0xC5, 0x08, 0xC5, 0x08, 0xC5, 0x08,
    0xC5, 0x08, 0xC5, 0x08, 0xC5, 0x08, 0xC5, 0x08, 0xC5, 0x08, 0xC5, 0x10, 0xC5, 0x10, 0xC5, 0x10,
    0xC5, 0x10, 0xC5, 0x10, 0xC5, 0x10, 0xC5, 0x10, 0xC5, 0x10, 0xC5, 0x10, 0xC5, 0x10, 0xC5, 0x10,
    0xC5, 0x10, 0xC5, 0x10, 0xC5, 0x10, 0xC5, 0x10, 0xC5, 0x10, 0xC5, 0x10, 0xC5, 0x10, 0xC5, 0x10,
    0xC5, 0x10, 0xC6, 0x10, 0xC6, 0x10, 0xC6, 0x10, 0xC6, 0x10, 0xE6, 0x10, 0xE6, 0x10, 0xE6, 0x10,
    0xE6, 0x10, 0xE6, 0x10, 0xE6, 0x10, 0xE6, 0x10, 0xE6, 0x10, 0xE6, 0x10, 0xE6, 0x10, 0xE6, 0x10,
    0xE6, 0x10, 0xE6, 0x10, 0xE6, 0x10, 0xE6, 0x10, 0xE6, 0x10, 0xE6, 0x10, 0xE6, 0x10, 0xE6, 0x10,
    0xE6, 0x10, 0xE6, 0x10, 0xE6, 0x10, 0xE6, 0x10, 0xE6, 0x10, 0xE6, 0x10, 0xE6, 0x10, 0xE6, 0x10,
    0xE6, 0x10, 0xE6, 0x10, 0xE6, 0x10, 0xE6, 0x10, 0xE6, 0x10, 0xE6, 0x10, 0xE6, 0x10, 0xE6, 0x10,
    0xE6, 0x10, 0xE6, 0x10, 0xE6, 0x10, 0xE6, 0x10, 0xE6, 0x10, 0xE6, 0x10, 0xE6, 0x10, 0xE6, 0x10,
    0xE6, 0x10, 0xE6, 0x10, 0xE6, 0x10, 0xE6, 0x10, 0xE6, 0x10, 0xE6, 0x10, 0xE6, 0x10, 0xE6, 0x10,
    0xE6, 0x10, 0xE6, 0x10, 0x06, 0x11, 0x06, 0x11, 0x06, 0x11, 0x06, 0x11, 0x06, 0x11, 0x06, 0x11,
    0x06, 0x11, 0x06, 0x11, 0x06, 0x11, 0x06, 0x11, 0x06, 0x11, 0x06, 0x11, 0x06, 0x11, 0x06, 0x11,
    0x06, 0x11, 0x06, 0x11, 0x06, 0x11, 0x06, 0x11, 0x06, 0x11, 0x06, 0x11, 0x06, 0x11, 0x06, 0x11,
    0x06, 0x11, 0x06, 0x11, 0x06, 0x11, 0x06, 0x11, 0x06, 0x11, 0x06, 0x11, 0x06, 0x11, 0x06, 0x11,
    0x06, 0x11, 0x06, 0x11, 0x06, 0x11, 0x06, 0x11, 0x06, 0x11, 0x06, 0x11, 0x06, 0x11, 0x06, 0x11,
    0x06, 0x11, 0x06, 0x11, 0x06, 0x11, 0x06, 0x11, 0x06, 0x11, 0x06, 0x11, 0x06, 0x11, 0x06, 0x11,
    0x06, 0x11, 0x06, 0x11, 0x06, 0x11, 0x06, 0x11, 0x06, 0x11, 0x06, 0x11, 0x06, 0x11, 0x06, 0x11,
    0x06, 0x11, 0x06, 0x11, 0x06, 0x11, 0x06, 0x11, 0x06, 0x11, 0x06, 0x11, 0x06, 0x11, 0xE6, 0x10,
    0xE6, 0x10, 0xE6, 0x10, 0xE6, 0x10, 0xE6, 0x10, 0xE6, 0x10, 0xE6, 0x10, 0xE6, 0x10, 0xE6, 0x10,
    0xE6, 0x10, 0xE6, 0x10, 0xE6, 0x10, 0xE6, 0x10, 0xE6, 0x10, 0xE6, 0x10, 0xE6, 0x10, 0xE6, 0x10,
    0xE6, 0x10, 0xE6, 0x10, 0xE6, 0x10, 0xE6, 0x10, 0xE6, 0x10, 0xE6, 0x10, 0xE6, 0x10, 0xE6, 0x10,
    0xE6, 0x10, 0xE6, 0x10, 0xE6, 0x10, 0xE6, 0x10, 0xE6, 0x10, 0xE6, 0x10, 0xE6, 0x10, 0xE6, 0x10,
    0xE6, 0x10, 0xE6, 0x10, 0xE6, 0x10, 0xE6, 0x10, 0xE6, 0x10, 0xE6, 0x10, 0xE6, 0x10, 0xE6, 0x10,
    0xE6, 0x10, 0xE6, 0x10, 0xE6, 0x10, 0xE6, 0x10, 0xE6, 0x10, 0xE6, 0x10, 0xE6, 0x10, 0xE6, 0x10,
    0xE6, 0x10, 0xE6, 0x10, 0xE6, 0x10, 0xE6, 0x10, 0xC6, 0x10, 0xC6, 0x10, 0xC6, 0x10, 0xC6, 0x10,
    0xC5, 0x10, 0xC5, 0x10, 0xC5, 0x10, 0xC5, 0x10, 0xC5, 0x10, 0xC5, 0x10, 0xC5, 0x10, 0xC5, 0x10,
    0xC5, 0x10, 0xC5, 0x10, 0xC5, 0x10, 0xC5, 0x10, 0xC5, 0x10, 0xC5, 0x10, 0xC5, 0x10, 0xC5, 0x10,
    0xC5, 0x10, 0xC5, 0x10, 0xC5, 0x10, 0xC5, 0x10, 0xC5, 0x08, 0xC5, 0x08, 0xC5, 0x08, 0xC5, 0x08,
    0xC5, 0x08, 0xC5, 0x08, 0xC5, 0x08, 0xC5, 0x08, 0xC5, 0x08, 0xC5, 0x08, 0xC5, 0x08, 0xC5, 0x08,
    0xA5, 0x08, 0xA5, 0x08, 0xA5, 0x08, 0xA5, 0x08, 0xA5, 0x08, 0xA5, 0x08, 0xA5, 0x08, 0xA5, 0x08,
    0xA5, 0x08, 0xA5, 0x08, 0xA5, 0x08, 0xA5, 0x08, 0xA5, 0x08, 0xC5, 0x08, 0xC5, 0x08, 0xC5, 0x08,
    0xC5, 0x08, 0xC5, 0x08, 0xC5, 0x08, 0xC5, 0x08, 0xC5, 0x08, 0xC5, 0x08, 0xC5, 0x08, 0xC5, 0x08,
    0xC5, 0x08, 0xC5, 0x10, 0xC5, 0x10, 0xC5, 0x10, 0xC5, 0x10, 0xC5, 0x10, 0xC5, 0x10, 0xC5, 0x10,
    0xC5, 0x10, 0xC5, 0x10, 0xC5, 0x10, 0xC5, 0x10, 0xC5, 0x10, 0xC5, 0x10, 0xC5, 0x10, 0xC5, 0x10,
    0xC5, 0x10, 0xC5, 0x10, 0xC5, 0x10, 0xC5, 0x10, 0xC5, 0x10, 0xC5, 0x10, 0xC5, 0x10, 0xC5, 0x10,
    0xC5, 0x10, 0xC5, 0x10, 0xC5, 0x10, 0xC5, 0x10, 0xC5, 0x10, 0xC5, 0x10, 0xC5, 0x10, 0xC5, 0x10,
    0xC6, 0x10, 0xE6, 0x10, 0xE6, 0x10, 0xE6, 0x10, 0xE6, 0x10, 0xE6, 0x10, 0xE6, 0x10, 0xE6, 0x10,
    0xE6, 0x10, 0xE6, 0x10, 0xE6, 0x10, 0xE6, 0x10, 0xE6, 0x10, 0xE6, 0x10, 0xE6, 0x10, 0xE6, 0x10,
    0xE6, 0x10, 0xE6, 0x10, 0xE6, 0x10, 0xE6, 0x10, 0xE6, 0x10, 0xE6, 0x10, 0xE6, 0x10, 0xE6, 0x10,
    0xE6, 0x10, 0xE6, 0x10, 0xE6, 0x10, 0xE6, 0x10, 0xE6, 0x10, 0xE6, 0x10, 0xE6, 0x10, 0xE6, 0x10,
    0xE6, 0x10, 0xE6, 0x10, 0xE6, 0x10, 0xE6, 0x10, 0xE6, 0x10, 0xE6, 0x10, 0xE6, 0x10, 0xE6, 0x10,
    0xE6, 0x10, 0xE6, 0x10, 0xE6, 0x10, 0xE6, 0x10, 0xE6, 0x10, 0xE6, 0x10, 0xE6, 0x10, 0xE6, 0x10,
    0xE6, 0x10, 0xE6, 0x10, 0xE6, 0x10, 0xE6, 0x10, 0xE6, 0x10, 0xE6, 0x10, 0xE6, 0x10, 0xE6, 0x10,
    0xE6, 0x10, 0xE6, 0x10, 0xE6, 0x10, 0xE6, 0x10, 0xE6, 0x10, 0xE6, 0x10, 0xE6, 0x10, 0xE6, 0x10,
    0xE6, 0x10, 0xE6, 0x10, 0xE6, 0x10, 0xE6, 0x10, 0xE6, 0x10, 0xE6, 0x10, 0xE6, 0x10, 0xE6, 0x10,
    0xE6, 0x10, 0xE6, 0x10, 0xE6, 0x10, 0xE6, 0x10, 0xE6, 0x10, 0xE6, 0x10, 0xE6, 0x10, 0xE6, 0x10,
    0xE6, 0x10, 0xE6, 0x10, 0xE6, 0x10, 0xE6, 0x10, 0xE6, 0x10, 0xE6, 0x10, 0xE6, 0x10, 0xE6, 0x10,
    0xE6, 0x10, 0xE6, 0x10, 0xE6, 0x10, 0xE6, 0x10, 0xE6, 0x10, 0xE6, 0x10, 0xE6, 0x10, 0xE6, 0x10,
    0xE6, 0x10, 0xE6, 0x10, 0xE6, 0x10, 0xE6, 0x10, 0xE6, 0x10, 0xE6, 0x10, 0xE6, 0x10, 0xE6, 0x10,
    0xE6, 0x10, 0xE6, 0x10, 0xE6, 0x10, 0xE6, 0x10, 0xE6, 0x10, 0xE6, 0x10, 0xE6, 0x10, 0xE6, 0x10,
    0xE6, 0x10, 0xE6, 0x10, 0xE6, 0x10, 0xE6, 0x10, 0xE6, 0x10, 0xE6, 0x10, 0xE6, 0x10, 0xE6, 0x10,
    0xE6, 0x10, 0xE6, 0x10, 0xE6, 0x10, 0xE6, 0x10, 0xE6, 0x10, 0xE6, 0x10, 0xE6, 0x10, 0xE6, 0x10,
    0xC6, 0x10, 0xC5, 0x10, 0xC5, 0x10, 0xC5, 0x10, 0xC5, 0x10, 0xC5, 0x10, 0xC5, 0x10, 0xC5, 0x10,
    0xC5, 0x10, 0xC5, 0x10, 0xC5, 0x10, 0xC5, 0x10, 0xC5, 0x10, 0xC5, 0x10, 0xC5, 0x10, 0xC5, 0x10,
    0xC5, 0x10, 0xC5, 0x10, 0xC5, 0x10, 0xC5, 0x10, 0xC5, 0x10, 0xC5, 0x10, 0xC5, 0x10, 0xC5, 0x10,
    0xC5, 0x10, 0xC5, 0x10, 0xC5, 0x10, 0xC5, 0x10, 0xC5, 0x10, 0xC5, 0x10, 0xC5, 0x10, 0xC5, 0x10,
    0xC5, 0x08, 0xC5, 0x08, 0xC5, 0x08, 0xC5, 0x08, 0xC5, 0x08, 0xC5, 0x08, 0xC5, 0x08, 0xC5, 0x08,
    0xC5, 0x08, 0xC5, 0x08, 0xC5, 0x08, 0xC5, 0x08, 0xA5, 0x08, 0xA5, 0x08, 0xA5, 0x08, 0xA5, 0x08,
    0xA5, 0x08, 0xA5, 0x08, 0xA5, 0x08, 0xA5, 0x08, 0xA5, 0x08, 0xA5, 0x08, 0xA5, 0x08, 0xA5, 0x08,
    0xA5, 0x08, 0xA5, 0x08, 0xA5, 0x08, 0xA5, 0x08, 0xA5, 0x08, 0xA5, 0x08, 0xA5, 0x08, 0xA5, 0x08,
    0xA5, 0x08, 0xA5, 0x08, 0xA5, 0x08, 0xA5, 0x08, 0xC5, 0x08, 0xC5, 0x08, 0xC5, 0x08, 0xC5, 0x08,
    0xC5, 0x08, 0xC5, 0x08, 0xC5, 0x08, 0xC5, 0x08, 0xC5, 0x08, 0xC5, 0x08, 0xC5, 0x08, 0xC5, 0x10,
    0xC5, 0x10, 0xC5, 0x10, 0xC5, 0x10, 0xC5, 0x10, 0xC5, 0x10, 0xC5, 0x10, 0xC5, 0x10, 0xC5, 0x10,
    0xC5, 0x10, 0xC5, 0x10, 0xC5, 0x10, 0xC5, 0x10, 0xC5, 0x10, 0xC5, 0x10, 0xC5, 0x10, 0xC5, 0x10,
    0xC5, 0x10, 0xC5, 0x10, 0xC5, 0x10, 0xC5, 0x10, 0xC5, 0x10, 0xC5, 0x10, 0xC5, 0x10, 0xC5, 0x10,
    0xC5, 0x10, 0xC5, 0x10, 0xC5, 0x10, 0xC5, 0x10, 0xC5, 0x10, 0xC5, 0x10, 0xC6, 0x10, 0xE6, 0x10,
    0xE6, 0x10, 0xE6, 0x10, 0xE6, 0x10, 0xE6, 0x10, 0xE6, 0x10, 0xE6, 0x10, 0xE6, 0x10, 0xE6, 0x10,
    0xE6, 0x10, 0xE6, 0x10, 0xE6, 0x10, 0xE6, 0x10, 0xE6, 0x10, 0xE6, 0x10, 0xE6, 0x10, 0xE6, 0x10,
    0xE6, 0x10, 0xE6, 0x10, 0xE6, 0x10, 0xE6, 0x10, 0xE6, 0x10, 0xE6, 0x10, 0xE6, 0x10, 0xE6, 0x10,
    0xE6, 0x10, 0xE6, 0x10, 0xE6, 0x10, 0xE6, 0x10, 0xE6, 0x10, 0xE6, 0x10, 0xE6, 0x10, 0xE6, 0x10,
    0xE6, 0x10, 0xE6, 0x10, 0xE6, 0x10, 0xE6, 0x10, 0xE6, 0x10, 0xE6, 0x10, 0xE6, 0x10, 0xE6, 0x10,
    0xE6, 0x10, 0xE6, 0x10, 0xE6, 0x10, 0xE6, 0x10, 0xE6, 0x10, 0xE6, 0x10, 0xE6, 0x10, 0xE6, 0x10,
    0xE6, 0x10, 0xE6, 0x10, 0xE6, 0x10, 0xE6, 0x10, 0xE6, 0x10, 0xE6, 0x10, 0xE6, 0x10, 0xE6, 0x10,
    0xE6, 0x10, 0xE6, 0x10, 0xE6, 0x10, 0xE6, 0x10, 0xE6, 0x10, 0xE6, 0x10, 0xE6, 0x10, 0xE6, 0x10,
    0xE6, 0x10, 0xE6, 0x10, 0xE6, 0x10, 0xE6, 0x10, 0xE6, 0x10, 0xE6, 0x10, 0xE6, 0x10, 0xE6, 0x10,
    0xE6, 0x10, 0xE6, 0x10, 0xE6, 0x10, 0xE6, 0x10, 0xE6, 0x10, 0xE6, 0x10, 0xE6, 0x10, 0xE6, 0x10,
    0xE6, 0x10, 0xE6, 0x10, 0xE6, 0x10, 0xE6, 0x10, 0xE6, 0x10, 0xE6, 0x10, 0xE6, 0x10, 0xE6, 0x10,
    0xE6, 0x10, 0xE6, 0x10, 0xE6, 0x10, 0xE6, 0x10, 0xE6, 0x10, 0xE6, 0x10, 0xE6, 0x10, 0xE6, 0x10,
    0xE6, 0x10, 0xE6, 0x10, 0xE6, 0x10, 0xE6, 0x10, 0xE6, 0x10, 0xE6, 0x10, 0xE6, 0x10, 0xE6, 0x10,
    0xE6, 0x10, 0xE6, 0x10, 0xE6, 0x10, 0xE6, 0x10, 0xE6, 0x10, 0xE6, 0x10, 0xE6, 0x10, 0xE6, 0x10,
    0xE6, 0x10, 0xE6, 0x10, 0xE6, 0x10, 0xE6, 0x10, 0xE6, 0x10, 0xE6, 0x10, 0xE6, 0x10, 0xE6, 0x10,
    0xE6, 0x10, 0xE6, 0x10, 0xE6, 0x10, 0xE6, 0x10, 0xE6, 0x10, 0xE6, 0x10, 0xE6, 0x10, 0xE6, 0x10,
    0xE6, 0x10, 0xE6, 0x10, 0xC6, 0x10, 0xC5, 0x10, 0xC5, 0x10, 0xC5, 0x10, 0xC5, 0x10, 0xC5, 0x10,
    0xC5, 0x10, 0xC5, 0x10, 0xC5, 0x10, 0xC5, 0x10, 0xC5, 0x10, 0xC5, 0x10, 0xC5, 0x10, 0xC5, 0x10,
    0xC5, 0x10, 0xC5, 0x10, 0xC5, 0x10, 0xC5, 0x10, 0xC5, 0x10, 0xC5, 0x10, 0xC5, 0x10, 0xC5, 0x10,
    0xC5, 0x10, 0xC5, 0x10, 0xC5, 0x10, 0xC5, 0x10, 0xC5, 0x10, 0xC5, 0x10, 0xC5, 0x10, 0xC5, 0x10,
    0xC5, 0x10, 0xC5, 0x10, 0xC5, 0x08, 0xC5, 0x08, 0xC5, 0x08, 0xC5, 0x08, 0xC5, 0x08, 0xC5, 0x08,
    0xC5, 0x08, 0xC5, 0x08, 0xC5, 0x08, 0xC5, 0x08, 0xC5, 0x08, 0xA5, 0x08, 0xA5, 0x08, 0xA5, 0x08,
    0xA5, 0x08, 0xA5, 0x08, 0xA5, 0x08, 0xA5, 0x08, 0xA5, 0x08, 0xA5, 0x08, 0xA5, 0x08, 0xA5, 0x08,
    0xC5, 0x08, 0xC5, 0x08, 0xC5, 0x08, 0xC5, 0x08, 0xC5, 0x08, 0xC5, 0x08, 0xC5, 0x08, 0xC5, 0x08,
    0xC5, 0x08, 0xC5, 0x08, 0xC5, 0x10, 0xC5, 0x10, 0xC5, 0x10, 0xC5, 0x10, 0xC5, 0x10, 0xC5, 0x10,
    0xC5, 0x10, 0xC5, 0x10, 0xC5, 0x10, 0xC5, 0x10, 0xC5, 0x10, 0xC5, 0x10, 0xC5, 0x10, 0xC5, 0x10,
    0xC5, 0x10, 0xC5, 0x10, 0xC5, 0x10, 0xC5, 0x10, 0xC6, 0x10, 0xC6, 0x10, 0xC6, 0x10, 0xC6, 0x10,
    0xE6, 0x10, 0xE6, 0x10, 0xE6, 0x10, 0xE6, 0x10, 0xE6, 0x10, 0xE6, 0x10, 0xE6, 0x10, 0xE6, 0x10,
    0xE6, 0x10, 0xE6, 0x10, 0xE6, 0x10, 0xE6, 0x10, 0xE6, 0x10, 0xE6, 0x10, 0xE6, 0x10, 0xE6, 0x10,
    0xE6, 0x10, 0xE6, 0x10, 0xE6, 0x10, 0xE6, 0x10, 0xE6, 0x10, 0xE6, 0x10, 0xE6, 0x10, 0xE6, 0x10,
    0xE6, 0x10, 0xE6, 0x10, 0xE6, 0x10, 0xE6, 0x10, 0xE6, 0x10, 0xE6, 0x10, 0xE6, 0x10, 0xE6, 0x10,
    0xE6, 0x10, 0xE6, 0x10, 0xE6, 0x10, 0xE6, 0x10, 0xE6, 0x10, 0xE6, 0x10, 0xE6, 0x10, 0xE6, 0x10,
    0xE6, 0x10, 0xE6, 0x10, 0xE6, 0x10, 0xE6, 0x10, 0xE6, 0x10, 0xE6, 0x10, 0xE6, 0x10, 0x06, 0x11,
    0x06, 0x11, 0x06, 0x11, 0x06, 0x11, 0x06, 0x11, 0x06, 0x11, 0x06, 0x11, 0x06, 0x11, 0x06, 0x11,
    0x06, 0x11, 0x06, 0x11, 0x06, 0x11, 0x06, 0x11, 0x06, 0x11, 0x06, 0x11, 0x06, 0x11, 0x06, 0x11,
    0x06, 0x11, 0x06, 0x11, 0x06, 0x11, 0x06, 0x11, 0x06, 0x11, 0x06, 0x11, 0x07, 0x11, 0x07, 0x11,
    0x07, 0x11, 0x07, 0x11, 0x07, 0x11, 0x07, 0x11, 0x07, 0x11, 0x07, 0x11, 0x07, 0x11, 0x07, 0x11,
    0x07, 0x11, 0x07, 0x11, 0x07, 0x11, 0x07, 0x11, 0x07, 0x11, 0x07, 0x11, 0x07, 0x11, 0x07, 0x11,
    0x07, 0x11, 0x07, 0x11, 0x07, 0x11, 0x07, 0x11, 0x07, 0x11, 0x07, 0x11, 0x07, 0x11, 0x07, 0x11,
    0x07, 0x11, 0x07, 0x11, 0x07, 0x11, 0x07, 0x11, 0x07, 0x11, 0x07, 0x11, 0x07, 0x11, 0x07, 0x11,
    0x07, 0x11, 0x07, 0x11, 0x07, 0x11, 0x06, 0x11, 0x06, 0x11, 0x06, 0x11, 0x06, 0x11, 0x06, 0x11,
    0x06, 0x11, 0x06, 0x11, 0x06, 0x11, 0x06, 0x11, 0x06, 0x11, 0x06, 0x11, 0x06, 0x11, 0x06, 0x11,
    0x06, 0x11, 0x06, 0x11, 0x06, 0x11, 0x06, 0x11, 0x06, 0x11, 0x06, 0x11, 0x06, 0x11, 0x06, 0x11,
    0x06, 0x11, 0x06, 0x11, 0xE6, 0x10, 0xE6, 0x10, 0xE6, 0x10, 0xE6, 0x10, 0xE6, 0x10, 0xE6, 0x10,
    0xE6, 0x10, 0xE6, 0x10, 0xE6, 0x10, 0xE6, 0x10, 0xE6, 0x10, 0xE6, 0x10, 0xE6, 0x10, 0xE6, 0x10,
    0xE6, 0x10, 0xE6, 0x10, 0xE6, 0x10, 0xE6, 0x10, 0xE6, 0x10, 0xE6, 0x10, 0xE6, 0x10, 0xE6, 0x10,
    0xE6, 0x10, 0xE6, 0x10, 0xE6, 0x10, 0xE6, 0x10, 0xE6, 0x10, 0xE6, 0x10, 0xE6, 0x10, 0xE6, 0x10,
    0xE6, 0x10, 0xE6, 0x10, 0xE6, 0x10, 0xE6, 0x10, 0xE6, 0x10, 0xE6, 0x10, 0xE6, 0x10, 0xE6, 0x10,
    0xE6, 0x10, 0xE6, 0x10, 0xE6, 0x10, 0xE6, 0x10, 0xE6, 0x10, 0xE6, 0x10, 0xE6, 0x10, 0xE6, 0x10,
    0xE6, 0x10, 0xC6, 0x10, 0xC6, 0x10, 0xC6, 0x10, 0xC6, 0x10, 0xC5, 0x10, 0xC5, 0x10, 0xC5, 0x10,
    0xC5, 0x10, 0xC5, 0x10, 0xC5, 0x10, 0xC5, 0x10, 0xC5, 0x10, 0xC5, 0x10, 0xC5, 0x10, 0xC5, 0x10,
    0xC5, 0x10, 0xC5, 0x10, 0xC5, 0x10, 0xC5, 0x10, 0xC5, 0x10, 0xC5, 0x10, 0xC5, 0x10, 0xC5, 0x08,
    0xC5, 0x08, 0xC5, 0x08, 0xC5, 0x08, 0xC5, 0x08, 0xC5, 0x08, 0xC5, 0x08, 0xC5, 0x08, 0xC5, 0x08,
    0xA5, 0x08, 0xA5, 0x08, 0xA5, 0x08, 0xA5, 0x08, 0xA5, 0x08, 0xA5, 0x08, 0xA5, 0x08, 0xA5, 0x08,
    0xA5, 0x08, 0xC5, 0x08, 0xC5, 0x08, 0xC5, 0x08, 0xC5, 0x08, 0xC5, 0x08, 0xC5, 0x08, 0xC5, 0x08,
    0xC5, 0x08, 0xC5, 0x08, 0xC5, 0x08, 0xC5, 0x08, 0xC5, 0x08, 0xC5, 0x10, 0xC5, 0x10, 0xC5, 0x10,
    0xC5, 0x10, 0xC5, 0x10, 0xC5, 0x10, 0xC5, 0x10, 0xC5, 0x10, 0xC5, 0x10, 0xC5, 0x10, 0xC5, 0x10,
    0xC5, 0x10, 0xC5, 0x10, 0xC5, 0x10, 0xC5, 0x10, 0xC5, 0x10, 0xC5, 0x10, 0xC5, 0x10, 0xC5, 0x10,
    0xC5, 0x10, 0xC5, 0x10, 0xC5, 0x10, 0xC5, 0x10, 0xC5, 0x10, 0xC5, 0x10, 0xC5, 0x10, 0xC5, 0x10,
    0xC5, 0x10, 0xC6, 0x10, 0xC6, 0x10, 0xE6, 0x10, 0xE6, 0x10, 0xE6, 0x10, 0xE6, 0x10, 0xE6, 0x10,
    0xE6, 0x10, 0xE6, 0x10, 0xE6, 0x10, 0xE6, 0x10, 0xE6, 0x10, 0xE6, 0x10, 0xE6, 0x10, 0xE6, 0x10,
    0xE6, 0x10, 0xE6, 0x10, 0xE6, 0x10, 0xE6, 0x10, 0xE6, 0x10, 0xE6, 0x10, 0xE6, 0x10, 0xE6, 0x10,
    0xE6, 0x10, 0xE6, 0x10, 0xE6, 0x10, 0xE6, 0x10, 0xE6, 0x10, 0xE6, 0x10, 0xE6, 0x10, 0xE6, 0x10,
    0xE6, 0x10, 0xE6, 0x10, 0xE6, 0x10, 0xE6, 0x10, 0xE6, 0x10, 0xE6, 0x10, 0xE6, 0x10, 0xE6, 0x10,
    0xE6, 0x10, 0xE6, 0x10, 0xE6, 0x10, 0xE6, 0x10, 0xE6, 0x10, 0xE6, 0x10, 0xE6, 0x10, 0xE6, 0x10,
    0xE6, 0x10, 0xE6, 0x10, 0xE6, 0x10, 0xE6, 0x10, 0xE6, 0x10, 0xE6, 0x10, 0xE6, 0x10, 0xE6, 0x10,
    0xE6, 0x10, 0xE6, 0x10, 0xE6, 0x10, 0xE6, 0x10, 0xE6, 0x10, 0xE6, 0x10, 0xE6, 0x10, 0xE6, 0x10,
    0xE6, 0x10, 0xE6, 0x10, 0xE6, 0x10, 0xE6, 0x10, 0xE6, 0x10, 0xE6, 0x10, 0xE6, 0x10, 0xE6, 0x10,
    0xE6, 0x10, 0xE6, 0x10, 0xE6, 0x10, 0xE6, 0x10, 0xE6, 0x10, 0xE6, 0x10, 0xE6, 0x10, 0xE6, 0x10,
    0xE6, 0x10, 0xE6, 0x10, 0xE6, 0x10, 0xE6, 0x10, 0xE6, 0x10, 0xE6, 0x10, 0xE6, 0x10, 0xE6, 0x10,
    0xE6, 0x10, 0xE6, 0x10, 0xE6, 0x10, 0xE6, 0x10, 0xE6, 0x10, 0xE6, 0x10, 0xE6, 0x10, 0xE6, 0x10,
    0xE6, 0x10, 0xE6, 0x10, 0xE6, 0x10, 0xE6, 0x10, 0xE6, 0x10, 0xE6, 0x10, 0xE6, 0x10, 0xE6, 0x10,
    0xE6, 0x10, 0xE6, 0x10, 0xE6, 0x10, 0xE6, 0x10, 0xE6, 0x10, 0xE6, 0x10, 0xE6, 0x10, 0xE6, 0x10,
    0xE6, 0x10, 0xE6, 0x10, 0xE6, 0x10, 0xE6, 0x10, 0xE6, 0x10, 0xE6, 0x10, 0xE6, 0x10, 0xE6, 0x10,
    0xE6, 0x10, 0xE6, 0x10, 0xE6, 0x10, 0xE6, 0x10, 0xE6, 0x10, 0xE6, 0x10, 0xE6, 0x10, 0xE6, 0x10,
    0xE6, 0x10, 0xE6, 0x10, 0xE6, 0x10, 0xE6, 0x10, 0xE6, 0x10, 0xE6, 0x10, 0xE6, 0x10, 0xE6, 0x10,
    0xE6, 0x10, 0xE6, 0x10, 0xE6, 0x10, 0xE6, 0x10, 0xE6, 0x10, 0xE6, 0x10, 0xC6, 0x10, 0xC6, 0x10,
    0xC5, 0x10, 0xC5, 0x10, 0xC5, 0x10, 0xC5, 0x10, 0xC5, 0x10, 0xC5, 0x10, 0xC5, 0x10, 0xC5, 0x10,
    0xC5, 0x10, 0xC5, 0x10, 0xC5, 0x10, 0xC5, 0x10, 0xC5, 0x10, 0xC5, 0x10, 0xC5, 0x10, 0xC5, 0x10,
    0xC5, 0x10, 0xC5, 0x10, 0xC5, 0x10, 0xC5, 0x10, 0xC5, 0x10, 0xC5, 0x10, 0xC5, 0x10, 0xC5, 0x10,
    0xC5, 0x10, 0xC5, 0x10, 0xC5, 0x10, 0xC5, 0x10, 0xC5, 0x08, 0xC5, 0x08, 0xC5, 0x08, 0xC5, 0x08,
    0xC5, 0x08, 0xC5, 0x08, 0xC5, 0x08, 0xC5, 0x08, 0xC5, 0x08, 0xC5, 0x08, 0xC5, 0x08, 0xC5, 0x08,
    0xA5, 0x08, 0xA5, 0x08, 0xA5, 0x08, 0xA5, 0x08, 0xA5, 0x08, 0xA5, 0x08, 0xA5, 0x08, 0xA5, 0x08,
    0xA5, 0x08, 0xA5, 0x08, 0xA5, 0x08, 0xA5, 0x08, 0xA5, 0x08, 0xA5, 0x08, 0xA5, 0x08, 0xA5, 0x08,
    0xC5, 0x08, 0xC5, 0x08, 0xC5, 0x08, 0xC5, 0x08, 0xC5, 0x08, 0xC5, 0x08, 0xC5, 0x08, 0xC5, 0x08,
    0xC5, 0x08, 0xC5, 0x08, 0xC5, 0x08, 0xC5, 0x08, 0xC5, 0x10, 0xC5, 0x10, 0xC5, 0x10, 0xC5, 0x10,
    0xC5, 0x10, 0xC5, 0x10, 0xC5, 0x10, 0xC5, 0x10, 0xC5, 0x10, 0xC5, 0x10, 0xC5, 0x10, 0xC5, 0x10,
    0xC5, 0x10, 0xC5, 0x10, 0xC5, 0x10, 0xC5, 0x10, 0xC5, 0x10, 0xC5, 0x10, 0xC5, 0x10, 0xC5, 0x10,
    0xC5, 0x10, 0xC5, 0x10, 0xC5, 0x10, 0xC5, 0x10, 0xC5, 0x10, 0xC5, 0x10, 0xC5, 0x10, 0xC6, 0x10,
    0xC6, 0x10, 0xE6, 0x10, 0xE6, 0x10, 0xE6, 0x10, 0xE6, 0x10, 0xE6, 0x10, 0xE6, 0x10, 0xE6, 0x10,
    0xE6, 0x10, 0xE6, 0x10, 0xE6, 0x10, 0xE6, 0x10, 0xE6, 0x10, 0xE6, 0x10, 0xE6, 0x10, 0xE6, 0x10,
    0xE6, 0x10, 0xE6, 0x10, 0xE6, 0x10, 0xE6, 0x10, 0xE6, 0x10, 0xE6, 0x10, 0xE6, 0x10, 0xE6, 0x10,
    0xE6, 0x10, 0xE6, 0x10, 0xE6, 0x10, 0xE6, 0x10, 0xE6, 0x10, 0xE6, 0x10, 0xE6, 0x10, 0xE6, 0x10,
    0xE6, 0x10, 0xE6, 0x10, 0xE6, 0x10, 0xE6, 0x10, 0xE6, 0x10, 0xE6, 0x10, 0xE6, 0x10, 0xE6, 0x10,
    0xE6, 0x10, 0xE6, 0x10, 0xE6, 0x10, 0xE6, 0x10, 0xE6, 0x10, 0xE6, 0x10, 0xE6, 0x10, 0xE6, 0x10,
    0xE6, 0x10, 0xE6, 0x10, 0xE6, 0x10, 0xE6, 0x10, 0xE6, 0x10, 0xE6, 0x10, 0xE6, 0x10, 0xE6, 0x10,
    0xE6, 0x10, 0xE6, 0x10, 0xE6, 0x10, 0xE6, 0x10, 0xE6, 0x10, 0xE6, 0x10, 0xE6, 0x10, 0xE6, 0x10,
    0xE6, 0x10, 0xE6, 0x10, 0xE6, 0x10, 0xE6, 0x10, 0xE6, 0x10, 0xE6, 0x10, 0xE6, 0x10, 0xE6, 0x10,
    0xE6, 0x10, 0xE6, 0x10, 0xE6, 0x10, 0xE6, 0x10, 0xE6, 0x10, 0xE6, 0x10, 0xE6, 0x10, 0xE6, 0x10,
    0xE6, 0x10, 0xE6, 0x10, 0xE6, 0x10, 0xE6, 0x10, 0xE6, 0x10, 0xE6, 0x10, 0xE6, 0x10, 0xE6, 0x10,
    0xE6, 0x10, 0xE6, 0x10, 0xE6, 0x10, 0xE6, 0x10, 0xE6, 0x10, 0xE6, 0x10, 0xE6, 0x10, 0xE6, 0x10,
    0xE6, 0x10, 0xE6, 0x10, 0xE6, 0x10, 0xE6, 0x10, 0xE6, 0x10, 0xE6, 0x10, 0xE6, 0x10, 0xE6, 0x10,
    0xE6, 0x10, 0xE6, 0x10, 0xE6, 0x10, 0xE6, 0x10, 0xE6, 0x10, 0xE6, 0x10, 0xE6, 0x10, 0xE6, 0x10,
    0xE6, 0x10, 0xE6, 0x10, 0xE6, 0x10, 0xE6, 0x10, 0xE6, 0x10, 0xE6, 0x10, 0xE6, 0x10, 0xE6, 0x10,
    0xE6, 0x10, 0xE6, 0x10, 0xE6, 0x10, 0xE6, 0x10, 0xE6, 0x10, 0xE6, 0x10, 0xE6, 0x10, 0xE6, 0x10,
    0xE6, 0x10, 0xE6, 0x10, 0xE6, 0x10, 0xE6, 0x10, 0xE6, 0x10, 0xE6, 0x10, 0xE6, 0x10, 0xE6, 0x10,
    0xE6, 0x10, 0xE6, 0x10, 0xE6, 0x10, 0xE6, 0x10, 0xE6, 0x10, 0xE6, 0x10, 0xE6, 0x10, 0xE6, 0x10,
    0xC6, 0x10, 0xC6, 0x10, 0xC5, 0x10, 0xC5, 0x10, 0xC5, 0x10, 0xC5, 0x10, 0xC5, 0x10, 0xC5, 0x10,
    0xC5, 0x10, 0xC5, 0x10, 0xC5, 0x10, 0xC5, 0x10, 0xC5, 0x10, 0xC5, 0x10, 0xC5, 0x10, 0xC5, 0x10,
    0xC5, 0x10, 0xC5, 0x10, 0xC5, 0x10, 0xC5, 0x10, 0xC5, 0x10, 0xC5, 0x10, 0xC5, 0x10, 0xC5, 0x10,
    0xC5, 0x10, 0xC5, 0x10, 0xC5, 0x10, 0xC5, 0x10, 0xC5, 0x10, 0xC5, 0x08, 0xC5, 0x08, 0xC5, 0x08,
    0xC5, 0x08, 0xC5, 0x08, 0xC5, 0x08, 0xC5, 0x08, 0xC5, 0x08, 0xC5, 0x08, 0xC5, 0x08, 0xC5, 0x08,
    0xC5, 0x08, 0xA5, 0x08, 0xA5, 0x08, 0xA5, 0x08, 0xA5, 0x08, 0xA5, 0x08, 0xA5, 0x08, 0xA5, 0x08,
    0xC5, 0x08, 0xC5, 0x08, 0xC5, 0x08, 0xC5, 0x08, 0xC5, 0x08, 0xC5, 0x08, 0xC5, 0x08, 0xC5, 0x10,
    0xC5, 0x10, 0xC5, 0x10, 0xC5, 0x10, 0xC5, 0x10, 0xC5, 0x10, 0xC5, 0x10, 0xC5, 0x10, 0xC5, 0x10,
    0xC5, 0x10, 0xC5, 0x10, 0xC5, 0x10, 0xC5, 0x10, 0xC5, 0x10, 0xC5, 0x10, 0xC5, 0x10, 0xC6, 0x10,
    0xC6, 0x10, 0xC6, 0x10, 0xC6, 0x10, 0xE6, 0x10, 0xE6, 0x10, 0xE6, 0x10, 0xE6, 0x10, 0xE6, 0x10,
    0xE6, 0x10, 0xE6, 0x10, 0xE6, 0x10, 0xE6, 0x10, 0xE6, 0x10, 0xE6, 0x10, 0xE6, 0x10, 0xE6, 0x10,
    0xE6, 0x10, 0xE6, 0x10, 0xE6, 0x10, 0xE6, 0x10, 0xE6, 0x10, 0xE6, 0x10, 0xE6, 0x10, 0xE6, 0x10,
    0xE6, 0x10, 0xE6, 0x10, 0xE6, 0x10, 0xE6, 0x10, 0xE6, 0x10, 0xE6, 0x10, 0xE6, 0x10, 0xE6, 0x10,
    0xE6, 0x10, 0xE6, 0x10, 0xE6, 0x10, 0xE6, 0x10, 0xE6, 0x10, 0xE6, 0x10, 0xE6, 0x10, 0xE6, 0x10,
    0xE6, 0x10, 0xE6, 0x10, 0xE6, 0x10, 0xE6, 0x10, 0xE6, 0x10, 0xE6, 0x10, 0xE6, 0x10, 0x06, 0x11,
    0x06, 0x11, 0x06, 0x11, 0x06, 0x11, 0x06, 0x11, 0x06, 0x11, 0x06, 0x11, 0x06, 0x11, 0x06, 0x11,
    0x06, 0x11, 0x06, 0x11, 0x06, 0x11, 0x06, 0x11, 0x06, 0x11, 0x06, 0x11, 0x07, 0x11, 0x07, 0x11,
    0x07, 0x11, 0x07, 0x11, 0x07, 0x11, 0x07, 0x11, 0x07, 0x11, 0x07, 0x11, 0x07, 0x11, 0x07, 0x11,
    0x07, 0x11, 0x07, 0x11, 0x07, 0x11, 0x07, 0x11, 0x07, 0x11, 0x07, 0x11, 0x07, 0x11, 0x07, 0x11,
    0x07, 0x11, 0x07, 0x11, 0x07, 0x11, 0x07, 0x11, 0x07, 0x11, 0x07, 0x11, 0x07, 0x11, 0x07, 0x11,
    0x07, 0x11, 0x07, 0x11, 0x07, 0x11, 0x07, 0x11, 0x07, 0x11, 0x07, 0x11, 0x07, 0x11, 0x07, 0x11,
    0x07, 0x11, 0x07, 0x11, 0x07, 0x11, 0x07, 0x11, 0x07, 0x11, 0x07, 0x11, 0x07, 0x11, 0x07, 0x11,
    0x07, 0x11, 0x07, 0x11, 0x07, 0x11, 0x07, 0x11, 0x07, 0x11, 0x07, 0x11, 0x07, 0x11, 0x07, 0x11,
    0x07, 0x11, 0x07, 0x11, 0x07, 0x11, 0x07, 0x11, 0x07, 0x11, 0x07, 0x11, 0x07, 0x11, 0x07, 0x11,
    0x07, 0x11, 0x07, 0x11, 0x07, 0x11, 0x07, 0x11, 0x07, 0x11, 0x07, 0x11, 0x07, 0x11, 0x07, 0x11,
    0x07, 0x11, 0x07, 0x11, 0x07, 0x11, 0x06, 0x11, 0x06, 0x11, 0x06, 0x11, 0x06, 0x11, 0x06, 0x11,
    0x06, 0x11, 0x06, 0x11, 0x06, 0x11, 0x06, 0x11, 0x06, 0x11, 0x06, 0x11, 0x06, 0x11, 0x06, 0x11,
    0x06, 0x11, 0x06, 0x11, 0xE6, 0x10, 0xE6, 0x10, 0xE6, 0x10, 0xE6, 0x10, 0xE6, 0x10, 0xE6, 0x10,
    0xE6, 0x10, 0xE6, 0x10, 0xE6, 0x10, 0xE6, 0x10, 0xE6, 0x10, 0xE6, 0x10, 0xE6, 0x10, 0xE6, 0x10,
    0xE6, 0x10, 0xE6, 0x10, 0xE6, 0x10, 0xE6, 0x10, 0xE6, 0x10, 0xE6, 0x10, 0xE6, 0x10, 0xE6, 0x10,
    0xE6, 0x10, 0xE6, 0x10, 0xE6, 0x10, 0xE6, 0x10, 0xE6, 0x10, 0xE6, 0x10, 0xE6, 0x10, 0xE6, 0x10,
    0xE6, 0x10, 0xE6, 0x10, 0xE6, 0x10, 0xE6, 0x10, 0xE6, 0x10, 0xE6, 0x10, 0xE6, 0x10, 0xE6, 0x10,
    0xE6, 0x10, 0xE6, 0x10, 0xE6, 0x10, 0xE6, 0x10, 0xE6, 0x10, 0xE6, 0x10, 0xC6, 0x10, 0xC6, 0x10,
    0xC6, 0x10, 0xC6, 0x10, 0xC5, 0x10, 0xC5, 0x10, 0xC5, 0x10, 0xC5, 0x10, 0xC5, 0x10, 0xC5, 0x10,
    0xC5, 0x10, 0xC5, 0x10, 0xC5, 0x10, 0xC5, 0x10, 0xC5, 0x10, 0xC5, 0x10, 0xC5, 0x10, 0xC5, 0x10,
    0xC5, 0x10, 0xC5, 0x10, 0xC5, 0x08, 0xC5, 0x08, 0xC5, 0x08, 0xC5, 0x08, 0xC5, 0x08, 0xC5, 0x08,
    0xA5, 0x08, 0xA5, 0x08, 0xA5, 0x08, 0xA5, 0x08, 0xA5, 0x08, 0xC5, 0x08, 0xC5, 0x08, 0xC5, 0x08,
    0xC5, 0x08, 0xC5, 0x08, 0xC5, 0x08, 0xC5, 0x08, 0xC5, 0x08, 0xC5, 0x08, 0xC5, 0x08, 0xC5, 0x08,
    0xC5, 0x08, 0xC5, 0x08, 0xC5, 0x10, 0xC5, 0x10, 0xC5, 0x10, 0xC5, 0x10, 0xC5, 0x10, 0xC5, 0x10,
    0xC5, 0x10, 0xC5, 0x10, 0xC5, 0x10, 0xC5, 0x10, 0xC5, 0x10, 0xC5, 0x10, 0xC5, 0x10, 0xC5, 0x10,
    0xC5, 0x10, 0xC5, 0x10, 0xC5, 0x10, 0xC5, 0x10, 0xC5, 0x10, 0xC5, 0x10, 0xC5, 0x10, 0xC5, 0x10,
    0xC5, 0x10, 0xC5, 0x10, 0xC5, 0x10, 0xC6, 0x10, 0xC6, 0x10, 0xE6, 0x10, 0xE6, 0x10, 0xE6, 0x10,
    0xE6, 0x10, 0xE6, 0x10, 0xE6, 0x10, 0xE6, 0x10, 0xE6, 0x10, 0xE6, 0x10, 0xE6, 0x10, 0xE6, 0x10,
    0xE6, 0x10, 0xE6, 0x10, 0xE6, 0x10, 0xE6, 0x10, 0xE6, 0x10, 0xE6, 0x10, 0xE6, 0x10, 0xE6, 0x10,
    0xE6, 0x10, 0xE6, 0x10, 0xE6, 0x10, 0xE6, 0x10, 0xE6, 0x10, 0xE6, 0x10, 0xE6, 0x10, 0xE6, 0x10,
    0xE6, 0x10, 0xE6, 0x10, 0xE6, 0x10, 0xE6, 0x10, 0xE6, 0x10, 0xE6, 0x10, 0xE6, 0x10, 0xE6, 0x10,
    0xE6, 0x10, 0xE6, 0x10, 0xE6, 0x10, 0xE6, 0x10, 0xE6, 0x10, 0xE6, 0x10, 0xE6, 0x10, 0xE6, 0x10,
    0xE6, 0x10, 0xE6, 0x10, 0xE6, 0x10, 0xE6, 0x10, 0xE6, 0x10, 0xE6, 0x10, 0xE6, 0x10, 0xE6, 0x10,
    0xE6, 0x10, 0xE6, 0x10, 0xE6, 0x10, 0xE6, 0x10, 0xE6, 0x10, 0xE6, 0x10, 0xE6, 0x10, 0xE6, 0x10,
    0xE6, 0x10, 0xE6, 0x10, 0xE6, 0x10, 0xE6, 0x10, 0xE6, 0x10, 0xE6, 0x10, 0xE6, 0x10, 0xE6, 0x10,
    0xE6, 0x10, 0x06, 0x11, 0x06, 0x11, 0x06, 0x11, 0x06, 0x11, 0x06, 0x11, 0x06, 0x11, 0x06, 0x11,
    0x06, 0x11, 0x06, 0x11, 0x06, 0x11, 0x06, 0x11, 0x06, 0x11, 0x06, 0x11, 0x06, 0x11, 0x06, 0x11,
    0xE6, 0x10, 0xE6, 0x10, 0xE6, 0x10, 0xE6, 0x10, 0xE6, 0x10, 0xE6, 0x10, 0xE6, 0x10, 0xE6, 0x10,
    0xE6, 0x10, 0xE6, 0x10, 0xE6, 0x10, 0xE6, 0x10, 0xE6, 0x10, 0xE6, 0x10, 0xE6, 0x10, 0xE6, 0x10,
    0xE6, 0x10, 0xE6, 0x10, 0xE6, 0x10, 0xE6, 0x10, 0xE6, 0x10, 0xE6, 0x10, 0xE6, 0x10, 0xE6, 0x10,
    0xE6, 0x10, 0xE6, 0x10, 0xE6, 0x10, 0xE6, 0x10, 0xE6, 0x10, 0xE6, 0x10, 0xE6, 0x10, 0xE6, 0x10,
    0xE6, 0x10, 0xE6, 0x10, 0xE6, 0x10, 0xE6, 0x10, 0xE6, 0x10, 0xE6, 0x10, 0xE6, 0x10, 0xE6, 0x10,
    0xE6, 0x10, 0xE6, 0x10, 0xE6, 0x10, 0xE6, 0x10, 0xE6, 0x10, 0xE6, 0x10, 0xE6, 0x10, 0xE6, 0x10,
    0xE6, 0x10, 0xE6, 0x10, 0xE6, 0x10, 0xE6, 0x10, 0xE6, 0x10, 0xE6, 0x10, 0xE6, 0x10, 0xE6, 0x10,
    0xE6, 0x10, 0xE6, 0x10, 0xE6, 0x10, 0xE6, 0x10, 0xE6, 0x10, 0xE6, 0x10, 0xE6, 0x10, 0xE6, 0x10,
    0xE6, 0x10, 0xE6, 0x10, 0xE6, 0x10, 0xE6, 0x10, 0xC6, 0x10, 0xC6, 0x10, 0xC5, 0x10, 0xC5, 0x10,
    0xC5, 0x10, 0xC5, 0x10, 0xC5, 0x10, 0xC5, 0x10, 0xC5, 0x10, 0xC5, 0x10, 0xC5, 0x10, 0xC5, 0x10,
    0xC5, 0x10, 0xC5, 0x10, 0xC5, 0x10, 0xC5, 0x10, 0xC5, 0x10, 0xC5, 0x10, 0xC5, 0x10, 0xC5, 0x10,
    0xC5, 0x10, 0xC5, 0x10, 0xC5, 0x10, 0xC5, 0x10, 0xC5, 0x10, 0xC5, 0x10, 0xC5, 0x10, 0xC5, 0x08,
    0xC5, 0x08, 0xC5, 0x08, 0xC5, 0x08, 0xC5, 0x08, 0xC5, 0x08, 0xC5, 0x08, 0xC5, 0x08, 0xC5, 0x08,
    0xC5, 0x08, 0xC5, 0x08, 0xC5, 0x08, 0xC5, 0x08, 0xA5, 0x08, 0xA5, 0x08, 0xA5, 0x08, 0xA5, 0x08,
    0xA5, 0x08, 0xA5, 0x08, 0xA5, 0x08, 0xA5, 0x08, 0xC5, 0x08, 0xC5, 0x08, 0xC5, 0x08, 0xC5, 0x08,
    0xC5, 0x08, 0xC5, 0x08, 0xC5, 0x08, 0xC5, 0x08, 0xC5, 0x08, 0xC5, 0x08, 0xC5, 0x08, 0xC5, 0x08,
    0xC5, 0x08, 0xC5, 0x10, 0xC5, 0x10, 0xC5, 0x10, 0xC5, 0x10, 0xC5, 0x10, 0xC5, 0x10, 0xC5, 0x10,
    0xC5, 0x10, 0xC5, 0x10, 0xC5, 0x10, 0xC5, 0x10, 0xC5, 0x10, 0xC5, 0x10, 0xC5, 0x10, 0xC5, 0x10,
    0xC5, 0x10, 0xC5, 0x10, 0xC5, 0x10, 0xC5, 0x10, 0xC5, 0x10, 0xC5, 0x10, 0xC5, 0x10, 0xC5, 0x10,
    0xC5, 0x10, 0xC6, 0x10, 0xC6, 0x10, 0xE6, 0x10, 0xE6, 0x10, 0xE6, 0x10, 0xE6, 0x10, 0xE6, 0x10,
    0xE6, 0x10, 0xE6, 0x10, 0xE6, 0x10, 0xE6, 0x10, 0xE6, 0x10, 0xE6, 0x10, 0xE6, 0x10, 0xE6, 0x10,
    0xE6, 0x10, 0xE6, 0x10, 0xE6, 0x10, 0xE6, 0x10, 0xE6, 0x10, 0xE6, 0x10, 0xE6, 0x10, 0xE6, 0x10,
    0xE6, 0x10, 0xE6, 0x10, 0xE6, 0x10, 0xE6, 0x10, 0xE6, 0x10, 0xE6, 0x10, 0xE6, 0x10, 0xE6, 0x10,
    0xE6, 0x10, 0xE6, 0x10, 0xE6, 0x10, 0xE6, 0x10, 0xE6, 0x10, 0xE6, 0x10, 0xE6, 0x10, 0xE6, 0x10,
    0xE6, 0x10, 0xE6, 0x10, 0xE6, 0x10, 0xE6, 0x10, 0xE6, 0x10, 0xE6, 0x10, 0xE6, 0x10, 0xE6, 0x10,
    0xE6, 0x10, 0xE6, 0x10, 0xE6, 0x10, 0xE6, 0x10, 0xE6, 0x10, 0xE6, 0x10, 0xE6, 0x10, 0xE6, 0x10,
    0xE6, 0x10, 0xE6, 0x10, 0xE6, 0x10, 0xE6, 0x10, 0xE6, 0x10, 0xE6, 0x10, 0xE6, 0x10, 0xE6, 0x10,
    0x06, 0x11, 0x06, 0x11, 0x06, 0x11, 0x06, 0x11, 0x06, 0x11, 0x06, 0x11, 0x06, 0x11, 0x06, 0x11,
    0x06, 0x11, 0x06, 0x11, 0x06, 0x11, 0x06, 0x11, 0x06, 0x11, 0x06, 0x11, 0x06, 0x11, 0x06, 0x11,
    0x06, 0x11, 0x06, 0x11, 0x06, 0x11, 0x06, 0x11, 0x06, 0x11, 0x06, 0x11, 0x06, 0x11, 0x06, 0x11,
    0x06, 0x11, 0x06, 0x11, 0x06, 0x11, 0x06, 0x11, 0x06, 0x11, 0x06, 0x11, 0x06, 0x11, 0x06, 0x11,
    0x06, 0x11, 0xE6, 0x10, 0xE6, 0x10, 0xE6, 0x10, 0xE6, 0x10, 0xE6, 0x10, 0xE6, 0x10, 0xE6, 0x10,
    0xE6, 0x10, 0xE6, 0x10, 0xE6, 0x10, 0xE6, 0x10, 0xE6, 0x10, 0xE6, 0x10, 0xE6, 0x10, 0xE6, 0x10,
    0xE6, 0x10, 0xE6, 0x10, 0xE6, 0x10, 0xE6, 0x10, 0xE6, 0x10, 0xE6, 0x10, 0xE6, 0x10, 0xE6, 0x10,
    0xE6, 0x10, 0xE6, 0x10, 0xE6, 0x10, 0xE6, 0x10, 0xE6, 0x10, 0xE6, 0x10, 0xE6, 0x10, 0xE6, 0x10,
    0xE6, 0x10, 0xE6, 0x10, 0xE6, 0x10, 0xE6, 0x10, 0xE6, 0x10, 0xE6, 0x10, 0xE6, 0x10, 0xE6, 0x10,
    0xE6, 0x10, 0xE6, 0x10, 0xE6, 0x10, 0xE6, 0x10, 0xE6, 0x10, 0xE6, 0x10, 0xE6, 0x10, 0xE6, 0x10,
    0xE6, 0x10, 0xE6, 0x10, 0xE6, 0x10, 0xE6, 0x10, 0xE6, 0x10, 0xE6, 0x10, 0xE6, 0x10, 0xE6, 0x10,
    0xE6, 0x10, 0xE6, 0x10, 0xE6, 0x10, 0xE6, 0x10, 0xE6, 0x10, 0xE6, 0x10, 0xC6, 0x10, 0xC6, 0x10,
    0xC5, 0x10, 0xC5, 0x10, 0xC5, 0x10, 0xC5, 0x10, 0xC5, 0x10, 0xC5, 0x10, 0xC5, 0x10, 0xC5, 0x10,
    0xC5, 0x10, 0xC5, 0x10, 0xC5, 0x10, 0xC5, 0x10, 0xC5, 0x10, 0xC5, 0x10, 0xC5, 0x10, 0xC5, 0x10,
    0xC5, 0x10, 0xC5, 0x10, 0xC5, 0x10, 0xC5, 0x10, 0xC5, 0x10, 0xC5, 0x10, 0xC5, 0x10, 0xC5, 0x10,
    0xC5, 0x08, 0xC5, 0x08, 0xC5, 0x08, 0xC5, 0x08, 0xC5, 0x08, 0xC5, 0x08, 0xC5, 0x08, 0xC5, 0x08,
    0xC5, 0x08, 0xC5, 0x08, 0xC5, 0x08, 0xC5, 0x08, 0xC5, 0x08, 0xA5, 0x08, 0xA5, 0x08, 0xA5, 0x08,
    0xC5, 0x08, 0xC5, 0x08, 0xC5, 0x08, 0xC5, 0x08, 0xC5, 0x10, 0xC5, 0x10, 0xC5, 0x10, 0xC5, 0x10,
    0xC5, 0x10, 0xC5, 0x10, 0xC5, 0x10, 0xC5, 0x10, 0xC5, 0x10, 0xC5, 0x10, 0xC5, 0x10, 0xC5, 0x10,
    0xC5, 0x10, 0xC5, 0x10, 0xC6, 0x10, 0xC6, 0x10, 0xC6, 0x10, 0xC6, 0x10, 0xC6, 0x10, 0xE6, 0x10,
    0xE6, 0x10, 0xE6, 0x10, 0xE6, 0x10, 0xE6, 0x10, 0xE6, 0x10, 0xE6, 0x10, 0xE6, 0x10, 0xE6, 0x10,
    0xE6, 0x10, 0xE6, 0x10, 0xE6, 0x10, 0xE6, 0x10, 0xE6, 0x10, 0xE6, 0x10, 0xE6, 0x10, 0xE6, 0x10,
    0xE6, 0x10, 0xE6, 0x10, 0xE6, 0x10, 0xE6, 0x10, 0xE6, 0x10, 0xE6, 0x10, 0xE6, 0x10, 0xE6, 0x10,
    0xE6, 0x10, 0xE6, 0x10, 0xE6, 0x10, 0xE6, 0x10, 0xE6, 0x10, 0xE6, 0x10, 0xE6, 0x10, 0xE6, 0x10,
    0xE6, 0x10, 0xE6, 0x10, 0xE6, 0x10, 0xE6, 0x10, 0xE6, 0x10, 0xE6, 0x10, 0xE6, 0x10, 0x06, 0x11,
    0x06, 0x11, 0x06, 0x11, 0x06, 0x11, 0x06, 0x11, 0x06, 0x11, 0x06, 0x11, 0x06, 0x11, 0x06, 0x11,
    0x06, 0x11, 0x06, 0x11, 0x06, 0x11, 0x06, 0x11, 0x07, 0x11, 0x07, 0x11, 0x07, 0x11, 0x07, 0x11,
    0x07, 0x11, 0x07, 0x11, 0x07, 0x11, 0x07, 0x11, 0x07, 0x11, 0x07, 0x11, 0x07, 0x11, 0x07, 0x11,
    0x07, 0x11, 0x07, 0x11, 0x07, 0x11, 0x07, 0x11, 0x07, 0x11, 0x07, 0x11, 0x07, 0x11, 0x07, 0x11,
    0x07, 0x11, 0x07, 0x11, 0x07, 0x11, 0x07, 0x11, 0x07, 0x11, 0x07, 0x11, 0x07, 0x11, 0x07, 0x11,
    0x07, 0x11, 0x07, 0x11, 0x07, 0x11, 0x07, 0x11, 0x07, 0x11, 0x07, 0x11, 0x07, 0x11, 0x07, 0x11,
    0x07, 0x11, 0x07, 0x11, 0x07, 0x11, 0x07, 0x11, 0x07, 0x11, 0x07, 0x11, 0x07, 0x11, 0x07, 0x11,
    0x07, 0x11, 0x07, 0x11, 0x07, 0x11, 0x07, 0x11, 0x07, 0x11, 0x07, 0x11, 0x07, 0x11, 0x07, 0x11,
    0x07, 0x11, 0x07, 0x11, 0x07, 0x11, 0x07, 0x11, 0x07, 0x11, 0x07, 0x11, 0x07, 0x11, 0x07, 0x11,
    0x07, 0x11, 0x07, 0x11, 0x07, 0x11, 0x07, 0x11, 0x07, 0x11, 0x07, 0x11, 0x07, 0x11, 0x07, 0x11,
    0x07, 0x11, 0x07, 0x11, 0x07, 0x11, 0x07, 0x11, 0x07, 0x11, 0x07, 0x11, 0x07, 0x11, 0x07, 0x11,
    0x07, 0x11, 0x07, 0x11, 0x07, 0x11, 0x07, 0x11, 0x07, 0x11, 0x07, 0x11, 0x07, 0x11, 0x07, 0x11,
    0x07, 0x11, 0x07, 0x11, 0x07, 0x11, 0x07, 0x11, 0x07, 0x11, 0x06, 0x11, 0x06, 0x11, 0x06, 0x11,
    0x06, 0x11, 0x06, 0x11, 0x06, 0x11, 0x06, 0x11, 0x06, 0x11, 0x06, 0x11, 0x06, 0x11, 0x06, 0x11,
    0x06, 0x11, 0x06, 0x11, 0xE6, 0x10, 0xE6, 0x10, 0xE6, 0x10, 0xE6, 0x10, 0xE6, 0x10, 0xE6, 0x10,
    0xE6, 0x10, 0xE6, 0x10, 0xE6, 0x10, 0xE6, 0x10, 0xE6, 0x10, 0xE6, 0x10, 0xE6, 0x10, 0xE6, 0x10,
    0xE6, 0x10, 0xE6, 0x10, 0xE6, 0x10, 0xE6, 0x10, 0xE6, 0x10, 0xE6, 0x10, 0xE6, 0x10, 0xE6, 0x10,
    0xE6, 0x10, 0xE6, 0x10, 0xE6, 0x10, 0xE6, 0x10, 0xE6, 0x10, 0xE6, 0x10, 0xE6, 0x10, 0xE6, 0x10,
    0xE6, 0x10, 0xE6, 0x10, 0xE6, 0x10, 0xE6, 0x10, 0xE6, 0x10, 0xE6, 0x10, 0xE6, 0x10, 0xE6, 0x10,
    0xE6, 0x10, 0xE6, 0x10, 0xC6, 0x10, 0xC6, 0x10, 0xC6, 0x10, 0xC6, 0x10, 0xC6, 0x10, 0xC5, 0x10,
    0xC5, 0x10, 0xC5, 0x10, 0xC5, 0x10, 0xC5, 0x10, 0xC5, 0x10, 0xC5, 0x10, 0xC5, 0x10, 0xC5, 0x10,
    0xC5, 0x10, 0xC5, 0x10, 0xC5, 0x10, 0xC5, 0x10, 0xC5, 0x10, 0xC5, 0x08, 0xC5, 0x08, 0xC5, 0x08,
    0xA5, 0x08, 0xC5, 0x08, 0xC5, 0x08, 0xC5, 0x08, 0xC5, 0x08, 0xC5, 0x08, 0xC5, 0x08, 0xC5, 0x08,
    0xC5, 0x08, 0xC5, 0x08, 0xC5, 0x08, 0xC5, 0x08, 0xC5, 0x08, 0xC5, 0x08, 0xC5, 0x08, 0xC5, 0x10,
    0xC5, 0x10, 0xC5, 0x10, 0xC5, 0x10, 0xC5, 0x10, 0xC5, 0x10, 0xC5, 0x10, 0xC5, 0x10, 0xC5, 0x10,
    0xC5, 0x10, 0xC5, 0x10, 0xC5, 0x10, 0xC5, 0x10, 0xC5, 0x10, 0xC5, 0x10, 0xC5, 0x10, 0xC5, 0x10,
    0xC5, 0x10, 0xC5, 0x10, 0xC5, 0x10, 0xC5, 0x10, 0xC5, 0x10, 0xC6, 0x10, 0xC6, 0x10, 0xC6, 0x10,
    0xE6, 0x10, 0xE6, 0x10, 0xE6, 0x10, 0xE6, 0x10, 0xE6, 0x10, 0xE6, 0x10, 0xE6, 0x10, 0xE6, 0x10,
    0xE6, 0x10, 0xE6, 0x10, 0xE6, 0x10, 0xE6, 0x10, 0xE6, 0x10, 0xE6, 0x10, 0xE6, 0x10, 0xE6, 0x10,
    0xE6, 0x10, 0xE6, 0x10, 0xE6, 0x10, 0xE6, 0x10, 0xE6, 0x10, 0xE6, 0x10, 0xE6, 0x10, 0xE6, 0x10,
    0xE6, 0x10, 0xE6, 0x10, 0xE6, 0x10, 0xE6, 0x10, 0xE6, 0x10, 0xE6, 0x10, 0xE6, 0x10, 0xE6, 0x10,
    0xE6, 0x10, 0xE6, 0x10, 0xE6, 0x10, 0xE6, 0x10, 0xE6, 0x10, 0xE6, 0x10, 0xE6, 0x10, 0xE6, 0x10,
    0xE6, 0x10, 0xE6, 0x10, 0xE6, 0x10, 0xE6, 0x10, 0xE6, 0x10, 0xE6, 0x10, 0xE6, 0x10, 0xE6, 0x10,
    0xE6, 0x10, 0xE6, 0x10, 0xE6, 0x10, 0xE6, 0x10, 0xE6, 0x10, 0x06, 0x11, 0x06, 0x11, 0x06, 0x11,
    0x06, 0x11, 0x06, 0x11, 0x06, 0x11, 0x06, 0x11, 0x06, 0x11, 0x06, 0x11, 0x06, 0x11, 0x06, 0x11,
    0x06, 0x11, 0x06, 0x11, 0x06, 0x11, 0x06, 0x11, 0x06, 0x11, 0x06, 0x11, 0x06, 0x11, 0x06, 0x11,
    0x06, 0x11, 0x06, 0x11, 0x06, 0x11, 0x06, 0x11, 0x06, 0x11, 0x06, 0x11, 0x06, 0x11, 0x06, 0x11,
    0x06, 0x11, 0x06, 0x11, 0x06, 0x11, 0x06, 0x11, 0x06, 0x11, 0x06, 0x11, 0x06, 0x11, 0x06, 0x11,
    0x06, 0x11, 0x06, 0x11, 0x06, 0x11, 0x06, 0x11, 0x06, 0x11, 0x06, 0x11, 0x06, 0x11, 0x06, 0x11,
    0x06, 0x11, 0x06, 0x11, 0x06, 0x11, 0x06, 0x11, 0x06, 0x11, 0x06, 0x11, 0x06, 0x11, 0x06, 0x11,
    0x06, 0x11, 0x06, 0x11, 0x06, 0x11, 0x06, 0x11, 0xE6, 0x10, 0xE6, 0x10, 0xE6, 0x10, 0xE6, 0x10,
    0xE6, 0x10, 0xE6, 0x10, 0xE6, 0x10, 0xE6, 0x10, 0xE6, 0x10, 0xE6, 0x10, 0xE6, 0x10, 0xE6, 0x10,
    0xE6, 0x10, 0xE6, 0x10, 0xE6, 0x10, 0xE6, 0x10, 0xE6, 0x10, 0xE6, 0x10, 0xE6, 0x10, 0xE6, 0x10,
    0xE6, 0x10, 0xE6, 0x10, 0xE6, 0x10, 0xE6, 0x10, 0xE6, 0x10, 0xE6, 0x10, 0xE6, 0x10, 0xE6, 0x10,
    0xE6, 0x10, 0xE6, 0x10, 0xE6, 0x10, 0xE6, 0x10, 0xE6, 0x10, 0xE6, 0x10, 0xE6, 0x10, 0xE6, 0x10,
    0xE6, 0x10, 0xE6, 0x10, 0xE6, 0x10, 0xE6, 0x10, 0xE6, 0x10, 0xE6, 0x10, 0xE6, 0x10, 0xE6, 0x10,
    0xE6, 0x10, 0xE6, 0x10, 0xE6, 0x10, 0xE6, 0x10, 0xE6, 0x10, 0xE6, 0x10, 0xE6, 0x10, 0xE6, 0x10,
    0xE6, 0x10, 0xC6, 0x10, 0xC6, 0x10, 0xC6, 0x10, 0xC5, 0x10, 0xC5, 0x10, 0xC5, 0x10, 0xC5, 0x10,
    0xC5, 0x10, 0xC5, 0x10, 0xC5, 0x10, 0xC5, 0x10, 0xC5, 0x10, 0xC5, 0x10, 0xC5, 0x10, 0xC5, 0x10,
    0xC5, 0x10, 0xC5, 0x10, 0xC5, 0x10, 0xC5, 0x10, 0xC5, 0x10, 0xC5, 0x10, 0xC5, 0x10, 0xC5, 0x10,
    0xC5, 0x10, 0xC5, 0x10, 0xC5, 0x08, 0xC5, 0x08, 0xC5, 0x08, 0xC5, 0x08, 0xC5, 0x08, 0xC5, 0x08,
    0xC5, 0x08, 0xC5, 0x08, 0xC5, 0x08, 0xC5, 0x08, 0xC5, 0x08, 0xC5, 0x08, 0xC5, 0x08, 0xC5, 0x08,
    0xC5, 0x08, 0xC5, 0x08, 0xC5, 0x08, 0xC5, 0x08, 0xC5, 0x08, 0xC5, 0x08, 0xC5, 0x08, 0xC5, 0x08,
    0xC5, 0x08, 0xC5, 0x08, 0xC5, 0x08, 0xC5, 0x08, 0xC5, 0x08, 0xC5, 0x08, 0xC5, 0x10, 0xC5, 0x10,
    0xC5, 0x10, 0xC5, 0x10, 0xC5, 0x10, 0xC5, 0x10, 0xC5, 0x10, 0xC5, 0x10, 0xC5, 0x10, 0xC5, 0x10,
    0xC5, 0x10, 0xC5, 0x10, 0xC5, 0x10, 0xC5, 0x10, 0xC5, 0x10, 0xC5, 0x10, 0xC5, 0x10, 0xC5, 0x10,
    0xC5, 0x10, 0xC5, 0x10, 0xC5, 0x10, 0xC5, 0x10, 0xC6, 0x10, 0xC6, 0x10, 0xE6, 0x10, 0xE6, 0x10,
    0xE6, 0x10, 0xE6, 0x10, 0xE6, 0x10, 0xE6, 0x10, 0xE6, 0x10, 0xE6, 0x10, 0xE6, 0x10, 0xE6, 0x10,
    0xE6, 0x10, 0xE6, 0x10, 0xE6, 0x10, 0xE6, 0x10, 0xE6, 0x10, 0xE6, 0x10, 0xE6, 0x10, 0xE6, 0x10,
    0xE6, 0x10, 0xE6, 0x10, 0xE6, 0x10, 0xE6, 0x10, 0xE6, 0x10, 0xE6, 0x10, 0xE6, 0x10, 0xE6, 0x10,
    0xE6, 0x10, 0xE6, 0x10, 0xE6, 0x10, 0xE6, 0x10, 0xE6, 0x10, 0xE6, 0x10, 0xE6, 0x10, 0xE6, 0x10,
    0xE6, 0x10, 0xE6, 0x10, 0xE6, 0x10, 0xE6, 0x10, 0xE6, 0x10, 0xE6, 0x10, 0xE6, 0x10, 0xE6, 0x10,
    0xE6, 0x10, 0xE6, 0x10, 0xE6, 0x10, 0xE6, 0x10, 0xE6, 0x10, 0xE6, 0x10, 0xE6, 0x10, 0xE6, 0x10,
    0xE6, 0x10, 0x06, 0x11, 0x06, 0x11, 0x06, 0x11, 0x06, 0x11, 0x06, 0x11, 0x06, 0x11, 0x06, 0x11,
    0x06, 0x11, 0x06, 0x11, 0x06, 0x11, 0x06, 0x11, 0x06, 0x11, 0x06, 0x11, 0x06, 0x11, 0x06, 0x11,
    0x06, 0x11, 0x06, 0x11, 0x06, 0x11, 0x06, 0x11, 0x06, 0x11, 0x06, 0x11, 0x06, 0x11, 0x06, 0x11,
    0x06, 0x11, 0x06, 0x11, 0x06, 0x11, 0x06, 0x11, 0x06, 0x11, 0x06, 0x11, 0x06, 0x11, 0x06, 0x11,
    0x06, 0x11, 0x06, 0x11, 0x06, 0x11, 0x06, 0x11, 0x06, 0x11, 0x06, 0x11, 0x06, 0x11, 0x06, 0x11,
    0x06, 0x11, 0x06, 0x11, 0x06, 0x11, 0x06, 0x11, 0x06, 0x11, 0x06, 0x11, 0x06, 0x11, 0x06, 0x11,
    0x06, 0x11, 0x06, 0x11, 0x06, 0x11, 0x06, 0x11, 0x06, 0x11, 0x06, 0x11, 0x06, 0x11, 0x06, 0x11,
    0x06, 0x11, 0x06, 0x11, 0x06, 0x11, 0x06, 0x11, 0x06, 0x11, 0x06, 0x11, 0x06, 0x11, 0x06, 0x11,
    0xE6, 0x10, 0xE6, 0x10, 0xE6, 0x10, 0xE6, 0x10, 0xE6, 0x10, 0xE6, 0x10, 0xE6, 0x10, 0xE6, 0x10,
    0xE6, 0x10, 0xE6, 0x10, 0xE6, 0x10, 0xE6, 0x10, 0xE6, 0x10, 0xE6, 0x10, 0xE6, 0x10, 0xE6, 0x10,
    0xE6, 0x10, 0xE6, 0x10, 0xE6, 0x10, 0xE6, 0x10, 0xE6, 0x10, 0xE6, 0x10, 0xE6, 0x10, 0xE6, 0x10,
    0xE6, 0x10, 0xE6, 0x10, 0xE6, 0x10, 0xE6, 0x10, 0xE6, 0x10, 0xE6, 0x10, 0xE6, 0x10, 0xE6, 0x10,
    0xE6, 0x10, 0xE6, 0x10, 0xE6, 0x10, 0xE6, 0x10, 0xE6, 0x10, 0xE6, 0x10, 0xE6, 0x10, 0xE6, 0x10,
    0xE6, 0x10, 0xE6, 0x10, 0xE6, 0x10, 0xE6, 0x10, 0xE6, 0x10, 0xE6, 0x10, 0xE6, 0x10, 0xE6, 0x10,
    0xE6, 0x10, 0xE6, 0x10, 0xE6, 0x10, 0xC6, 0x10, 0xC6, 0x10, 0xC5, 0x10, 0xC5, 0x10, 0xC5, 0x10,
    0xC5, 0x10, 0xC5, 0x10, 0xC5, 0x10, 0xC5, 0x10, 0xC5, 0x10, 0xC5, 0x10, 0xC5, 0x10, 0xC5, 0x10,
    0xC5, 0x10, 0xC5, 0x10, 0xC5, 0x10, 0xC5, 0x10, 0xC5, 0x10, 0xC5, 0x10, 0xC5, 0x10, 0xC5, 0x10,
    0xC5, 0x10, 0xC5, 0x10, 0xC5, 0x10, 0xC5, 0x08, 0xC5, 0x08, 0xC5, 0x08, 0xC5, 0x08, 0xC5, 0x08,
    0xC5, 0x08, 0xC5, 0x08, 0xC5, 0x08, 0xC5, 0x08, 0xC5, 0x08, 0xC5, 0x08, 0xC5, 0x08, 0xC5, 0x08,
    0xC5, 0x08, 0xC5, 0x08, 0xC5, 0x10, 0xC5, 0x10, 0xC5, 0x10, 0xC5, 0x10, 0xC5, 0x10, 0xC5, 0x10,
    0xC5, 0x10, 0xC5, 0x10, 0xC5, 0x10, 0xC5, 0x10, 0xC5, 0x10, 0xC6, 0x10, 0xC6, 0x10, 0xC6, 0x10,
    0xC6, 0x10, 0xC6, 0x10, 0xC6, 0x10, 0xE6, 0x10, 0xE6, 0x10, 0xE6, 0x10, 0xE6, 0x10, 0xE6, 0x10,
    0xE6, 0x10, 0xE6, 0x10, 0xE6, 0x10, 0xE6, 0x10, 0xE6, 0x10, 0xE6, 0x10, 0xE6, 0x10, 0xE6, 0x10,
    0xE6, 0x10, 0xE6, 0x10, 0xE6, 0x10, 0xE6, 0x10, 0xE6, 0x10, 0xE6, 0x10, 0xE6, 0x10, 0xE6, 0x10,
    0xE6, 0x10, 0xE6, 0x10, 0xE6, 0x10, 0xE6, 0x10, 0xE6, 0x10, 0xE6, 0x10, 0xE6, 0x10, 0xE6, 0x10,
    0xE6, 0x10, 0xE6, 0x10, 0xE6, 0x10, 0xE6, 0x10, 0xE6, 0x10, 0xE6, 0x10, 0xE6, 0x10, 0xE6, 0x10,
    0xE6, 0x10, 0x06, 0x11, 0x06, 0x11, 0x06, 0x11, 0x06, 0x11, 0x06, 0x11, 0x06, 0x11, 0x06, 0x11,
    0x06, 0x11, 0x06, 0x11, 0x06, 0x11, 0x06, 0x11, 0x07, 0x11, 0x07, 0x11, 0x07, 0x11, 0x07, 0x11,
    0x07, 0x11, 0x07, 0x11, 0x07, 0x11, 0x07, 0x11, 0x07, 0x11, 0x07, 0x11, 0x07, 0x11, 0x07, 0x11,
    0x07, 0x11, 0x07, 0x11, 0x07, 0x11, 0x07, 0x11, 0x07, 0x11, 0x07, 0x11, 0x07, 0x11, 0x07, 0x11,
    0x07, 0x11, 0x07, 0x11, 0x07, 0x11, 0x07, 0x11, 0x07, 0x11, 0x07, 0x11, 0x07, 0x11, 0x07, 0x11,
    0x07, 0x11, 0x07, 0x11, 0x07, 0x11, 0x07, 0x11, 0x07, 0x11, 0x07, 0x11, 0x07, 0x11, 0x07, 0x11,
    0x07, 0x11, 0x07, 0x11, 0x07, 0x11, 0x07, 0x11, 0x07, 0x11, 0x07, 0x11, 0x07, 0x11, 0x07, 0x11,
    0x07, 0x11, 0x07, 0x11, 0x07, 0x11, 0x07, 0x11, 0x07, 0x11, 0x07, 0x11, 0x07, 0x11, 0x07, 0x11,
    0x07, 0x11, 0x07, 0x11, 0x07, 0x11, 0x07, 0x11, 0x07, 0x11, 0x07, 0x11, 0x07, 0x11, 0x07, 0x11,
    0x07, 0x11, 0x07, 0x11, 0x07, 0x11, 0x07, 0x11, 0x07, 0x11, 0x07, 0x11, 0x07, 0x11, 0x07, 0x11,
    0x07, 0x11, 0x07, 0x11, 0x07, 0x11, 0x07, 0x11, 0x07, 0x11, 0x07, 0x11, 0x07, 0x11, 0x07, 0x11,
    0x07, 0x11, 0x07, 0x11, 0x07, 0x11, 0x07, 0x11, 0x07, 0x11, 0x07, 0x11, 0x07, 0x11, 0x07, 0x11,
    0x07, 0x11, 0x07, 0x11, 0x07, 0x11, 0x07, 0x11, 0x07, 0x11, 0x07, 0x11, 0x07, 0x11, 0x07, 0x11,
    0x07, 0x11, 0x07, 0x11, 0x07, 0x11, 0x07, 0x11, 0x07, 0x11, 0x07, 0x11, 0x07, 0x11, 0x07, 0x11,
    0x07, 0x11, 0x07, 0x11, 0x07, 0x11, 0x07, 0x11, 0x07, 0x11, 0x06, 0x11, 0x06, 0x11, 0x06, 0x11,
    0x06, 0x11, 0x06, 0x11, 0x06, 0x11, 0x06, 0x11, 0x06, 0x11, 0x06, 0x11, 0x06, 0x11, 0x06, 0x11,
    0xE6, 0x10, 0xE6, 0x10, 0xE6, 0x10, 0xE6, 0x10, 0xE6, 0x10, 0xE6, 0x10, 0xE6, 0x10, 0xE6, 0x10,
    0xE6, 0x10, 0xE6, 0x10, 0xE6, 0x10, 0xE6, 0x10, 0xE6, 0x10, 0xE6, 0x10, 0xE6, 0x10, 0xE6, 0x10,
    0xE6, 0x10, 0xE6, 0x10, 0xE6, 0x10, 0xE6, 0x10, 0xE6, 0x10, 0xE6, 0x10, 0xE6, 0x10, 0xE6, 0x10,
    0xE6, 0x10, 0xE6, 0x10, 0xE6, 0x10, 0xE6, 0x10, 0xE6, 0x10, 0xE6, 0x10, 0xE6, 0x10, 0xE6, 0x10,
    0xE6, 0x10, 0xE6, 0x10, 0xE6, 0x10, 0xE6, 0x10, 0xE6, 0x10, 0xE6, 0x10, 0xC6, 0x10, 0xC6, 0x10,
    0xC6, 0x10, 0xC6, 0x10, 0xC6, 0x10, 0xC6, 0x10, 0xC5, 0x10, 0xC5, 0x10, 0xC5, 0x10, 0xC5, 0x10,
    0xC5, 0x10, 0xC5, 0x10, 0xC5, 0x10, 0xC5, 0x10, 0xC5, 0x10, 0xC5, 0x10, 0xC5, 0x10, 0xC5, 0x08,
    0xC5, 0x08, 0xC5, 0x08, 0xC5, 0x08, 0xC5, 0x08, 0xC5, 0x08, 0xC5, 0x08, 0xC5, 0x08, 0xC5, 0x08,
    0xC5, 0x08, 0xC5, 0x08, 0xC5, 0x08, 0xC5, 0x08, 0xC5, 0x08, 0xC5, 0x10, 0xC5, 0x10, 0xC5, 0x10,
    0xC5, 0x10, 0xC5, 0x10, 0xC5, 0x10, 0xC5, 0x10, 0xC5, 0x10, 0xC5, 0x10, 0xC5, 0x10, 0xC5, 0x10,
    0xC5, 0x10, 0xC5, 0x10, 0xC5, 0x10, 0xC5, 0x10, 0xC5, 0x10, 0xC5, 0x10, 0xC5, 0x10, 0xC5, 0x10,
    0xC6, 0x10, 0xC6, 0x10, 0xC6, 0x10, 0xE6, 0x10, 0xE6, 0x10, 0xE6, 0x10, 0xE6, 0x10, 0xE6, 0x10,
    0xE6, 0x10, 0xE6, 0x10, 0xE6, 0x10, 0xE6, 0x10, 0xE6, 0x10, 0xE6, 0x10, 0xE6, 0x10, 0xE6, 0x10,
    0xE6, 0x10, 0xE6, 0x10, 0xE6, 0x10, 0xE6, 0x10, 0xE6, 0x10, 0xE6, 0x10, 0xE6, 0x10, 0xE6, 0x10,
    0xE6, 0x10, 0xE6, 0x10, 0xE6, 0x10, 0xE6, 0x10, 0xE6, 0x10, 0xE6, 0x10, 0xE6, 0x10, 0xE6, 0x10,
    0xE6, 0x10, 0xE6, 0x10, 0xE6, 0x10, 0xE6, 0x10, 0xE6, 0x10, 0xE6, 0x10, 0xE6, 0x10, 0xE6, 0x10,
    0xE6, 0x10, 0xE6, 0x10, 0xE6, 0x10, 0xE6, 0x10, 0xE6, 0x10, 0xE6, 0x10, 0xE6, 0x10, 0xE6, 0x10,
    0xE6, 0x10, 0xE6, 0x10, 0xE6, 0x10, 0x06, 0x11, 0x06, 0x11, 0x06, 0x11, 0x06, 0x11, 0x06, 0x11,
    0x06, 0x11, 0x06, 0x11, 0x06, 0x11, 0x06, 0x11, 0x06, 0x11, 0x06, 0x11, 0x06, 0x11, 0x06, 0x11,
    0x06, 0x11, 0x06, 0x11, 0x06, 0x11, 0x06, 0x11, 0x06, 0x11, 0x06, 0x11, 0x06, 0x11, 0x06, 0x11,
    0x06, 0x11, 0x06, 0x11, 0x06, 0x11, 0x06, 0x11, 0x06, 0x11, 0x06, 0x11, 0x06, 0x11, 0x06, 0x11,
    0x06, 0x11, 0x06, 0x11, 0x06, 0x11, 0x06, 0x11, 0x06, 0x11, 0x06, 0x11, 0x06, 0x11, 0x06, 0x11,
    0x06, 0x11, 0x06, 0x11, 0x06, 0x11, 0x06, 0x11, 0x06, 0x11, 0x06, 0x11, 0x06, 0x11, 0x06, 0x11,
    0x06, 0x11, 0x06, 0x11, 0x06, 0x11, 0x06, 0x11, 0x06, 0x11, 0x06, 0x11, 0x06, 0x11, 0x06, 0x11,
    0x06, 0x11, 0x06, 0x11, 0x06, 0x11, 0x06, 0x11, 0x06, 0x11, 0x06, 0x11, 0x06, 0x11, 0x06, 0x11,
    0x06, 0x11, 0x06, 0x11, 0x06, 0x11, 0x06, 0x11, 0x06, 0x11, 0x06, 0x11, 0x06, 0x11, 0x06, 0x11,
    0x06, 0x11, 0x06, 0x11, 0x06, 0x11, 0x06, 0x11, 0x06, 0x11, 0x06, 0x11, 0xE6, 0x10, 0xE6, 0x10,
    0xE6, 0x10, 0xE6, 0x10, 0xE6, 0x10, 0xE6, 0x10, 0xE6, 0x10, 0xE6, 0x10, 0xE6, 0x10, 0xE6, 0x10,
    0xE6, 0x10, 0xE6, 0x10, 0xE6, 0x10, 0xE6, 0x10, 0xE6, 0x10, 0xE6, 0x10, 0xE6, 0x10, 0xE6, 0x10,
    0xE6, 0x10, 0xE6, 0x10, 0xE6, 0x10, 0xE6, 0x10, 0xE6, 0x10, 0xE6, 0x10, 0xE6, 0x10, 0xE6, 0x10,
    0xE6, 0x10, 0xE6, 0x10, 0xE6, 0x10, 0xE6, 0x10, 0xE6, 0x10, 0xE6, 0x10, 0xE6, 0x10, 0xE6, 0x10,
    0xE6, 0x10, 0xE6, 0x10, 0xE6, 0x10, 0xE6, 0x10, 0xE6, 0x10, 0xE6, 0x10, 0xE6, 0x10, 0xE6, 0x10,
    0xE6, 0x10, 0xE6, 0x10, 0xE6, 0x10, 0xE6, 0x10, 0xE6, 0x10, 0xE6, 0x10, 0xC6, 0x10, 0xC6, 0x10,
    0xC6, 0x10, 0xC5, 0x10, 0xC5, 0x10, 0xC5, 0x10, 0xC5, 0x10, 0xC5, 0x10, 0xC5, 0x10, 0xC5, 0x10,
    0xC5, 0x10, 0xC5, 0x10, 0xC5, 0x10, 0xC5, 0x10, 0xC5, 0x10, 0xC5, 0x10, 0xC5, 0x10, 0xC5, 0x10,
    0xC5, 0x10, 0xC5, 0x10, 0xC5, 0x10, 0xC5, 0x10, 0xC5, 0x08, 0xC5, 0x08, 0xC5, 0x08, 0xC5, 0x08,
    0xC5, 0x08, 0xC5, 0x08, 0xC5, 0x08, 0xC5, 0x08, 0xC5, 0x08, 0xC5, 0x08, 0xC5, 0x08, 0xC5, 0x08,
    0xC5, 0x08, 0xC5, 0x08, 0xC5, 0x08, 0xC5, 0x08, 0xC5, 0x08, 0xC5, 0x08, 0xC5, 0x08, 0xC5, 0x08,
    0xC5, 0x08, 0xC5, 0x08, 0xC5, 0x08, 0xC5, 0x08, 0xC5, 0x10, 0xC5, 0x10, 0xC5, 0x10, 0xC5, 0x10,
    0xC5, 0x10, 0xC5, 0x10, 0xC5, 0x10, 0xC5, 0x10, 0xC5, 0x10, 0xC5, 0x10, 0xC5, 0x10, 0xC5, 0x10,
    0xC5, 0x10, 0xC5, 0x10, 0xC5, 0x10, 0xC5, 0x10, 0xC5, 0x10, 0xC5, 0x10, 0xC6, 0x10, 0xC6, 0x10,
    0xC6, 0x10, 0xE6, 0x10, 0xE6, 0x10, 0xE6, 0x10, 0xE6, 0x10, 0xE6, 0x10, 0xE6, 0x10, 0xE6, 0x10,
    0xE6, 0x10, 0xE6, 0x10, 0xE6, 0x10, 0xE6, 0x10, 0xE6, 0x10, 0xE6, 0x10, 0xE6, 0x10, 0xE6, 0x10,
    0xE6, 0x10, 0xE6, 0x10, 0xE6, 0x10, 0xE6, 0x10, 0xE6, 0x10, 0xE6, 0x10, 0xE6, 0x10, 0xE6, 0x10,
    0xE6, 0x10, 0xE6, 0x10, 0xE6, 0x10, 0xE6, 0x10, 0xE6, 0x10, 0xE6, 0x10, 0xE6, 0x10, 0xE6, 0x10,
    0xE6, 0x10, 0xE6, 0x10, 0xE6, 0x10, 0xE6, 0x10, 0xE6, 0x10, 0xE6, 0x10, 0xE6, 0x10, 0xE6, 0x10,
    0xE6, 0x10, 0xE6, 0x10, 0xE6, 0x10, 0xE6, 0x10, 0xE6, 0x10, 0xE6, 0x10, 0xE6, 0x10, 0xE6, 0x10,
    0x06, 0x11, 0x06, 0x11, 0x06, 0x11, 0x06, 0x11, 0x06, 0x11, 0x06, 0x11, 0x06, 0x11, 0x06, 0x11,
    0x06, 0x11, 0x06, 0x11, 0x06, 0x11, 0x06, 0x11, 0x06, 0x11, 0x06, 0x11, 0x06, 0x11, 0x06, 0x11,
    0x06, 0x11, 0x06, 0x11, 0x06, 0x11, 0x06, 0x11, 0x06, 0x11, 0x06, 0x11, 0x06, 0x11, 0x06, 0x11,
    0x06, 0x11, 0x06, 0x11, 0x06, 0x11, 0x06, 0x11, 0x06, 0x11, 0x07, 0x11, 0x07, 0x11, 0x07, 0x11,
    0x07, 0x11, 0x07, 0x11, 0x07, 0x11, 0x07, 0x11, 0x07, 0x11, 0x07, 0x11, 0x07, 0x11, 0x07, 0x11,
    0x07, 0x11, 0x07, 0x11, 0x07, 0x11, 0x07, 0x11, 0x07, 0x11, 0x07, 0x11, 0x07, 0x11, 0x07, 0x11,
    0x07, 0x11, 0x07, 0x11, 0x07, 0x11, 0x07, 0x11, 0x06, 0x11, 0x06, 0x11, 0x06, 0x11, 0x06, 0x11,
    0x06, 0x11, 0x06, 0x11, 0x06, 0x11, 0x06, 0x11, 0x06, 0x11, 0x06, 0x11, 0x06, 0x11, 0x06, 0x11,
    0x06, 0x11, 0x06, 0x11, 0x06, 0x11, 0x06, 0x11, 0x06, 0x11, 0x06, 0x11, 0x06, 0x11, 0x06, 0x11,
    0x06, 0x11, 0x06, 0x11, 0x06, 0x11, 0x06, 0x11, 0x06, 0x11, 0x06, 0x11, 0x06, 0x11, 0x06, 0x11,
    0x06, 0x11, 0xE6, 0x10, 0xE6, 0x10, 0xE6, 0x10, 0xE6, 0x10, 0xE6, 0x10, 0xE6, 0x10, 0xE6, 0x10,
    0xE6, 0x10, 0xE6, 0x10, 0xE6, 0x10, 0xE6, 0x10, 0xE6, 0x10, 0xE6, 0x10, 0xE6, 0x10, 0xE6, 0x10,
    0xE6, 0x10, 0xE6, 0x10, 0xE6, 0x10, 0xE6, 0x10, 0xE6, 0x10, 0xE6, 0x10, 0xE6, 0x10, 0xE6, 0x10,
    0xE6, 0x10, 0xE6, 0x10, 0xE6, 0x10, 0xE6, 0x10, 0xE6, 0x10, 0xE6, 0x10, 0xE6, 0x10, 0xE6, 0x10,
    0xE6, 0x10, 0xE6, 0x10, 0xE6, 0x10, 0xE6, 0x10, 0xE6, 0x10, 0xE6, 0x10, 0xE6, 0x10, 0xE6, 0x10,
    0xE6, 0x10, 0xE6, 0x10, 0xE6, 0x10, 0xE6, 0x10, 0xE6, 0x10, 0xE6, 0x10, 0xE6, 0x10, 0xE6, 0x10,
    0xC6, 0x10, 0xC6, 0x10, 0xC6, 0x10, 0xC5, 0x10, 0xC5, 0x10, 0xC5, 0x10, 0xC5, 0x10, 0xC5, 0x10,
    0xC5, 0x10, 0xC5, 0x10, 0xC5, 0x10, 0xC5, 0x10, 0xC5, 0x10, 0xC5, 0x10, 0xC5, 0x10, 0xC5, 0x10,
    0xC5, 0x10, 0xC5, 0x10, 0xC5, 0x10, 0xC5, 0x10, 0xC5, 0x10, 0xC5, 0x08, 0xC5, 0x08, 0xC5, 0x08,
    0xC5, 0x08, 0xC5, 0x08, 0xC5, 0x08, 0xC5, 0x08, 0xC5, 0x08, 0xC5, 0x08, 0xC5, 0x08, 0xC5, 0x08,
    0xC5, 0x10, 0xC5, 0x10, 0xC5, 0x10, 0xC5, 0x10, 0xC5, 0x10, 0xC5, 0x10, 0xC5, 0x10, 0xC5, 0x10,
    0xC5, 0x10, 0xC6, 0x10, 0xC6, 0x10, 0xC6, 0x10, 0xC6, 0x10, 0xC6, 0x10, 0xE6, 0x10, 0xE6, 0x10,
    0xE6, 0x10, 0xE6, 0x10, 0xE6, 0x10, 0xE6, 0x10, 0xE6, 0x10, 0xE6, 0x10, 0xE6, 0x10, 0xE6, 0x10,
    0xE6, 0x10, 0xE6, 0x10, 0xE6, 0x10, 0xE6, 0x10, 0xE6, 0x10, 0xE6, 0x10, 0xE6, 0x10, 0xE6, 0x10,
    0xE6, 0x10, 0xE6, 0x10, 0xE6, 0x10, 0xE6, 0x10, 0xE6, 0x10, 0xE6, 0x10, 0xE6, 0x10, 0xE6, 0x10,
    0xE6, 0x10, 0xE6, 0x10, 0xE6, 0x10, 0xE6, 0x10, 0xE6, 0x10, 0xE6, 0x10, 0xE6, 0x10, 0xE6, 0x10,
    0xE6, 0x10, 0xE6, 0x10, 0xE6, 0x10, 0xE6, 0x10, 0x06, 0x11, 0x06, 0x11, 0x06, 0x11, 0x06, 0x11,
    0x06, 0x11, 0x06, 0x11, 0x06, 0x11, 0x06, 0x11, 0x06, 0x11, 0x07, 0x11, 0x07, 0x11, 0x07, 0x11,
    0x07, 0x11, 0x07, 0x11, 0x07, 0x11, 0x07, 0x11, 0x07, 0x11, 0x07, 0x11, 0x07, 0x11, 0x07, 0x11,
    0x07, 0x11, 0x07, 0x11, 0x07, 0x11, 0x07, 0x11, 0x07, 0x11, 0x07, 0x11, 0x07, 0x11, 0x07, 0x11,
    0x07, 0x11, 0x07, 0x11, 0x07, 0x11, 0x07, 0x11, 0x07, 0x11, 0x07, 0x11, 0x07, 0x11, 0x07, 0x11,
    0x07, 0x11, 0x07, 0x11, 0x07, 0x11, 0x07, 0x11, 0x07, 0x11, 0x07, 0x11, 0x07, 0x11, 0x07, 0x11,
    0x07, 0x11, 0x07, 0x11, 0x07, 0x11, 0x07, 0x11, 0x07, 0x19, 0x07, 0x19, 0x07, 0x19, 0x07, 0x19,
    0x07, 0x19, 0x07, 0x19, 0x07, 0x19, 0x07, 0x19, 0x07, 0x19, 0x07, 0x19, 0x07, 0x19, 0x07, 0x19,
    0x07, 0x19, 0x07, 0x19, 0x07, 0x19, 0x07, 0x19, 0x27, 0x19, 0x27, 0x19, 0x27, 0x19, 0x27, 0x19,
    0x27, 0x19, 0x27, 0x19, 0x27, 0x19, 0x27, 0x19, 0x27, 0x19, 0x07, 0x19, 0x07, 0x19, 0x07, 0x19,
    0x07, 0x19, 0x07, 0x19, 0x07, 0x19, 0x07, 0x19, 0x07, 0x19, 0x07, 0x19, 0x07, 0x19, 0x07, 0x19,
    0x07, 0x19, 0x07, 0x19, 0x07, 0x19, 0x07, 0x19, 0x07, 0x19, 0x07, 0x11, 0x07, 0x11, 0x07, 0x11,
    0x07, 0x11, 0x07, 0x11, 0x07, 0x11, 0x07, 0x11, 0x07, 0x11, 0x07, 0x11, 0x07, 0x11, 0x07, 0x11,
    0x07, 0x11, 0x07, 0x11, 0x07, 0x11, 0x07, 0x11, 0x07, 0x11, 0x07, 0x11, 0x07, 0x11, 0x07, 0x11,
    0x07, 0x11, 0x07, 0x11, 0x07, 0x11, 0x07, 0x11, 0x07, 0x11, 0x07, 0x11, 0x07, 0x11, 0x07, 0x11,
    0x07, 0x11, 0x07, 0x11, 0x07, 0x11, 0x07, 0x11, 0x07, 0x11, 0x07, 0x11, 0x07, 0x11, 0x07, 0x11,
    0x07, 0x11, 0x07, 0x11, 0x07, 0x11, 0x07, 0x11, 0x06, 0x11, 0x06, 0x11, 0x06, 0x11, 0x06, 0x11,
    0x06, 0x11, 0x06, 0x11, 0x06, 0x11, 0x06, 0x11, 0x06, 0x11, 0xE6, 0x10, 0xE6, 0x10, 0xE6, 0x10,
    0xE6, 0x10, 0xE6, 0x10, 0xE6, 0x10, 0xE6, 0x10, 0xE6, 0x10, 0xE6, 0x10, 0xE6, 0x10, 0xE6, 0x10,
    0xE6, 0x10, 0xE6, 0x10, 0xE6, 0x10, 0xE6, 0x10, 0xE6, 0x10, 0xE6, 0x10, 0xE6, 0x10, 0xE6, 0x10,
    0xE6, 0x10, 0xE6, 0x10, 0xE6, 0x10, 0xE6, 0x10, 0xE6, 0x10, 0xE6, 0x10, 0xE6, 0x10, 0xE6, 0x10,
    0xE6, 0x10, 0xE6, 0x10, 0xE6, 0x10, 0xE6, 0x10, 0xE6, 0x10, 0xE6, 0x10, 0xE6, 0x10, 0xE6, 0x10,
    0xE6, 0x10, 0xE6, 0x10, 0xE6, 0x10, 0xC6, 0x10, 0xC6, 0x10, 0xC6, 0x10, 0xC6, 0x10, 0xC6, 0x10,
    0xC5, 0x10, 0xC5, 0x10, 0xC5, 0x10, 0xC5, 0x10, 0xC5, 0x10, 0xC5, 0x10, 0xC5, 0x10, 0xC5, 0x10,
    0xC5, 0x08, 0xC5, 0x08, 0xC5, 0x08, 0xC5, 0x08, 0xC5, 0x08, 0xC5, 0x08, 0xC5, 0x08, 0xC5, 0x08,
    0xC5, 0x08, 0xC5, 0x08, 0xC5, 0x10, 0xC5, 0x10, 0xC5, 0x10, 0xC5, 0x10, 0xC5, 0x10, 0xC5, 0x10,
    0xC5, 0x10, 0xC5, 0x10, 0xC5, 0x10, 0xC5, 0x10, 0xC5, 0x10, 0xC5, 0x10, 0xC5, 0x10, 0xC5, 0x10,
    0xC5, 0x10, 0xC5, 0x10, 0xC5, 0x10, 0xC6, 0x10, 0xC6, 0x10, 0xC6, 0x10, 0xE6, 0x10, 0xE6, 0x10,
    0xE6, 0x10, 0xE6, 0x10, 0xE6, 0x10, 0xE6, 0x10, 0xE6, 0x10, 0xE6, 0x10, 0xE6, 0x10, 0xE6, 0x10,
    0xE6, 0x10, 0xE6, 0x10, 0xE6, 0x10, 0xE6, 0x10, 0xE6, 0x10, 0xE6, 0x10, 0xE6, 0x10, 0xE6, 0x10,
    0xE6, 0x10, 0xE6, 0x10, 0xE6, 0x10, 0xE6, 0x10, 0xE6, 0x10, 0xE6, 0x10, 0xE6, 0x10, 0xE6, 0x10,
    0xE6, 0x10, 0xE6, 0x10, 0xE6, 0x10, 0xE6, 0x10, 0xE6, 0x10, 0xE6, 0x10, 0xE6, 0x10, 0xE6, 0x10,
    0xE6, 0x10, 0xE6, 0x10, 0xE6, 0x10, 0xE6, 0x10, 0xE6, 0x10, 0xE6, 0x10, 0xE6, 0x10, 0xE6, 0x10,
    0xE6, 0x10, 0xE6, 0x10, 0xE6, 0x10, 0x06, 0x11, 0x06, 0x11, 0x06, 0x11, 0x06, 0x11, 0x06, 0x11,
    0x06, 0x11, 0x06, 0x11, 0x06, 0x11, 0x06, 0x11, 0x06, 0x11, 0x06, 0x11, 0x06, 0x11, 0x06, 0x11,
    0x06, 0x11, 0x06, 0x11, 0x06, 0x11, 0x06, 0x11, 0x06, 0x11, 0x06, 0x11, 0x06, 0x11, 0x06, 0x11,
    0x07, 0x11, 0x07, 0x11, 0x07, 0x11, 0x07, 0x11, 0x07, 0x11, 0x07, 0x11, 0x07, 0x11, 0x07, 0x11,
    0x07, 0x11, 0x07, 0x11, 0x07, 0x11, 0x07, 0x11, 0x07, 0x11, 0x07, 0x11, 0x07, 0x11, 0x07, 0x11,
    0x07, 0x11, 0x07, 0x11, 0x07, 0x11, 0x07, 0x11, 0x07, 0x11, 0x07, 0x11, 0x07, 0x11, 0x07, 0x11,
    0x07, 0x11, 0x07, 0x11, 0x07, 0x11, 0x07, 0x11, 0x07, 0x11, 0x07, 0x11, 0x07, 0x11, 0x07, 0x11,
    0x07, 0x11, 0x07, 0x11, 0x07, 0x11, 0x07, 0x11, 0x07, 0x11, 0x07, 0x11, 0x07, 0x11, 0x07, 0x11,
    0x07, 0x11, 0x07, 0x11, 0x07, 0x11, 0x07, 0x11, 0x07, 0x11, 0x07, 0x11, 0x07, 0x11, 0x07, 0x11,
    0x07, 0x11, 0x06, 0x11, 0x06, 0x11, 0x06, 0x11, 0x06, 0x11, 0x06, 0x11, 0x06, 0x11, 0x06, 0x11,
    0x06, 0x11, 0x06, 0x11, 0x06, 0x11, 0x06, 0x11, 0x06, 0x11, 0x06, 0x11, 0x06, 0x11, 0x06, 0x11,
    0x06, 0x11, 0x06, 0x11, 0x06, 0x11, 0x06, 0x11, 0x06, 0x11, 0x06, 0x11, 0xE6, 0x10, 0xE6, 0x10,
    0xE6, 0x10, 0xE6, 0x10, 0xE6, 0x10, 0xE6, 0x10, 0xE6, 0x10, 0xE6, 0x10, 0xE6, 0x10, 0xE6, 0x10,
    0xE6, 0x10, 0xE6, 0x10, 0xE6, 0x10, 0xE6, 0x10, 0xE6, 0x10, 0xE6, 0x10, 0xE6, 0x10, 0xE6, 0x10,
    0xE6, 0x10, 0xE6, 0x10, 0xE6, 0x10, 0xE6, 0x10, 0xE6, 0x10, 0xE6, 0x10, 0xE6, 0x10, 0xE6, 0x10,
    0xE6, 0x10, 0xE6, 0x10, 0xE6, 0x10, 0xE6, 0x10, 0xE6, 0x10, 0xE6, 0x10, 0xE6, 0x10, 0xE6, 0x10,
    0xE6, 0x10, 0xE6, 0x10, 0xE6, 0x10, 0xE6, 0x10, 0xE6, 0x10, 0xE6, 0x10, 0xE6, 0x10, 0xE6, 0x10,
    0xE6, 0x10, 0xE6, 0x10, 0xE6, 0x10, 0xC6, 0x10, 0xC6, 0x10, 0xC6, 0x10, 0xC5, 0x10, 0xC5, 0x10,
    0xC5, 0x10, 0xC5, 0x10, 0xC5, 0x10, 0xC5, 0x10, 0xC5, 0x10, 0xC5, 0x10, 0xC5, 0x10, 0xC5, 0x10,
    0xC5, 0x10, 0xC5, 0x10, 0xC5, 0x10, 0xC5, 0x10, 0xC5, 0x10, 0xC5, 0x10, 0xC5, 0x10, 0xC5, 0x08,
    0xC5, 0x08, 0xC5, 0x08, 0xC5, 0x08, 0xC5, 0x08, 0xC5, 0x08, 0xC5, 0x08, 0xC5, 0x08, 0xC5, 0x08,
    0xC5, 0x08, 0xC5, 0x08, 0xC5, 0x08, 0xC5, 0x08, 0xC5, 0x08, 0xC5, 0x08, 0xC5, 0x08, 0xC5, 0x08,
    0xC5, 0x08, 0xC5, 0x10, 0xC5, 0x10, 0xC5, 0x10, 0xC5, 0x10, 0xC5, 0x10, 0xC5, 0x10, 0xC5, 0x10,
    0xC5, 0x10, 0xC5, 0x10, 0xC5, 0x10, 0xC5, 0x10, 0xC5, 0x10, 0xC5, 0x10, 0xC5, 0x10, 0xC5, 0x10,
    0xC5, 0x10, 0xC5, 0x10, 0xC6, 0x10, 0xC6, 0x10, 0xC6, 0x10, 0xE6, 0x10, 0xE6, 0x10, 0xE6, 0x10,
    0xE6, 0x10, 0xE6, 0x10, 0xE6, 0x10, 0xE6, 0x10, 0xE6, 0x10, 0xE6, 0x10, 0xE6, 0x10, 0xE6, 0x10,
    0xE6, 0x10, 0xE6, 0x10, 0xE6, 0x10, 0xE6, 0x10, 0xE6, 0x10, 0xE6, 0x10, 0xE6, 0x10, 0xE6, 0x10,
    0xE6, 0x10, 0xE6, 0x10, 0xE6, 0x10, 0xE6, 0x10, 0xE6, 0x10, 0xE6, 0x10, 0xE6, 0x10, 0xE6, 0x10,
    0xE6, 0x10, 0xE6, 0x10, 0xE6, 0x10, 0xE6, 0x10, 0xE6, 0x10, 0xE6, 0x10, 0xE6, 0x10, 0xE6, 0x10,
    0xE6, 0x10, 0xE6, 0x10, 0xE6, 0x10, 0xE6, 0x10, 0xE6, 0x10, 0xE6, 0x10, 0xE6, 0x10, 0xE6, 0x10,
    0xE6, 0x10, 0x06, 0x11, 0x06, 0x11, 0x06, 0x11, 0x06, 0x11, 0x06, 0x11, 0x06, 0x11, 0x06, 0x11,
    0x06, 0x11, 0x06, 0x11, 0x06, 0x11, 0x06, 0x11, 0x06, 0x11, 0x06, 0x11, 0x06, 0x11, 0x06, 0x11,
    0x06, 0x11, 0x06, 0x11, 0x06, 0x11, 0x06, 0x11, 0x07, 0x11, 0x07, 0x11, 0x07, 0x11, 0x07, 0x11,
    0x07, 0x11, 0x07, 0x11, 0x07, 0x11, 0x07, 0x11, 0x07, 0x11, 0x07, 0x11, 0x07, 0x11, 0x07, 0x11,
    0x07, 0x11, 0x07, 0x11, 0x07, 0x11, 0x07, 0x11, 0x07, 0x11, 0x07, 0x11, 0x07, 0x11, 0x07, 0x11,
    0x07, 0x11, 0x07, 0x11, 0x07, 0x11, 0x07, 0x11, 0x07, 0x11, 0x07, 0x11, 0x07, 0x11, 0x07, 0x11,
    0x07, 0x11, 0x07, 0x11, 0x07, 0x11, 0x07, 0x11, 0x07, 0x11, 0x07, 0x11, 0x07, 0x11, 0x07, 0x11,
    0x07, 0x11, 0x07, 0x11, 0x07, 0x11, 0x07, 0x11, 0x07, 0x11, 0x07, 0x11, 0x07, 0x11, 0x07, 0x11,
    0x07, 0x11, 0x07, 0x11, 0x07, 0x11, 0x07, 0x11, 0x07, 0x11, 0x07, 0x11, 0x07, 0x11, 0x07, 0x11,
    0x07, 0x11, 0x07, 0x11, 0x07, 0x11, 0x07, 0x11, 0x07, 0x11, 0x06, 0x11, 0x06, 0x11, 0x06, 0x11,
    0x06, 0x11, 0x06, 0x11, 0x06, 0x11, 0x06, 0x11, 0x06, 0x11, 0x06, 0x11, 0x06, 0x11, 0x06, 0x11,
    0x06, 0x11, 0x06, 0x11, 0x06, 0x11, 0x06, 0x11, 0x06, 0x11, 0x06, 0x11, 0x06, 0x11, 0x06, 0x11,
    0xE6, 0x10, 0xE6, 0x10, 0xE6, 0x10, 0xE6, 0x10, 0xE6, 0x10, 0xE6, 0x10, 0xE6, 0x10, 0xE6, 0x10,
    0xE6, 0x10, 0xE6, 0x10, 0xE6, 0x10, 0xE6, 0x10, 0xE6, 0x10, 0xE6, 0x10, 0xE6, 0x10, 0xE6, 0x10,
    0xE6, 0x10, 0xE6, 0x10, 0xE6, 0x10, 0xE6, 0x10, 0xE6, 0x10, 0xE6, 0x10, 0xE6, 0x10, 0xE6, 0x10,
    0xE6, 0x10, 0xE6, 0x10, 0xE6, 0x10, 0xE6, 0x10, 0xE6, 0x10, 0xE6, 0x10, 0xE6, 0x10, 0xE6, 0x10,
    0xE6, 0x10, 0xE6, 0x10, 0xE6, 0x10, 0xE6, 0x10, 0xE6, 0x10, 0xE6, 0x10, 0xE6, 0x10, 0xE6, 0x10,
    0xE6, 0x10, 0xE6, 0x10, 0xE6, 0x10, 0xE6, 0x10, 0xC6, 0x10, 0xC6, 0x10, 0xC6, 0x10, 0xC5, 0x10,
    0xC5, 0x10, 0xC5, 0x10, 0xC5, 0x10, 0xC5, 0x10, 0xC5, 0x10, 0xC5, 0x10, 0xC5, 0x10, 0xC5, 0x10,
    0xC5, 0x10, 0xC5, 0x10, 0xC5, 0x10, 0xC5, 0x10, 0xC5, 0x10, 0xC5, 0x10, 0xC5, 0x10, 0xC5, 0x10,
    0xC5, 0x08, 0xC5, 0x08, 0xC5, 0x08, 0xC5, 0x08, 0xC5, 0x08, 0xC5, 0x08, 0xC5, 0x08, 0xC5, 0x08,
    0xC5, 0x10, 0xC5, 0x10, 0xC5, 0x10, 0xC5, 0x10, 0xC5, 0x10, 0xC6, 0x10, 0xC6, 0x10, 0xC6, 0x10,
    0xC6, 0x10, 0xC6, 0x10, 0xC6, 0x10, 0xE6, 0x10, 0xE6, 0x10, 0xE6, 0x10, 0xE6, 0x10, 0xE6, 0x10,
    0xE6, 0x10, 0xE6, 0x10, 0xE6, 0x10, 0xE6, 0x10, 0xE6, 0x10, 0xE6, 0x10, 0xE6, 0x10, 0xE6, 0x10,
    0xE6, 0x10, 0xE6, 0x10, 0xE6, 0x10, 0xE6, 0x10, 0xE6, 0x10, 0xE6, 0x10, 0xE6, 0x10, 0xE6, 0x10,
    0xE6, 0x10, 0xE6, 0x10, 0xE6, 0x10, 0xE6, 0x10, 0xE6, 0x10, 0xE6, 0x10, 0xE6, 0x10, 0xE6, 0x10,
    0xE6, 0x10, 0xE6, 0x10, 0xE6, 0x10, 0xE6, 0x10, 0xE6, 0x10, 0xE6, 0x10, 0x06, 0x11, 0x06, 0x11,
    0x06, 0x11, 0x06, 0x11, 0x06, 0x11, 0x06, 0x11, 0x06, 0x11, 0x06, 0x11, 0x07, 0x11, 0x07, 0x11,
    0x07, 0x11, 0x07, 0x11, 0x07, 0x11, 0x07, 0x11, 0x07, 0x11, 0x07, 0x11, 0x07, 0x11, 0x07, 0x11,
    0x07, 0x11, 0x07, 0x11, 0x07, 0x11, 0x07, 0x11, 0x07, 0x11, 0x07, 0x11, 0x07, 0x11, 0x07, 0x11,
    0x07, 0x11, 0x07, 0x11, 0x07, 0x11, 0x07, 0x11, 0x07, 0x11, 0x07, 0x11, 0x07, 0x11, 0x07, 0x11,
    0x07, 0x11, 0x07, 0x11, 0x07, 0x11, 0x07, 0x11, 0x07, 0x11, 0x07, 0x11, 0x07, 0x11, 0x07, 0x11,
    0x07, 0x11, 0x07, 0x11, 0x07, 0x11, 0x07, 0x11, 0x07, 0x19, 0x07, 0x19, 0x07, 0x19, 0x07, 0x19,
    0x27, 0x19, 0x27, 0x19, 0x27, 0x19, 0x27, 0x19, 0x27, 0x19, 0x27, 0x19, 0x27, 0x19, 0x27, 0x19,
    0x27, 0x19, 0x27, 0x19, 0x27, 0x19, 0x27, 0x19, 0x27, 0x19, 0x27, 0x19, 0x27, 0x19, 0x27, 0x19,
    0x27, 0x19, 0x27, 0x19, 0x27, 0x19, 0x27, 0x19, 0x27, 0x19, 0x27, 0x19, 0x27, 0x19, 0x27, 0x19,
    0x27, 0x19, 0x27, 0x19, 0x27, 0x19, 0x27, 0x19, 0x27, 0x19, 0x27, 0x19, 0x27, 0x19, 0x27, 0x19,
    0x27, 0x19, 0x27, 0x19, 0x27, 0x19, 0x27, 0x19, 0x27, 0x19, 0x27, 0x19, 0x27, 0x19, 0x27, 0x19,
    0x27, 0x19, 0x27, 0x19, 0x27, 0x19, 0x27, 0x19, 0x27, 0x19, 0x27, 0x19, 0x27, 0x19, 0x27, 0x19,
    0x27, 0x19, 0x07, 0x19, 0x07, 0x19, 0x07, 0x19, 0x07, 0x19, 0x07, 0x11, 0x07, 0x11, 0x07, 0x11,
    0x07, 0x11, 0x07, 0x11, 0x07, 0x11, 0x07, 0x11, 0x07, 0x11, 0x07, 0x11, 0x07, 0x11, 0x07, 0x11,
    0x07, 0x11, 0x07, 0x11, 0x07, 0x11, 0x07, 0x11, 0x07, 0x11, 0x07, 0x11, 0x07, 0x11, 0x07, 0x11,
    0x07, 0x11, 0x07, 0x11, 0x07, 0x11, 0x07, 0x11, 0x07, 0x11, 0x07, 0x11, 0x07, 0x11, 0x07, 0x11,
    0x07, 0x11, 0x07, 0x11, 0x07, 0x11, 0x07, 0x11, 0x07, 0x11, 0x07, 0x11, 0x07, 0x11, 0x07, 0x11,
    0x07, 0x11, 0x07, 0x11, 0x07, 0x11, 0x06, 0x11, 0x06, 0x11, 0x06, 0x11, 0x06, 0x11, 0x06, 0x11,
    0x06, 0x11, 0x06, 0x11, 0x06, 0x11, 0xE6, 0x10, 0xE6, 0x10, 0xE6, 0x10, 0xE6, 0x10, 0xE6, 0x10,
    0xE6, 0x10, 0xE6, 0x10, 0xE6, 0x10, 0xE6, 0x10, 0xE6, 0x10, 0xE6, 0x10, 0xE6, 0x10, 0xE6, 0x10,
    0xE6, 0x10, 0xE6, 0x10, 0xE6, 0x10, 0xE6, 0x10, 0xE6, 0x10, 0xE6, 0x10, 0xE6, 0x10, 0xE6, 0x10,
    0xE6, 0x10, 0xE6, 0x10, 0xE6, 0x10, 0xE6, 0x10, 0xE6, 0x10, 0xE6, 0x10, 0xE6, 0x10, 0xE6, 0x10,
    0xE6, 0x10, 0xE6, 0x10, 0xE6, 0x10, 0xE6, 0x10, 0xE6, 0x10, 0xE6, 0x10, 0xC6, 0x10, 0xC6, 0x10,
    0xC6, 0x10, 0xC6, 0x10, 0xC6, 0x10, 0xC6, 0x10, 0xC5, 0x10, 0xC5, 0x10, 0xC5, 0x10, 0xC5, 0x10,
    0xC5, 0x08, 0xC5, 0x08, 0xC5, 0x08, 0xC5, 0x08, 0xC5, 0x08, 0xC5, 0x08, 0xC5, 0x08, 0xC5, 0x08,
    0xC5, 0x10, 0xC5, 0x10, 0xC5, 0x10, 0xC5, 0x10, 0xC5, 0x10, 0xC5, 0x10, 0xC5, 0x10, 0xC5, 0x10,
    0xC5, 0x10, 0xC5, 0x10, 0xC5, 0x10, 0xC5, 0x10, 0xC5, 0x10, 0xC5, 0x10, 0xC5, 0x10, 0xC6, 0x10,
    0xC6, 0x10, 0xC6, 0x10, 0xE6, 0x10, 0xE6, 0x10, 0xE6, 0x10, 0xE6, 0x10, 0xE6, 0x10, 0xE6, 0x10,
    0xE6, 0x10, 0xE6, 0x10, 0xE6, 0x10, 0xE6, 0x10, 0xE6, 0x10, 0xE6, 0x10, 0xE6, 0x10, 0xE6, 0x10,
    0xE6, 0x10, 0xE6, 0x10, 0xE6, 0x10, 0xE6, 0x10, 0xE6, 0x10, 0xE6, 0x10, 0xE6, 0x10, 0xE6, 0x10,
    0xE6, 0x10, 0xE6, 0x10, 0xE6, 0x10, 0xE6, 0x10, 0xE6, 0x10, 0xE6, 0x10, 0xE6, 0x10, 0xE6, 0x10,
    0xE6, 0x10, 0xE6, 0x10, 0xE6, 0x10, 0xE6, 0x10, 0xE6, 0x10, 0xE6, 0x10, 0xE6, 0x10, 0xE6, 0x10,
    0xE6, 0x10, 0xE6, 0x10, 0xE6, 0x10, 0xE6, 0x10, 0x06, 0x11, 0x06, 0x11, 0x06, 0x11, 0x06, 0x11,
    0x06, 0x11, 0x06, 0x11, 0x06, 0x11, 0x06, 0x11, 0x06, 0x11, 0x06, 0x11, 0x06, 0x11, 0x06, 0x11,
    0x06, 0x11, 0x06, 0x11, 0x06, 0x11, 0x06, 0x11, 0x06, 0x11, 0x07, 0x11, 0x07, 0x11, 0x07, 0x11,
    0x07, 0x11, 0x07, 0x11, 0x07, 0x11, 0x07, 0x11, 0x07, 0x11, 0x07, 0x11, 0x07, 0x11, 0x07, 0x11,
    0x07, 0x11, 0x07, 0x11, 0x07, 0x11, 0x07, 0x11, 0x07, 0x11, 0x07, 0x11, 0x07, 0x11, 0x07, 0x11,
    0x07, 0x11, 0x07, 0x11, 0x07, 0x11, 0x07, 0x11, 0x07, 0x11, 0x07, 0x11, 0x07, 0x11, 0x07, 0x11,
    0x07, 0x11, 0x07, 0x11, 0x07, 0x11, 0x07, 0x11, 0x07, 0x11, 0x07, 0x11, 0x07, 0x11, 0x07, 0x11,
    0x07, 0x11, 0x07, 0x11, 0x07, 0x11, 0x07, 0x11, 0x07, 0x11, 0x07, 0x11, 0x07, 0x11, 0x07, 0x11,
    0x07, 0x11, 0x07, 0x11, 0x07, 0x11, 0x07, 0x11, 0x07, 0x11, 0x07, 0x11, 0x07, 0x11, 0x07, 0x11,
    0x07, 0x11, 0x07, 0x11, 0x07, 0x11, 0x07, 0x11, 0x07, 0x11, 0x07, 0x11, 0x07, 0x11, 0x07, 0x11,
    0x07, 0x11, 0x07, 0x11, 0x07, 0x11, 0x07, 0x11, 0x07, 0x11, 0x07, 0x11, 0x07, 0x11, 0x07, 0x11,
    0x07, 0x11, 0x07, 0x11, 0x07, 0x11, 0x07, 0x11, 0x06, 0x11, 0x06, 0x11, 0x06, 0x11, 0x06, 0x11,
    0x06, 0x11, 0x06, 0x11, 0x06, 0x11, 0x06, 0x11, 0x06, 0x11, 0x06, 0x11, 0x06, 0x11, 0x06, 0x11,
    0x06, 0x11, 0x06, 0x11, 0x06, 0x11, 0x06, 0x11, 0x06, 0x11, 0xE6, 0x10, 0xE6, 0x10, 0xE6, 0x10,
    0xE6, 0x10, 0xE6, 0x10, 0xE6, 0x10, 0xE6, 0x10, 0xE6, 0x10, 0xE6, 0x10, 0xE6, 0x10, 0xE6, 0x10,
    0xE6, 0x10, 0xE6, 0x10, 0xE6, 0x10, 0xE6, 0x10, 0xE6, 0x10, 0xE6, 0x10, 0xE6, 0x10, 0xE6, 0x10,
    0xE6, 0x10, 0xE6, 0x10, 0xE6, 0x10, 0xE6, 0x10, 0xE6, 0x10, 0xE6, 0x10, 0xE6, 0x10, 0xE6, 0x10,
    0xE6, 0x10, 0xE6, 0x10, 0xE6, 0x10, 0xE6, 0x10, 0xE6, 0x10, 0xE6, 0x10, 0xE6, 0x10, 0xE6, 0x10,
    0xE6, 0x10, 0xE6, 0x10, 0xE6, 0x10, 0xE6, 0x10, 0xE6, 0x10, 0xE6, 0x10, 0xE6, 0x10, 0xC6, 0x10,
    0xC6, 0x10, 0xC6, 0x10, 0xC5, 0x10, 0xC5, 0x10, 0xC5, 0x10, 0xC5, 0x10, 0xC5, 0x10, 0xC5, 0x10,
    0xC5, 0x10, 0xC5, 0x10, 0xC5, 0x10, 0xC5, 0x10, 0xC5, 0x10, 0xC5, 0x10, 0xC5, 0x10, 0xC5, 0x10,
    0xC5, 0x10, 0xC5, 0x08, 0xC5, 0x08, 0xC5, 0x08, 0xC5, 0x08, 0xC5, 0x08, 0xC5, 0x08, 0xC5, 0x08,
    0xC5, 0x08, 0xC5, 0x08, 0xC5, 0x08, 0xC5, 0x08, 0xC5, 0x08, 0xC5, 0x08, 0xC5, 0x08, 0xC5, 0x10,
    0xC5, 0x10, 0xC5, 0x10, 0xC5, 0x10, 0xC5, 0x10, 0xC5, 0x10, 0xC5, 0x10, 0xC5, 0x10, 0xC5, 0x10,
    0xC5, 0x10, 0xC5, 0x10, 0xC5, 0x10, 0xC5, 0x10, 0xC5, 0x10, 0xC6, 0x10, 0xC6, 0x10, 0xC6, 0x10,
    0xC6, 0x10, 0xE6, 0x10, 0xE6, 0x10, 0xE6, 0x10, 0xE6, 0x10, 0xE6, 0x10, 0xE6, 0x10, 0xE6, 0x10,
    0xE6, 0x10, 0xE6, 0x10, 0xE6, 0x10, 0xE6, 0x10, 0xE6, 0x10, 0xE6, 0x10, 0xE6, 0x10, 0xE6, 0x10,
    0xE6, 0x10, 0xE6, 0x10, 0xE6, 0x10, 0xE6, 0x10, 0xE6, 0x10, 0xE6, 0x10, 0xE6, 0x10, 0xE6, 0x10,
    0xE6, 0x10, 0xE6, 0x10, 0xE6, 0x10, 0xE6, 0x10, 0xE6, 0x10, 0xE6, 0x10, 0xE6, 0x10, 0xE6, 0x10,
    0xE6, 0x10, 0xE6, 0x10, 0xE6, 0x10, 0xE6, 0x10, 0xE6, 0x10, 0xE6, 0x10, 0xE6, 0x10, 0xE6, 0x10,
    0xE6, 0x10, 0xE6, 0x10, 0x06, 0x11, 0x06, 0x11, 0x06, 0x11, 0x06, 0x11, 0x06, 0x11, 0x06, 0x11,
    0x06, 0x11, 0x06, 0x11, 0x06, 0x11, 0x06, 0x11, 0x06, 0x11, 0x06, 0x11, 0x06, 0x11, 0x06, 0x11,
    0x06, 0x11, 0x06, 0x11, 0x07, 0x11, 0x07, 0x11, 0x07, 0x11, 0x07, 0x11, 0x07, 0x11, 0x07, 0x11,
    0x07, 0x11, 0x07, 0x11, 0x07, 0x11, 0x07, 0x11, 0x07, 0x11, 0x07, 0x11, 0x07, 0x11, 0x07, 0x11,
    0x07, 0x11, 0x07, 0x11, 0x07, 0x11, 0x07, 0x11, 0x07, 0x11, 0x07, 0x11, 0x07, 0x11, 0x07, 0x11,
    0x07, 0x11, 0x07, 0x11, 0x07, 0x11, 0x07, 0x11, 0x07, 0x11, 0x07, 0x11, 0x07, 0x11, 0x07, 0x11,
    0x07, 0x11, 0x07, 0x11, 0x07, 0x11, 0x07, 0x11, 0x07, 0x11, 0x07, 0x11, 0x07, 0x11, 0x07, 0x11,
    0x07, 0x11, 0x07, 0x11, 0x07, 0x11, 0x07, 0x11, 0x07, 0x11, 0x07, 0x11, 0x07, 0x11, 0x07, 0x11,
    0x07, 0x11, 0x07, 0x11, 0x07, 0x11, 0x07, 0x11, 0x07, 0x11, 0x07, 0x11, 0x07, 0x11, 0x07, 0x11,
    0x07, 0x11, 0x07, 0x11, 0x07, 0x11, 0x07, 0x11, 0x07, 0x11, 0x07, 0x11, 0x07, 0x11, 0x07, 0x11,
    0x07, 0x11, 0x07, 0x11, 0x07, 0x11, 0x07, 0x11, 0x07, 0x11, 0x07, 0x11, 0x07, 0x11, 0x07, 0x11,
    0x07, 0x11, 0x07, 0x11, 0x07, 0x11, 0x07, 0x11, 0x07, 0x11, 0x07, 0x11, 0x07, 0x11, 0x06, 0x11,
    0x06, 0x11, 0x06, 0x11, 0x06, 0x11, 0x06, 0x11, 0x06, 0x11, 0x06, 0x11, 0x06, 0x11, 0x06, 0x11,
    0x06, 0x11, 0x06, 0x11, 0x06, 0x11, 0x06, 0x11, 0x06, 0x11, 0x06, 0x11, 0x06, 0x11, 0xE6, 0x10,
    0xE6, 0x10, 0xE6, 0x10, 0xE6, 0x10, 0xE6, 0x10, 0xE6, 0x10, 0xE6, 0x10, 0xE6, 0x10, 0xE6, 0x10,
    0xE6, 0x10, 0xE6, 0x10, 0xE6, 0x10, 0xE6, 0x10, 0xE6, 0x10, 0xE6, 0x10, 0xE6, 0x10, 0xE6, 0x10,
    0xE6, 0x10, 0xE6, 0x10, 0xE6, 0x10, 0xE6, 0x10, 0xE6, 0x10, 0xE6, 0x10, 0xE6, 0x10, 0xE6, 0x10,
    0xE6, 0x10, 0xE6, 0x10, 0xE6, 0x10, 0xE6, 0x10, 0xE6, 0x10, 0xE6, 0x10, 0xE6, 0x10, 0xE6, 0x10,
    0xE6, 0x10, 0xE6, 0x10, 0xE6, 0x10, 0xE6, 0x10, 0xE6, 0x10, 0xE6, 0x10, 0xE6, 0x10, 0xE6, 0x10,
    0xC6, 0x10, 0xC6, 0x10, 0xC6, 0x10, 0xC6, 0x10, 0xC5, 0x10, 0xC5, 0x10, 0xC5, 0x10, 0xC5, 0x10,
    0xC5, 0x10, 0xC5, 0x10, 0xC5, 0x10, 0xC5, 0x10, 0xC5, 0x10, 0xC5, 0x10, 0xC5, 0x10, 0xC5, 0x10,
    0xC5, 0x10, 0xC5, 0x10, 0xC5, 0x08, 0xC5, 0x08, 0xC5, 0x08, 0xC5, 0x08, 0xC5, 0x08, 0xC5, 0x08,
    0xC5, 0x10, 0xC6, 0x10, 0xC6, 0x10, 0xC6, 0x10, 0xC6, 0x10, 0xC6, 0x10, 0xC6, 0x10, 0xE6, 0x10,
    0xE6, 0x10, 0xE6, 0x10, 0xE6, 0x10, 0xE6, 0x10, 0xE6, 0x10, 0xE6, 0x10, 0xE6, 0x10, 0xE6, 0x10,
    0xE6, 0x10, 0xE6, 0x10, 0xE6, 0x10, 0xE6, 0x10, 0xE6, 0x10, 0xE6, 0x10, 0xE6, 0x10, 0xE6, 0x10,
    0xE6, 0x10, 0xE6, 0x10, 0xE6, 0x10, 0xE6, 0x10, 0xE6, 0x10, 0xE6, 0x10, 0xE6, 0x10, 0xE6, 0x10,
    0xE6, 0x10, 0xE6, 0x10, 0xE6, 0x10, 0xE6, 0x10, 0xE6, 0x10, 0xE6, 0x10, 0xE6, 0x10, 0xE6, 0x10,
    0xE6, 0x10, 0xE6, 0x10, 0x06, 0x11, 0x06, 0x11, 0x06, 0x11, 0x06, 0x11, 0x06, 0x11, 0x06, 0x11,
    0x06, 0x11, 0x07, 0x11, 0x07, 0x11, 0x07, 0x11, 0x07, 0x11, 0x07, 0x11, 0x07, 0x11, 0x07, 0x11,
    0x07, 0x11, 0x07, 0x11, 0x07, 0x11, 0x07, 0x11, 0x07, 0x11, 0x07, 0x11, 0x07, 0x11, 0x07, 0x11,
    0x07, 0x11, 0x07, 0x11, 0x07, 0x11, 0x07, 0x11, 0x07, 0x11, 0x07, 0x11, 0x07, 0x11, 0x07, 0x11,
    0x07, 0x11, 0x07, 0x11, 0x07, 0x11, 0x07, 0x11, 0x07, 0x11, 0x07, 0x11, 0x07, 0x11, 0x07, 0x11,
    0x07, 0x11, 0x07, 0x11, 0x07, 0x11, 0x07, 0x11, 0x07, 0x11, 0x07, 0x19, 0x27, 0x19, 0x27, 0x19,
    0x27, 0x19, 0x27, 0x19, 0x27, 0x19, 0x27, 0x19, 0x27, 0x19, 0x27, 0x19, 0x27, 0x19, 0x27, 0x19,
    0x27, 0x19, 0x27, 0x19, 0x27, 0x19, 0x27, 0x19, 0x27, 0x19, 0x27, 0x19, 0x27, 0x19, 0x27, 0x19,
    0x27, 0x19, 0x27, 0x19, 0x27, 0x19, 0x27, 0x19, 0x27, 0x19, 0x27, 0x19, 0x27, 0x19, 0x27, 0x19,
    0x27, 0x19, 0x27, 0x19, 0x27, 0x19, 0x27, 0x19, 0x27, 0x19, 0x27, 0x19, 0x27, 0x19, 0x27, 0x19,
    0x27, 0x19, 0x27, 0x19, 0x27, 0x19, 0x27, 0x19, 0x27, 0x19, 0x27, 0x19, 0x27, 0x19, 0x27, 0x19,
    0x27, 0x19, 0x27, 0x19, 0x27, 0x19, 0x27, 0x19, 0x27, 0x19, 0x27, 0x19, 0x27, 0x19, 0x27, 0x19,
    0x27, 0x19, 0x27, 0x19, 0x27, 0x19, 0x27, 0x19, 0x27, 0x19, 0x27, 0x19, 0x27, 0x19, 0x27, 0x19,
    0x27, 0x19, 0x27, 0x19, 0x27, 0x19, 0x27, 0x19, 0x27, 0x19, 0x27, 0x19, 0x27, 0x19, 0x27, 0x19,
    0x27, 0x19, 0x27, 0x19, 0x27, 0x19, 0x07, 0x19, 0x07, 0x11, 0x07, 0x11, 0x07, 0x11, 0x07, 0x11,
    0x07, 0x11, 0x07, 0x11, 0x07, 0x11, 0x07, 0x11, 0x07, 0x11, 0x07, 0x11, 0x07, 0x11, 0x07, 0x11,
    0x07, 0x11, 0x07, 0x11, 0x07, 0x11, 0x07, 0x11, 0x07, 0x11, 0x07, 0x11, 0x07, 0x11, 0x07, 0x11,
    0x07, 0x11, 0x07, 0x11, 0x07, 0x11, 0x07, 0x11, 0x07, 0x11, 0x07, 0x11, 0x07, 0x11, 0x07, 0x11,
    0x07, 0x11, 0x07, 0x11, 0x07, 0x11, 0x07, 0x11, 0x07, 0x11, 0x07, 0x11, 0x07, 0x11, 0x07, 0x11,
    0x06, 0x11, 0x06, 0x11, 0x06, 0x11, 0x06, 0x11, 0x06, 0x11, 0x06, 0x11, 0x06, 0x11, 0xE6, 0x10,
    0xE6, 0x10, 0xE6, 0x10, 0xE6, 0x10, 0xE6, 0x10, 0xE6, 0x10, 0xE6, 0x10, 0xE6, 0x10, 0xE6, 0x10,
    0xE6, 0x10, 0xE6, 0x10, 0xE6, 0x10, 0xE6, 0x10, 0xE6, 0x10, 0xE6, 0x10, 0xE6, 0x10, 0xE6, 0x10,
    0xE6, 0x10, 0xE6, 0x10, 0xE6, 0x10, 0xE6, 0x10, 0xE6, 0x10, 0xE6, 0x10, 0xE6, 0x10, 0xE6, 0x10,
    0xE6, 0x10, 0xE6, 0x10, 0xE6, 0x10, 0xE6, 0x10, 0xE6, 0x10, 0xE6, 0x10, 0xE6, 0x10, 0xE6, 0x10,
    0xE6, 0x10, 0xE6, 0x10, 0xC6, 0x10, 0xC6, 0x10, 0xC6, 0x10, 0xC6, 0x10, 0xC6, 0x10, 0xC6, 0x10,
    0xC5, 0x08, 0xC5, 0x08, 0xC5, 0x08, 0xC5, 0x08, 0xC5, 0x08, 0xC5, 0x10, 0xC5, 0x10, 0xC5, 0x10,
    0xC5, 0x10, 0xC5, 0x10, 0xC5, 0x10, 0xC5, 0x10, 0xC5, 0x10, 0xC5, 0x10, 0xC5, 0x10, 0xC5, 0x10,
    0xC5, 0x10, 0xC5, 0x10, 0xC6, 0x10, 0xC6, 0x10, 0xC6, 0x10, 0xC6, 0x10, 0xE6, 0x10, 0xE6, 0x10,
    0xE6, 0x10, 0xE6, 0x10, 0xE6, 0x10, 0xE6, 0x10, 0xE6, 0x10, 0xE6, 0x10, 0xE6, 0x10, 0xE6, 0x10,
    0xE6, 0x10, 0xE6, 0x10, 0xE6, 0x10, 0xE6, 0x10, 0xE6, 0x10, 0xE6, 0x10, 0xE6, 0x10, 0xE6, 0x10,
    0xE6, 0x10, 0xE6, 0x10, 0xE6, 0x10, 0xE6, 0x10, 0xE6, 0x10, 0xE6, 0x10, 0xE6, 0x10, 0xE6, 0x10,
    0xE6, 0x10, 0xE6, 0x10, 0xE6, 0x10, 0xE6, 0x10, 0xE6, 0x10, 0xE6, 0x10, 0xE6, 0x10, 0xE6, 0x10,
    0xE6, 0x10, 0xE6, 0x10, 0xE6, 0x10, 0xE6, 0x10, 0xE6, 0x10, 0xE6, 0x10, 0x06, 0x11, 0x06, 0x11,
    0x06, 0x11, 0x06, 0x11, 0x06, 0x11, 0x06, 0x11, 0x06, 0x11, 0x06, 0x11, 0x06, 0x11, 0x06, 0x11,
    0x06, 0x11, 0x06, 0x11, 0x06, 0x11, 0x06, 0x11, 0x07, 0x11, 0x07, 0x11, 0x07, 0x11, 0x07, 0x11,
    0x07, 0x11, 0x07, 0x11, 0x07, 0x11, 0x07, 0x11, 0x07, 0x11, 0x07, 0x11, 0x07, 0x11, 0x07, 0x11,
    0x07, 0x11, 0x07, 0x11, 0x07, 0x11, 0x07, 0x11, 0x07, 0x11, 0x07, 0x11, 0x07, 0x11, 0x07, 0x11,
    0x07, 0x11, 0x07, 0x11, 0x07, 0x11, 0x07, 0x11, 0x07, 0x11, 0x07, 0x11, 0x07, 0x11, 0x07, 0x11,
    0x07, 0x11, 0x07, 0x11, 0x07, 0x11, 0x07, 0x11, 0x07, 0x11, 0x07, 0x11, 0x07, 0x11, 0x07, 0x11,
    0x07, 0x11, 0x07, 0x11, 0x07, 0x11, 0x07, 0x11, 0x07, 0x11, 0x07, 0x11, 0x07, 0x11, 0x07, 0x11,
    0x07, 0x11, 0x07, 0x11, 0x07, 0x11, 0x07, 0x11, 0x07, 0x11, 0x07, 0x11, 0x07, 0x11, 0x07, 0x11,
    0x07, 0x11, 0x07, 0x11, 0x07, 0x11, 0x07, 0x11, 0x07, 0x11, 0x07, 0x11, 0x07, 0x11, 0x07, 0x11,
    0x07, 0x11, 0x07, 0x11, 0x07, 0x11, 0x07, 0x11, 0x07, 0x11, 0x07, 0x11, 0x07, 0x11, 0x07, 0x11,
    0x07, 0x11, 0x07, 0x11, 0x07, 0x11, 0x07, 0x11, 0x07, 0x11, 0x07, 0x11, 0x07, 0x11, 0x07, 0x11,
    0x07, 0x11, 0x07, 0x11, 0x07, 0x11, 0x07, 0x11, 0x07, 0x11, 0x07, 0x11, 0x07, 0x11, 0x07, 0x11,
    0x07, 0x11, 0x07, 0x11, 0x07, 0x11, 0x07, 0x11, 0x07, 0x11, 0x06, 0x11, 0x06, 0x11, 0x06, 0x11,
    0x06, 0x11, 0x06, 0x11, 0x06, 0x11, 0x06, 0x11, 0x06, 0x11, 0x06, 0x11, 0x06, 0x11, 0x06, 0x11,
    0x06, 0x11, 0x06, 0x11, 0x06, 0x11, 0xE6, 0x10, 0xE6, 0x10, 0xE6, 0x10, 0xE6, 0x10, 0xE6, 0x10,
    0xE6, 0x10, 0xE6, 0x10, 0xE6, 0x10, 0xE6, 0x10, 0xE6, 0x10, 0xE6, 0x10, 0xE6, 0x10, 0xE6, 0x10,
    0xE6, 0x10, 0xE6, 0x10, 0xE6, 0x10, 0xE6, 0x10, 0xE6, 0x10, 0xE6, 0x10, 0xE6, 0x10, 0xE6, 0x10,
    0xE6, 0x10, 0xE6, 0x10, 0xE6, 0x10, 0xE6, 0x10, 0xE6, 0x10, 0xE6, 0x10, 0xE6, 0x10, 0xE6, 0x10,
    0xE6, 0x10, 0xE6, 0x10, 0xE6, 0x10, 0xE6, 0x10, 0xE6, 0x10, 0xE6, 0x10, 0xE6, 0x10, 0xE6, 0x10,
    0xE6, 0x10, 0xE6, 0x10, 0xE6, 0x10, 0xC6, 0x10, 0xC6, 0x10, 0xC6, 0x10, 0xC6, 0x10, 0xC5, 0x10,
    0xC5, 0x10, 0xC5, 0x10, 0xC5, 0x10, 0xC5, 0x10, 0xC5, 0x10, 0xC5, 0x10, 0xC5, 0x10, 0xC5, 0x10,
    0xC5, 0x10, 0xC5, 0x10, 0xC5, 0x10, 0xC5, 0x10, 0xC5, 0x08, 0xC5, 0x08, 0xC5, 0x08, 0xC5, 0x08,
    0xC5, 0x08, 0xC5, 0x08, 0xC5, 0x08, 0xC5, 0x08, 0xC5, 0x10, 0xC5, 0x10, 0xC5, 0x10, 0xC5, 0x10,
    0xC5, 0x10, 0xC5, 0x10, 0xC5, 0x10, 0xC5, 0x10, 0xC5, 0x10, 0xC5, 0x10, 0xC5, 0x10, 0xC5, 0x10,
    0xC5, 0x10, 0xC6, 0x10, 0xC6, 0x10, 0xC6, 0x10, 0xC6, 0x10, 0xE6, 0x10, 0xE6, 0x10, 0xE6, 0x10,
    0xE6, 0x10, 0xE6, 0x10, 0xE6, 0x10, 0xE6, 0x10, 0xE6, 0x10, 0xE6, 0x10, 0xE6, 0x10, 0xE6, 0x10,
    0xE6, 0x10, 0xE6, 0x10, 0xE6, 0x10, 0xE6, 0x10, 0xE6, 0x10, 0xE6, 0x10, 0xE6, 0x10, 0xE6, 0x10,
    0xE6, 0x10, 0xE6, 0x10, 0xE6, 0x10, 0xE6, 0x10, 0xE6, 0x10, 0xE6, 0x10, 0xE6, 0x10, 0xE6, 0x10,
    0xE6, 0x10, 0xE6, 0x10, 0xE6, 0x10, 0xE6, 0x10, 0xE6, 0x10, 0xE6, 0x10, 0xE6, 0x10, 0xE6, 0x10,
    0xE6, 0x10, 0xE6, 0x10, 0xE6, 0x10, 0xE6, 0x10, 0xE6, 0x10, 0x06, 0x11, 0x06, 0x11, 0x06, 0x11,
    0x06, 0x11, 0x06, 0x11, 0x06, 0x11, 0x06, 0x11, 0x06, 0x11, 0x06, 0x11, 0x06, 0x11, 0x06, 0x11,
    0x06, 0x11, 0x06, 0x11, 0x07, 0x11, 0x07, 0x11, 0x07, 0x11, 0x07, 0x11, 0x07, 0x11, 0x07, 0x11,
    0x07, 0x11, 0x07, 0x11, 0x07, 0x11, 0x07, 0x11, 0x07, 0x11, 0x07, 0x11, 0x07, 0x11, 0x07, 0x11,
    0x07, 0x11, 0x07, 0x11, 0x07, 0x11, 0x07, 0x11, 0x07, 0x11, 0x07, 0x11, 0x07, 0x11, 0x07, 0x11,
    0x07, 0x11, 0x07, 0x11, 0x07, 0x11, 0x07, 0x11, 0x07, 0x11, 0x07, 0x11, 0x07, 0x11, 0x07, 0x11,
    0x07, 0x11, 0x07, 0x11, 0x07, 0x11, 0x07, 0x11, 0x07, 0x11, 0x07, 0x11, 0x07, 0x11, 0x07, 0x11,
    0x07, 0x11, 0x07, 0x11, 0x07, 0x11, 0x07, 0x11, 0x07, 0x11, 0x07, 0x11, 0x07, 0x11, 0x07, 0x11,
    0x07, 0x11, 0x07, 0x11, 0x07, 0x11, 0x07, 0x11, 0x07, 0x11, 0x07, 0x11, 0x07, 0x11, 0x07, 0x11,
    0x07, 0x11, 0x07, 0x11, 0x07, 0x11, 0x07, 0x11, 0x07, 0x11, 0x07, 0x11, 0x07, 0x11, 0x07, 0x11,
    0x07, 0x11, 0x07, 0x11, 0x07, 0x11, 0x07, 0x11, 0x07, 0x11, 0x07, 0x11, 0x07, 0x11, 0x07, 0x11,
    0x07, 0x11, 0x07, 0x11, 0x07, 0x11, 0x07, 0x11, 0x07, 0x11, 0x07, 0x11, 0x07, 0x11, 0x07, 0x11,
    0x07, 0x11, 0x07, 0x11, 0x07, 0x11, 0x07, 0x11, 0x07, 0x11, 0x07, 0x11, 0x07, 0x11, 0x07, 0x11,
    0x07, 0x11, 0x07, 0x11, 0x07, 0x11, 0x07, 0x11, 0x07, 0x11, 0x07, 0x11, 0x07, 0x11, 0x06, 0x11,
    0x06, 0x11, 0x06, 0x11, 0x06, 0x11, 0x06, 0x11, 0x06, 0x11, 0x06, 0x11, 0x06, 0x11, 0x06, 0x11,
    0x06, 0x11, 0x06, 0x11, 0x06, 0x11, 0x06, 0x11, 0xE6, 0x10, 0xE6, 0x10, 0xE6, 0x10, 0xE6, 0x10,
    0xE6, 0x10, 0xE6, 0x10, 0xE6, 0x10, 0xE6, 0x10, 0xE6, 0x10, 0xE6, 0x10, 0xE6, 0x10, 0xE6, 0x10,
    0xE6, 0x10, 0xE6, 0x10, 0xE6, 0x10, 0xE6, 0x10, 0xE6, 0x10, 0xE6, 0x10, 0xE6, 0x10, 0xE6, 0x10,
    0xE6, 0x10, 0xE6, 0x10, 0xE6, 0x10, 0xE6, 0x10, 0xE6, 0x10, 0xE6, 0x10, 0xE6, 0x10, 0xE6, 0x10,
    0xE6, 0x10, 0xE6, 0x10, 0xE6, 0x10, 0xE6, 0x10, 0xE6, 0x10, 0xE6, 0x10, 0xE6, 0x10, 0xE6, 0x10,
    0xE6, 0x10, 0xE6, 0x10, 0xE6, 0x10, 0xE6, 0x10, 0xC6, 0x10, 0xC6, 0x10, 0xC6, 0x10, 0xC6, 0x10,
    0xC5, 0x10, 0xC5, 0x10, 0xC5, 0x10, 0xC5, 0x10, 0xC5, 0x10, 0xC5, 0x10, 0xC5, 0x10, 0xC5, 0x10,
    0xC5, 0x10, 0xC5, 0x10, 0xC5, 0x10, 0xC5, 0x10, 0xC5, 0x10, 0xC5, 0x08, 0xC5, 0x08, 0xC5, 0x08,
    0xC6, 0x10, 0xC6, 0x10, 0xC6, 0x10, 0xC6, 0x10, 0xE6, 0x10, 0xE6, 0x10, 0xE6, 0x10, 0xE6, 0x10,
    0xE6, 0x10, 0xE6, 0x10, 0xE6, 0x10, 0xE6, 0x10, 0xE6, 0x10, 0xE6, 0x10, 0xE6, 0x10, 0xE6, 0x10,
    0xE6, 0x10, 0xE6, 0x10, 0xE6, 0x10, 0xE6, 0x10, 0xE6, 0x10, 0xE6, 0x10, 0xE6, 0x10, 0xE6, 0x10,
    0xE6, 0x10, 0xE6, 0x10, 0xE6, 0x10, 0xE6, 0x10, 0xE6, 0x10, 0xE6, 0x10, 0xE6, 0x10, 0xE6, 0x10,
    0xE6, 0x10, 0xE6, 0x10, 0xE6, 0x10, 0xE6, 0x10, 0xE6, 0x10, 0x06, 0x11, 0x06, 0x11, 0x06, 0x11,
    0x06, 0x11, 0x06, 0x11, 0x06, 0x11, 0x07, 0x11, 0x07, 0x11, 0x07, 0x11, 0x07, 0x11, 0x07, 0x11,
    0x07, 0x11, 0x07, 0x11, 0x07, 0x11, 0x07, 0x11, 0x07, 0x11, 0x07, 0x11, 0x07, 0x11, 0x07, 0x11,
    0x07, 0x11, 0x07, 0x11, 0x07, 0x11, 0x07, 0x11, 0x07, 0x11, 0x07, 0x11, 0x07, 0x11, 0x07, 0x11,
    0x07, 0x11, 0x07, 0x11, 0x07, 0x11, 0x07, 0x11, 0x07, 0x11, 0x07, 0x11, 0x07, 0x11, 0x07, 0x11,
    0x07, 0x11, 0x07, 0x11, 0x07, 0x11, 0x07, 0x11, 0x07, 0x11, 0x07, 0x11, 0x27, 0x11, 0x27, 0x11,
    0x27, 0x19, 0x27, 0x19, 0x27, 0x19, 0x27, 0x19, 0x27, 0x19, 0x27, 0x19, 0x27, 0x19, 0x27, 0x19,
    0x27, 0x19, 0x27, 0x19, 0x27, 0x19, 0x27, 0x19, 0x27, 0x19, 0x27, 0x19, 0x27, 0x19, 0x27, 0x19,
    0x27, 0x19, 0x27, 0x19, 0x27, 0x19, 0x27, 0x19, 0x27, 0x19, 0x27, 0x19, 0x27, 0x19, 0x27, 0x19,
    0x27, 0x19, 0x27, 0x19, 0x27, 0x19, 0x27, 0x19, 0x27, 0x19, 0x27, 0x19, 0x27, 0x19, 0x27, 0x19,
    0x27, 0x19, 0x27, 0x19, 0x27, 0x19, 0x27, 0x19, 0x27, 0x19, 0x27, 0x19, 0x27, 0x19, 0x27, 0x19,
    0x27, 0x19, 0x27, 0x19, 0x27, 0x19, 0x27, 0x19, 0x27, 0x19, 0x27, 0x19, 0x27, 0x19, 0x27, 0x19,
    0x27, 0x19, 0x27, 0x19, 0x27, 0x19, 0x27, 0x19, 0x27, 0x19, 0x27, 0x19, 0x27, 0x19, 0x27, 0x19,
    0x27, 0x19, 0x27, 0x19, 0x27, 0x19, 0x27, 0x19, 0x27, 0x19, 0x27, 0x19, 0x27, 0x19, 0x27, 0x19,
    0x27, 0x19, 0x27, 0x19, 0x27, 0x19, 0x27, 0x19, 0x27, 0x19, 0x27, 0x19, 0x27, 0x19, 0x27, 0x19,
    0x27, 0x19, 0x27, 0x19, 0x27, 0x19, 0x27, 0x19, 0x27, 0x19, 0x27, 0x19, 0x27, 0x19, 0x27, 0x19,
    0x27, 0x19, 0x27, 0x11, 0x27, 0x11, 0x07, 0x11, 0x07, 0x11, 0x07, 0x11, 0x07, 0x11, 0x07, 0x11,
    0x07, 0x11, 0x07, 0x11, 0x07, 0x11, 0x07, 0x11, 0x07, 0x11, 0x07, 0x11, 0x07, 0x11, 0x07, 0x11,
    0x07, 0x11, 0x07, 0x11, 0x07, 0x11, 0x07, 0x11, 0x07, 0x11, 0x07, 0x11, 0x07, 0x11, 0x07, 0x11,
    0x07, 0x11, 0x07, 0x11, 0x07, 0x11, 0x07, 0x11, 0x07, 0x11, 0x07, 0x11, 0x07, 0x11, 0x07, 0x11,
    0x07, 0x11, 0x07, 0x11, 0x07, 0x11, 0x07, 0x11, 0x07, 0x11, 0x07, 0x11, 0x06, 0x11, 0x06, 0x11,
    0x06, 0x11, 0x06, 0x11, 0x06, 0x11, 0x06, 0x11, 0xE6, 0x10, 0xE6, 0x10, 0xE6, 0x10, 0xE6, 0x10,
    0xE6, 0x10, 0xE6, 0x10, 0xE6, 0x10, 0xE6, 0x10, 0xE6, 0x10, 0xE6, 0x10, 0xE6, 0x10, 0xE6, 0x10,
    0xE6, 0x10, 0xE6, 0x10, 0xE6, 0x10, 0xE6, 0x10, 0xE6, 0x10, 0xE6, 0x10, 0xE6, 0x10, 0xE6, 0x10,
    0xE6, 0x10, 0xE6, 0x10, 0xE6, 0x10, 0xE6, 0x10, 0xE6, 0x10, 0xE6, 0x10, 0xE6, 0x10, 0xE6, 0x10,
    0xE6, 0x10, 0xE6, 0x10, 0xE6, 0x10, 0xE6, 0x10, 0xE6, 0x10, 0xC6, 0x10, 0xC6, 0x10, 0xC6, 0x10,
    0xC5, 0x08, 0xC5, 0x08, 0xC5, 0x08, 0xC5, 0x10, 0xC5, 0x10, 0xC5, 0x10, 0xC5, 0x10, 0xC5, 0x10,
    0xC5, 0x10, 0xC5, 0x10, 0xC5, 0x10, 0xC5, 0x10, 0xC5, 0x10, 0xC5, 0x10, 0xC6, 0x10, 0xC6, 0x10,
    0xC6, 0x10, 0xC6, 0x10, 0xE6, 0x10, 0xE6, 0x10, 0xE6, 0x10, 0xE6, 0x10, 0xE6, 0x10, 0xE6, 0x10,
    0xE6, 0x10, 0xE6, 0x10, 0xE6, 0x10, 0xE6, 0x10, 0xE6, 0x10, 0xE6, 0x10, 0xE6, 0x10, 0xE6, 0x10,
    0xE6, 0x10, 0xE6, 0x10, 0xE6, 0x10, 0xE6, 0x10, 0xE6, 0x10, 0xE6, 0x10, 0xE6, 0x10, 0xE6, 0x10,
    0xE6, 0x10, 0xE6, 0x10, 0xE6, 0x10, 0xE6, 0x10, 0xE6, 0x10, 0xE6, 0x10, 0xE6, 0x10, 0xE6, 0x10,
    0xE6, 0x10, 0xE6, 0x10, 0xE6, 0x10, 0xE6, 0x10, 0xE6, 0x10, 0xE6, 0x10, 0xE6, 0x10, 0xE6, 0x10,
    0xE6, 0x10, 0x06, 0x11, 0x06, 0x11, 0x06, 0x11, 0x06, 0x11, 0x06, 0x11, 0x06, 0x11, 0x06, 0x11,
    0x06, 0x11, 0x06, 0x11, 0x06, 0x11, 0x06, 0x11, 0x06, 0x11, 0x07, 0x11, 0x07, 0x11, 0x07, 0x11,
    0x07, 0x11, 0x07, 0x11, 0x07, 0x11, 0x07, 0x11, 0x07, 0x11, 0x07, 0x11, 0x07, 0x11, 0x07, 0x11,
    0x07, 0x11, 0x07, 0x11, 0x07, 0x11, 0x07, 0x11, 0x07, 0x11, 0x07, 0x11, 0x07, 0x11, 0x07, 0x11,
    0x07, 0x11, 0x07, 0x11, 0x07, 0x11, 0x07, 0x11, 0x07, 0x11, 0x07, 0x11, 0x07, 0x11, 0x07, 0x11,
    0x07, 0x11, 0x07, 0x11, 0x07, 0x11, 0x07, 0x11, 0x07, 0x11, 0x07, 0x11, 0x07, 0x11, 0x07, 0x11,
    0x07, 0x11, 0x07, 0x11, 0x07, 0x11, 0x07, 0x11, 0x07, 0x11, 0x07, 0x11, 0x07, 0x11, 0x07, 0x19,
    0x07, 0x19, 0x07, 0x19, 0x07, 0x19, 0x07, 0x19, 0x07, 0x19, 0x07, 0x19, 0x07, 0x19, 0x07, 0x19,
    0x07, 0x19, 0x07, 0x19, 0x07, 0x19, 0x07, 0x19, 0x07, 0x19, 0x07, 0x19, 0x07, 0x19, 0x07, 0x19,
    0x07, 0x19, 0x07, 0x19, 0x07, 0x11, 0x07, 0x11, 0x07, 0x11, 0x07, 0x11, 0x07, 0x11, 0x07, 0x11,
    0x07, 0x11, 0x07, 0x11, 0x07, 0x11, 0x07, 0x11, 0x07, 0x11, 0x07, 0x11, 0x07, 0x11, 0x07, 0x11,
    0x07, 0x11, 0x07, 0x11, 0x07, 0x11, 0x07, 0x11, 0x07, 0x11, 0x07, 0x11, 0x07, 0x11, 0x07, 0x11,
    0x07, 0x11, 0x07, 0x11, 0x07, 0x11, 0x07, 0x11, 0x07, 0x11, 0x07, 0x11, 0x07, 0x11, 0x07, 0x11,
    0x07, 0x11, 0x07, 0x11, 0x07, 0x11, 0x07, 0x11, 0x07, 0x11, 0x07, 0x11, 0x07, 0x11, 0x07, 0x11,
    0x07, 0x11, 0x07, 0x11, 0x07, 0x11, 0x07, 0x11, 0x06, 0x11, 0x06, 0x11, 0x06, 0x11, 0x06, 0x11,
    0x06, 0x11, 0x06, 0x11, 0x06, 0x11, 0x06, 0x11, 0x06, 0x11, 0x06, 0x11, 0x06, 0x11, 0x06, 0x11,
    0xE6, 0x10, 0xE6, 0x10, 0xE6, 0x10, 0xE6, 0x10, 0xE6, 0x10, 0xE6, 0x10, 0xE6, 0x10, 0xE6, 0x10,
    0xE6, 0x10, 0xE6, 0x10, 0xE6, 0x10, 0xE6, 0x10, 0xE6, 0x10, 0xE6, 0x10, 0xE6, 0x10, 0xE6, 0x10,
    0xE6, 0x10, 0xE6, 0x10, 0xE6, 0x10, 0xE6, 0x10, 0xE6, 0x10, 0xE6, 0x10, 0xE6, 0x10, 0xE6, 0x10,
    0xE6, 0x10, 0xE6, 0x10, 0xE6, 0x10, 0xE6, 0x10, 0xE6, 0x10, 0xE6, 0x10, 0xE6, 0x10, 0xE6, 0x10,
    0xE6, 0x10, 0xE6, 0x10, 0xE6, 0x10, 0xE6, 0x10, 0xE6, 0x10, 0xE6, 0x10, 0xE6, 0x10, 0xC6, 0x10,
    0xC6, 0x10, 0xC6, 0x10, 0xC6, 0x10, 0xC5, 0x10, 0xC5, 0x10, 0xC5, 0x10, 0xC5, 0x10, 0xC5, 0x10,
    0xC5, 0x10, 0xC5, 0x10, 0xC5, 0x10, 0xC5, 0x10, 0xC5, 0x10, 0xC5, 0x10, 0xC5, 0x08, 0xC5, 0x08,
    0xC5, 0x08, 0xC5, 0x08, 0xC5, 0x10, 0xC5, 0x10, 0xC5, 0x10, 0xC5, 0x10, 0xC5, 0x10, 0xC5, 0x10,
    0xC5, 0x10, 0xC5, 0x10, 0xC5, 0x10, 0xC5, 0x10, 0xC5, 0x10, 0xC6, 0x10, 0xC6, 0x10, 0xC6, 0x10,
    0xC6, 0x10, 0xE6, 0x10, 0xE6, 0x10, 0xE6, 0x10, 0xE6, 0x10, 0xE6, 0x10, 0xE6, 0x10, 0xE6, 0x10,
    0xE6, 0x10, 0xE6, 0x10, 0xE6, 0x10, 0xE6, 0x10, 0xE6, 0x10, 0xE6, 0x10, 0xE6, 0x10, 0xE6, 0x10,
    0xE6, 0x10, 0xE6, 0x10, 0xE6, 0x10, 0xE6, 0x10, 0xE6, 0x10, 0xE6, 0x10, 0xE6, 0x10, 0xE6, 0x10,
    0xE6, 0x10, 0xE6, 0x10, 0xE6, 0x10, 0xE6, 0x10, 0xE6, 0x10, 0xE6, 0x10, 0xE6, 0x10, 0xE6, 0x10,
    0xE6, 0x10, 0xE6, 0x10, 0xE6, 0x10, 0xE6, 0x10, 0xE6, 0x10, 0xE6, 0x10, 0xE6, 0x10, 0x06, 0x11,
    0x06, 0x11, 0x06, 0x11, 0x06, 0x11, 0x06, 0x11, 0x06, 0x11, 0x06, 0x11, 0x06, 0x11, 0x06, 0x11,
    0x06, 0x11, 0x06, 0x11, 0x06, 0x11, 0x07, 0x11, 0x07, 0x11, 0x07, 0x11, 0x07, 0x11, 0x07, 0x11,
    0x07, 0x11, 0x07, 0x11, 0x07, 0x11, 0x07, 0x11, 0x07, 0x11, 0x07, 0x11, 0x07, 0x11, 0x07, 0x11,
    0x07, 0x11, 0x07, 0x11, 0x07, 0x11, 0x07, 0x11, 0x07, 0x11, 0x07, 0x11, 0x07, 0x11, 0x07, 0x11,
    0x07, 0x11, 0x07, 0x11, 0x07, 0x11, 0x07, 0x11, 0x07, 0x11, 0x07, 0x11, 0x07, 0x11, 0x07, 0x11,
    0x07, 0x11, 0x07, 0x11, 0x07, 0x11, 0x07, 0x11, 0x07, 0x11, 0x07, 0x11, 0x07, 0x11, 0x07, 0x11,
    0x07, 0x11, 0x07, 0x11, 0x07, 0x11, 0x07, 0x19, 0x07, 0x19, 0x07, 0x19, 0x07, 0x19, 0x07, 0x19,
    0x07, 0x19, 0x07, 0x19, 0x07, 0x19, 0x07, 0x19, 0x07, 0x19, 0x07, 0x19, 0x07, 0x19, 0x07, 0x19,
    0x07, 0x19, 0x07, 0x19, 0x07, 0x19, 0x07, 0x19, 0x07, 0x19, 0x07, 0x19, 0x07, 0x19, 0x07, 0x19,
    0x07, 0x19, 0x07, 0x19, 0x07, 0x19, 0x07, 0x19, 0x07, 0x19, 0x07, 0x19, 0x07, 0x11, 0x07, 0x11,
    0x07, 0x11, 0x07, 0x11, 0x07, 0x11, 0x07, 0x11, 0x07, 0x11, 0x07, 0x11, 0x07, 0x11, 0x07, 0x11,
    0x07, 0x11, 0x07, 0x11, 0x07, 0x11, 0x07, 0x11, 0x07, 0x11, 0x07, 0x11, 0x07, 0x11, 0x07, 0x11,
    0x07, 0x11, 0x07, 0x11, 0x07, 0x11, 0x07, 0x11, 0x07, 0x11, 0x07, 0x11, 0x07, 0x11, 0x07, 0x11,
    0x07, 0x11, 0x07, 0x11, 0x07, 0x11, 0x07, 0x11, 0x07, 0x11, 0x07, 0x11, 0x07, 0x11, 0x07, 0x11,
    0x07, 0x11, 0x07, 0x11, 0x07, 0x11, 0x07, 0x11, 0x07, 0x11, 0x07, 0x11, 0x06, 0x11, 0x06, 0x11,
    0x06, 0x11, 0x06, 0x11, 0x06, 0x11, 0x06, 0x11, 0x06, 0x11, 0x06, 0x11, 0x06, 0x11, 0x06, 0x11,
    0x06, 0x11, 0x06, 0x11, 0xE6, 0x10, 0xE6, 0x10, 0xE6, 0x10, 0xE6, 0x10, 0xE6, 0x10, 0xE6, 0x10,
    0xE6, 0x10, 0xE6, 0x10, 0xE6, 0x10, 0xE6, 0x10, 0xE6, 0x10, 0xE6, 0x10, 0xE6, 0x10, 0xE6, 0x10,
    0xE6, 0x10, 0xE6, 0x10, 0xE6, 0x10, 0xE6, 0x10, 0xE6, 0x10, 0xE6, 0x10, 0xE6, 0x10, 0xE6, 0x10,
    0xE6, 0x10, 0xE6, 0x10, 0xE6, 0x10, 0xE6, 0x10, 0xE6, 0x10, 0xE6, 0x10, 0xE6, 0x10, 0xE6, 0x10,
    0xE6, 0x10, 0xE6, 0x10, 0xE6, 0x10, 0xE6, 0x10, 0xE6, 0x10, 0xE6, 0x10, 0xE6, 0x10, 0xE6, 0x10,
    0xC6, 0x10, 0xC6, 0x10, 0xC6, 0x10, 0xC6, 0x10, 0xC5, 0x10, 0xC5, 0x10, 0xC5, 0x10, 0xC5, 0x10,
    0xC5, 0x10, 0xC5, 0x10, 0xC5, 0x10, 0xC5, 0x10, 0xC5, 0x10, 0xC5, 0x10, 0xC5, 0x10, 0xC5, 0x08,
    0xE6, 0x10, 0xE6, 0x10, 0xE6, 0x10, 0xE6, 0x10, 0xE6, 0x10, 0xE6, 0x10, 0xE6, 0x10, 0xE6, 0x10,
    0xE6, 0x10, 0xE6, 0x10, 0xE6, 0x10, 0xE6, 0x10, 0xE6, 0x10, 0xE6, 0x10, 0xE6, 0x10, 0xE6, 0x10,
    0xE6, 0x10, 0xE6, 0x10, 0xE6, 0x10, 0xE6, 0x10, 0xE6, 0x10, 0xE6, 0x10, 0xE6, 0x10, 0xE6, 0x10,
    0xE6, 0x10, 0xE6, 0x10, 0xE6, 0x10, 0xE6, 0x10, 0xE6, 0x10, 0xE6, 0x10, 0xE6, 0x10, 0xE6, 0x10,
    0xE6, 0x10, 0x06, 0x11, 0x06, 0x11, 0x06, 0x11, 0x06, 0x11, 0x06, 0x11, 0x06, 0x11, 0x07, 0x11,
    0x07, 0x11, 0x07, 0x11, 0x07, 0x11, 0x07, 0x11, 0x07, 0x11, 0x07, 0x11, 0x07, 0x11, 0x07, 0x11,
    0x07, 0x11, 0x07, 0x11, 0x07, 0x11, 0x07, 0x11, 0x07, 0x11, 0x07, 0x11, 0x07, 0x11, 0x07, 0x11,
    0x07, 0x11, 0x07, 0x11, 0x07, 0x11, 0x07, 0x11, 0x07, 0x11, 0x07, 0x11, 0x07, 0x11, 0x07, 0x11,
    0x07, 0x11, 0x07, 0x11, 0x07, 0x11, 0x07, 0x11, 0x07, 0x11, 0x07, 0x11, 0x07, 0x11, 0x07, 0x11,
    0x27, 0x11, 0x27, 0x11, 0x27, 0x11, 0x27, 0x11, 0x27, 0x19, 0x27, 0x19, 0x27, 0x19, 0x27, 0x19,
    0x27, 0x19, 0x27, 0x19, 0x27, 0x19, 0x27, 0x19, 0x27, 0x19, 0x27, 0x19, 0x27, 0x19, 0x27, 0x19,
    0x27, 0x19, 0x27, 0x19, 0x27, 0x19, 0x27, 0x19, 0x27, 0x19, 0x27, 0x19, 0x27, 0x19, 0x27, 0x19,
    0x27, 0x19, 0x27, 0x19, 0x27, 0x19, 0x27, 0x19, 0x27, 0x19, 0x27, 0x19, 0x27, 0x19, 0x27, 0x19,
    0x27, 0x19, 0x27, 0x19, 0x28, 0x19, 0x28, 0x19, 0x28, 0x19, 0x28, 0x19, 0x28, 0x19, 0x28, 0x19,
    0x28, 0x19, 0x28, 0x19, 0x28, 0x19, 0x28, 0x19, 0x28, 0x19, 0x28, 0x19, 0x28, 0x19, 0x28, 0x19,
    0x28, 0x19, 0x28, 0x19, 0x28, 0x19, 0x28, 0x19, 0x28, 0x19, 0x28, 0x19, 0x28, 0x19, 0x28, 0x19,
    0x28, 0x19, 0x28, 0x19, 0x28, 0x19, 0x28, 0x19, 0x28, 0x19, 0x28, 0x19, 0x28, 0x19, 0x27, 0x19,
    0x27, 0x19, 0x27, 0x19, 0x27, 0x19, 0x27, 0x19, 0x27, 0x19, 0x27, 0x19, 0x27, 0x19, 0x27, 0x19,
    0x27, 0x19, 0x27, 0x19, 0x27, 0x19, 0x27, 0x19, 0x27, 0x19, 0x27, 0x19, 0x27, 0x19, 0x27, 0x19,
    0x27, 0x19, 0x27, 0x19, 0x27, 0x19, 0x27, 0x19, 0x27, 0x19, 0x27, 0x19, 0x27, 0x19, 0x27, 0x19,
    0x27, 0x19, 0x27, 0x19, 0x27, 0x19, 0x27, 0x19, 0x27, 0x19, 0x27, 0x11, 0x27, 0x11, 0x27, 0x11,
    0x27, 0x11, 0x07, 0x11, 0x07, 0x11, 0x07, 0x11, 0x07, 0x11, 0x07, 0x11, 0x07, 0x11, 0x07, 0x11,
    0x07, 0x11, 0x07, 0x11, 0x07, 0x11, 0x07, 0x11, 0x07, 0x11, 0x07, 0x11, 0x07, 0x11, 0x07, 0x11,
    0x07, 0x11, 0x07, 0x11, 0x07, 0x11, 0x07, 0x11, 0x07, 0x11, 0x07, 0x11, 0x07, 0x11, 0x07, 0x11,
    0x07, 0x11, 0x07, 0x11, 0x07, 0x11, 0x07, 0x11, 0x07, 0x11, 0x07, 0x11, 0x07, 0x11, 0x07, 0x11,
    0x07, 0x11, 0x07, 0x11, 0x06, 0x11, 0x06, 0x11, 0x06, 0x11, 0x06, 0x11, 0x06, 0x11, 0x06, 0x11,
    0xE6, 0x10, 0xE6, 0x10, 0xE6, 0x10, 0xE6, 0x10, 0xE6, 0x10, 0xE6, 0x10, 0xE6, 0x10, 0xE6, 0x10,
    0xE6, 0x10, 0xE6, 0x10, 0xE6, 0x10, 0xE6, 0x10, 0xE6, 0x10, 0xE6, 0x10, 0xE6, 0x10, 0xE6, 0x10,
    0xE6, 0x10, 0xE6, 0x10, 0xE6, 0x10, 0xE6, 0x10, 0xE6, 0x10, 0xE6, 0x10, 0xE6, 0x10, 0xE6, 0x10,
    0xE6, 0x10, 0xE6, 0x10, 0xE6, 0x10, 0xE6, 0x10, 0xE6, 0x10, 0xE6, 0x10, 0xE6, 0x10, 0xE6, 0x10,
    0xC5, 0x08, 0xC5, 0x10, 0xC5, 0x10, 0xC5, 0x10, 0xC5, 0x10, 0xC5, 0x10, 0xC5, 0x10, 0xC5, 0x10,
    0xC5, 0x10, 0xC5, 0x10, 0xC6, 0x10, 0xC6, 0x10, 0xC6, 0x10, 0xC6, 0x10, 0xC6, 0x10, 0xE6, 0x10,
    0xE6, 0x10, 0xE6, 0x10, 0xE6, 0x10, 0xE6, 0x10, 0xE6, 0x10, 0xE6, 0x10, 0xE6, 0x10, 0xE6, 0x10,
    0xE6, 0x10, 0xE6, 0x10, 0xE6, 0x10, 0xE6, 0x10, 0xE6, 0x10, 0xE6, 0x10, 0xE6, 0x10, 0xE6, 0x10,
    0xE6, 0x10, 0xE6, 0x10, 0xE6, 0x10, 0xE6, 0x10, 0xE6, 0x10, 0xE6, 0x10, 0xE6, 0x10, 0xE6, 0x10,
    0xE6, 0x10, 0xE6, 0x10, 0xE6, 0x10, 0xE6, 0x10, 0xE6, 0x10, 0xE6, 0x10, 0xE6, 0x10, 0xE6, 0x10,
    0xE6, 0x10, 0xE6, 0x10, 0xE6, 0x10, 0xE6, 0x10, 0x06, 0x11, 0x06, 0x11, 0x06, 0x11, 0x06, 0x11,
    0x06, 0x11, 0x06, 0x11, 0x06, 0x11, 0x06, 0x11, 0x06, 0x11, 0x06, 0x11, 0x06, 0x11, 0x07, 0x11,
    0x07, 0x11, 0x07, 0x11, 0x07, 0x11, 0x07, 0x11, 0x07, 0x11, 0x07, 0x11, 0x07, 0x11, 0x07, 0x11,
    0x07, 0x11, 0x07, 0x11, 0x07, 0x11, 0x07, 0x11, 0x07, 0x11, 0x07, 0x11, 0x07, 0x11, 0x07, 0x11,
    0x07, 0x11, 0x07, 0x11, 0x07, 0x11, 0x07, 0x11, 0x07, 0x11, 0x07, 0x11, 0x07, 0x11, 0x07, 0x11,
    0x07, 0x11, 0x07, 0x11, 0x07, 0x11, 0x07, 0x11, 0x07, 0x11, 0x07, 0x11, 0x07, 0x11, 0x07, 0x11,
    0x07, 0x11, 0x07, 0x11, 0x07, 0x11, 0x07, 0x11, 0x07, 0x19, 0x07, 0x19, 0x07, 0x19, 0x07, 0x19,
    0x07, 0x19, 0x07, 0x19, 0x07, 0x19, 0x27, 0x19, 0x27, 0x19, 0x27, 0x19, 0x27, 0x19, 0x27, 0x19,
    0x27, 0x19, 0x27, 0x19, 0x27, 0x19, 0x27, 0x19, 0x27, 0x19, 0x27, 0x19, 0x27, 0x19, 0x27, 0x19,
    0x27, 0x19, 0x27, 0x19, 0x27, 0x19, 0x27, 0x19, 0x27, 0x19, 0x27, 0x19, 0x27, 0x19, 0x27, 0x19,
    0x27, 0x19, 0x27, 0x19, 0x27, 0x19, 0x27, 0x19, 0x27, 0x19, 0x27, 0x19, 0x07, 0x19, 0x07, 0x19,
    0x07, 0x19, 0x07, 0x19, 0x07, 0x19, 0x07, 0x19, 0x07, 0x19, 0x07, 0x11, 0x07, 0x11, 0x07, 0x11,
    0x07, 0x11, 0x07, 0x11, 0x07, 0x11, 0x07, 0x11, 0x07, 0x11, 0x07, 0x11, 0x07, 0x11, 0x07, 0x11,
    0x07, 0x11, 0x07, 0x11, 0x07, 0x11, 0x07, 0x11, 0x07, 0x11, 0x07, 0x11, 0x07, 0x11, 0x07, 0x11,
    0x07, 0x11, 0x07, 0x11, 0x07, 0x11, 0x07, 0x11, 0x07, 0x11, 0x07, 0x11, 0x07, 0x11, 0x07, 0x11,
    0x07, 0x11, 0x07, 0x11, 0x07, 0x11, 0x07, 0x11, 0x07, 0x11, 0x07, 0x11, 0x07, 0x11, 0x07, 0x11,
    0x07, 0x11, 0x07, 0x11, 0x06, 0x11, 0x06, 0x11, 0x06, 0x11, 0x06, 0x11, 0x06, 0x11, 0x06, 0x11,
    0x06, 0x11, 0x06, 0x11, 0x06, 0x11, 0x06, 0x11, 0x06, 0x11, 0xE6, 0x10, 0xE6, 0x10, 0xE6, 0x10,
    0xE6, 0x10, 0xE6, 0x10, 0xE6, 0x10, 0xE6, 0x10, 0xE6, 0x10, 0xE6, 0x10, 0xE6, 0x10, 0xE6, 0x10,
    0xE6, 0x10, 0xE6, 0x10, 0xE6, 0x10, 0xE6, 0x10, 0xE6, 0x10, 0xE6, 0x10, 0xE6, 0x10, 0xE6, 0x10,
    0xE6, 0x10, 0xE6, 0x10, 0xE6, 0x10, 0xE6, 0x10, 0xE6, 0x10, 0xE6, 0x10, 0xE6, 0x10, 0xE6, 0x10,
    0xE6, 0x10, 0xE6, 0x10, 0xE6, 0x10, 0xE6, 0x10, 0xE6, 0x10, 0xE6, 0x10, 0xE6, 0x10, 0xE6, 0x10,
    0xE6, 0x10, 0xE6, 0x10, 0xC6, 0x10, 0xC6, 0x10, 0xC6, 0x10, 0xC6, 0x10, 0xC6, 0x10, 0xC5, 0x10,
    0xC5, 0x10, 0xC5, 0x10, 0xC5, 0x10, 0xC5, 0x10, 0xC5, 0x10, 0xC5, 0x10, 0xC5, 0x10, 0xC5, 0x10,
    0xC5, 0x10, 0xC5, 0x10, 0xC5, 0x10, 0xC5, 0x10, 0xC5, 0x10, 0xC5, 0x10, 0xC5, 0x10, 0xC5, 0x10,
    0xC5, 0x10, 0xC6, 0x10, 0xC6, 0x10, 0xC6, 0x10, 0xC6, 0x10, 0xC6, 0x10, 0xE6, 0x10, 0xE6, 0x10,
    0xE6, 0x10, 0xE6, 0x10, 0xE6, 0x10, 0xE6, 0x10, 0xE6, 0x10, 0xE6, 0x10, 0xE6, 0x10, 0xE6, 0x10,
    0xE6, 0x10, 0xE6, 0x10, 0xE6, 0x10, 0xE6, 0x10, 0xE6, 0x10, 0xE6, 0x10, 0xE6, 0x10, 0xE6, 0x10,
    0xE6, 0x10, 0xE6, 0x10, 0xE6, 0x10, 0xE6, 0x10, 0xE6, 0x10, 0xE6, 0x10, 0xE6, 0x10, 0xE6, 0x10,
    0xE6, 0x10, 0xE6, 0x10, 0xE6, 0x10, 0xE6, 0x10, 0xE6, 0x10, 0xE6, 0x10, 0xE6, 0x10, 0xE6, 0x10,
    0xE6, 0x10, 0xE6, 0x10, 0xE6, 0x10, 0x06, 0x11, 0x06, 0x11, 0x06, 0x11, 0x06, 0x11, 0x06, 0x11,
    0x06, 0x11, 0x06, 0x11, 0x06, 0x11, 0x06, 0x11, 0x06, 0x11, 0x07, 0x11, 0x07, 0x11, 0x07, 0x11,
    0x07, 0x11, 0x07, 0x11, 0x07, 0x11, 0x07, 0x11, 0x07, 0x11, 0x07, 0x11, 0x07, 0x11, 0x07, 0x11,
    0x07, 0x11, 0x07, 0x11, 0x07, 0x11, 0x07, 0x11, 0x07, 0x11, 0x07, 0x11, 0x07, 0x11, 0x07, 0x11,
    0x07, 0x11, 0x07, 0x11, 0x07, 0x11, 0x07, 0x11, 0x07, 0x11, 0x07, 0x11, 0x07, 0x11, 0x07, 0x11,
    0x07, 0x11, 0x07, 0x11, 0x07, 0x11, 0x07, 0x11, 0x07, 0x11, 0x07, 0x11, 0x07, 0x11, 0x07, 0x11,
    0x07, 0x11, 0x07, 0x11, 0x07, 0x19, 0x07, 0x19, 0x07, 0x19, 0x07, 0x19, 0x27, 0x19, 0x27, 0x19,
    0x27, 0x19, 0x27, 0x19, 0x27, 0x19, 0x27, 0x19, 0x27, 0x19, 0x27, 0x19, 0x27, 0x19, 0x27, 0x19,
    0x27, 0x19, 0x27, 0x19, 0x27, 0x19, 0x27, 0x19, 0x27, 0x19, 0x27, 0x19, 0x27, 0x19, 0x27, 0x19,
    0x27, 0x19, 0x27, 0x19, 0x27, 0x19, 0x27, 0x19, 0x27, 0x19, 0x27, 0x19, 0x27, 0x19, 0x27, 0x19,
    0x27, 0x19, 0x27, 0x19, 0x27, 0x19, 0x27, 0x19, 0x27, 0x19, 0x27, 0x19, 0x27, 0x19, 0x27, 0x19,
    0x27, 0x19, 0x27, 0x19, 0x27, 0x19, 0x07, 0x19, 0x07, 0x19, 0x07, 0x19, 0x07, 0x19, 0x07, 0x11,
    0x07, 0x11, 0x07, 0x11, 0x07, 0x11, 0x07, 0x11, 0x07, 0x11, 0x07, 0x11, 0x07, 0x11, 0x07, 0x11,
    0x07, 0x11, 0x07, 0x11, 0x07, 0x11, 0x07, 0x11, 0x07, 0x11, 0x07, 0x11, 0x07, 0x11, 0x07, 0x11,
    0x07, 0x11, 0x07, 0x11, 0x07, 0x11, 0x07, 0x11, 0x07, 0x11, 0x07, 0x11, 0x07, 0x11, 0x07, 0x11,
    0x07, 0x11, 0x07, 0x11, 0x07, 0x11, 0x07, 0x11, 0x07, 0x11, 0x07, 0x11, 0x07, 0x11, 0x07, 0x11,
    0x07, 0x11, 0x07, 0x11, 0x07, 0x11, 0x07, 0x11, 0x06, 0x11, 0x06, 0x11, 0x06, 0x11, 0x06, 0x11,
    0x06, 0x11, 0x06, 0x11, 0x06, 0x11, 0x06, 0x11, 0x06, 0x11, 0x06, 0x11, 0xE6, 0x10, 0xE6, 0x10,
    0xE6, 0x10, 0xE6, 0x10, 0xE6, 0x10, 0xE6, 0x10, 0xE6, 0x10, 0xE6, 0x10, 0xE6, 0x10, 0xE6, 0x10,
    0xE6, 0x10, 0xE6, 0x10, 0xE6, 0x10, 0xE6, 0x10, 0xE6, 0x10, 0xE6, 0x10, 0xE6, 0x10, 0xE6, 0x10,
    0xE6, 0x10, 0xE6, 0x10, 0xE6, 0x10, 0xE6, 0x10, 0xE6, 0x10, 0xE6, 0x10, 0xE6, 0x10, 0xE6, 0x10,
    0xE6, 0x10, 0xE6, 0x10, 0xE6, 0x10, 0xE6, 0x10, 0xE6, 0x10, 0xE6, 0x10, 0xE6, 0x10, 0xE6, 0x10,
    0xE6, 0x10, 0xE6, 0x10, 0xE6, 0x10, 0xC6, 0x10, 0xC6, 0x10, 0xC6, 0x10, 0xC6, 0x10, 0xC6, 0x10,
    0xC5, 0x10, 0xC5, 0x10, 0xC5, 0x10, 0xC5, 0x10, 0xC5, 0x10, 0xC5, 0x10, 0xC5, 0x10, 0xC5, 0x10,
    0xE6, 0x10, 0xE6, 0x10, 0xE6, 0x10, 0xE6, 0x10, 0xE6, 0x10, 0xE6, 0x10, 0xE6, 0x10, 0xE6, 0x10,
    0xE6, 0x10, 0xE6, 0x10, 0xE6, 0x10, 0xE6, 0x10, 0xE6, 0x10, 0xE6, 0x10, 0xE6, 0x10, 0xE6, 0x10,
    0xE6, 0x10, 0xE6, 0x10, 0xE6, 0x10, 0xE6, 0x10, 0xE6, 0x10, 0xE6, 0x10, 0xE6, 0x10, 0xE6, 0x10,
    0xE6, 0x10, 0xE6, 0x10, 0xE6, 0x10, 0xE6, 0x10, 0xE6, 0x10, 0x06, 0x11, 0x06, 0x11, 0x06, 0x11,
    0x06, 0x11, 0x06, 0x11, 0x07, 0x11, 0x07, 0x11, 0x07, 0x11, 0x07, 0x11, 0x07, 0x11, 0x07, 0x11,
    0x07, 0x11, 0x07, 0x11, 0x07, 0x11, 0x07, 0x11, 0x07, 0x11, 0x07, 0x11, 0x07, 0x11, 0x07, 0x11,
    0x07, 0x11, 0x07, 0x11, 0x07, 0x11, 0x07, 0x11, 0x07, 0x11, 0x07, 0x11, 0x07, 0x11, 0x07, 0x11,
    0x07, 0x11, 0x07, 0x11, 0x07, 0x11, 0x07, 0x11, 0x07, 0x11, 0x07, 0x11, 0x07, 0x11, 0x07, 0x11,
    0x07, 0x11, 0x07, 0x11, 0x07, 0x11, 0x27, 0x11, 0x27, 0x11, 0x27, 0x11, 0x27, 0x11, 0x27, 0x11,
    0x27, 0x19, 0x27, 0x19, 0x27, 0x19, 0x27, 0x19, 0x27, 0x19, 0x27, 0x19, 0x27, 0x19, 0x27, 0x19,
    0x27, 0x19, 0x27, 0x19, 0x27, 0x19, 0x27, 0x19, 0x27, 0x19, 0x27, 0x19, 0x27, 0x19, 0x27, 0x19,
    0x27, 0x19, 0x27, 0x19, 0x27, 0x19, 0x27, 0x19, 0x27, 0x19, 0x28, 0x19, 0x28, 0x19, 0x28, 0x19,
    0x28, 0x19, 0x28, 0x19, 0x28, 0x19, 0x28, 0x19, 0x28, 0x19, 0x28, 0x19, 0x28, 0x19, 0x28, 0x19,
    0x28, 0x19, 0x28, 0x19, 0x28, 0x19, 0x28, 0x19, 0x28, 0x19, 0x28, 0x19, 0x28, 0x19, 0x28, 0x19,
    0x28, 0x19, 0x28, 0x19, 0x28, 0x19, 0x28, 0x19, 0x28, 0x19, 0x28, 0x19, 0x28, 0x19, 0x28, 0x19,
    0x28, 0x19, 0x28, 0x19, 0x28, 0x19, 0x28, 0x19, 0x28, 0x19, 0x28, 0x19, 0x28, 0x19, 0x28, 0x19,
    0x28, 0x19, 0x28, 0x19, 0x28, 0x19, 0x28, 0x19, 0x28, 0x19, 0x28, 0x19, 0x28, 0x19, 0x28, 0x19,
    0x28, 0x19, 0x28, 0x19, 0x28, 0x19, 0x28, 0x19, 0x28, 0x19, 0x28, 0x19, 0x28, 0x19, 0x28, 0x19,
    0x28, 0x19, 0x28, 0x19, 0x28, 0x19, 0x28, 0x19, 0x27, 0x19, 0x27, 0x19, 0x27, 0x19, 0x27, 0x19,
    0x27, 0x19, 0x27, 0x19, 0x27, 0x19, 0x27, 0x19, 0x27, 0x19, 0x27, 0x19, 0x27, 0x19, 0x27, 0x19,
    0x27, 0x19, 0x27, 0x19, 0x27, 0x19, 0x27, 0x19, 0x27, 0x19, 0x27, 0x19, 0x27, 0x19, 0x27, 0x19,
    0x27, 0x19, 0x27, 0x11, 0x27, 0x11, 0x27, 0x11, 0x27, 0x11, 0x27, 0x11, 0x07, 0x11, 0x07, 0x11,
    0x07, 0x11, 0x07, 0x11, 0x07, 0x11, 0x07, 0x11, 0x07, 0x11, 0x07, 0x11, 0x07, 0x11, 0x07, 0x11,
    0x07, 0x11, 0x07, 0x11, 0x07, 0x11, 0x07, 0x11, 0x07, 0x11, 0x07, 0x11, 0x07, 0x11, 0x07, 0x11,
    0x07, 0x11, 0x07, 0x11, 0x07, 0x11, 0x07, 0x11, 0x07, 0x11, 0x07, 0x11, 0x07, 0x11, 0x07, 0x11,
    0x07, 0x11, 0x07, 0x11, 0x07, 0x11, 0x07, 0x11, 0x07, 0x11, 0x07, 0x11, 0x07, 0x11, 0x06, 0x11,
    0x06, 0x11, 0x06, 0x11, 0x06, 0x11, 0x06, 0x11, 0xE6, 0x10, 0xE6, 0x10, 0xE6, 0x10, 0xE6, 0x10,
    0xE6, 0x10, 0xE6, 0x10, 0xE6, 0x10, 0xE6, 0x10, 0xE6, 0x10, 0xE6, 0x10, 0xE6, 0x10, 0xE6, 0x10,
    0xE6, 0x10, 0xE6, 0x10, 0xE6, 0x10, 0xE6, 0x10, 0xE6, 0x10, 0xE6, 0x10, 0xE6, 0x10, 0xE6, 0x10,
    0xE6, 0x10, 0xE6, 0x10, 0xE6, 0x10, 0xE6, 0x10, 0xE6, 0x10, 0xE6, 0x10, 0xE6, 0x10, 0xE6, 0x10,
    0xC5, 0x10, 0xC5, 0x10, 0xC5, 0x10, 0xC5, 0x10, 0xC5, 0x10, 0xC5, 0x10, 0xC5, 0x10, 0xC6, 0x10,
    0xC6, 0x10, 0xC6, 0x10, 0xC6, 0x10, 0xE6, 0x10, 0xE6, 0x10, 0xE6, 0x10, 0xE6, 0x10, 0xE6, 0x10,
    0xE6, 0x10, 0xE6, 0x10, 0xE6, 0x10, 0xE6, 0x10, 0xE6, 0x10, 0xE6, 0x10, 0xE6, 0x10, 0xE6, 0x10,
    0xE6, 0x10, 0xE6, 0x10, 0xE6, 0x10, 0xE6, 0x10, 0xE6, 0x10, 0xE6, 0x10, 0xE6, 0x10, 0xE6, 0x10,
    0xE6, 0x10, 0xE6, 0x10, 0xE6, 0x10, 0xE6, 0x10, 0xE6, 0x10, 0xE6, 0x10, 0xE6, 0x10, 0xE6, 0x10,
    0xE6, 0x10, 0xE6, 0x10, 0xE6, 0x10, 0xE6, 0x10, 0xE6, 0x10, 0xE6, 0x10, 0xE6, 0x10, 0xE6, 0x10,
    0x06, 0x11, 0x06, 0x11, 0x06, 0x11, 0x06, 0x11, 0x06, 0x11, 0x06, 0x11, 0x06, 0x11, 0x06, 0x11,
    0x06, 0x11, 0x07, 0x11, 0x07, 0x11, 0x07, 0x11, 0x07, 0x11, 0x07, 0x11, 0x07, 0x11, 0x07, 0x11,
    0x07, 0x11, 0x07, 0x11, 0x07, 0x11, 0x07, 0x11, 0x07, 0x11, 0x07, 0x11, 0x07, 0x11, 0x07, 0x11,
    0x07, 0x11, 0x07, 0x11, 0x07, 0x11, 0x07, 0x11, 0x07, 0x11, 0x07, 0x11, 0x07, 0x11, 0x07, 0x11,
    0x07, 0x11, 0x07, 0x11, 0x07, 0x11, 0x07, 0x11, 0x07, 0x11, 0x07, 0x11, 0x07, 0x11, 0x07, 0x11,
    0x07, 0x11, 0x07, 0x11, 0x07, 0x11, 0x07, 0x11, 0x07, 0x11, 0x07, 0x19, 0x07, 0x19, 0x27, 0x19,
    0x27, 0x19, 0x27, 0x19, 0x27, 0x19, 0x27, 0x19, 0x27, 0x19, 0x27, 0x19, 0x27, 0x19, 0x27, 0x19,
    0x27, 0x19, 0x27, 0x19, 0x27, 0x19, 0x27, 0x19, 0x27, 0x19, 0x27, 0x19, 0x27, 0x19, 0x27, 0x19,
    0x27, 0x19, 0x27, 0x19, 0x27, 0x19, 0x27, 0x19, 0x27, 0x19, 0x27, 0x19, 0x27, 0x19, 0x27, 0x19,
    0x27, 0x19, 0x27, 0x19, 0x27, 0x19, 0x27, 0x19, 0x27, 0x19, 0x27, 0x19, 0x27, 0x19, 0x27, 0x19,
    0x27, 0x19, 0x27, 0x19, 0x27, 0x19, 0x27, 0x19, 0x27, 0x19, 0x27, 0x19, 0x27, 0x19, 0x27, 0x19,
    0x27, 0x19, 0x27, 0x19, 0x27, 0x19, 0x27, 0x19, 0x27, 0x19, 0x27, 0x19, 0x27, 0x19, 0x27, 0x19,
    0x27, 0x19, 0x27, 0x19, 0x07, 0x19, 0x07, 0x19, 0x07, 0x11, 0x07, 0x11, 0x07, 0x11, 0x07, 0x11,
    0x07, 0x11, 0x07, 0x11, 0x07, 0x11, 0x07, 0x11, 0x07, 0x11, 0x07, 0x11, 0x07, 0x11, 0x07, 0x11,
    0x07, 0x11, 0x07, 0x11, 0x07, 0x11, 0x07, 0x11, 0x07, 0x11, 0x07, 0x11, 0x07, 0x11, 0x07, 0x11,
    0x07, 0x11, 0x07, 0x11, 0x07, 0x11, 0x07, 0x11, 0x07, 0x11, 0x07, 0x11, 0x07, 0x11, 0x07, 0x11,
    0x07, 0x11, 0x07, 0x11, 0x07, 0x11, 0x07, 0x11, 0x07, 0x11, 0x07, 0x11, 0x07, 0x11, 0x07, 0x11,
    0x06, 0x11, 0x06, 0x11, 0x06, 0x11, 0x06, 0x11, 0x06, 0x11, 0x06, 0x11, 0x06, 0x11, 0x06, 0x11,
    0x06, 0x11, 0xE6, 0x10, 0xE6, 0x10, 0xE6, 0x10, 0xE6, 0x10, 0xE6, 0x10, 0xE6, 0x10, 0xE6, 0x10,
    0xE6, 0x10, 0xE6, 0x10, 0xE6, 0x10, 0xE6, 0x10, 0xE6, 0x10, 0xE6, 0x10, 0xE6, 0x10, 0xE6, 0x10,
    0xE6, 0x10, 0xE6, 0x10, 0xE6, 0x10, 0xE6, 0x10, 0xE6, 0x10, 0xE6, 0x10, 0xE6, 0x10, 0xE6, 0x10,
    0xE6, 0x10, 0xE6, 0x10, 0xE6, 0x10, 0xE6, 0x10, 0xE6, 0x10, 0xE6, 0x10, 0xE6, 0x10, 0xE6, 0x10,
    0xE6, 0x10, 0xE6, 0x10, 0xE6, 0x10, 0xE6, 0x10, 0xE6, 0x10, 0xE6, 0x10, 0xC6, 0x10, 0xC6, 0x10,
    0xC6, 0x10, 0xC6, 0x10, 0xC5, 0x10, 0xC5, 0x10, 0xC5, 0x10, 0xC5, 0x10, 0xC5, 0x10, 0xC5, 0x10,
    0xC5, 0x10, 0xC5, 0x10, 0xC5, 0x10, 0xC5, 0x10, 0xC5, 0x10, 0xC5, 0x10, 0xC6, 0x10, 0xC6, 0x10,
    0xC6, 0x10, 0xC6, 0x10, 0xE6, 0x10, 0xE6, 0x10, 0xE6, 0x10, 0xE6, 0x10, 0xE6, 0x10, 0xE6, 0x10,
    0xE6, 0x10, 0xE6, 0x10, 0xE6, 0x10, 0xE6, 0x10, 0xE6, 0x10, 0xE6, 0x10, 0xE6, 0x10, 0xE6, 0x10,
    0xE6, 0x10, 0xE6, 0x10, 0xE6, 0x10, 0xE6, 0x10, 0xE6, 0x10, 0xE6, 0x10, 0xE6, 0x10, 0xE6, 0x10,
    0xE6, 0x10, 0xE6, 0x10, 0xE6, 0x10, 0xE6, 0x10, 0xE6, 0x10, 0xE6, 0x10, 0xE6, 0x10, 0xE6, 0x10,
    0xE6, 0x10, 0xE6, 0x10, 0xE6, 0x10, 0xE6, 0x10, 0xE6, 0x10, 0xE6, 0x10, 0x06, 0x11, 0x06, 0x11,
    0x06, 0x11, 0x06, 0x11, 0x06, 0x11, 0x06, 0x11, 0x06, 0x11, 0x06, 0x11, 0x06, 0x11, 0x06, 0x11,
    0x07, 0x11, 0x07, 0x11, 0x07, 0x11, 0x07, 0x11, 0x07, 0x11, 0x07, 0x11, 0x07, 0x11, 0x07, 0x11,
    0x07, 0x11, 0x07, 0x11, 0x07, 0x11, 0x07, 0x11, 0x07, 0x11, 0x07, 0x11, 0x07, 0x11, 0x07, 0x11,
    0x07, 0x11, 0x07, 0x11, 0x07, 0x11, 0x07, 0x11, 0x07, 0x11, 0x07, 0x11, 0x07, 0x11, 0x07, 0x11,
    0x07, 0x11, 0x07, 0x11, 0x07, 0x11, 0x07, 0x11, 0x07, 0x11, 0x07, 0x11, 0x07, 0x11, 0x07, 0x11,
    0x07, 0x11, 0x07, 0x11, 0x07, 0x11, 0x07, 0x11, 0x27, 0x19, 0x27, 0x19, 0x27, 0x19, 0x27, 0x19,
    0x27, 0x19, 0x27, 0x19, 0x27, 0x19, 0x27, 0x19, 0x27, 0x19, 0x27, 0x19, 0x27, 0x19, 0x27, 0x19,
    0x27, 0x19, 0x27, 0x19, 0x27, 0x19, 0x27, 0x19, 0x27, 0x19, 0x27, 0x19, 0x27, 0x19, 0x27, 0x19,
    0x27, 0x19, 0x27, 0x19, 0x27, 0x19, 0x27, 0x19, 0x27, 0x19, 0x27, 0x19, 0x27, 0x19, 0x27, 0x19,
    0x27, 0x19, 0x27, 0x19, 0x27, 0x19, 0x27, 0x19, 0x27, 0x19, 0x27, 0x19, 0x27, 0x19, 0x27, 0x19,
    0x27, 0x19, 0x27, 0x19, 0x27, 0x19, 0x27, 0x19, 0x27, 0x19, 0x27, 0x19, 0x27, 0x19, 0x27, 0x19,
    0x27, 0x19, 0x27, 0x19, 0x27, 0x19, 0x27, 0x19, 0x27, 0x19, 0x27, 0x19, 0x27, 0x19, 0x27, 0x19,
    0x27, 0x19, 0x27, 0x19, 0x27, 0x19, 0x27, 0x19, 0x27, 0x19, 0x07, 0x11, 0x07, 0x11, 0x07, 0x11,
    0x07, 0x11, 0x07, 0x11, 0x07, 0x11, 0x07, 0x11, 0x07, 0x11, 0x07, 0x11, 0x07, 0x11, 0x07, 0x11,
    0x07, 0x11, 0x07, 0x11, 0x07, 0x11, 0x07, 0x11, 0x07, 0x11, 0x07, 0x11, 0x07, 0x11, 0x07, 0x11,
    0x07, 0x11, 0x07, 0x11, 0x07, 0x11, 0x07, 0x11, 0x07, 0x11, 0x07, 0x11, 0x07, 0x11, 0x07, 0x11,
    0x07, 0x11, 0x07, 0x11, 0x07, 0x11, 0x07, 0x11, 0x07, 0x11, 0x07, 0x11, 0x07, 0x11, 0x07, 0x11,
    0x07, 0x11, 0x06, 0x11, 0x06, 0x11, 0x06, 0x11, 0x06, 0x11, 0x06, 0x11, 0x06, 0x11, 0x06, 0x11,
    0x06, 0x11, 0x06, 0x11, 0x06, 0x11, 0xE6, 0x10, 0xE6, 0x10, 0xE6, 0x10, 0xE6, 0x10, 0xE6, 0x10,
    0xE6, 0x10, 0xE6, 0x10, 0xE6, 0x10, 0xE6, 0x10, 0xE6, 0x10, 0xE6, 0x10, 0xE6, 0x10, 0xE6, 0x10,
    0xE6, 0x10, 0xE6, 0x10, 0xE6, 0x10, 0xE6, 0x10, 0xE6, 0x10, 0xE6, 0x10, 0xE6, 0x10, 0xE6, 0x10,
    0xE6, 0x10, 0xE6, 0x10, 0xE6, 0x10, 0xE6, 0x10, 0xE6, 0x10, 0xE6, 0x10, 0xE6, 0x10, 0xE6, 0x10,
    0xE6, 0x10, 0xE6, 0x10, 0xE6, 0x10, 0xE6, 0x10, 0xE6, 0x10, 0xE6, 0x10, 0xE6, 0x10, 0xC6, 0x10,
    0xC6, 0x10, 0xC6, 0x10, 0xC6, 0x10, 0xC5, 0x10, 0xC5, 0x10, 0xC5, 0x10, 0xC5, 0x10, 0xC5, 0x10,
    0xE6, 0x10, 0xE6, 0x10, 0xE6, 0x10, 0xE6, 0x10, 0xE6, 0x10, 0xE6, 0x10, 0xE6, 0x10, 0xE6, 0x10,
    0xE6, 0x10, 0xE6, 0x10, 0xE6, 0x10, 0xE6, 0x10, 0xE6, 0x10, 0xE6, 0x10, 0xE6, 0x10, 0xE6, 0x10,
    0xE6, 0x10, 0xE6, 0x10, 0xE6, 0x10, 0xE6, 0x10, 0xE6, 0x10, 0xE6, 0x10, 0xE6, 0x10, 0xE6, 0x10,
    0xE6, 0x10, 0xE6, 0x10, 0x06, 0x11, 0x06, 0x11, 0x06, 0x11, 0x06, 0x11, 0x07, 0x11, 0x07, 0x11,
    0x07, 0x11, 0x07, 0x11, 0x07, 0x11, 0x07, 0x11, 0x07, 0x11, 0x07, 0x11, 0x07, 0x11, 0x07, 0x11,
    0x07, 0x11, 0x07, 0x11, 0x07, 0x11, 0x07, 0x11, 0x07, 0x11, 0x07, 0x11, 0x07, 0x11, 0x07, 0x11,
    0x07, 0x11, 0x07, 0x11, 0x07, 0x11, 0x07, 0x11, 0x07, 0x11, 0x07, 0x11, 0x07, 0x11, 0x07, 0x11,
    0x07, 0x11, 0x07, 0x11, 0x07, 0x11, 0x07, 0x11, 0x07, 0x11, 0x07, 0x11, 0x27, 0x11, 0x27, 0x11,
    0x27, 0x11, 0x27, 0x11, 0x27, 0x11, 0x27, 0x11, 0x27, 0x19, 0x27, 0x19, 0x27, 0x19, 0x27, 0x19,
    0x27, 0x19, 0x27, 0x19, 0x27, 0x19, 0x27, 0x19, 0x27, 0x19, 0x27, 0x19, 0x27, 0x19, 0x27, 0x19,
    0x27, 0x19, 0x27, 0x19, 0x27, 0x19, 0x27, 0x19, 0x27, 0x19, 0x28, 0x19, 0x28, 0x19, 0x28, 0x19,
    0x28, 0x19, 0x28, 0x19, 0x28, 0x19, 0x28, 0x19, 0x28, 0x19, 0x28, 0x19, 0x28, 0x19, 0x28, 0x19,
    0x28, 0x19, 0x28, 0x19, 0x28, 0x19, 0x28, 0x19, 0x28, 0x19, 0x28, 0x19, 0x28, 0x19, 0x28, 0x19,
    0x28, 0x19, 0x28, 0x19, 0x28, 0x19, 0x28, 0x19, 0x28, 0x19, 0x28, 0x19, 0x28, 0x19, 0x28, 0x19,
    0x28, 0x19, 0x28, 0x19, 0x28, 0x19, 0x28, 0x19, 0x28, 0x19, 0x28, 0x19, 0x28, 0x19, 0x28, 0x19,
    0x28, 0x19, 0x28, 0x19, 0x28, 0x19, 0x28, 0x19, 0x28, 0x19, 0x28, 0x19, 0x28, 0x19, 0x28, 0x19,
    0x28, 0x19, 0x28, 0x19, 0x28, 0x19, 0x28, 0x19, 0x28, 0x19, 0x28, 0x19, 0x28, 0x19, 0x28, 0x19,
    0x28, 0x19, 0x28, 0x19, 0x28, 0x19, 0x28, 0x19, 0x28, 0x19, 0x28, 0x19, 0x28, 0x19, 0x28, 0x19,
    0x28, 0x19, 0x28, 0x19, 0x28, 0x19, 0x28, 0x19, 0x28, 0x19, 0x28, 0x19, 0x28, 0x19, 0x28, 0x19,
    0x28, 0x19, 0x28, 0x19, 0x28, 0x19, 0x28, 0x19, 0x27, 0x19, 0x27, 0x19, 0x27, 0x19, 0x27, 0x19,
    0x27, 0x19, 0x27, 0x19, 0x27, 0x19, 0x27, 0x19, 0x27, 0x19, 0x27, 0x19, 0x27, 0x19, 0x27, 0x19,
    0x27, 0x19, 0x27, 0x19, 0x27, 0x19, 0x27, 0x19, 0x27, 0x19, 0x27, 0x11, 0x27, 0x11, 0x27, 0x11,
    0x27, 0x11, 0x27, 0x11, 0x27, 0x11, 0x07, 0x11, 0x07, 0x11, 0x07, 0x11, 0x07, 0x11, 0x07, 0x11,
    0x07, 0x11, 0x07, 0x11, 0x07, 0x11, 0x07, 0x11, 0x07, 0x11, 0x07, 0x11, 0x07, 0x11, 0x07, 0x11,
    0x07, 0x11, 0x07, 0x11, 0x07, 0x11, 0x07, 0x11, 0x07, 0x11, 0x07, 0x11, 0x07, 0x11, 0x07, 0x11,
    0x07, 0x11, 0x07, 0x11, 0x07, 0x11, 0x07, 0x11, 0x07, 0x11, 0x07, 0x11, 0x07, 0x11, 0x07, 0x11,
    0x07, 0x11, 0x07, 0x11, 0x07, 0x11, 0x06, 0x11, 0x06, 0x11, 0x06, 0x11, 0x06, 0x11, 0xE6, 0x10,
    0xE6, 0x10, 0xE6, 0x10, 0xE6, 0x10, 0xE6, 0x10, 0xE6, 0x10, 0xE6, 0x10, 0xE6, 0x10, 0xE6, 0x10,
    0xE6, 0x10, 0xE6, 0x10, 0xE6, 0x10, 0xE6, 0x10, 0xE6, 0x10, 0xE6, 0x10, 0xE6, 0x10, 0xE6, 0x10,
    0xE6, 0x10, 0xE6, 0x10, 0xE6, 0x10, 0xE6, 0x10, 0xE6, 0x10, 0xE6, 0x10, 0xE6, 0x10, 0xE6, 0x10,
    0xC5, 0x10, 0xC5, 0x10, 0xC5, 0x10, 0xC6, 0x10, 0xC6, 0x10, 0xC6, 0x10, 0xC6, 0x10, 0xC6, 0x10,
    0xE6, 0x10, 0xE6, 0x10, 0xE6, 0x10, 0xE6, 0x10, 0xE6, 0x10, 0xE6, 0x10, 0xE6, 0x10, 0xE6, 0x10,
    0xE6, 0x10, 0xE6, 0x10, 0xE6, 0x10, 0xE6, 0x10, 0xE6, 0x10, 0xE6, 0x10, 0xE6, 0x10, 0xE6, 0x10,
    0xE6, 0x10, 0xE6, 0x10, 0xE6, 0x10, 0xE6, 0x10, 0xE6, 0x10, 0xE6, 0x10, 0xE6, 0x10, 0xE6, 0x10,
    0xE6, 0x10, 0xE6, 0x10, 0xE6, 0x10, 0xE6, 0x10, 0xE6, 0x10, 0xE6, 0x10, 0xE6, 0x10, 0xE6, 0x10,
    0xE6, 0x10, 0xE6, 0x10, 0xE6, 0x10, 0xE6, 0x10, 0x06, 0x11, 0x06, 0x11, 0x06, 0x11, 0x06, 0x11,
    0x06, 0x11, 0x06, 0x11, 0x06, 0x11, 0x06, 0x11, 0x07, 0x11, 0x07, 0x11, 0x07, 0x11, 0x07, 0x11,
    0x07, 0x11, 0x07, 0x11, 0x07, 0x11, 0x07, 0x11, 0x07, 0x11, 0x07, 0x11, 0x07, 0x11, 0x07, 0x11,
    0x07, 0x11, 0x07, 0x11, 0x07, 0x11, 0x07, 0x11, 0x07, 0x11, 0x07, 0x11, 0x07, 0x11, 0x07, 0x11,
    0x07, 0x11, 0x07, 0x11, 0x07, 0x11, 0x07, 0x11, 0x07, 0x11, 0x07, 0x11, 0x07, 0x11, 0x07, 0x11,
    0x07, 0x11, 0x07, 0x11, 0x07, 0x11, 0x07, 0x11, 0x07, 0x11, 0x07, 0x11, 0x07, 0x11, 0x27, 0x11,
    0x27, 0x19, 0x27, 0x19, 0x27, 0x19, 0x27, 0x19, 0x27, 0x19, 0x27, 0x19, 0x27, 0x19, 0x27, 0x19,
    0x27, 0x19, 0x27, 0x19, 0x27, 0x19, 0x27, 0x19, 0x27, 0x19, 0x27, 0x19, 0x27, 0x19, 0x27, 0x19,
    0x27, 0x19, 0x27, 0x19, 0x27, 0x19, 0x27, 0x19, 0x27, 0x19, 0x27, 0x19, 0x27, 0x19, 0x27, 0x19,
    0x27, 0x19, 0x27, 0x19, 0x27, 0x19, 0x27, 0x19, 0x27, 0x19, 0x27, 0x19, 0x27, 0x19, 0x27, 0x19,
    0x27, 0x19, 0x27, 0x19, 0x27, 0x19, 0x27, 0x19, 0x27, 0x19, 0x27, 0x19, 0x27, 0x19, 0x27, 0x19,
    0x27, 0x19, 0x27, 0x19, 0x27, 0x19, 0x27, 0x19, 0x27, 0x19, 0x27, 0x19, 0x27, 0x19, 0x27, 0x19,
    0x27, 0x19, 0x27, 0x19, 0x27, 0x19, 0x27, 0x19, 0x27, 0x19, 0x27, 0x19, 0x27, 0x19, 0x27, 0x19,
    0x27, 0x19, 0x27, 0x19, 0x27, 0x19, 0x27, 0x19, 0x27, 0x19, 0x27, 0x19, 0x27, 0x19, 0x27, 0x19,
    0x27, 0x19, 0x27, 0x11, 0x07, 0x11, 0x07, 0x11, 0x07, 0x11, 0x07, 0x11, 0x07, 0x11, 0x07, 0x11,
    0x07, 0x11, 0x07, 0x11, 0x07, 0x11, 0x07, 0x11, 0x07, 0x11, 0x07, 0x11, 0x07, 0x11, 0x07, 0x11,
    0x07, 0x11, 0x07, 0x11, 0x07, 0x11, 0x07, 0x11, 0x07, 0x11, 0x07, 0x11, 0x07, 0x11, 0x07, 0x11,
    0x07, 0x11, 0x07, 0x11, 0x07, 0x11, 0x07, 0x11, 0x07, 0x11, 0x07, 0x11, 0x07, 0x11, 0x07, 0x11,
    0x07, 0x11, 0x07, 0x11, 0x07, 0x11, 0x07, 0x11, 0x07, 0x11, 0x06, 0x11, 0x06, 0x11, 0x06, 0x11,
    0x06, 0x11, 0x06, 0x11, 0x06, 0x11, 0x06, 0x11, 0x06, 0x11, 0xE6, 0x10, 0xE6, 0x10, 0xE6, 0x10,
    0xE6, 0x10, 0xE6, 0x10, 0xE6, 0x10, 0xE6, 0x10, 0xE6, 0x10, 0xE6, 0x10, 0xE6, 0x10, 0xE6, 0x10,
    0xE6, 0x10, 0xE6, 0x10, 0xE6, 0x10, 0xE6, 0x10, 0xE6, 0x10, 0xE6, 0x10, 0xE6, 0x10, 0xE6, 0x10,
    0xE6, 0x10, 0xE6, 0x10, 0xE6, 0x10, 0xE6, 0x10, 0xE6, 0x10, 0xE6, 0x10, 0xE6, 0x10, 0xE6, 0x10,
    0xE6, 0x10, 0xE6, 0x10, 0xE6, 0x10, 0xE6, 0x10, 0xE6, 0x10, 0xE6, 0x10, 0xE6, 0x10, 0xE6, 0x10,
    0xE6, 0x10, 0xC6, 0x10, 0xC6, 0x10, 0xC6, 0x10, 0xC6, 0x10, 0xC6, 0x10, 0xC5, 0x10, 0xC5, 0x10,
    0xC5, 0x10, 0xC5, 0x10, 0xC6, 0x10, 0xC6, 0x10, 0xC6, 0x10, 0xC6, 0x10, 0xC6, 0x10, 0xE6, 0x10,
    0xE6, 0x10, 0xE6, 0x10, 0xE6, 0x10, 0xE6, 0x10, 0xE6, 0x10, 0xE6, 0x10, 0xE6, 0x10, 0xE6, 0x10,
    0xE6, 0x10, 0xE6, 0x10, 0xE6, 0x10, 0xE6, 0x10, 0xE6, 0x10, 0xE6, 0x10, 0xE6, 0x10, 0xE6, 0x10,
    0xE6, 0x10, 0xE6, 0x10, 0xE6, 0x10, 0xE6, 0x10, 0xE6, 0x10, 0xE6, 0x10, 0xE6, 0x10, 0xE6, 0x10,
    0xE6, 0x10, 0xE6, 0x10, 0xE6, 0x10, 0xE6, 0x10, 0xE6, 0x10, 0xE6, 0x10, 0xE6, 0x10, 0xE6, 0x10,
    0xE6, 0x10, 0xE6, 0x10, 0x06, 0x11, 0x06, 0x11, 0x06, 0x11, 0x06, 0x11, 0x06, 0x11, 0x06, 0x11,
    0x06, 0x11, 0x06, 0x11, 0x06, 0x11, 0x07, 0x11, 0x07, 0x11, 0x07, 0x11, 0x07, 0x11, 0x07, 0x11,
    0x07, 0x11, 0x07, 0x11, 0x07, 0x11, 0x07, 0x11, 0x07, 0x11, 0x07, 0x11, 0x07, 0x11, 0x07, 0x11,
    0x07, 0x11, 0x07, 0x11, 0x07, 0x11, 0x07, 0x11, 0x07, 0x11, 0x07, 0x11, 0x07, 0x11, 0x07, 0x11,
    0x07, 0x11, 0x07, 0x11, 0x07, 0x11, 0x07, 0x11, 0x07, 0x11, 0x07, 0x11, 0x07, 0x11, 0x07, 0x11,
    0x07, 0x11, 0x07, 0x11, 0x07, 0x11, 0x07, 0x11, 0x07, 0x11, 0x27, 0x11, 0x27, 0x11, 0x27, 0x19,
    0x27, 0x19, 0x27, 0x19, 0x27, 0x19, 0x27, 0x19, 0x27, 0x19, 0x27, 0x19, 0x27, 0x19, 0x27, 0x19,
    0x27, 0x19, 0x27, 0x19, 0x27, 0x19, 0x27, 0x19, 0x27, 0x19, 0x27, 0x19, 0x27, 0x19, 0x27, 0x19,
    0x27, 0x19, 0x27, 0x19, 0x27, 0x19, 0x27, 0x19, 0x27, 0x19, 0x27, 0x19, 0x27, 0x19, 0x27, 0x19,
    0x27, 0x19, 0x27, 0x19, 0x27, 0x19, 0x27, 0x19, 0x27, 0x19, 0x27, 0x19, 0x27, 0x19, 0x27, 0x19,
    0x27, 0x19, 0x27, 0x19, 0x27, 0x19, 0x27, 0x19, 0x27, 0x19, 0x27, 0x19, 0x27, 0x19, 0x27, 0x19,
    0x27, 0x19, 0x27, 0x19, 0x27, 0x19, 0x27, 0x19, 0x27, 0x19, 0x27, 0x19, 0x27, 0x19, 0x27, 0x19,
    0x27, 0x19, 0x27, 0x19, 0x27, 0x19, 0x27, 0x19, 0x27, 0x19, 0x27, 0x19, 0x27, 0x19, 0x27, 0x19,
    0x27, 0x19, 0x27, 0x19, 0x27, 0x19, 0x27, 0x19, 0x27, 0x19, 0x27, 0x19, 0x27, 0x19, 0x27, 0x19,
    0x27, 0x19, 0x27, 0x19, 0x27, 0x11, 0x27, 0x11, 0x07, 0x11, 0x07, 0x11, 0x07, 0x11, 0x07, 0x11,
    0x07, 0x11, 0x07, 0x11, 0x07, 0x11, 0x07, 0x11, 0x07, 0x11, 0x07, 0x11, 0x07, 0x11, 0x07, 0x11,
    0x07, 0x11, 0x07, 0x11, 0x07, 0x11, 0x07, 0x11, 0x07, 0x11, 0x07, 0x11, 0x07, 0x11, 0x07, 0x11,
    0x07, 0x11, 0x07, 0x11, 0x07, 0x11, 0x07, 0x11, 0x07, 0x11, 0x07, 0x11, 0x07, 0x11, 0x07, 0x11,
    0x07, 0x11, 0x07, 0x11, 0x07, 0x11, 0x07, 0x11, 0x07, 0x11, 0x07, 0x11, 0x06, 0x11, 0x06, 0x11,
    0x06, 0x11, 0x06, 0x11, 0x06, 0x11, 0x06, 0x11, 0x06, 0x11, 0x06, 0x11, 0x06, 0x11, 0xE6, 0x10,
    0xE6, 0x10, 0xE6, 0x10, 0xE6, 0x10, 0xE6, 0x10, 0xE6, 0x10, 0xE6, 0x10, 0xE6, 0x10, 0xE6, 0x10,
    0xE6, 0x10, 0xE6, 0x10, 0xE6, 0x10, 0xE6, 0x10, 0xE6, 0x10, 0xE6, 0x10, 0xE6, 0x10, 0xE6, 0x10,
    0xE6, 0x10, 0xE6, 0x10, 0xE6, 0x10, 0xE6, 0x10, 0xE6, 0x10, 0xE6, 0x10, 0xE6, 0x10, 0xE6, 0x10,
    0xE6, 0x10, 0xE6, 0x10, 0xE6, 0x10, 0xE6, 0x10, 0xE6, 0x10, 0xE6, 0x10, 0xE6, 0x10, 0xE6, 0x10,
    0xE6, 0x10, 0xE6, 0x10, 0xC6, 0x10, 0xC6, 0x10, 0xC6, 0x10, 0xC6, 0x10, 0xC6, 0x10, 0xC5, 0x10,
    0xE6, 0x10, 0xE6, 0x10, 0xE6, 0x10, 0xE6, 0x10, 0xE6, 0x10, 0xE6, 0x10, 0xE6, 0x10, 0xE6, 0x10,
    0xE6, 0x10, 0xE6, 0x10, 0xE6, 0x10, 0xE6, 0x10, 0xE6, 0x10, 0xE6, 0x10, 0xE6, 0x10, 0xE6, 0x10,
    0xE6, 0x10, 0xE6, 0x10, 0xE6, 0x10, 0xE6, 0x10, 0xE6, 0x10, 0xE6, 0x10, 0x06, 0x11, 0x06, 0x11,
    0x06, 0x11, 0x06, 0x11, 0x07, 0x11, 0x07, 0x11, 0x07, 0x11, 0x07, 0x11, 0x07, 0x11, 0x07, 0x11,
    0x07, 0x11, 0x07, 0x11, 0x07, 0x11, 0x07, 0x11, 0x07, 0x11, 0x07, 0x11, 0x07, 0x11, 0x07, 0x11,
    0x07, 0x11, 0x07, 0x11, 0x07, 0x11, 0x07, 0x11, 0x07, 0x11, 0x07, 0x11, 0x07, 0x11, 0x07, 0x11,
    0x07, 0x11, 0x07, 0x11, 0x07, 0x11, 0x07, 0x11, 0x07, 0x11, 0x07, 0x11, 0x07, 0x11, 0x07, 0x11,
    0x07, 0x11, 0x27, 0x11, 0x27, 0x11, 0x27, 0x11, 0x27, 0x11, 0x27, 0x11, 0x27, 0x11, 0x27, 0x11,
    0x27, 0x11, 0x27, 0x19, 0x27, 0x19, 0x27, 0x19, 0x27, 0x19, 0x27, 0x19, 0x27, 0x19, 0x27, 0x19,
    0x27, 0x19, 0x27, 0x19, 0x27, 0x19, 0x27, 0x19, 0x27, 0x19, 0x27, 0x19, 0x28, 0x19, 0x28, 0x19,
    0x28, 0x19, 0x28, 0x19, 0x28, 0x19, 0x28, 0x19, 0x28, 0x19, 0x28, 0x19, 0x28, 0x19, 0x28, 0x19,
    0x28, 0x19, 0x28, 0x19, 0x28, 0x19, 0x28, 0x19, 0x28, 0x19, 0x28, 0x19, 0x28, 0x19, 0x28, 0x19,
    0x28, 0x19, 0x28, 0x19, 0x28, 0x19, 0x28, 0x19, 0x28, 0x19, 0x28, 0x19, 0x28, 0x19, 0x28, 0x19,
    0x48, 0x19, 0x48, 0x19, 0x48, 0x19, 0x48, 0x19, 0x48, 0x19, 0x48, 0x19, 0x48, 0x19, 0x48, 0x19,
    0x48, 0x19, 0x48, 0x19, 0x48, 0x19, 0x48, 0x19, 0x48, 0x19, 0x48, 0x19, 0x48, 0x19, 0x48, 0x19,
    0x48, 0x19, 0x48, 0x19, 0x48, 0x19, 0x48, 0x19, 0x48, 0x19, 0x48, 0x19, 0x48, 0x19, 0x48, 0x19,
    0x48, 0x19, 0x48, 0x19, 0x48, 0x19, 0x48, 0x19, 0x48, 0x19, 0x48, 0x19, 0x48, 0x19, 0x48, 0x19,
    0x48, 0x19, 0x28, 0x19, 0x28, 0x19, 0x28, 0x19, 0x28, 0x19, 0x28, 0x19, 0x28, 0x19, 0x28, 0x19,
    0x28, 0x19, 0x28, 0x19, 0x28, 0x19, 0x28, 0x19, 0x28, 0x19, 0x28, 0x19, 0x28, 0x19, 0x28, 0x19,
    0x28, 0x19, 0x28, 0x19, 0x28, 0x19, 0x28, 0x19, 0x28, 0x19, 0x28, 0x19, 0x28, 0x19, 0x28, 0x19,
    0x28, 0x19, 0x28, 0x19, 0x28, 0x19, 0x27, 0x19, 0x27, 0x19, 0x27, 0x19, 0x27, 0x19, 0x27, 0x19,
    0x27, 0x19, 0x27, 0x19, 0x27, 0x19, 0x27, 0x19, 0x27, 0x19, 0x27, 0x19, 0x27, 0x19, 0x27, 0x19,
    0x27, 0x11, 0x27, 0x11, 0x27, 0x11, 0x27, 0x11, 0x27, 0x11, 0x27, 0x11, 0x27, 0x11, 0x27, 0x11,
    0x07, 0x11, 0x07, 0x11, 0x07, 0x11, 0x07, 0x11, 0x07, 0x11, 0x07, 0x11, 0x07, 0x11, 0x07, 0x11,
    0x07, 0x11, 0x07, 0x11, 0x07, 0x11, 0x07, 0x11, 0x07, 0x11, 0x07, 0x11, 0x07, 0x11, 0x07, 0x11,
    0x07, 0x11, 0x07, 0x11, 0x07, 0x11, 0x07, 0x11, 0x07, 0x11, 0x07, 0x11, 0x07, 0x11, 0x07, 0x11,
    0x07, 0x11, 0x07, 0x11, 0x07, 0x11, 0x07, 0x11, 0x07, 0x11, 0x07, 0x11, 0x07, 0x11, 0x06, 0x11,
    0x06, 0x11, 0x06, 0x11, 0x06, 0x11, 0xE6, 0x10, 0xE6, 0x10, 0xE6, 0x10, 0xE6, 0x10, 0xE6, 0x10,
    0xE6, 0x10, 0xE6, 0x10, 0xE6, 0x10, 0xE6, 0x10, 0xE6, 0x10, 0xE6, 0x10, 0xE6, 0x10, 0xE6, 0x10,
    0xE6, 0x10, 0xE6, 0x10, 0xE6, 0x10, 0xE6, 0x10, 0xE6, 0x10, 0xE6, 0x10, 0xE6, 0x10, 0xE6, 0x10,
    0xC6, 0x10, 0xC6, 0x10, 0xC6, 0x10, 0xC6, 0x10, 0xC6, 0x10, 0xE6, 0x10, 0xE6, 0x10, 0xE6, 0x10,
    0xE6, 0x10, 0xE6, 0x10, 0xE6, 0x10, 0xE6, 0x10, 0xE6, 0x10, 0xE6, 0x10, 0xE6, 0x10, 0xE6, 0x10,
    0xE6, 0x10, 0xE6, 0x10, 0xE6, 0x10, 0xE6, 0x10, 0xE6, 0x10, 0xE6, 0x10, 0xE6, 0x10, 0xE6, 0x10,
    0xE6, 0x10, 0xE6, 0x10, 0xE6, 0x10, 0xE6, 0x10, 0xE6, 0x10, 0xE6, 0x10, 0xE6, 0x10, 0xE6, 0x10,
    0xE6, 0x10, 0xE6, 0x10, 0xE6, 0x10, 0xE6, 0x10, 0xE6, 0x10, 0xE6, 0x10, 0xE6, 0x10, 0xE6, 0x10,
    0x06, 0x11, 0x06, 0x11, 0x06, 0x11, 0x06, 0x11, 0x06, 0x11, 0x06, 0x11, 0x06, 0x11, 0x06, 0x11,
    0x07, 0x11, 0x07, 0x11, 0x07, 0x11, 0x07, 0x11, 0x07, 0x11, 0x07, 0x11, 0x07, 0x11, 0x07, 0x11,
    0x07, 0x11, 0x07, 0x11, 0x07, 0x11, 0x07, 0x11, 0x07, 0x11, 0x07, 0x11, 0x07, 0x11, 0x07, 0x11,
    0x07, 0x11, 0x07, 0x11, 0x07, 0x11, 0x07, 0x11, 0x07, 0x11, 0x07, 0x11, 0x07, 0x11, 0x07, 0x11,
    0x07, 0x11, 0x07, 0x11, 0x07, 0x11, 0x07, 0x11, 0x07, 0x11, 0x07, 0x11, 0x07, 0x11, 0x07, 0x11,
    0x07, 0x11, 0x27, 0x11, 0x27, 0x11, 0x27, 0x11, 0x27, 0x19, 0x27, 0x19, 0x27, 0x19, 0x27, 0x19,
    0x27, 0x19, 0x27, 0x19, 0x27, 0x19, 0x27, 0x19, 0x27, 0x19, 0x27, 0x19, 0x27, 0x19, 0x27, 0x19,
    0x27, 0x19, 0x27, 0x19, 0x27, 0x19, 0x27, 0x19, 0x27, 0x19, 0x27, 0x19, 0x27, 0x19, 0x27, 0x19,
    0x27, 0x19, 0x27, 0x19, 0x27, 0x19, 0x27, 0x19, 0x27, 0x19, 0x27, 0x19, 0x27, 0x19, 0x27, 0x19,
    0x27, 0x19, 0x27, 0x19, 0x27, 0x19, 0x27, 0x19, 0x27, 0x19, 0x27, 0x19, 0x27, 0x19, 0x27, 0x19,
    0x27, 0x19, 0x27, 0x19, 0x27, 0x19, 0x27, 0x19, 0x27, 0x19, 0x27, 0x19, 0x27, 0x19, 0x27, 0x19,
    0x27, 0x19, 0x27, 0x19, 0x27, 0x19, 0x27, 0x19, 0x27, 0x19, 0x27, 0x19, 0x27, 0x19, 0x27, 0x19,
    0x27, 0x19, 0x27, 0x19, 0x27, 0x19, 0x27, 0x19, 0x27, 0x19, 0x27, 0x19, 0x27, 0x19, 0x27, 0x19,
    0x27, 0x19, 0x27, 0x19, 0x27, 0x19, 0x27, 0x19, 0x27, 0x19, 0x27, 0x19, 0x27, 0x19, 0x27, 0x19,
    0x27, 0x19, 0x27, 0x19, 0x27, 0x19, 0x27, 0x19, 0x27, 0x19, 0x27, 0x11, 0x27, 0x11, 0x27, 0x11,
    0x07, 0x11, 0x07, 0x11, 0x07, 0x11, 0x07, 0x11, 0x07, 0x11, 0x07, 0x11, 0x07, 0x11, 0x07, 0x11,
    0x07, 0x11, 0x07, 0x11, 0x07, 0x11, 0x07, 0x11, 0x07, 0x11, 0x07, 0x11, 0x07, 0x11, 0x07, 0x11,
    0x07, 0x11, 0x07, 0x11, 0x07, 0x11, 0x07, 0x11, 0x07, 0x11, 0x07, 0x11, 0x07, 0x11, 0x07, 0x11,
    0x07, 0x11, 0x07, 0x11, 0x07, 0x11, 0x07, 0x11, 0x07, 0x11, 0x07, 0x11, 0x07, 0x11, 0x07, 0x11,
    0x07, 0x11, 0x06, 0x11, 0x06, 0x11, 0x06, 0x11, 0x06, 0x11, 0x06, 0x11, 0x06, 0x11, 0x06, 0x11,
    0x06, 0x11, 0xE6, 0x10, 0xE6, 0x10, 0xE6, 0x10, 0xE6, 0x10, 0xE6, 0x10, 0xE6, 0x10, 0xE6, 0x10,
    0xE6, 0x10, 0xE6, 0x10, 0xE6, 0x10, 0xE6, 0x10, 0xE6, 0x10, 0xE6, 0x10, 0xE6, 0x10, 0xE6, 0x10,
    0xE6, 0x10, 0xE6, 0x10, 0xE6, 0x10, 0xE6, 0x10, 0xE6, 0x10, 0xE6, 0x10, 0xE6, 0x10, 0xE6, 0x10,
    0xE6, 0x10, 0xE6, 0x10, 0xE6, 0x10, 0xE6, 0x10, 0xE6, 0x10, 0xE6, 0x10, 0xE6, 0x10, 0xE6, 0x10,
    0xE6, 0x10, 0xE6, 0x10, 0xE6, 0x10, 0xE6, 0x10, 0xC6, 0x10, 0xC6, 0x10, 0xC6, 0x10, 0xC6, 0x10,
    0xC6, 0x10, 0xC6, 0x10, 0xC6, 0x10, 0xC6, 0x10, 0xE6, 0x10, 0xE6, 0x10, 0xE6, 0x10, 0xE6, 0x10,
    0xE6, 0x10, 0xE6, 0x10, 0xE6, 0x10, 0xE6, 0x10, 0xE6, 0x10, 0xE6, 0x10, 0xE6, 0x10, 0xE6, 0x10,
    0xE6, 0x10, 0xE6, 0x10, 0xE6, 0x10, 0xE6, 0x10, 0xE6, 0x10, 0xE6, 0x10, 0xE6, 0x10, 0xE6, 0x10,
    0xE6, 0x10, 0xE6, 0x10, 0xE6, 0x10, 0xE6, 0x10, 0xE6, 0x10, 0xE6, 0x10, 0xE6, 0x10, 0xE6, 0x10,
    0xE6, 0x10, 0xE6, 0x10, 0xE6, 0x10, 0xE6, 0x10, 0xE6, 0x10, 0xE6, 0x10, 0xE6, 0x10, 0x06, 0x11,
    0x06, 0x11, 0x06, 0x11, 0x06, 0x11, 0x06, 0x11, 0x06, 0x11, 0x06, 0x11, 0x07, 0x11, 0x07, 0x11,
    0x07, 0x11, 0x07, 0x11, 0x07, 0x11, 0x07, 0x11, 0x07, 0x11, 0x07, 0x11, 0x07, 0x11, 0x07, 0x11,
    0x07, 0x11, 0x07, 0x11, 0x07, 0x11, 0x07, 0x11, 0x07, 0x11, 0x07, 0x11, 0x07, 0x11, 0x07, 0x11,
    0x07, 0x11, 0x07, 0x11, 0x07, 0x11, 0x07, 0x11, 0x07, 0x11, 0x07, 0x11, 0x07, 0x11, 0x07, 0x11,
    0x07, 0x11, 0x07, 0x11, 0x07, 0x11, 0x07, 0x11, 0x07, 0x11, 0x07, 0x11, 0x07, 0x11, 0x27, 0x11,
    0x27, 0x11, 0x27, 0x11, 0x27, 0x11, 0x27, 0x19, 0x27, 0x19, 0x27, 0x19, 0x27, 0x19, 0x27, 0x19,
    0x27, 0x19, 0x27, 0x19, 0x27, 0x19, 0x27, 0x19, 0x27, 0x19, 0x27, 0x19, 0x27, 0x19, 0x27, 0x19,
    0x27, 0x19, 0x27, 0x19, 0x27, 0x19, 0x27, 0x19, 0x27, 0x19, 0x27, 0x19, 0x27, 0x19, 0x27, 0x19,
    0x27, 0x19, 0x27, 0x19, 0x27, 0x19, 0x27, 0x19, 0x27, 0x19, 0x27, 0x19, 0x27, 0x19, 0x27, 0x19,
    0x27, 0x19, 0x27, 0x19, 0x27, 0x19, 0x27, 0x19, 0x27, 0x19, 0x27, 0x19, 0x27, 0x19, 0x27, 0x19,
    0x27, 0x19, 0x27, 0x19, 0x27, 0x19, 0x27, 0x19, 0x27, 0x19, 0x27, 0x19, 0x27, 0x19, 0x27, 0x19,
    0x27, 0x19, 0x27, 0x19, 0x27, 0x19, 0x27, 0x19, 0x27, 0x19, 0x27, 0x19, 0x27, 0x19, 0x27, 0x19,
    0x27, 0x19, 0x27, 0x19, 0x27, 0x19, 0x27, 0x19, 0x27, 0x19, 0x27, 0x19, 0x27, 0x19, 0x27, 0x19,
    0x27, 0x19, 0x27, 0x19, 0x27, 0x19, 0x27, 0x19, 0x27, 0x19, 0x27, 0x19, 0x27, 0x19, 0x27, 0x19,
    0x27, 0x19, 0x27, 0x19, 0x27, 0x19, 0x27, 0x19, 0x27, 0x19, 0x27, 0x19, 0x27, 0x11, 0x27, 0x11,
    0x27, 0x11, 0x27, 0x11, 0x07, 0x11, 0x07, 0x11, 0x07, 0x11, 0x07, 0x11, 0x07, 0x11, 0x07, 0x11,
    0x07, 0x11, 0x07, 0x11, 0x07, 0x11, 0x07, 0x11, 0x07, 0x11, 0x07, 0x11, 0x07, 0x11, 0x07, 0x11,
    0x07, 0x11, 0x07, 0x11, 0x07, 0x11, 0x07, 0x11, 0x07, 0x11, 0x07, 0x11, 0x07, 0x11, 0x07, 0x11,
    0x07, 0x11, 0x07, 0x11, 0x07, 0x11, 0x07, 0x11, 0x07, 0x11, 0x07, 0x11, 0x07, 0x11, 0x07, 0x11,
    0x07, 0x11, 0x07, 0x11, 0x07, 0x11, 0x06, 0x11, 0x06, 0x11, 0x06, 0x11, 0x06, 0x11, 0x06, 0x11,
    0x06, 0x11, 0x06, 0x11, 0xE6, 0x10, 0xE6, 0x10, 0xE6, 0x10, 0xE6, 0x10, 0xE6, 0x10, 0xE6, 0x10,
    0xE6, 0x10, 0xE6, 0x10, 0xE6, 0x10, 0xE6, 0x10, 0xE6, 0x10, 0xE6, 0x10, 0xE6, 0x10, 0xE6, 0x10,
    0xE6, 0x10, 0xE6, 0x10, 0xE6, 0x10, 0xE6, 0x10, 0xE6, 0x10, 0xE6, 0x10, 0xE6, 0x10, 0xE6, 0x10,
    0xE6, 0x10, 0xE6, 0x10, 0xE6, 0x10, 0xE6, 0x10, 0xE6, 0x10, 0xE6, 0x10, 0xE6, 0x10, 0xE6, 0x10,
    0xE6, 0x10, 0xE6, 0x10, 0xE6, 0x10, 0xE6, 0x10, 0xE6, 0x10, 0xC6, 0x10, 0xC6, 0x10, 0xC6, 0x10,
    0xE6, 0x10, 0xE6, 0x10, 0xE6, 0x10, 0xE6, 0x10, 0xE6, 0x10, 0xE6, 0x10, 0xE6, 0x10, 0xE6, 0x10,
    0xE6, 0x10, 0xE6, 0x10, 0xE6, 0x10, 0xE6, 0x10, 0xE6, 0x10, 0xE6, 0x10, 0xE6, 0x10, 0xE6, 0x10,
    0xE6, 0x10, 0xE6, 0x10, 0xE6, 0x10, 0x06, 0x11, 0x06, 0x11, 0x06, 0x11, 0x07, 0x11, 0x07, 0x11,
    0x07, 0x11, 0x07, 0x11, 0x07, 0x11, 0x07, 0x11, 0x07, 0x11, 0x07, 0x11, 0x07, 0x11, 0x07, 0x11,
    0x07, 0x11, 0x07, 0x11, 0x07, 0x11, 0x07, 0x11, 0x07, 0x11, 0x07, 0x11, 0x07, 0x11, 0x07, 0x11,
    0x07, 0x11, 0x07, 0x11, 0x07, 0x11, 0x07, 0x11, 0x07, 0x11, 0x07, 0x11, 0x07, 0x11, 0x07, 0x11,
    0x07, 0x11, 0x07, 0x11, 0x07, 0x11, 0x07, 0x11, 0x07, 0x11, 0x27, 0x11, 0x27, 0x11, 0x27, 0x11,
    0x27, 0x11, 0x27, 0x11, 0x27, 0x11, 0x27, 0x11, 0x27, 0x11, 0x27, 0x11, 0x27, 0x19, 0x27, 0x19,
    0x27, 0x19, 0x27, 0x19, 0x27, 0x19, 0x27, 0x19, 0x27, 0x19, 0x27, 0x19, 0x27, 0x19, 0x27, 0x19,
    0x28, 0x19, 0x28, 0x19, 0x28, 0x19, 0x28, 0x19, 0x28, 0x19, 0x28, 0x19, 0x28, 0x19, 0x28, 0x19,
    0x28, 0x19, 0x28, 0x19, 0x28, 0x19, 0x28, 0x19, 0x28, 0x19, 0x28, 0x19, 0x28, 0x19, 0x28, 0x19,
    0x28, 0x19, 0x28, 0x19, 0x28, 0x19, 0x28, 0x19, 0x28, 0x19, 0x28, 0x19, 0x28, 0x19, 0x48, 0x19,
    0x48, 0x19, 0x48, 0x19, 0x48, 0x19, 0x48, 0x19, 0x48, 0x19, 0x48, 0x19, 0x48, 0x19, 0x48, 0x19,
    0x48, 0x19, 0x48, 0x19, 0x48, 0x19, 0x48, 0x19, 0x48, 0x19, 0x48, 0x19, 0x48, 0x19, 0x48, 0x19,
    0x48, 0x19, 0x48, 0x19, 0x48, 0x19, 0x48, 0x19, 0x48, 0x19, 0x48, 0x19, 0x48, 0x19, 0x48, 0x19,
    0x48, 0x19, 0x48, 0x19, 0x48, 0x19, 0x48, 0x19, 0x48, 0x19, 0x48, 0x19, 0x48, 0x19, 0x48, 0x19,
    0x48, 0x19, 0x48, 0x19, 0x48, 0x19, 0x48, 0x19, 0x48, 0x19, 0x48, 0x19, 0x48, 0x19, 0x48, 0x19,
    0x48, 0x19, 0x48, 0x19, 0x48, 0x19, 0x48, 0x19, 0x48, 0x19, 0x48, 0x19, 0x48, 0x19, 0x48, 0x19,
    0x48, 0x19, 0x48, 0x19, 0x28, 0x19, 0x28, 0x19, 0x28, 0x19, 0x28, 0x19, 0x28, 0x19, 0x28, 0x19,
    0x28, 0x19, 0x28, 0x19, 0x28, 0x19, 0x28, 0x19, 0x28, 0x19, 0x28, 0x19, 0x28, 0x19, 0x28, 0x19,
    0x28, 0x19, 0x28, 0x19, 0x28, 0x19, 0x28, 0x19, 0x28, 0x19, 0x28, 0x19, 0x28, 0x19, 0x28, 0x19,
    0x28, 0x19, 0x27, 0x19, 0x27, 0x19, 0x27, 0x19, 0x27, 0x19, 0x27, 0x19, 0x27, 0x19, 0x27, 0x19,
    0x27, 0x19, 0x27, 0x19, 0x27, 0x19, 0x27, 0x11, 0x27, 0x11, 0x27, 0x11, 0x27, 0x11, 0x27, 0x11,
    0x27, 0x11, 0x27, 0x11, 0x27, 0x11, 0x27, 0x11, 0x07, 0x11, 0x07, 0x11, 0x07, 0x11, 0x07, 0x11,
    0x07, 0x11, 0x07, 0x11, 0x07, 0x11, 0x07, 0x11, 0x07, 0x11, 0x07, 0x11, 0x07, 0x11, 0x07, 0x11,
    0x07, 0x11, 0x07, 0x11, 0x07, 0x11, 0x07, 0x11, 0x07, 0x11, 0x07, 0x11, 0x07, 0x11, 0x07, 0x11,
    0x07, 0x11, 0x07, 0x11, 0x07, 0x11, 0x07, 0x11, 0x07, 0x11, 0x07, 0x11, 0x07, 0x11, 0x07, 0x11,
    0x07, 0x11, 0x07, 0x11, 0x07, 0x11, 0x06, 0x11, 0x06, 0x11, 0x06, 0x11, 0xE6, 0x10, 0xE6, 0x10,
    0xE6, 0x10, 0xE6, 0x10, 0xE6, 0x10, 0xE6, 0x10, 0xE6, 0x10, 0xE6, 0x10, 0xE6, 0x10, 0xE6, 0x10,
    0xE6, 0x10, 0xE6, 0x10, 0xE6, 0x10, 0xE6, 0x10, 0xE6, 0x10, 0xE6, 0x10, 0xE6, 0x10, 0xE6, 0x10,
    0xC6, 0x10, 0xC6, 0x10, 0xE6, 0x10, 0xE6, 0x10, 0xE6, 0x10, 0xE6, 0x10, 0xE6, 0x10, 0xE6, 0x10,
    0xE6, 0x10, 0xE6, 0x10, 0xE6, 0x10, 0xE6, 0x10, 0xE6, 0x10, 0xE6, 0x10, 0xE6, 0x10, 0xE6, 0x10,
    0xE6, 0x10, 0xE6, 0x10, 0xE6, 0x10, 0xE6, 0x10, 0xE6, 0x10, 0xE6, 0x10, 0xE6, 0x10, 0xE6, 0x10,
    0xE6, 0x10, 0xE6, 0x10, 0xE6, 0x10, 0xE6, 0x10, 0xE6, 0x10, 0xE6, 0x10, 0xE6, 0x10, 0xE6, 0x10,
    0xE6, 0x10, 0xE6, 0x10, 0xE6, 0x10, 0xE6, 0x10, 0x06, 0x11, 0x06, 0x11, 0x06, 0x11, 0x06, 0x11,
    0x06, 0x11, 0x06, 0x11, 0x06, 0x11, 0x07, 0x11, 0x07, 0x11, 0x07, 0x11, 0x07, 0x11, 0x07, 0x11,
    0x07, 0x11, 0x07, 0x11, 0x07, 0x11, 0x07, 0x11, 0x07, 0x11, 0x07, 0x11, 0x07, 0x11, 0x07, 0x11,
    0x07, 0x11, 0x07, 0x11, 0x07, 0x11, 0x07, 0x11, 0x07, 0x11, 0x07, 0x11, 0x07, 0x11, 0x07, 0x11,
    0x07, 0x11, 0x07, 0x11, 0x07, 0x11, 0x07, 0x11, 0x07, 0x11, 0x07, 0x11, 0x07, 0x11, 0x07, 0x11,
    0x07, 0x11, 0x07, 0x11, 0x07, 0x11, 0x07, 0x11, 0x27, 0x11, 0x27, 0x11, 0x27, 0x11, 0x27, 0x11,
    0x27, 0x11, 0x27, 0x19, 0x27, 0x19, 0x27, 0x19, 0x27, 0x19, 0x27, 0x19, 0x27, 0x19, 0x27, 0x19,
    0x27, 0x19, 0x27, 0x19, 0x27, 0x19, 0x27, 0x19, 0x27, 0x19, 0x27, 0x19, 0x27, 0x19, 0x27, 0x19,
    0x27, 0x19, 0x27, 0x19, 0x27, 0x19, 0x27, 0x19, 0x27, 0x19, 0x27, 0x19, 0x27, 0x19, 0x27, 0x19,
    0x27, 0x19, 0x27, 0x19, 0x27, 0x19, 0x27, 0x19, 0x27, 0x19, 0x27, 0x19, 0x27, 0x19, 0x27, 0x19,
    0x27, 0x19, 0x27, 0x19, 0x27, 0x19, 0x27, 0x19, 0x27, 0x19, 0x27, 0x19, 0x28, 0x19, 0x28, 0x19,
    0x28, 0x19, 0x28, 0x19, 0x28, 0x19, 0x27, 0x19, 0x27, 0x19, 0x27, 0x19, 0x27, 0x19, 0x27, 0x19,
    0x27, 0x19, 0x27, 0x19, 0x27, 0x19, 0x27, 0x19, 0x27, 0x19, 0x27, 0x19, 0x27, 0x19, 0x27, 0x19,
    0x27, 0x19, 0x27, 0x19, 0x27, 0x19, 0x27, 0x19, 0x27, 0x19, 0x27, 0x19, 0x27, 0x19, 0x27, 0x19,
    0x27, 0x19, 0x27, 0x19, 0x27, 0x19, 0x27, 0x19, 0x27, 0x19, 0x27, 0x19, 0x27, 0x19, 0x27, 0x19,
    0x27, 0x19, 0x27, 0x19, 0x27, 0x19, 0x27, 0x19, 0x27, 0x19, 0x27, 0x19, 0x27, 0x19, 0x27, 0x19,
    0x27, 0x11, 0x27, 0x11, 0x27, 0x11, 0x27, 0x11, 0x27, 0x11, 0x07, 0x11, 0x07, 0x11, 0x07, 0x11,
    0x07, 0x11, 0x07, 0x11, 0x07, 0x11, 0x07, 0x11, 0x07, 0x11, 0x07, 0x11, 0x07, 0x11, 0x07, 0x11,
    0x07, 0x11, 0x07, 0x11, 0x07, 0x11, 0x07, 0x11, 0x07, 0x11, 0x07, 0x11, 0x07, 0x11, 0x07, 0x11,
    0x07, 0x11, 0x07, 0x11, 0x07, 0x11, 0x07, 0x11, 0x07, 0x11, 0x07, 0x11, 0x07, 0x11, 0x07, 0x11,
    0x07, 0x11, 0x07, 0x11, 0x07, 0x11, 0x07, 0x11, 0x07, 0x11, 0x07, 0x11, 0x06, 0x11, 0x06, 0x11,
    0x06, 0x11, 0x06, 0x11, 0x06, 0x11, 0x06, 0x11, 0x06, 0x11, 0xE6, 0x10, 0xE6, 0x10, 0xE6, 0x10,
    0xE6, 0x10, 0xE6, 0x10, 0xE6, 0x10, 0xE6, 0x10, 0xE6, 0x10, 0xE6, 0x10, 0xE6, 0x10, 0xE6, 0x10,
    0xE6, 0x10, 0xE6, 0x10, 0xE6, 0x10, 0xE6, 0x10, 0xE6, 0x10, 0xE6, 0x10, 0xE6, 0x10, 0xE6, 0x10,
    0xE6, 0x10, 0xE6, 0x10, 0xE6, 0x10, 0xE6, 0x10, 0xE6, 0x10, 0xE6, 0x10, 0xE6, 0x10, 0xE6, 0x10,
    0xE6, 0x10, 0xE6, 0x10, 0xE6, 0x10, 0xE6, 0x10, 0xE6, 0x10, 0xE6, 0x10, 0xE6, 0x10, 0xC6, 0x10,
    0xC6, 0x10, 0xE6, 0x10, 0xE6, 0x10, 0xE6, 0x10, 0xE6, 0x10, 0xE6, 0x10, 0xE6, 0x10, 0xE6, 0x10,
    0xE6, 0x10, 0xE6, 0x10, 0xE6, 0x10, 0xE6, 0x10, 0xE6, 0x10, 0xE6, 0x10, 0xE6, 0x10, 0xE6, 0x10,
    0xE6, 0x10, 0xE6, 0x10, 0xE6, 0x10, 0xE6, 0x10, 0xE6, 0x10, 0xE6, 0x10, 0xE6, 0x10, 0xE6, 0x10,
    0xE6, 0x10, 0xE6, 0x10, 0xE6, 0x10, 0xE6, 0x10, 0xE6, 0x10, 0xE6, 0x10, 0xE6, 0x10, 0xE6, 0x10,
    0xE6, 0x10, 0xE6, 0x10, 0xE6, 0x10, 0x06, 0x11, 0x06, 0x11, 0x06, 0x11, 0x06, 0x11, 0x06, 0x11,
    0x06, 0x11, 0x06, 0x11, 0x07, 0x11, 0x07, 0x11, 0x07, 0x11, 0x07, 0x11, 0x07, 0x11, 0x07, 0x11,
    0x07, 0x11, 0x07, 0x11, 0x07, 0x11, 0x07, 0x11, 0x07, 0x11, 0x07, 0x11, 0x07, 0x11, 0x07, 0x11,
    0x07, 0x11, 0x07, 0x11, 0x07, 0x11, 0x07, 0x11, 0x07, 0x11, 0x07, 0x11, 0x07, 0x11, 0x07, 0x11,
    0x07, 0x11, 0x07, 0x11, 0x07, 0x11, 0x07, 0x11, 0x07, 0x11, 0x07, 0x11, 0x07, 0x11, 0x07, 0x11,
    0x07, 0x11, 0x07, 0x11, 0x27, 0x11, 0x27, 0x11, 0x27, 0x11, 0x27, 0x11, 0x27, 0x11, 0x27, 0x19,
    0x27, 0x19, 0x27, 0x19, 0x27, 0x19, 0x27, 0x19, 0x27, 0x19, 0x27, 0x19, 0x27, 0x19, 0x27, 0x19,
    0x27, 0x19, 0x27, 0x19, 0x27, 0x19, 0x27, 0x19, 0x27, 0x19, 0x27, 0x19, 0x27, 0x19, 0x27, 0x19,
    0x27, 0x19, 0x27, 0x19, 0x27, 0x19, 0x27, 0x19, 0x27, 0x19, 0x27, 0x19, 0x27, 0x19, 0x27, 0x19,
    0x27, 0x19, 0x27, 0x19, 0x27, 0x19, 0x27, 0x19, 0x27, 0x19, 0x28, 0x19, 0x28, 0x19, 0x28, 0x19,
    0x28, 0x19, 0x28, 0x19, 0x28, 0x19, 0x28, 0x19, 0x28, 0x19, 0x28, 0x19, 0x28, 0x19, 0x28, 0x19,
    0x28, 0x19, 0x28, 0x19, 0x28, 0x19, 0x28, 0x19, 0x28, 0x19, 0x28, 0x19, 0x28, 0x19, 0x28, 0x19,
    0x28, 0x19, 0x28, 0x19, 0x28, 0x19, 0x28, 0x19, 0x27, 0x19, 0x27, 0x19, 0x27, 0x19, 0x27, 0x19,
    0x27, 0x19, 0x27, 0x19, 0x27, 0x19, 0x27, 0x19, 0x27, 0x19, 0x27, 0x19, 0x27, 0x19, 0x27, 0x19,
    0x27, 0x19, 0x27, 0x19, 0x27, 0x19, 0x27, 0x19, 0x27, 0x19, 0x27, 0x19, 0x27, 0x19, 0x27, 0x19,
    0x27, 0x19, 0x27, 0x19, 0x27, 0x19, 0x27, 0x19, 0x27, 0x19, 0x27, 0x19, 0x27, 0x19, 0x27, 0x19,
    0x27, 0x19, 0x27, 0x19, 0x27, 0x11, 0x27, 0x11, 0x27, 0x11, 0x27, 0x11, 0x27, 0x11, 0x07, 0x11,
    0x07, 0x11, 0x07, 0x11, 0x07, 0x11, 0x07, 0x11, 0x07, 0x11, 0x07, 0x11, 0x07, 0x11, 0x07, 0x11,
    0x07, 0x11, 0x07, 0x11, 0x07, 0x11, 0x07, 0x11, 0x07, 0x11, 0x07, 0x11, 0x07, 0x11, 0x07, 0x11,
    0x07, 0x11, 0x07, 0x11, 0x07, 0x11, 0x07, 0x11, 0x07, 0x11, 0x07, 0x11, 0x07, 0x11, 0x07, 0x11,
    0x07, 0x11, 0x07, 0x11, 0x07, 0x11, 0x07, 0x11, 0x07, 0x11, 0x07, 0x11, 0x07, 0x11, 0x06, 0x11,
    0x06, 0x11, 0x06, 0x11, 0x06, 0x11, 0x06, 0x11, 0x06, 0x11, 0x06, 0x11, 0xE6, 0x10, 0xE6, 0x10,
    0xE6, 0x10, 0xE6, 0x10, 0xE6, 0x10, 0xE6, 0x10, 0xE6, 0x10, 0xE6, 0x10, 0xE6, 0x10, 0xE6, 0x10,
    0xE6, 0x10, 0xE6, 0x10, 0xE6, 0x10, 0xE6, 0x10, 0xE6, 0x10, 0xE6, 0x10, 0xE6, 0x10, 0xE6, 0x10,
    0xE6, 0x10, 0xE6, 0x10, 0xE6, 0x10, 0xE6, 0x10, 0xE6, 0x10, 0xE6, 0x10, 0xE6, 0x10, 0xE6, 0x10,
    0xE6, 0x10, 0xE6, 0x10, 0xE6, 0x10, 0xE6, 0x10, 0xE6, 0x10, 0xE6, 0x10, 0xE6, 0x10, 0xE6, 0x10,
    0xE6, 0x10, 0xE6, 0x10, 0xE6, 0x10, 0xE6, 0x10, 0xE6, 0x10, 0xE6, 0x10, 0xE6, 0x10, 0xE6, 0x10,
    0xE6, 0x10, 0xE6, 0x10, 0xE6, 0x10, 0xE6, 0x10, 0xE6, 0x10, 0xE6, 0x10, 0xE6, 0x10, 0xE6, 0x10,
    0x06, 0x11, 0x06, 0x11, 0x06, 0x11, 0x07, 0x11, 0x07, 0x11, 0x07, 0x11, 0x07, 0x11, 0x07, 0x11,
    0x07, 0x11, 0x07, 0x11, 0x07, 0x11, 0x07, 0x11, 0x07, 0x11, 0x07, 0x11, 0x07, 0x11, 0x07, 0x11,
    0x07, 0x11, 0x07, 0x11, 0x07, 0x11, 0x07, 0x11, 0x07, 0x11, 0x07, 0x11, 0x07, 0x11, 0x07, 0x11,
    0x07, 0x11, 0x07, 0x11, 0x07, 0x11, 0x07, 0x11, 0x07, 0x11, 0x07, 0x11, 0x07, 0x11, 0x07, 0x11,
    0x07, 0x11, 0x27, 0x11, 0x27, 0x11, 0x27, 0x11, 0x27, 0x11, 0x27, 0x11, 0x27, 0x11, 0x27, 0x11,
    0x27, 0x11, 0x27, 0x11, 0x27, 0x11, 0x27, 0x11, 0x27, 0x19, 0x27, 0x19, 0x27, 0x19, 0x27, 0x19,
    0x27, 0x19, 0x27, 0x19, 0x28, 0x19, 0x28, 0x19, 0x28, 0x19, 0x28, 0x19, 0x28, 0x19, 0x28, 0x19,
    0x28, 0x19, 0x28, 0x19, 0x28, 0x19, 0x28, 0x19, 0x28, 0x19, 0x28, 0x19, 0x28, 0x19, 0x28, 0x19,
    0x28, 0x19, 0x28, 0x19, 0x28, 0x19, 0x28, 0x19, 0x28, 0x19, 0x28, 0x19, 0x28, 0x19, 0x28, 0x19,
    0x28, 0x19, 0x48, 0x19, 0x48, 0x19, 0x48, 0x19, 0x48, 0x19, 0x48, 0x19, 0x48, 0x19, 0x48, 0x19,
    0x48, 0x19, 0x48, 0x19, 0x48, 0x19, 0x48, 0x19, 0x48, 0x19, 0x48, 0x19, 0x48, 0x19, 0x48, 0x19,
    0x48, 0x19, 0x48, 0x19, 0x48, 0x19, 0x48, 0x19, 0x48, 0x19, 0x48, 0x19, 0x48, 0x19, 0x48, 0x19,
    0x48, 0x19, 0x48, 0x19, 0x48, 0x19, 0x48, 0x19, 0x48, 0x19, 0x48, 0x19, 0x48, 0x19, 0x48, 0x19,
    0x48, 0x19, 0x48, 0x19, 0x48, 0x19, 0x48, 0x19, 0x48, 0x19, 0x48, 0x19, 0x48, 0x19, 0x48, 0x19,
    0x48, 0x19, 0x48, 0x19, 0x48, 0x19, 0x48, 0x19, 0x48, 0x19, 0x48, 0x19, 0x48, 0x19, 0x48, 0x19,
    0x48, 0x19, 0x48, 0x19, 0x48, 0x19, 0x48, 0x19, 0x48, 0x19, 0x48, 0x19, 0x48, 0x19, 0x48, 0x19,
    0x48, 0x19, 0x48, 0x19, 0x48, 0x19, 0x48, 0x19, 0x48, 0x19, 0x48, 0x19, 0x48, 0x19, 0x48, 0x19,
    0x28, 0x19, 0x28, 0x19, 0x28, 0x19, 0x28, 0x19, 0x28, 0x19, 0x28, 0x19, 0x28, 0x19, 0x28, 0x19,
    0x28, 0x19, 0x28, 0x19, 0x28, 0x19, 0x28, 0x19, 0x28, 0x19, 0x28, 0x19, 0x28, 0x19, 0x28, 0x19,
    0x28, 0x19, 0x28, 0x19, 0x28, 0x19, 0x28, 0x19, 0x28, 0x19, 0x28, 0x19, 0x28, 0x19, 0x27, 0x19,
    0x27, 0x19, 0x27, 0x19, 0x27, 0x19, 0x27, 0x19, 0x27, 0x19, 0x27, 0x11, 0x27, 0x11, 0x27, 0x11,
    0x27, 0x11, 0x27, 0x11, 0x27, 0x11, 0x27, 0x11, 0x27, 0x11, 0x27, 0x11, 0x27, 0x11, 0x27, 0x11,
    0x07, 0x11, 0x07, 0x11, 0x07, 0x11, 0x07, 0x11, 0x07, 0x11, 0x07, 0x11, 0x07, 0x11, 0x07, 0x11,
    0x07, 0x11, 0x07, 0x11, 0x07, 0x11, 0x07, 0x11, 0x07, 0x11, 0x07, 0x11, 0x07, 0x11, 0x07, 0x11,
    0x07, 0x11, 0x07, 0x11, 0x07, 0x11, 0x07, 0x11, 0x07, 0x11, 0x07, 0x11, 0x07, 0x11, 0x07, 0x11,
    0x07, 0x11, 0x07, 0x11, 0x07, 0x11, 0x07, 0x11, 0x07, 0x11, 0x07, 0x11, 0x06, 0x11, 0x06, 0x11,
    0x06, 0x11, 0xE6, 0x10, 0xE6, 0x10, 0xE6, 0x10, 0xE6, 0x10, 0xE6, 0x10, 0xE6, 0x10, 0xE6, 0x10,
    0xE6, 0x10, 0xE6, 0x10, 0xE6, 0x10, 0xE6, 0x10, 0xE6, 0x10, 0xE6, 0x10, 0xE6, 0x10, 0xE6, 0x10,
    0xE6, 0x10, 0xE6, 0x10, 0xE6, 0x10, 0xE6, 0x10, 0xE6, 0x10, 0xE6, 0x10, 0xE6, 0x10, 0xE6, 0x10,
    0xE6, 0x10, 0xE6, 0x10, 0xE6, 0x10, 0xE6, 0x10, 0xE6, 0x10, 0xE6, 0x10, 0xE6, 0x10, 0xE6, 0x10,
    0xE6, 0x10, 0xE6, 0x10, 0xE6, 0x10, 0xE6, 0x10, 0xE6, 0x10, 0xE6, 0x10, 0xE6, 0x10, 0xE6, 0x10,
    0xE6, 0x10, 0xE6, 0x10, 0xE6, 0x10, 0xE6, 0x10, 0xE6, 0x10, 0xE6, 0x10, 0xE6, 0x10, 0xE6, 0x10,
    0xE6, 0x10, 0x06, 0x11, 0x06, 0x11, 0x06, 0x11, 0x06, 0x11, 0x06, 0x11, 0x06, 0x11, 0x07, 0x11,
    0x07, 0x11, 0x07, 0x11, 0x07, 0x11, 0x07, 0x11, 0x07, 0x11, 0x07, 0x11, 0x07, 0x11, 0x07, 0x11,
    0x07, 0x11, 0x07, 0x11, 0x07, 0x11, 0x07, 0x11, 0x07, 0x11, 0x07, 0x11, 0x07, 0x11, 0x07, 0x11,
    0x07, 0x11, 0x07, 0x11, 0x07, 0x11, 0x07, 0x11, 0x07, 0x11, 0x07, 0x11, 0x07, 0x11, 0x07, 0x11,
    0x07, 0x11, 0x07, 0x11, 0x07, 0x11, 0x07, 0x11, 0x07, 0x11, 0x07, 0x11, 0x07, 0x11, 0x27, 0x11,
    0x27, 0x11, 0x27, 0x11, 0x27, 0x11, 0x27, 0x11, 0x27, 0x11, 0x27, 0x19, 0x27, 0x19, 0x27, 0x19,
    0x27, 0x19, 0x27, 0x19, 0x27, 0x19, 0x27, 0x19, 0x27, 0x19, 0x27, 0x19, 0x27, 0x19, 0x27, 0x19,
    0x27, 0x19, 0x27, 0x19, 0x27, 0x19, 0x27, 0x19, 0x27, 0x19, 0x27, 0x19, 0x27, 0x19, 0x27, 0x19,
    0x27, 0x19, 0x27, 0x19, 0x27, 0x19, 0x27, 0x19, 0x27, 0x19, 0x28, 0x19, 0x28, 0x19, 0x28, 0x19,
    0x28, 0x19, 0x28, 0x19, 0x28, 0x19, 0x28, 0x19, 0x28, 0x19, 0x28, 0x19, 0x28, 0x19, 0x28, 0x19,
    0x28, 0x19, 0x28, 0x19, 0x28, 0x19, 0x28, 0x19, 0x28, 0x19, 0x28, 0x19, 0x28, 0x19, 0x28, 0x19,
    0x28, 0x19, 0x28, 0x19, 0x28, 0x19, 0x28, 0x19, 0x28, 0x19, 0x28, 0x19, 0x28, 0x19, 0x28, 0x19,
    0x28, 0x19, 0x28, 0x19, 0x28, 0x19, 0x28, 0x19, 0x28, 0x19, 0x28, 0x19, 0x28, 0x19, 0x28, 0x19,
    0x28, 0x19, 0x28, 0x19, 0x28, 0x19, 0x28, 0x19, 0x27, 0x19, 0x27, 0x19, 0x27, 0x19, 0x27, 0x19,
    0x27, 0x19, 0x27, 0x19, 0x27, 0x19, 0x27, 0x19, 0x27, 0x19, 0x27, 0x19, 0x27, 0x19, 0x27, 0x19,
    0x27, 0x19, 0x27, 0x19, 0x27, 0x19, 0x27, 0x19, 0x27, 0x19, 0x27, 0x19, 0x27, 0x19, 0x27, 0x19,
    0x27, 0x19, 0x27, 0x19, 0x27, 0x19, 0x27, 0x19, 0x27, 0x11, 0x27, 0x11, 0x27, 0x11, 0x27, 0x11,
    0x27, 0x11, 0x27, 0x11, 0x07, 0x11, 0x07, 0x11, 0x07, 0x11, 0x07, 0x11, 0x07, 0x11, 0x07, 0x11,
    0x07, 0x11, 0x07, 0x11, 0x07, 0x11, 0x07, 0x11, 0x07, 0x11, 0x07, 0x11, 0x07, 0x11, 0x07, 0x11,
    0x07, 0x11, 0x07, 0x11, 0x07, 0x11, 0x07, 0x11, 0x07, 0x11, 0x07, 0x11, 0x07, 0x11, 0x07, 0x11,
    0x07, 0x11, 0x07, 0x11, 0x07, 0x11, 0x07, 0x11, 0x07, 0x11, 0x07, 0x11, 0x07, 0x11, 0x07, 0x11,
    0x07, 0x11, 0x07, 0x11, 0x06, 0x11, 0x06, 0x11, 0x06, 0x11, 0x06, 0x11, 0x06, 0x11, 0x06, 0x11,
    0xE6, 0x10, 0xE6, 0x10, 0xE6, 0x10, 0xE6, 0x10, 0xE6, 0x10, 0xE6, 0x10, 0xE6, 0x10, 0xE6, 0x10,
    0xE6, 0x10, 0xE6, 0x10, 0xE6, 0x10, 0xE6, 0x10, 0xE6, 0x10, 0xE6, 0x10, 0xE6, 0x10, 0xE6, 0x10,
    0xE6, 0x10, 0xE6, 0x10, 0xE6, 0x10, 0xE6, 0x10, 0xE6, 0x10, 0xE6, 0x10, 0xE6, 0x10, 0xE6, 0x10,
    0xE6, 0x10, 0xE6, 0x10, 0xE6, 0x10, 0xE6, 0x10, 0xE6, 0x10, 0xE6, 0x10, 0xE6, 0x10, 0xE6, 0x10,
    0xE6, 0x10, 0xE6, 0x10, 0xE6, 0x10, 0xE6, 0x10, 0xE6, 0x10, 0xE6, 0x10, 0xE6, 0x10, 0xE6, 0x10,
    0xE6, 0x10, 0xE6, 0x10, 0xE6, 0x10, 0xE6, 0x10, 0xE6, 0x10, 0xE6, 0x10, 0xE6, 0x10, 0xE6, 0x10,
    0xE6, 0x10, 0xE6, 0x10, 0xE6, 0x10, 0xE6, 0x10, 0xE6, 0x10, 0xE6, 0x10, 0xE6, 0x10, 0xE6, 0x10,
    0xE6, 0x10, 0xE6, 0x10, 0xE6, 0x10, 0xE6, 0x10, 0xE6, 0x10, 0xE6, 0x10, 0xE6, 0x10, 0xE6, 0x10,
    0x06, 0x11, 0x06, 0x11, 0x06, 0x11, 0x06, 0x11, 0x06, 0x11, 0x06, 0x11, 0x07, 0x11, 0x07, 0x11,
    0x07, 0x11, 0x07, 0x11, 0x07, 0x11, 0x07, 0x11, 0x07, 0x11, 0x07, 0x11, 0x07, 0x11, 0x07, 0x11,
    0x07, 0x11, 0x07, 0x11, 0x07, 0x11, 0x07, 0x11, 0x07, 0x11, 0x07, 0x11, 0x07, 0x11, 0x07, 0x11,
    0x07, 0x11, 0x07, 0x11, 0x07, 0x11, 0x07, 0x11, 0x07, 0x11, 0x07, 0x11, 0x07, 0x11, 0x07, 0x11,
    0x07, 0x11, 0x07, 0x11, 0x07, 0x11, 0x07, 0x11, 0x07, 0x11, 0x07, 0x11, 0x27, 0x11, 0x27, 0x11,
    0x27, 0x11, 0x27, 0x11, 0x27, 0x11, 0x27, 0x11, 0x27, 0x19, 0x27, 0x19, 0x27, 0x19, 0x27, 0x19,
    0x27, 0x19, 0x27, 0x19, 0x27, 0x19, 0x27, 0x19, 0x27, 0x19, 0x27, 0x19, 0x27, 0x19, 0x27, 0x19,
    0x27, 0x19, 0x27, 0x19, 0x27, 0x19, 0x27, 0x19, 0x27, 0x19, 0x27, 0x19, 0x27, 0x19, 0x27, 0x19,
    0x27, 0x19, 0x27, 0x19, 0x28, 0x19, 0x28, 0x19, 0x28, 0x19, 0x28, 0x19, 0x28, 0x19, 0x28, 0x19,
    0x28, 0x19, 0x28, 0x19, 0x28, 0x19, 0x28, 0x19, 0x28, 0x19, 0x28, 0x19, 0x28, 0x19, 0x28, 0x19,
    0x28, 0x19, 0x28, 0x19, 0x28, 0x19, 0x28, 0x19, 0x28, 0x19, 0x28, 0x19, 0x28, 0x19, 0x28, 0x19,
    0x28, 0x19, 0x28, 0x19, 0x28, 0x19, 0x28, 0x19, 0x28, 0x19, 0x28, 0x19, 0x28, 0x19, 0x28, 0x19,
    0x28, 0x19, 0x28, 0x19, 0x28, 0x19, 0x28, 0x19, 0x28, 0x19, 0x28, 0x19, 0x28, 0x19, 0x28, 0x19,
    0x28, 0x19, 0x28, 0x19, 0x28, 0x19, 0x28, 0x19, 0x28, 0x19, 0x28, 0x19, 0x28, 0x19, 0x27, 0x19,
    0x27, 0x19, 0x27, 0x19, 0x27, 0x19, 0x27, 0x19, 0x27, 0x19, 0x27, 0x19, 0x27, 0x19, 0x27, 0x19,
    0x27, 0x19, 0x27, 0x19, 0x27, 0x19, 0x27, 0x19, 0x27, 0x19, 0x27, 0x19, 0x27, 0x19, 0x27, 0x19,
    0x27, 0x19, 0x27, 0x19, 0x27, 0x19, 0x27, 0x19, 0x27, 0x19, 0x27, 0x11, 0x27, 0x11, 0x27, 0x11,
    0x27, 0x11, 0x27, 0x11, 0x27, 0x11, 0x07, 0x11, 0x07, 0x11, 0x07, 0x11, 0x07, 0x11, 0x07, 0x11,
    0x07, 0x11, 0x07, 0x11, 0x07, 0x11, 0x07, 0x11, 0x07, 0x11, 0x07, 0x11, 0x07, 0x11, 0x07, 0x11,
    0x07, 0x11, 0x07, 0x11, 0x07, 0x11, 0x07, 0x11, 0x07, 0x11, 0x07, 0x11, 0x07, 0x11, 0x07, 0x11,
    0x07, 0x11, 0x07, 0x11, 0x07, 0x11, 0x07, 0x11, 0x07, 0x11, 0x07, 0x11, 0x07, 0x11, 0x07, 0x11,
    0x07, 0x11, 0x07, 0x11, 0x07, 0x11, 0x06, 0x11, 0x06, 0x11, 0x06, 0x11, 0x06, 0x11, 0x06, 0x11,
    0x06, 0x11, 0xE6, 0x10, 0xE6, 0x10, 0xE6, 0x10, 0xE6, 0x10, 0xE6, 0x10, 0xE6, 0x10, 0xE6, 0x10,
    0xE6, 0x10, 0xE6, 0x10, 0xE6, 0x10, 0xE6, 0x10, 0xE6, 0x10, 0xE6, 0x10, 0xE6, 0x10, 0xE6, 0x10,
    0xE6, 0x10, 0xE6, 0x10, 0xE6, 0x10, 0xE6, 0x10, 0xE6, 0x10, 0xE6, 0x10, 0xE6, 0x10, 0xE6, 0x10,
    0xE6, 0x10, 0xE6, 0x10, 0xE6, 0x10, 0xE6, 0x10, 0xE6, 0x10, 0xE6, 0x10, 0xE6, 0x10, 0xE6, 0x10,
    0xE6, 0x10, 0xE6, 0x10, 0xE6, 0x10, 0xE6, 0x10, 0xE6, 0x10, 0xE6, 0x10, 0xE6, 0x10, 0xE6, 0x10,
    0xE6, 0x10, 0xE6, 0x10, 0xE6, 0x10, 0xE6, 0x10, 0xE6, 0x10, 0x06, 0x11, 0x06, 0x11, 0x07, 0x11,
    0x07, 0x11, 0x07, 0x11, 0x07, 0x11, 0x07, 0x11, 0x07, 0x11, 0x07, 0x11, 0x07, 0x11, 0x07, 0x11,
    0x07, 0x11, 0x07, 0x11, 0x07, 0x11, 0x07, 0x11, 0x07, 0x11, 0x07, 0x11, 0x07, 0x11, 0x07, 0x11,
    0x07, 0x11, 0x07, 0x11, 0x07, 0x11, 0x07, 0x11, 0x07, 0x11, 0x07, 0x11, 0x07, 0x11, 0x07, 0x11,
    0x07, 0x11, 0x07, 0x11, 0x07, 0x11, 0x07, 0x11, 0x07, 0x11, 0x27, 0x11, 0x27, 0x11, 0x27, 0x11,
    0x27, 0x11, 0x27, 0x11, 0x27, 0x11, 0x27, 0x11, 0x27, 0x11, 0x27, 0x11, 0x27, 0x11, 0x27, 0x11,
    0x27, 0x11, 0x27, 0x19, 0x27, 0x19, 0x27, 0x19, 0x27, 0x19, 0x27, 0x19, 0x28, 0x19, 0x28, 0x19,
    0x28, 0x19, 0x28, 0x19, 0x28, 0x19, 0x28, 0x19, 0x28, 0x19, 0x28, 0x19, 0x28, 0x19, 0x28, 0x19,
    0x28, 0x19, 0x28, 0x19, 0x28, 0x19, 0x28, 0x19, 0x28, 0x19, 0x28, 0x19, 0x28, 0x19, 0x28, 0x19,
    0x28, 0x19, 0x28, 0x19, 0x28, 0x19, 0x48, 0x19, 0x48, 0x19, 0x48, 0x19, 0x48, 0x19, 0x48, 0x19,
    0x48, 0x19, 0x48, 0x19, 0x48, 0x19, 0x48, 0x19, 0x48, 0x19, 0x48, 0x19, 0x48, 0x19, 0x48, 0x19,
    0x48, 0x19, 0x48, 0x19, 0x48, 0x19, 0x48, 0x19, 0x48, 0x19, 0x48, 0x19, 0x48, 0x19, 0x48, 0x19,
    0x48, 0x19, 0x48, 0x19, 0x48, 0x19, 0x48, 0x19, 0x48, 0x19, 0x48, 0x19, 0x48, 0x19, 0x48, 0x19,
    0x48, 0x19, 0x48, 0x19, 0x48, 0x19, 0x48, 0x19, 0x48, 0x19, 0x48, 0x19, 0x48, 0x19, 0x48, 0x19,
    0x48, 0x19, 0x48, 0x19, 0x48, 0x19, 0x48, 0x19, 0x48, 0x19, 0x48, 0x19, 0x48, 0x19, 0x48, 0x19,
    0x48, 0x19, 0x48, 0x19, 0x48, 0x19, 0x48, 0x19, 0x48, 0x19, 0x48, 0x19, 0x48, 0x19, 0x48, 0x19,
    0x48, 0x19, 0x48, 0x19, 0x48, 0x19, 0x48, 0x19, 0x48, 0x19, 0x48, 0x19, 0x48, 0x19, 0x48, 0x19,
    0x48, 0x19, 0x48, 0x19, 0x48, 0x19, 0x48, 0x19, 0x48, 0x19, 0x48, 0x19, 0x48, 0x19, 0x48, 0x19,
    0x48, 0x19, 0x48, 0x19, 0x48, 0x19, 0x48, 0x19, 0x48, 0x19, 0x48, 0x19, 0x28, 0x19, 0x28, 0x19,
    0x28, 0x19, 0x28, 0x19, 0x28, 0x19, 0x28, 0x19, 0x28, 0x19, 0x28, 0x19, 0x28, 0x19, 0x28, 0x19,
    0x28, 0x19, 0x28, 0x19, 0x28, 0x19, 0x28, 0x19, 0x28, 0x19, 0x28, 0x19, 0x28, 0x19, 0x28, 0x19,
    0x28, 0x19, 0x28, 0x19, 0x28, 0x19, 0x27, 0x19, 0x27, 0x19, 0x27, 0x19, 0x27, 0x19, 0x27, 0x19,
    0x27, 0x11, 0x27, 0x11, 0x27, 0x11, 0x27, 0x11, 0x27, 0x11, 0x27, 0x11, 0x27, 0x11, 0x27, 0x11,
    0x27, 0x11, 0x27, 0x11, 0x27, 0x11, 0x27, 0x11, 0x07, 0x11, 0x07, 0x11, 0x07, 0x11, 0x07, 0x11,
    0x07, 0x11, 0x07, 0x11, 0x07, 0x11, 0x07, 0x11, 0x07, 0x11, 0x07, 0x11, 0x07, 0x11, 0x07, 0x11,
    0x07, 0x11, 0x07, 0x11, 0x07, 0x11, 0x07, 0x11, 0x07, 0x11, 0x07, 0x11, 0x07, 0x11, 0x07, 0x11,
    0x07, 0x11, 0x07, 0x11, 0x07, 0x11, 0x07, 0x11, 0x07, 0x11, 0x07, 0x11, 0x07, 0x11, 0x07, 0x11,
    0x07, 0x11, 0x07, 0x11, 0x06, 0x11, 0x06, 0x11, 0xE6, 0x10, 0xE6, 0x10, 0xE6, 0x10, 0xE6, 0x10,
    0xE6, 0x10, 0xE6, 0x10, 0xE6, 0x10, 0xE6, 0x10, 0xE6, 0x10, 0xE6, 0x10, 0xE6, 0x10, 0xE6, 0x10,
    0xE6, 0x10, 0xE6, 0x10, 0xE6, 0x10, 0xE6, 0x10, 0xE6, 0x10, 0xE6, 0x10, 0xE6, 0x10, 0xE6, 0x10,
    0xE6, 0x10, 0xE6, 0x10, 0xE6, 0x10, 0xE6, 0x10, 0xE6, 0x10, 0xE6, 0x10, 0xE6, 0x10, 0xE6, 0x10,
    0xE6, 0x10, 0xE6, 0x10, 0xE6, 0x10, 0xE6, 0x10, 0xE6, 0x10, 0xE6, 0x10, 0xE6, 0x10, 0xE6, 0x10,
    0xE6, 0x10, 0xE6, 0x10, 0xE6, 0x10, 0xE6, 0x10, 0xE6, 0x10, 0xE6, 0x10, 0x06, 0x11, 0x06, 0x11,
    0x06, 0x11, 0x06, 0x11, 0x06, 0x11, 0x07, 0x11, 0x07, 0x11, 0x07, 0x11, 0x07, 0x11, 0x07, 0x11,
    0x07, 0x11, 0x07, 0x11, 0x07, 0x11, 0x07, 0x11, 0x07, 0x11, 0x07, 0x11, 0x07, 0x11, 0x07, 0x11,
    0x07, 0x11, 0x07, 0x11, 0x07, 0x11, 0x07, 0x11, 0x07, 0x11, 0x07, 0x11, 0x07, 0x11, 0x07, 0x11,
    0x07, 0x11, 0x07, 0x11, 0x07, 0x11, 0x07, 0x11, 0x07, 0x11, 0x07, 0x11, 0x07, 0x11, 0x07, 0x11,
    0x07, 0x11, 0x07, 0x11, 0x07, 0x11, 0x27, 0x11, 0x27, 0x11, 0x27, 0x11, 0x27, 0x11, 0x27, 0x11,
    0x27, 0x11, 0x27, 0x11, 0x27, 0x11, 0x27, 0x19, 0x27, 0x19, 0x27, 0x19, 0x27, 0x19, 0x27, 0x19,
    0x27, 0x19, 0x27, 0x19, 0x27, 0x19, 0x27, 0x19, 0x27, 0x19, 0x27, 0x19, 0x27, 0x19, 0x27, 0x19,
    0x27, 0x19, 0x27, 0x19, 0x27, 0x19, 0x27, 0x19, 0x27, 0x19, 0x28, 0x19, 0x28, 0x19, 0x28, 0x19,
    0x28, 0x19, 0x28, 0x19, 0x28, 0x19, 0x28, 0x19, 0x28, 0x19, 0x28, 0x19, 0x28, 0x19, 0x28, 0x19,
    0x28, 0x19, 0x28, 0x19, 0x28, 0x19, 0x28, 0x19, 0x28, 0x19, 0x28, 0x19, 0x28, 0x19, 0x28, 0x19,
    0x28, 0x19, 0x28, 0x19, 0x28, 0x19, 0x28, 0x19, 0x28, 0x19, 0x28, 0x19, 0x28, 0x19, 0x28, 0x19,
    0x28, 0x19, 0x28, 0x19, 0x28, 0x19, 0x28, 0x19, 0x28, 0x19, 0x28, 0x19, 0x28, 0x19, 0x28, 0x19,
    0x28, 0x19, 0x28, 0x19, 0x28, 0x19, 0x28, 0x19, 0x28, 0x19, 0x28, 0x19, 0x28, 0x19, 0x28, 0x19,
    0x28, 0x19, 0x28, 0x19, 0x28, 0x19, 0x28, 0x19, 0x28, 0x19, 0x28, 0x19, 0x28, 0x19, 0x28, 0x19,
    0x28, 0x19, 0x28, 0x19, 0x28, 0x19, 0x28, 0x19, 0x27, 0x19, 0x27, 0x19, 0x27, 0x19, 0x27, 0x19,
    0x27, 0x19, 0x27, 0x19, 0x27, 0x19, 0x27, 0x19, 0x27, 0x19, 0x27, 0x19, 0x27, 0x19, 0x27, 0x19,
    0x27, 0x19, 0x27, 0x19, 0x27, 0x19, 0x27, 0x19, 0x27, 0x19, 0x27, 0x19, 0x27, 0x11, 0x27, 0x11,
    0x27, 0x11, 0x27, 0x11, 0x27, 0x11, 0x27, 0x11, 0x27, 0x11, 0x27, 0x11, 0x07, 0x11, 0x07, 0x11,
    0x07, 0x11, 0x07, 0x11, 0x07, 0x11, 0x07, 0x11, 0x07, 0x11, 0x07, 0x11, 0x07, 0x11, 0x07, 0x11,
    0x07, 0x11, 0x07, 0x11, 0x07, 0x11, 0x07, 0x11, 0x07, 0x11, 0x07, 0x11, 0x07, 0x11, 0x07, 0x11,
    0x07, 0x11, 0x07, 0x11, 0x07, 0x11, 0x07, 0x11, 0x07, 0x11, 0x07, 0x11, 0x07, 0x11, 0x07, 0x11,
    0x07, 0x11, 0x07, 0x11, 0x07, 0x11, 0x07, 0x11, 0x07, 0x11, 0x07, 0x11, 0x06, 0x11, 0x06, 0x11,
    0x06, 0x11, 0x06, 0x11, 0x06, 0x11, 0xE6, 0x10, 0xE6, 0x10, 0xE6, 0x10, 0xE6, 0x10, 0xE6, 0x10,
    0xE6, 0x10, 0xE6, 0x10, 0xE6, 0x10, 0xE6, 0x10, 0xE6, 0x10, 0xE6, 0x10, 0xE6, 0x10, 0xE6, 0x10,
    0xE6, 0x10, 0xE6, 0x10, 0xE6, 0x10, 0xE6, 0x10, 0xE6, 0x10, 0xE6, 0x10, 0xE6, 0x10, 0xE6, 0x10,
    0xE6, 0x10, 0xE6, 0x10, 0xE6, 0x10, 0xE6, 0x10, 0xE6, 0x10, 0xE6, 0x10, 0xE6, 0x10, 0xE6, 0x10,
    0xE6, 0x10, 0xE6, 0x10, 0xE6, 0x10, 0xE6, 0x10, 0xE6, 0x10, 0xE6, 0x10, 0xE6, 0x10, 0xE6, 0x10,
    0xE6, 0x10, 0xE6, 0x10, 0xE6, 0x10, 0xE6, 0x10, 0xE6, 0x10, 0xE6, 0x10, 0xE6, 0x10, 0xE6, 0x10,
    0xE6, 0x10, 0xE6, 0x10, 0xE6, 0x10, 0xE6, 0x10, 0xE6, 0x10, 0xE6, 0x10, 0xE6, 0x10, 0xE6, 0x10,
    0xE6, 0x10, 0xE6, 0x10, 0xE6, 0x10, 0xE6, 0x10, 0xE6, 0x10, 0x06, 0x11, 0x06, 0x11, 0x06, 0x11,
    0x06, 0x11, 0x06, 0x11, 0x07, 0x11, 0x07, 0x11, 0x07, 0x11, 0x07, 0x11, 0x07, 0x11, 0x07, 0x11,
    0x07, 0x11, 0x07, 0x11, 0x07, 0x11, 0x07, 0x11, 0x07, 0x11, 0x07, 0x11, 0x07, 0x11, 0x07, 0x11,
    0x07, 0x11, 0x07, 0x11, 0x07, 0x11, 0x07, 0x11, 0x07, 0x11, 0x07, 0x11, 0x07, 0x11, 0x07, 0x11,
    0x07, 0x11, 0x07, 0x11, 0x07, 0x11, 0x07, 0x11, 0x07, 0x11, 0x07, 0x11, 0x07, 0x11, 0x07, 0x11,
    0x07, 0x11, 0x07, 0x11, 0x27, 0x11, 0x27, 0x11, 0x27, 0x11, 0x27, 0x11, 0x27, 0x11, 0x27, 0x11,
    0x27, 0x11, 0x27, 0x11, 0x27, 0x19, 0x27, 0x19, 0x27, 0x19, 0x27, 0x19, 0x27, 0x19, 0x27, 0x19,
    0x27, 0x19, 0x27, 0x19, 0x27, 0x19, 0x27, 0x19, 0x27, 0x19, 0x27, 0x19, 0x27, 0x19, 0x27, 0x19,
    0x27, 0x19, 0x27, 0x19, 0x27, 0x19, 0x28, 0x19, 0x28, 0x19, 0x28, 0x19, 0x28, 0x19, 0x28, 0x19,
    0x28, 0x19, 0x28, 0x19, 0x28, 0x19, 0x28, 0x19, 0x28, 0x19, 0x28, 0x19, 0x28, 0x19, 0x28, 0x19,
    0x28, 0x19, 0x28, 0x19, 0x28, 0x19, 0x28, 0x19, 0x28, 0x19, 0x28, 0x19, 0x28, 0x19, 0x28, 0x19,
    0x28, 0x19, 0x28, 0x19, 0x28, 0x19, 0x28, 0x19, 0x28, 0x19, 0x28, 0x19, 0x28, 0x19, 0x28, 0x19,
    0x28, 0x19, 0x28, 0x19, 0x28, 0x19, 0x28, 0x19, 0x28, 0x19, 0x28, 0x19, 0x28, 0x19, 0x28, 0x19,
    0x28, 0x19, 0x28, 0x19, 0x28, 0x19, 0x28, 0x19, 0x28, 0x19, 0x28, 0x19, 0x28, 0x19, 0x28, 0x19,
    0x28, 0x19, 0x28, 0x19, 0x28, 0x19, 0x28, 0x19, 0x28, 0x19, 0x28, 0x19, 0x28, 0x19, 0x28, 0x19,
    0x28, 0x19, 0x28, 0x19, 0x28, 0x19, 0x28, 0x19, 0x28, 0x19, 0x28, 0x19, 0x27, 0x19, 0x27, 0x19,
    0x27, 0x19, 0x27, 0x19, 0x27, 0x19, 0x27, 0x19, 0x27, 0x19, 0x27, 0x19, 0x27, 0x19, 0x27, 0x19,
    0x27, 0x19, 0x27, 0x19, 0x27, 0x19, 0x27, 0x19, 0x27, 0x19, 0x27, 0x19, 0x27, 0x19, 0x27, 0x11,
    0x27, 0x11, 0x27, 0x11, 0x27, 0x11, 0x27, 0x11, 0x27, 0x11, 0x27, 0x11, 0x27, 0x11, 0x07, 0x11,
    0x07, 0x11, 0x07, 0x11, 0x07, 0x11, 0x07, 0x11, 0x07, 0x11, 0x07, 0x11, 0x07, 0x11, 0x07, 0x11,
    0x07, 0x11, 0x07, 0x11, 0x07, 0x11, 0x07, 0x11, 0x07, 0x11, 0x07, 0x11, 0x07, 0x11, 0x07, 0x11,
    0x07, 0x11, 0x07, 0x11, 0x07, 0x11, 0x07, 0x11, 0x07, 0x11, 0x07, 0x11, 0x07, 0x11, 0x07, 0x11,
    0x07, 0x11, 0x07, 0x11, 0x07, 0x11, 0x07, 0x11, 0x07, 0x11, 0x07, 0x11, 0x07, 0x11, 0x06, 0x11,
    0x06, 0x11, 0x06, 0x11, 0x06, 0x11, 0x06, 0x11, 0xE6, 0x10, 0xE6, 0x10, 0xE6, 0x10, 0xE6, 0x10,
    0xE6, 0x10, 0xE6, 0x10, 0xE6, 0x10, 0xE6, 0x10, 0xE6, 0x10, 0xE6, 0x10, 0xE6, 0x10, 0xE6, 0x10,
    0xE6, 0x10, 0xE6, 0x10, 0xE6, 0x10, 0xE6, 0x10, 0xE6, 0x10, 0xE6, 0x10, 0xE6, 0x10, 0xE6, 0x10,
    0xE6, 0x10, 0xE6, 0x10, 0xE6, 0x10, 0xE6, 0x10, 0xE6, 0x10, 0xE6, 0x10, 0xE6, 0x10, 0xE6, 0x10,
    0xE6, 0x10, 0xE6, 0x10, 0xE6, 0x10, 0xE6, 0x10, 0xE6, 0x10, 0xE6, 0x10, 0xE6, 0x10, 0xE6, 0x10,
    0xE6, 0x10, 0xE6, 0x10, 0x06, 0x11, 0x06, 0x11, 0x07, 0x11, 0x07, 0x11, 0x07, 0x11, 0x07, 0x11,
    0x07, 0x11, 0x07, 0x11, 0x07, 0x11, 0x07, 0x11, 0x07, 0x11, 0x07, 0x11, 0x07, 0x11, 0x07, 0x11,
    0x07, 0x11, 0x07, 0x11, 0x07, 0x11, 0x07, 0x11, 0x07, 0x11, 0x07, 0x11, 0x07, 0x11, 0x07, 0x11,
    0x07, 0x11, 0x07, 0x11, 0x07, 0x11, 0x07, 0x11, 0x07, 0x11, 0x07, 0x11, 0x07, 0x11, 0x07, 0x11,
    0x07, 0x11, 0x07, 0x11, 0x27, 0x11, 0x27, 0x11, 0x27, 0x11, 0x27, 0x11, 0x27, 0x11, 0x27, 0x11,
    0x27, 0x11, 0x27, 0x11, 0x27, 0x11, 0x27, 0x11, 0x27, 0x11, 0x27, 0x11, 0x27, 0x11, 0x27, 0x19,
    0x27, 0x19, 0x28, 0x19, 0x28, 0x19, 0x28, 0x19, 0x28, 0x19, 0x28, 0x19, 0x28, 0x19, 0x28, 0x19,
    0x28, 0x19, 0x28, 0x19, 0x28, 0x19, 0x28, 0x19, 0x28, 0x19, 0x28, 0x19, 0x28, 0x19, 0x28, 0x19,
    0x28, 0x19, 0x28, 0x19, 0x28, 0x19, 0x28, 0x19, 0x28, 0x19, 0x28, 0x19, 0x28, 0x19, 0x48, 0x19,
    0x48, 0x19, 0x48, 0x19, 0x48, 0x19, 0x48, 0x19, 0x48, 0x19, 0x48, 0x19, 0x48, 0x19, 0x48, 0x19,
    0x48, 0x19, 0x48, 0x19, 0x48, 0x19, 0x48, 0x19, 0x48, 0x19, 0x48, 0x19, 0x48, 0x19, 0x48, 0x19,
    0x48, 0x19, 0x48, 0x19, 0x48, 0x19, 0x48, 0x19, 0x48, 0x19, 0x48, 0x19, 0x48, 0x19, 0x48, 0x19,
    0x48, 0x19, 0x48, 0x19, 0x48, 0x19, 0x48, 0x19, 0x48, 0x19, 0x48, 0x19, 0x48, 0x19, 0x48, 0x19,
    0x48, 0x19, 0x48, 0x19, 0x48, 0x19, 0x48, 0x19, 0x48, 0x19, 0x48, 0x19, 0x48, 0x19, 0x48, 0x19,
    0x48, 0x19, 0x48, 0x19, 0x48, 0x19, 0x48, 0x19, 0x48, 0x19, 0x48, 0x19, 0x48, 0x19, 0x48, 0x19,
    0x48, 0x19, 0x48, 0x19, 0x48, 0x19, 0x48, 0x19, 0x48, 0x19, 0x48, 0x19, 0x48, 0x19, 0x48, 0x19,
    0x48, 0x19, 0x48, 0x19, 0x48, 0x19, 0x48, 0x19, 0x48, 0x19, 0x48, 0x19, 0x48, 0x19, 0x48, 0x19,
    0x48, 0x19, 0x48, 0x19, 0x48, 0x19, 0x48, 0x19, 0x48, 0x19, 0x48, 0x19, 0x48, 0x19, 0x48, 0x19,
    0x48, 0x19, 0x48, 0x19, 0x48, 0x19, 0x48, 0x19, 0x48, 0x19, 0x48, 0x19, 0x48, 0x19, 0x48, 0x19,
    0x48, 0x19, 0x48, 0x19, 0x28, 0x19, 0x28, 0x19, 0x28, 0x19, 0x28, 0x19, 0x28, 0x19, 0x28, 0x19,
    0x28, 0x19, 0x28, 0x19, 0x28, 0x19, 0x28, 0x19, 0x28, 0x19, 0x28, 0x19, 0x28, 0x19, 0x28, 0x19,
    0x28, 0x19, 0x28, 0x19, 0x28, 0x19, 0x28, 0x19, 0x28, 0x19, 0x28, 0x19, 0x28, 0x19, 0x28, 0x19,
    0x27, 0x19, 0x27, 0x19, 0x27, 0x11, 0x27, 0x11, 0x27, 0x11, 0x27, 0x11, 0x27, 0x11, 0x27, 0x11,
    0x27, 0x11, 0x27, 0x11, 0x27, 0x11, 0x27, 0x11, 0x27, 0x11, 0x27, 0x11, 0x27, 0x11, 0x07, 0x11,
    0x07, 0x11, 0x07, 0x11, 0x07, 0x11, 0x07, 0x11, 0x07, 0x11, 0x07, 0x11, 0x07, 0x11, 0x07, 0x11,
    0x07, 0x11, 0x07, 0x11, 0x07, 0x11, 0x07, 0x11, 0x07, 0x11, 0x07, 0x11, 0x07, 0x11, 0x07, 0x11,
    0x07, 0x11, 0x07, 0x11, 0x07, 0x11, 0x07, 0x11, 0x07, 0x11, 0x07, 0x11, 0x07, 0x11, 0x07, 0x11,
    0x07, 0x11, 0x07, 0x11, 0x07, 0x11, 0x07, 0x11, 0x07, 0x11, 0x06, 0x11, 0x06, 0x11, 0xE6, 0x10,
    0xE6, 0x10, 0xE6, 0x10, 0xE6, 0x10, 0xE6, 0x10, 0xE6, 0x10, 0xE6, 0x10, 0xE6, 0x10, 0xE6, 0x10,
    0xE6, 0x10, 0xE6, 0x10, 0xE6, 0x10, 0xE6, 0x10, 0xE6, 0x10, 0xE6, 0x10, 0xE6, 0x10, 0xE6, 0x10,
    0xE6, 0x10, 0xE6, 0x10, 0xE6, 0x10, 0xE6, 0x10, 0xE6, 0x10, 0xE6, 0x10, 0xE6, 0x10, 0xE6, 0x10,
    0xE6, 0x10, 0xE6, 0x10, 0xE6, 0x10, 0xE6, 0x10, 0xE6, 0x10, 0xE6, 0x10, 0xE6, 0x10, 0xE6, 0x10,
    0xE6, 0x10, 0xE6, 0x10, 0xE6, 0x10, 0x06, 0x11, 0x06, 0x11, 0x06, 0x11, 0x06, 0x11, 0x06, 0x11,
    0x07, 0x11, 0x07, 0x11, 0x07, 0x11, 0x07, 0x11, 0x07, 0x11, 0x07, 0x11, 0x07, 0x11, 0x07, 0x11,
    0x07, 0x11, 0x07, 0x11, 0x07, 0x11, 0x07, 0x11, 0x07, 0x11, 0x07, 0x11, 0x07, 0x11, 0x07, 0x11,
    0x07, 0x11, 0x07, 0x11, 0x07, 0x11, 0x07, 0x11, 0x07, 0x11, 0x07, 0x11, 0x07, 0x11, 0x07, 0x11,
    0x07, 0x11, 0x07, 0x11, 0x07, 0x11, 0x07, 0x11, 0x07, 0x11, 0x07, 0x11, 0x07, 0x11, 0x27, 0x11,
    0x27, 0x11, 0x27, 0x11, 0x27, 0x11, 0x27, 0x11, 0x27, 0x11, 0x27, 0x11, 0x27, 0x11, 0x27, 0x11,
    0x27, 0x19, 0x27, 0x19, 0x27, 0x19, 0x27, 0x19, 0x27, 0x19, 0x27, 0x19, 0x27, 0x19, 0x27, 0x19,
    0x27, 0x19, 0x27, 0x19, 0x27, 0x19, 0x27, 0x19, 0x27, 0x19, 0x27, 0x19, 0x27, 0x19, 0x28, 0x19,
    0x28, 0x19, 0x28, 0x19, 0x28, 0x19, 0x28, 0x19, 0x28, 0x19, 0x28, 0x19, 0x28, 0x19, 0x28, 0x19,
    0x28, 0x19, 0x28, 0x19, 0x28, 0x19, 0x28, 0x19, 0x28, 0x19, 0x28, 0x19, 0x28, 0x19, 0x28, 0x19,
    0x28, 0x19, 0x28, 0x19, 0x28, 0x19, 0x28, 0x19, 0x28, 0x19, 0x28, 0x19, 0x28, 0x19, 0x48, 0x19,
    0x48, 0x19, 0x48, 0x19, 0x48, 0x19, 0x48, 0x19, 0x48, 0x19, 0x48, 0x19, 0x48, 0x19, 0x48, 0x19,
    0x48, 0x19, 0x48, 0x19, 0x48, 0x19, 0x48, 0x19, 0x48, 0x19, 0x48, 0x19, 0x48, 0x19, 0x48, 0x19,
    0x48, 0x19, 0x48, 0x19, 0x28, 0x19, 0x28, 0x19, 0x28, 0x19, 0x28, 0x19, 0x28, 0x19, 0x28, 0x19,
    0x28, 0x19, 0x28, 0x19, 0x28, 0x19, 0x28, 0x19, 0x28, 0x19, 0x28, 0x19, 0x28, 0x19, 0x28, 0x19,
    0x28, 0x19, 0x28, 0x19, 0x28, 0x19, 0x28, 0x19, 0x28, 0x19, 0x28, 0x19, 0x28, 0x19, 0x28, 0x19,
    0x28, 0x19, 0x28, 0x19, 0x27, 0x19, 0x27, 0x19, 0x27, 0x19, 0x27, 0x19, 0x27, 0x19, 0x27, 0x19,
    0x27, 0x19, 0x27, 0x19, 0x27, 0x19, 0x27, 0x19, 0x27, 0x19, 0x27, 0x19, 0x27, 0x19, 0x27, 0x19,
    0x27, 0x19, 0x27, 0x11, 0x27, 0x11, 0x27, 0x11, 0x27, 0x11, 0x27, 0x11, 0x27, 0x11, 0x27, 0x11,
    0x27, 0x11, 0x27, 0x11, 0x07, 0x11, 0x07, 0x11, 0x07, 0x11, 0x07, 0x11, 0x07, 0x11, 0x07, 0x11,
    0x07, 0x11, 0x07, 0x11, 0x07, 0x11, 0x07, 0x11, 0x07, 0x11, 0x07, 0x11, 0x07, 0x11, 0x07, 0x11,
    0x07, 0x11, 0x07, 0x11, 0x07, 0x11, 0x07, 0x11, 0x07, 0x11, 0x07, 0x11, 0x07, 0x11, 0x07, 0x11,
    0x07, 0x11, 0x07, 0x11, 0x07, 0x11, 0x07, 0x11, 0x07, 0x11, 0x07, 0x11, 0x07, 0x11, 0x07, 0x11,
    0x07, 0x11, 0x06, 0x11, 0x06, 0x11, 0x06, 0x11, 0x06, 0x11, 0x06, 0x11, 0xE6, 0x10, 0xE6, 0x10,
    0xE6, 0x10, 0xE6, 0x10, 0xE6, 0x10, 0xE6, 0x10, 0xE6, 0x10, 0xE6, 0x10, 0xE6, 0x10, 0xE6, 0x10,
    0xE6, 0x10, 0xE6, 0x10, 0xE6, 0x10, 0xE6, 0x10, 0xE6, 0x10, 0xE6, 0x10, 0xE6, 0x10, 0xE6, 0x10,
    0xE6, 0x10, 0xE6, 0x10, 0xE6, 0x10, 0xE6, 0x10, 0xE6, 0x10, 0xE6, 0x10, 0xE6, 0x10, 0xE6, 0x10,
    0xE6, 0x10, 0xE6, 0x10, 0xE6, 0x10, 0xE6, 0x10, 0xE6, 0x10, 0xE6, 0x10, 0xE6, 0x10, 0xE6, 0x10,
    0xE6, 0x10, 0xE6, 0x10, 0xE6, 0x10, 0xE6, 0x10, 0xE6, 0x10, 0xE6, 0x10, 0xE6, 0x10, 0xE6, 0x10,
    0xE6, 0x10, 0xE6, 0x10, 0xE6, 0x10, 0xE6, 0x10, 0xE6, 0x10, 0xE6, 0x10, 0xE6, 0x10, 0xE6, 0x10,
    0xE6, 0x10, 0xE6, 0x10, 0x06, 0x11, 0x06, 0x11, 0x06, 0x11, 0x06, 0x11, 0x06, 0x11, 0x07, 0x11,
    0x07, 0x11, 0x07, 0x11, 0x07, 0x11, 0x07, 0x11, 0x07, 0x11, 0x07, 0x11, 0x07, 0x11, 0x07, 0x11,
    0x07, 0x11, 0x07, 0x11, 0x07, 0x11, 0x07, 0x11, 0x07, 0x11, 0x07, 0x11, 0x07, 0x11, 0x07, 0x11,
    0x07, 0x11, 0x07, 0x11, 0x07, 0x11, 0x07, 0x11, 0x07, 0x11, 0x07, 0x11, 0x07, 0x11, 0x07, 0x11,
    0x07, 0x11, 0x07, 0x11, 0x07, 0x11, 0x07, 0x11, 0x07, 0x11, 0x07, 0x11, 0x27, 0x11, 0x27, 0x11,
    0x27, 0x11, 0x27, 0x11, 0x27, 0x11, 0x27, 0x11, 0x27, 0x11, 0x27, 0x11, 0x27, 0x11, 0x27, 0x11,
    0x27, 0x19, 0x27, 0x19, 0x27, 0x19, 0x27, 0x19, 0x27, 0x19, 0x27, 0x19, 0x27, 0x19, 0x27, 0x19,
    0x27, 0x19, 0x27, 0x19, 0x27, 0x19, 0x27, 0x19, 0x27, 0x19, 0x28, 0x19, 0x28, 0x19, 0x28, 0x19,
    0x28, 0x19, 0x28, 0x19, 0x28, 0x19, 0x28, 0x19, 0x28, 0x19, 0x28, 0x19, 0x28, 0x19, 0x28, 0x19,
    0x28, 0x19, 0x28, 0x19, 0x28, 0x19, 0x28, 0x19, 0x28, 0x19, 0x28, 0x19, 0x28, 0x19, 0x28, 0x19,
    0x28, 0x19, 0x28, 0x19, 0x28, 0x19, 0x28, 0x19, 0x48, 0x19, 0x48, 0x19, 0x48, 0x19, 0x48, 0x19,
    0x48, 0x19, 0x48, 0x19, 0x48, 0x19, 0x48, 0x19, 0x48, 0x19, 0x48, 0x19, 0x48, 0x19, 0x48, 0x19,
    0x48, 0x19, 0x48, 0x19, 0x48, 0x19, 0x48, 0x19, 0x48, 0x19, 0x48, 0x19, 0x48, 0x19, 0x48, 0x19,
    0x48, 0x19, 0x48, 0x19, 0x48, 0x19, 0x48, 0x19, 0x48, 0x19, 0x28, 0x19, 0x28, 0x19, 0x28, 0x19,
    0x28, 0x19, 0x28, 0x19, 0x28, 0x19, 0x28, 0x19, 0x28, 0x19, 0x28, 0x19, 0x28, 0x19, 0x28, 0x19,
    0x28, 0x19, 0x28, 0x19, 0x28, 0x19, 0x28, 0x19, 0x28, 0x19, 0x28, 0x19, 0x28, 0x19, 0x28, 0x19,
    0x28, 0x19, 0x28, 0x19, 0x28, 0x19, 0x28, 0x19, 0x27, 0x19, 0x27, 0x19, 0x27, 0x19, 0x27, 0x19,
    0x27, 0x19, 0x27, 0x19, 0x27, 0x19, 0x27, 0x19, 0x27, 0x19, 0x27, 0x19, 0x27, 0x19, 0x27, 0x19,
    0x27, 0x19, 0x27, 0x11, 0x27, 0x11, 0x27, 0x11, 0x27, 0x11, 0x27, 0x11, 0x27, 0x11, 0x27, 0x11,
    0x27, 0x11, 0x27, 0x11, 0x27, 0x11, 0x07, 0x11, 0x07, 0x11, 0x07, 0x11, 0x07, 0x11, 0x07, 0x11,
    0x07, 0x11, 0x07, 0x11, 0x07, 0x11, 0x07, 0x11, 0x07, 0x11, 0x07, 0x11, 0x07, 0x11, 0x07, 0x11,
    0x07, 0x11, 0x07, 0x11, 0x07, 0x11, 0x07, 0x11, 0x07, 0x11, 0x07, 0x11, 0x07, 0x11, 0x07, 0x11,
    0x07, 0x11, 0x07, 0x11, 0x07, 0x11, 0x07, 0x11, 0x07, 0x11, 0x07, 0x11, 0x07, 0x11, 0x07, 0x11,
    0x07, 0x11, 0x07, 0x11, 0x06, 0x11, 0x06, 0x11, 0x06, 0x11, 0x06, 0x11, 0x06, 0x11, 0xE6, 0x10,
    0xE6, 0x10, 0xE6, 0x10, 0xE6, 0x10, 0xE6, 0x10, 0xE6, 0x10, 0xE6, 0x10, 0xE6, 0x10, 0xE6, 0x10,
    0xE6, 0x10, 0xE6, 0x10, 0xE6, 0x10, 0xE6, 0x10, 0xE6, 0x10, 0xE6, 0x10, 0xE6, 0x10, 0xE6, 0x10,
    0xE6, 0x10, 0xE6, 0x10, 0xE6, 0x10, 0xE6, 0x10, 0xE6, 0x10, 0xE6, 0x10, 0xE6, 0x10, 0xE6, 0x10,
    0xE6, 0x10, 0xE6, 0x10, 0xE6, 0x10, 0xE6, 0x10, 0xE6, 0x10, 0xE6, 0x10, 0xE6, 0x10, 0xE6, 0x10,
    0x06, 0x11, 0x07, 0x11, 0x07, 0x11, 0x07, 0x11, 0x07, 0x11, 0x07, 0x11, 0x07, 0x11, 0x07, 0x11,
    0x07, 0x11, 0x07, 0x11, 0x07, 0x11, 0x07, 0x11, 0x07, 0x11, 0x07, 0x11, 0x07, 0x11, 0x07, 0x11,
    0x07, 0x11, 0x07, 0x11, 0x07, 0x11, 0x07, 0x11, 0x07, 0x11, 0x07, 0x11, 0x07, 0x11, 0x07, 0x11,
    0x07, 0x11, 0x07, 0x11, 0x07, 0x11, 0x07, 0x11, 0x07, 0x11, 0x07, 0x11, 0x07, 0x11, 0x27, 0x11,
    0x27, 0x11, 0x27, 0x11, 0x27, 0x11, 0x27, 0x11, 0x27, 0x11, 0x27, 0x11, 0x27, 0x11, 0x27, 0x11,
    0x27, 0x11, 0x27, 0x11, 0x27, 0x11, 0x27, 0x11, 0x27, 0x11, 0x28, 0x19, 0x28, 0x19, 0x28, 0x19,
    0x28, 0x19, 0x28, 0x19, 0x28, 0x19, 0x28, 0x19, 0x28, 0x19, 0x28, 0x19, 0x28, 0x19, 0x28, 0x19,
    0x28, 0x19, 0x28, 0x19, 0x28, 0x19, 0x28, 0x19, 0x28, 0x19, 0x28, 0x19, 0x28, 0x19, 0x28, 0x19,
    0x28, 0x19, 0x28, 0x19, 0x48, 0x19, 0x48, 0x19, 0x48, 0x19, 0x48, 0x19, 0x48, 0x19, 0x48, 0x19,
    0x48, 0x19, 0x48, 0x19, 0x48, 0x19, 0x48, 0x19, 0x48, 0x19, 0x48, 0x19, 0x48, 0x19, 0x48, 0x19,
    0x48, 0x19, 0x48, 0x19, 0x48, 0x19, 0x48, 0x19, 0x48, 0x19, 0x48, 0x19, 0x48, 0x19, 0x48, 0x19,
    0x48, 0x19, 0x48, 0x19, 0x48, 0x19, 0x48, 0x19, 0x48, 0x19, 0x48, 0x19, 0x48, 0x19, 0x48, 0x19,
    0x48, 0x19, 0x48, 0x19, 0x48, 0x19, 0x48, 0x19, 0x48, 0x19, 0x48, 0x19, 0x48, 0x19, 0x48, 0x19,
    0x48, 0x19, 0x48, 0x19, 0x48, 0x19, 0x48, 0x19, 0x48, 0x19, 0x48, 0x19, 0x48, 0x19, 0x48, 0x19,
    0x48, 0x19, 0x48, 0x19, 0x48, 0x19, 0x48, 0x19, 0x48, 0x19, 0x48, 0x19, 0x48, 0x19, 0x48, 0x19,
    0x48, 0x19, 0x48, 0x19, 0x48, 0x19, 0x48, 0x19, 0x48, 0x19, 0x48, 0x19, 0x48, 0x19, 0x48, 0x19,
    0x48, 0x19, 0x48, 0x19, 0x48, 0x19, 0x48, 0x19, 0x48, 0x19, 0x48, 0x19, 0x48, 0x19, 0x48, 0x19,
    0x48, 0x19, 0x48, 0x19, 0x48, 0x19, 0x48, 0x19, 0x48, 0x19, 0x48, 0x19, 0x48, 0x19, 0x48, 0x19,
    0x48, 0x19, 0x48, 0x19, 0x48, 0x19, 0x48, 0x19, 0x48, 0x19, 0x48, 0x19, 0x48, 0x19, 0x48, 0x19,
    0x48, 0x19, 0x48, 0x19, 0x48, 0x19, 0x48, 0x19, 0x48, 0x19, 0x48, 0x19, 0x48, 0x19, 0x28, 0x19,
    0x28, 0x19, 0x28, 0x19, 0x28, 0x19, 0x28, 0x19, 0x28, 0x19, 0x28, 0x19, 0x28, 0x19, 0x28, 0x19,
    0x28, 0x19, 0x28, 0x19, 0x28, 0x19, 0x28, 0x19, 0x28, 0x19, 0x28, 0x19, 0x28, 0x19, 0x28, 0x19,
    0x28, 0x19, 0x28, 0x19, 0x28, 0x19, 0x28, 0x19, 0x27, 0x11, 0x27, 0x11, 0x27, 0x11, 0x27, 0x11,
    0x27, 0x11, 0x27, 0x11, 0x27, 0x11, 0x27, 0x11, 0x27, 0x11, 0x27, 0x11, 0x27, 0x11, 0x27, 0x11,
    0x27, 0x11, 0x27, 0x11, 0x07, 0x11, 0x07, 0x11, 0x07, 0x11, 0x07, 0x11, 0x07, 0x11, 0x07, 0x11,
    0x07, 0x11, 0x07, 0x11, 0x07, 0x11, 0x07, 0x11, 0x07, 0x11, 0x07, 0x11, 0x07, 0x11, 0x07, 0x11,
    0x07, 0x11, 0x07, 0x11, 0x07, 0x11, 0x07, 0x11, 0x07, 0x11, 0x07, 0x11, 0x07, 0x11, 0x07, 0x11,
    0x07, 0x11, 0x07, 0x11, 0x07, 0x11, 0x07, 0x11, 0x07, 0x11, 0x07, 0x11, 0x07, 0x11, 0x07, 0x11,
    0x06, 0x11, 0xE6, 0x10, 0xE6, 0x10, 0xE6, 0x10, 0xE6, 0x10, 0xE6, 0x10, 0xE6, 0x10, 0xE6, 0x10,
    0xE6, 0x10, 0xE6, 0x10, 0xE6, 0x10, 0xE6, 0x10, 0xE6, 0x10, 0xE6, 0x10, 0xE6, 0x10, 0xE6, 0x10,
    0xE6, 0x10, 0xE6, 0x10, 0xE6, 0x10, 0xE6, 0x10, 0xE6, 0x10, 0xE6, 0x10, 0xE6, 0x10, 0xE6, 0x10,
    0xE6, 0x10, 0xE6, 0x10, 0xE6, 0x10, 0xE6, 0x10, 0xE6, 0x10, 0xE6, 0x10, 0xE6, 0x10, 0xE6, 0x10,
    0x06, 0x11, 0x06, 0x11, 0x06, 0x11, 0x06, 0x11, 0x06, 0x11, 0x07, 0x11, 0x07, 0x11, 0x07, 0x11,
    0x07, 0x11, 0x07, 0x11, 0x07, 0x11, 0x07, 0x11, 0x07, 0x11, 0x07, 0x11, 0x07, 0x11, 0x07, 0x11,
    0x07, 0x11, 0x07, 0x11, 0x07, 0x11, 0x07, 0x11, 0x07, 0x11, 0x07, 0x11, 0x07, 0x11, 0x07, 0x11,
    0x07, 0x11, 0x07, 0x11, 0x07, 0x11, 0x07, 0x11, 0x07, 0x11, 0x07, 0x11, 0x07, 0x11, 0x07, 0x11,
    0x07, 0x11, 0x07, 0x11, 0x07, 0x11, 0x27, 0x11, 0x27, 0x11, 0x27, 0x11, 0x27, 0x11, 0x27, 0x11,
    0x27, 0x11, 0x27, 0x11, 0x27, 0x11, 0x27, 0x11, 0x27, 0x11, 0x27, 0x11, 0x27, 0x19, 0x27, 0x19,
    0x27, 0x19, 0x27, 0x19, 0x27, 0x19, 0x27, 0x19, 0x27, 0x19, 0x27, 0x19, 0x27, 0x19, 0x27, 0x19,
    0x27, 0x19, 0x27, 0x19, 0x28, 0x19, 0x28, 0x19, 0x28, 0x19, 0x28, 0x19, 0x28, 0x19, 0x28, 0x19,
    0x28, 0x19, 0x28, 0x19, 0x28, 0x19, 0x28, 0x19, 0x28, 0x19, 0x28, 0x19, 0x28, 0x19, 0x28, 0x19,
    0x28, 0x19, 0x28, 0x19, 0x28, 0x19, 0x28, 0x19, 0x28, 0x19, 0x28, 0x19, 0x28, 0x19, 0x48, 0x19,
    0x48, 0x19, 0x48, 0x19, 0x48, 0x19, 0x48, 0x19, 0x48, 0x19, 0x48, 0x19, 0x48, 0x19, 0x48, 0x19,
    0x48, 0x19, 0x48, 0x19, 0x48, 0x19, 0x48, 0x19, 0x48, 0x19, 0x48, 0x19, 0x48, 0x19, 0x48, 0x19,
    0x48, 0x19, 0x48, 0x19, 0x48, 0x19, 0x48, 0x19, 0x48, 0x19, 0x48, 0x19, 0x48, 0x19, 0x48, 0x19,
    0x48, 0x19, 0x48, 0x19, 0x48, 0x19, 0x48, 0x19, 0x48, 0x19, 0x48, 0x19, 0x48, 0x19, 0x48, 0x19,
    0x48, 0x19, 0x48, 0x19, 0x28, 0x19, 0x28, 0x19, 0x28, 0x19, 0x28, 0x19, 0x28, 0x19, 0x28, 0x19,
    0x28, 0x19, 0x28, 0x19, 0x28, 0x19, 0x28, 0x19, 0x28, 0x19, 0x28, 0x19, 0x28, 0x19, 0x28, 0x19,
    0x28, 0x19, 0x28, 0x19, 0x28, 0x19, 0x28, 0x19, 0x28, 0x19, 0x28, 0x19, 0x28, 0x19, 0x27, 0x19,
    0x27, 0x19, 0x27, 0x19, 0x27, 0x19, 0x27, 0x19, 0x27, 0x19, 0x27, 0x19, 0x27, 0x19, 0x27, 0x19,
    0x27, 0x19, 0x27, 0x19, 0x27, 0x19, 0x27, 0x11, 0x27, 0x11, 0x27, 0x11, 0x27, 0x11, 0x27, 0x11,
    0x27, 0x11, 0x27, 0x11, 0x27, 0x11, 0x27, 0x11, 0x27, 0x11, 0x27, 0x11, 0x07, 0x11, 0x07, 0x11,
    0x07, 0x11, 0x07, 0x11, 0x07, 0x11, 0x07, 0x11, 0x07, 0x11, 0x07, 0x11, 0x07, 0x11, 0x07, 0x11,
    0x07, 0x11, 0x07, 0x11, 0x07, 0x11, 0x07, 0x11, 0x07, 0x11, 0x07, 0x11, 0x07, 0x11, 0x07, 0x11,
    0x07, 0x11, 0x07, 0x11, 0x07, 0x11, 0x07, 0x11, 0x07, 0x11, 0x07, 0x11, 0x07, 0x11, 0x07, 0x11,
    0x07, 0x11, 0x07, 0x11, 0x07, 0x11, 0x07, 0x11, 0x06, 0x11, 0x06, 0x11, 0x06, 0x11, 0x06, 0x11,
    0x06, 0x11, 0xE6, 0x10, 0xE6, 0x10, 0xE6, 0x10, 0xE6, 0x10, 0xE6, 0x10, 0xE6, 0x10, 0xE6, 0x10,
    0xE6, 0x10, 0xE6, 0x10, 0xE6, 0x10, 0xE6, 0x10, 0xE6, 0x10, 0xE6, 0x10, 0xE6, 0x10, 0xE6, 0x10,
    0xE6, 0x10, 0xE6, 0x10, 0xE6, 0x10, 0xE6, 0x10, 0xE6, 0x10, 0xE6, 0x10, 0xE6, 0x10, 0xE6, 0x10,
    0xE6, 0x10, 0xE6, 0x10, 0xE6, 0x10, 0xE6, 0x10, 0xE6, 0x10, 0xE6, 0x10, 0xE6, 0x10, 0xE6, 0x10,
    0xE6, 0x10, 0xE6, 0x10, 0xE6, 0x10, 0xE6, 0x10, 0xE6, 0x10, 0xE6, 0x10, 0xE6, 0x10, 0xE6, 0x10,
    0xE6, 0x10, 0xE6, 0x10, 0xE6, 0x10, 0xE6, 0x10, 0xE6, 0x10, 0xE6, 0x10, 0xE6, 0x10, 0x06, 0x11,
    0x06, 0x11, 0x06, 0x11, 0x06, 0x11, 0x07, 0x11, 0x07, 0x11, 0x07, 0x11, 0x07, 0x11, 0x07, 0x11,
    0x07, 0x11, 0x07, 0x11, 0x07, 0x11, 0x07, 0x11, 0x07, 0x11, 0x07, 0x11, 0x07, 0x11, 0x07, 0x11,
    0x07, 0x11, 0x07, 0x11, 0x07, 0x11, 0x07, 0x11, 0x07, 0x11, 0x07, 0x11, 0x07, 0x11, 0x07, 0x11,
    0x07, 0x11, 0x07, 0x11, 0x07, 0x11, 0x07, 0x11, 0x07, 0x11, 0x07, 0x11, 0x07, 0x11, 0x07, 0x11,
    0x07, 0x11, 0x07, 0x11, 0x27, 0x11, 0x27, 0x11, 0x27, 0x11, 0x27, 0x11, 0x27, 0x11, 0x27, 0x11,
    0x27, 0x11, 0x27, 0x11, 0x27, 0x11, 0x27, 0x11, 0x27, 0x11, 0x27, 0x19, 0x27, 0x19, 0x27, 0x19,
    0x27, 0x19, 0x27, 0x19, 0x27, 0x19, 0x27, 0x19, 0x27, 0x19, 0x27, 0x19, 0x27, 0x19, 0x27, 0x19,
    0x28, 0x19, 0x28, 0x19, 0x28, 0x19, 0x28, 0x19, 0x28, 0x19, 0x28, 0x19, 0x28, 0x19, 0x28, 0x19,
    0x28, 0x19, 0x28, 0x19, 0x28, 0x19, 0x28, 0x19, 0x28, 0x19, 0x28, 0x19, 0x28, 0x19, 0x28, 0x19,
    0x28, 0x19, 0x28, 0x19, 0x28, 0x19, 0x28, 0x19, 0x28, 0x19, 0x48, 0x19, 0x48, 0x19, 0x48, 0x19,
    0x48, 0x19, 0x48, 0x19, 0x48, 0x19, 0x48, 0x19, 0x48, 0x19, 0x48, 0x19, 0x48, 0x19, 0x48, 0x19,
    0x48, 0x19, 0x48, 0x19, 0x48, 0x19, 0x48, 0x19, 0x48, 0x19, 0x48, 0x19, 0x48, 0x19, 0x48, 0x19,
    0x48, 0x19, 0x48, 0x19, 0x48, 0x19, 0x48, 0x19, 0x48, 0x19, 0x48, 0x19, 0x48, 0x19, 0x48, 0x19,
    0x48, 0x19, 0x48, 0x19, 0x48, 0x19, 0x48, 0x19, 0x48, 0x19, 0x48, 0x19, 0x48, 0x19, 0x48, 0x19,
    0x48, 0x19, 0x48, 0x19, 0x48, 0x19, 0x48, 0x19, 0x28, 0x19, 0x28, 0x19, 0x28, 0x19, 0x28, 0x19,
    0x28, 0x19, 0x28, 0x19, 0x28, 0x19, 0x28, 0x19, 0x28, 0x19, 0x28, 0x19, 0x28, 0x19, 0x28, 0x19,
    0x28, 0x19, 0x28, 0x19, 0x28, 0x19, 0x28, 0x19, 0x28, 0x19, 0x28, 0x19, 0x28, 0x19, 0x28, 0x19,
    0x28, 0x19, 0x27, 0x19, 0x27, 0x19, 0x27, 0x19, 0x27, 0x19, 0x27, 0x19, 0x27, 0x19, 0x27, 0x19,
    0x27, 0x19, 0x27, 0x19, 0x27, 0x19, 0x27, 0x19, 0x27, 0x11, 0x27, 0x11, 0x27, 0x11, 0x27, 0x11,
    0x27, 0x11, 0x27, 0x11, 0x27, 0x11, 0x27, 0x11, 0x27, 0x11, 0x27, 0x11, 0x27, 0x11, 0x07, 0x11,
    0x07, 0x11, 0x07, 0x11, 0x07, 0x11, 0x07, 0x11, 0x07, 0x11, 0x07, 0x11, 0x07, 0x11, 0x07, 0x11,
    0x07, 0x11, 0x07, 0x11, 0x07, 0x11, 0x07, 0x11, 0x07, 0x11, 0x07, 0x11, 0x07, 0x11, 0x07, 0x11,
    0x07, 0x11, 0x07, 0x11, 0x07, 0x11, 0x07, 0x11, 0x07, 0x11, 0x07, 0x11, 0x07, 0x11, 0x07, 0x11,
    0x07, 0x11, 0x07, 0x11, 0x07, 0x11, 0x07, 0x11, 0x07, 0x11, 0x07, 0x11, 0x06, 0x11, 0x06, 0x11,
    0x06, 0x11, 0x06, 0x11, 0xE6, 0x10, 0xE6, 0x10, 0xE6, 0x10, 0xE6, 0x10, 0xE6, 0x10, 0xE6, 0x10,
    0xE6, 0x10, 0xE6, 0x10, 0xE6, 0x10, 0xE6, 0x10, 0xE6, 0x10, 0xE6, 0x10, 0xE6, 0x10, 0xE6, 0x10,
    0xE6, 0x10, 0xE6, 0x10, 0xE6, 0x10, 0xE6, 0x10, 0xE6, 0x10, 0xE6, 0x10, 0xE6, 0x10, 0xE6, 0x10,
    0xE6, 0x10, 0xE6, 0x10, 0xE6, 0x10, 0xE6, 0x10, 0xE6, 0x10, 0x06, 0x11, 0x07, 0x11, 0x07, 0x11,
    0x07, 0x11, 0x07, 0x11, 0x07, 0x11, 0x07, 0x11, 0x07, 0x11, 0x07, 0x11, 0x07, 0x11, 0x07, 0x11,
    0x07, 0x11, 0x07, 0x11, 0x07, 0x11, 0x07, 0x11, 0x07, 0x11, 0x07, 0x11, 0x07, 0x11, 0x07, 0x11,
    0x07, 0x11, 0x07, 0x11, 0x07, 0x11, 0x07, 0x11, 0x07, 0x11, 0x07, 0x11, 0x07, 0x11, 0x07, 0x11,
    0x07, 0x11, 0x07, 0x11, 0x07, 0x11, 0x07, 0x11, 0x27, 0x11, 0x27, 0x11, 0x27, 0x11, 0x27, 0x11,
    0x27, 0x11, 0x27, 0x11, 0x27, 0x11, 0x27, 0x11, 0x27, 0x11, 0x27, 0x11, 0x27, 0x11, 0x27, 0x11,
    0x27, 0x11, 0x28, 0x11, 0x28, 0x11, 0x28, 0x11, 0x28, 0x19, 0x28, 0x19, 0x28, 0x19, 0x28, 0x19,
    0x28, 0x19, 0x28, 0x19, 0x28, 0x19, 0x28, 0x19, 0x28, 0x19, 0x28, 0x19, 0x28, 0x19, 0x28, 0x19,
    0x28, 0x19, 0x28, 0x19, 0x28, 0x19, 0x28, 0x19, 0x28, 0x19, 0x28, 0x19, 0x28, 0x19, 0x48, 0x19,
    0x48, 0x19, 0x48, 0x19, 0x48, 0x19, 0x48, 0x19, 0x48, 0x19, 0x48, 0x19, 0x48, 0x19, 0x48, 0x19,
    0x48, 0x19, 0x48, 0x19, 0x48, 0x19, 0x48, 0x19, 0x48, 0x19, 0x48, 0x19, 0x48, 0x19, 0x48, 0x19,
    0x48, 0x19, 0x48, 0x19, 0x48, 0x19, 0x48, 0x19, 0x48, 0x19, 0x48, 0x19, 0x48, 0x19, 0x48, 0x19,
    0x48, 0x19, 0x48, 0x19, 0x48, 0x19, 0x48, 0x19, 0x48, 0x19, 0x48, 0x19, 0x48, 0x19, 0x48, 0x19,
    0x48, 0x19, 0x48, 0x19, 0x48, 0x19, 0x48, 0x19, 0x49, 0x19, 0x49, 0x19, 0x49, 0x19, 0x49, 0x19,
    0x49, 0x19, 0x49, 0x19, 0x49, 0x19, 0x49, 0x19, 0x49, 0x19, 0x69, 0x19, 0x69, 0x19, 0x69, 0x19,
    0x69, 0x19, 0x69, 0x19, 0x69, 0x19, 0x69, 0x19, 0x49, 0x19, 0x49, 0x19, 0x49, 0x19, 0x49, 0x19,
    0x49, 0x19, 0x49, 0x19, 0x49, 0x19, 0x49, 0x19, 0x49, 0x19, 0x48, 0x19, 0x48, 0x19, 0x48, 0x19,
    0x48, 0x19, 0x48, 0x19, 0x48, 0x19, 0x48, 0x19, 0x48, 0x19, 0x48, 0x19, 0x48, 0x19, 0x48, 0x19,
    0x48, 0x19, 0x48, 0x19, 0x48, 0x19, 0x48, 0x19, 0x48, 0x19, 0x48, 0x19, 0x48, 0x19, 0x48, 0x19,
    0x48, 0x19, 0x48, 0x19, 0x48, 0x19, 0x48, 0x19, 0x48, 0x19, 0x48, 0x19, 0x48, 0x19, 0x48, 0x19,
    0x48, 0x19, 0x48, 0x19, 0x48, 0x19, 0x48, 0x19, 0x48, 0x19, 0x48, 0x19, 0x48, 0x19, 0x48, 0x19,
    0x48, 0x19, 0x48, 0x19, 0x28, 0x19, 0x28, 0x19, 0x28, 0x19, 0x28, 0x19, 0x28, 0x19, 0x28, 0x19,
    0x28, 0x19, 0x28, 0x19, 0x28, 0x19, 0x28, 0x19, 0x28, 0x19, 0x28, 0x19, 0x28, 0x19, 0x28, 0x19,
    0x28, 0x19, 0x28, 0x19, 0x28, 0x19, 0x28, 0x19, 0x28, 0x19, 0x28, 0x11, 0x28, 0x11, 0x28, 0x11,
    0x27, 0x11, 0x27, 0x11, 0x27, 0x11, 0x27, 0x11, 0x27, 0x11, 0x27, 0x11, 0x27, 0x11, 0x27, 0x11,
    0x27, 0x11, 0x27, 0x11, 0x27, 0x11, 0x27, 0x11, 0x27, 0x11, 0x07, 0x11, 0x07, 0x11, 0x07, 0x11,
    0x07, 0x11, 0x07, 0x11, 0x07, 0x11, 0x07, 0x11, 0x07, 0x11, 0x07, 0x11, 0x07, 0x11, 0x07, 0x11,
    0x07, 0x11, 0x07, 0x11, 0x07, 0x11, 0x07, 0x11, 0x07, 0x11, 0x07, 0x11, 0x07, 0x11, 0x07, 0x11,
    0x07, 0x11, 0x07, 0x11, 0x07, 0x11, 0x07, 0x11, 0x07, 0x11, 0x07, 0x11, 0x07, 0x11, 0x07, 0x11,
    0x07, 0x11, 0x07, 0x11, 0x07, 0x11, 0x06, 0x11, 0xE6, 0x10, 0xE6, 0x10, 0xE6, 0x10, 0xE6, 0x10,
    0xE6, 0x10, 0xE6, 0x10, 0xE6, 0x10, 0xE6, 0x10, 0xE6, 0x10, 0xE6, 0x10, 0xE6, 0x10, 0xE6, 0x10,
    0xE6, 0x10, 0xE6, 0x10, 0xE6, 0x10, 0xE6, 0x10, 0xE6, 0x10, 0xE6, 0x10, 0xE6, 0x10, 0xE6, 0x10,
    0xE6, 0x10, 0xE6, 0x10, 0xE6, 0x10, 0xE6, 0x10, 0xE6, 0x10, 0x06, 0x11, 0x06, 0x11, 0x06, 0x11,
    0x06, 0x11, 0x07, 0x11, 0x07, 0x11, 0x07, 0x11, 0x07, 0x11, 0x07, 0x11, 0x07, 0x11, 0x07, 0x11,
    0x07, 0x11, 0x07, 0x11, 0x07, 0x11, 0x07, 0x11, 0x07, 0x11, 0x07, 0x11, 0x07, 0x11, 0x07, 0x11,
    0x07, 0x11, 0x07, 0x11, 0x07, 0x11, 0x07, 0x11, 0x07, 0x11, 0x07, 0x11, 0x07, 0x11, 0x07, 0x11,
    0x07, 0x11, 0x07, 0x11, 0x07, 0x11, 0x07, 0x11, 0x07, 0x11, 0x07, 0x11, 0x07, 0x11, 0x07, 0x11,
    0x27, 0x11, 0x27, 0x11, 0x27, 0x11, 0x27, 0x11, 0x27, 0x11, 0x27, 0x11, 0x27, 0x11, 0x27, 0x11,
    0x27, 0x11, 0x27, 0x11, 0x27, 0x11, 0x27, 0x11, 0x27, 0x19, 0x27, 0x19, 0x27, 0x19, 0x27, 0x19,
    0x27, 0x19, 0x27, 0x19, 0x27, 0x19, 0x27, 0x19, 0x27, 0x19, 0x28, 0x19, 0x28, 0x19, 0x28, 0x19,
    0x28, 0x19, 0x28, 0x19, 0x28, 0x19, 0x28, 0x19, 0x28, 0x19, 0x28, 0x19, 0x28, 0x19, 0x28, 0x19,
    0x28, 0x19, 0x28, 0x19, 0x28, 0x19, 0x28, 0x19, 0x28, 0x19, 0x28, 0x19, 0x28, 0x19, 0x28, 0x19,
    0x28, 0x19, 0x28, 0x19, 0x48, 0x19, 0x48, 0x19, 0x48, 0x19, 0x48, 0x19, 0x48, 0x19, 0x48, 0x19,
    0x48, 0x19, 0x48, 0x19, 0x48, 0x19, 0x48, 0x19, 0x48, 0x19, 0x48, 0x19, 0x48, 0x19, 0x48, 0x19,
    0x48, 0x19, 0x48, 0x19, 0x48, 0x19, 0x48, 0x19, 0x48, 0x19, 0x48, 0x19, 0x48, 0x19, 0x48, 0x19,
    0x48, 0x19, 0x48, 0x19, 0x48, 0x19, 0x48, 0x19, 0x48, 0x19, 0x48, 0x19, 0x48, 0x19, 0x48, 0x19,
    0x48, 0x19, 0x48, 0x19, 0x48, 0x19, 0x48, 0x19, 0x48, 0x19, 0x48, 0x19, 0x48, 0x19, 0x48, 0x19,
    0x48, 0x19, 0x48, 0x19, 0x48, 0x19, 0x48, 0x19, 0x48, 0x19, 0x48, 0x19, 0x48, 0x19, 0x28, 0x19,
    0x28, 0x19, 0x28, 0x19, 0x28, 0x19, 0x28, 0x19, 0x28, 0x19, 0x28, 0x19, 0x28, 0x19, 0x28, 0x19,
    0x28, 0x19, 0x28, 0x19, 0x28, 0x19, 0x28, 0x19, 0x28, 0x19, 0x28, 0x19, 0x28, 0x19, 0x28, 0x19,
    0x28, 0x19, 0x28, 0x19, 0x28, 0x19, 0x28, 0x19, 0x27, 0x19, 0x27, 0x19, 0x27, 0x19, 0x27, 0x19,
    0x27, 0x19, 0x27, 0x19, 0x27, 0x19, 0x27, 0x19, 0x27, 0x19, 0x27, 0x11, 0x27, 0x11, 0x27, 0x11,
    0x27, 0x11, 0x27, 0x11, 0x27, 0x11, 0x27, 0x11, 0x27, 0x11, 0x27, 0x11, 0x27, 0x11, 0x27, 0x11,
    0x27, 0x11, 0x07, 0x11, 0x07, 0x11, 0x07, 0x11, 0x07, 0x11, 0x07, 0x11, 0x07, 0x11, 0x07, 0x11,
    0x07, 0x11, 0x07, 0x11, 0x07, 0x11, 0x07, 0x11, 0x07, 0x11, 0x07, 0x11, 0x07, 0x11, 0x07, 0x11,
    0x07, 0x11, 0x07, 0x11, 0x07, 0x11, 0x07, 0x11, 0x07, 0x11, 0x07, 0x11, 0x07, 0x11, 0x07, 0x11,
    0x07, 0x11, 0x07, 0x11, 0x07, 0x11, 0x07, 0x11, 0x07, 0x11, 0x07, 0x11, 0x07, 0x11, 0x07, 0x11,
    0x06, 0x11, 0x06, 0x11, 0x06, 0x11, 0x06, 0x11, 0xE6, 0x10, 0xE6, 0x10, 0xE6, 0x10, 0xE6, 0x10,
    0xE6, 0x10, 0xE6, 0x10, 0xE6, 0x10, 0xE6, 0x10, 0xE6, 0x10, 0xE6, 0x10, 0xE6, 0x10, 0xE6, 0x10,
    0xE6, 0x10, 0xE6, 0x10, 0xE6, 0x10, 0xE6, 0x10, 0xE6, 0x10, 0xE6, 0x10, 0xE6, 0x10, 0xE6, 0x10,
    0xE6, 0x10, 0xE6, 0x10, 0xE6, 0x10, 0xE6, 0x10, 0xE6, 0x10, 0xE6, 0x10, 0xE6, 0x10, 0xE6, 0x10,
    0xE6, 0x10, 0xE6, 0x10, 0xE6, 0x10, 0xE6, 0x10, 0xE6, 0x10, 0xE6, 0x10, 0xE6, 0x10, 0xE6, 0x10,
    0xE6, 0x10, 0xE6, 0x10, 0xE6, 0x10, 0xE6, 0x10, 0x06, 0x11, 0x06, 0x11, 0x06, 0x11, 0x06, 0x11,
    0x07, 0x11, 0x07, 0x11, 0x07, 0x11, 0x07, 0x11, 0x07, 0x11, 0x07, 0x11, 0x07, 0x11, 0x07, 0x11,
    0x07, 0x11, 0x07, 0x11, 0x07, 0x11, 0x07, 0x11, 0x07, 0x11, 0x07, 0x11, 0x07, 0x11, 0x07, 0x11,
    0x07, 0x11, 0x07, 0x11, 0x07, 0x11, 0x07, 0x11, 0x07, 0x11, 0x07, 0x11, 0x07, 0x11, 0x07, 0x11,
    0x07, 0x11, 0x07, 0x11, 0x07, 0x11, 0x07, 0x11, 0x07, 0x11, 0x07, 0x11, 0x07, 0x11, 0x27, 0x11,
    0x27, 0x11, 0x27, 0x11, 0x27, 0x11, 0x27, 0x11, 0x27, 0x11, 0x27, 0x11, 0x27, 0x11, 0x27, 0x11,
    0x27, 0x11, 0x27, 0x11, 0x27, 0x11, 0x27, 0x11, 0x27, 0x19, 0x27, 0x19, 0x27, 0x19, 0x27, 0x19,
    0x27, 0x19, 0x27, 0x19, 0x27, 0x19, 0x28, 0x19, 0x28, 0x19, 0x28, 0x19, 0x28, 0x19, 0x28, 0x19,
    0x28, 0x19, 0x28, 0x19, 0x28, 0x19, 0x28, 0x19, 0x28, 0x19, 0x28, 0x19, 0x28, 0x19, 0x28, 0x19,
    0x28, 0x19, 0x28, 0x19, 0x28, 0x19, 0x28, 0x19, 0x28, 0x19, 0x28, 0x19, 0x28, 0x19, 0x28, 0x19,
    0x48, 0x19, 0x48, 0x19, 0x48, 0x19, 0x48, 0x19, 0x48, 0x19, 0x48, 0x19, 0x48, 0x19, 0x48, 0x19,
    0x48, 0x19, 0x48, 0x19, 0x48, 0x19, 0x48, 0x19, 0x48, 0x19, 0x48, 0x19, 0x48, 0x19, 0x48, 0x19,
    0x48, 0x19, 0x48, 0x19, 0x48, 0x19, 0x48, 0x19, 0x48, 0x19, 0x48, 0x19, 0x48, 0x19, 0x48, 0x19,
    0x48, 0x19, 0x48, 0x19, 0x48, 0x19, 0x48, 0x19, 0x48, 0x19, 0x48, 0x19, 0x48, 0x19, 0x48, 0x19,
    0x48, 0x19, 0x48, 0x19, 0x48, 0x19, 0x48, 0x19, 0x48, 0x19, 0x48, 0x19, 0x48, 0x19, 0x48, 0x19,
    0x48, 0x19, 0x48, 0x19, 0x48, 0x19, 0x48, 0x19, 0x48, 0x19, 0x48, 0x19, 0x48, 0x19, 0x48, 0x19,
    0x48, 0x19, 0x28, 0x19, 0x28, 0x19, 0x28, 0x19, 0x28, 0x19, 0x28, 0x19, 0x28, 0x19, 0x28, 0x19,
    0x28, 0x19, 0x28, 0x19, 0x28, 0x19, 0x28, 0x19, 0x28, 0x19, 0x28, 0x19, 0x28, 0x19, 0x28, 0x19,
    0x28, 0x19, 0x28, 0x19, 0x28, 0x19, 0x28, 0x19, 0x28, 0x19, 0x28, 0x19, 0x27, 0x19, 0x27, 0x19,
    0x27, 0x19, 0x27, 0x19, 0x27, 0x19, 0x27, 0x19, 0x27, 0x19, 0x27, 0x11, 0x27, 0x11, 0x27, 0x11,
    0x27, 0x11, 0x27, 0x11, 0x27, 0x11, 0x27, 0x11, 0x27, 0x11, 0x27, 0x11, 0x27, 0x11, 0x27, 0x11,
    0x27, 0x11, 0x27, 0x11, 0x07, 0x11, 0x07, 0x11, 0x07, 0x11, 0x07, 0x11, 0x07, 0x11, 0x07, 0x11,
    0x07, 0x11, 0x07, 0x11, 0x07, 0x11, 0x07, 0x11, 0x07, 0x11, 0x07, 0x11, 0x07, 0x11, 0x07, 0x11,
    0x07, 0x11, 0x07, 0x11, 0x07, 0x11, 0x07, 0x11, 0x07, 0x11, 0x07, 0x11, 0x07, 0x11, 0x07, 0x11,
    0x07, 0x11, 0x07, 0x11, 0x07, 0x11, 0x07, 0x11, 0x07, 0x11, 0x07, 0x11, 0x07, 0x11, 0x07, 0x11,
    0x07, 0x11, 0x06, 0x11, 0x06, 0x11, 0x06, 0x11, 0x06, 0x11, 0xE6, 0x10, 0xE6, 0x10, 0xE6, 0x10,
    0xE6, 0x10, 0xE6, 0x10, 0xE6, 0x10, 0xE6, 0x10, 0xE6, 0x10, 0xE6, 0x10, 0xE6, 0x10, 0xE6, 0x10,
    0xE6, 0x10, 0xE6, 0x10, 0xE6, 0x10, 0xE6, 0x10, 0xE6, 0x10, 0xE6, 0x10, 0xE6, 0x10, 0xE6, 0x10,
    0xE6, 0x10, 0xE6, 0x10, 0xE6, 0x10, 0x06, 0x11, 0x07, 0x11, 0x07, 0x11, 0x07, 0x11, 0x07, 0x11,
    0x07, 0x11, 0x07, 0x11, 0x07, 0x11, 0x07, 0x11, 0x07, 0x11, 0x07, 0x11, 0x07, 0x11, 0x07, 0x11,
    0x07, 0x11, 0x07, 0x11, 0x07, 0x11, 0x07, 0x11, 0x07, 0x11, 0x07, 0x11, 0x07, 0x11, 0x07, 0x11,
    0x07, 0x11, 0x07, 0x11, 0x07, 0x11, 0x07, 0x11, 0x07, 0x11, 0x07, 0x11, 0x07, 0x11, 0x07, 0x11,
    0x07, 0x11, 0x27, 0x11, 0x27, 0x11, 0x27, 0x11, 0x27, 0x11, 0x27, 0x11, 0x27, 0x11, 0x27, 0x11,
    0x27, 0x11, 0x27, 0x11, 0x27, 0x11, 0x27, 0x11, 0x27, 0x11, 0x27, 0x11, 0x28, 0x11, 0x28, 0x11,
    0x28, 0x11, 0x28, 0x11, 0x28, 0x19, 0x28, 0x19, 0x28, 0x19, 0x28, 0x19, 0x28, 0x19, 0x28, 0x19,
    0x28, 0x19, 0x28, 0x19, 0x28, 0x19, 0x28, 0x19, 0x28, 0x19, 0x28, 0x19, 0x28, 0x19, 0x28, 0x19,
    0x28, 0x19, 0x28, 0x19, 0x28, 0x19, 0x48, 0x19, 0x48, 0x19, 0x48, 0x19, 0x48, 0x19, 0x48, 0x19,
    0x48, 0x19, 0x48, 0x19, 0x48, 0x19, 0x48, 0x19, 0x48, 0x19, 0x48, 0x19, 0x48, 0x19, 0x48, 0x19,
    0x48, 0x19, 0x48, 0x19, 0x48, 0x19, 0x48, 0x19, 0x48, 0x19, 0x48, 0x19, 0x48, 0x19, 0x48, 0x19,
    0x48, 0x19, 0x48, 0x19, 0x48, 0x19, 0x48, 0x19, 0x48, 0x19, 0x48, 0x19, 0x48, 0x19, 0x48, 0x19,
    0x48, 0x19, 0x48, 0x19, 0x48, 0x19, 0x48, 0x19, 0x48, 0x19, 0x49, 0x19, 0x49, 0x19, 0x49, 0x19,
    0x49, 0x19, 0x49, 0x19, 0x49, 0x19, 0x49, 0x19, 0x49, 0x19, 0x69, 0x19, 0x69, 0x19, 0x69, 0x19,
    0x69, 0x19, 0x69, 0x19, 0x69, 0x19, 0x69, 0x19, 0x69, 0x19, 0x69, 0x19, 0x69, 0x19, 0x69, 0x19,
    0x69, 0x19, 0x69, 0x19, 0x69, 0x19, 0x69, 0x19, 0x69, 0x19, 0x69, 0x19, 0x69, 0x19, 0x69, 0x19,
    0x69, 0x19, 0x69, 0x19, 0x69, 0x19, 0x69, 0x19, 0x49, 0x19, 0x49, 0x19, 0x49, 0x19, 0x49, 0x19,
    0x49, 0x19, 0x49, 0x19, 0x49, 0x19, 0x49, 0x19, 0x48, 0x19, 0x48, 0x19, 0x48, 0x19, 0x48, 0x19,
    0x48, 0x19, 0x48, 0x19, 0x48, 0x19, 0x48, 0x19, 0x48, 0x19, 0x48, 0x19, 0x48, 0x19, 0x48, 0x19,
    0x48, 0x19, 0x48, 0x19, 0x48, 0x19, 0x48, 0x19, 0x48, 0x19, 0x48, 0x19, 0x48, 0x19, 0x48, 0x19,
    0x48, 0x19, 0x48, 0x19, 0x48, 0x19, 0x48, 0x19, 0x48, 0x19, 0x48, 0x19, 0x48, 0x19, 0x48, 0x19,
    0x48, 0x19, 0x48, 0x19, 0x48, 0x19, 0x48, 0x19, 0x48, 0x19, 0x48, 0x19, 0x28, 0x19, 0x28, 0x19,
    0x28, 0x19, 0x28, 0x19, 0x28, 0x19, 0x28, 0x19, 0x28, 0x19, 0x28, 0x19, 0x28, 0x19, 0x28, 0x19,
    0x28, 0x19, 0x28, 0x19, 0x28, 0x19, 0x28, 0x19, 0x28, 0x19, 0x28, 0x19, 0x28, 0x19, 0x28, 0x11,
    0x28, 0x11, 0x28, 0x11, 0x28, 0x11, 0x27, 0x11, 0x27, 0x11, 0x27, 0x11, 0x27, 0x11, 0x27, 0x11,
    0x27, 0x11, 0x27, 0x11, 0x27, 0x11, 0x27, 0x11, 0x27, 0x11, 0x27, 0x11, 0x27, 0x11, 0x27, 0x11,
    0x07, 0x11, 0x07, 0x11, 0x07, 0x11, 0x07, 0x11, 0x07, 0x11, 0x07, 0x11, 0x07, 0x11, 0x07, 0x11,
    0x07, 0x11, 0x07, 0x11, 0x07, 0x11, 0x07, 0x11, 0x07, 0x11, 0x07, 0x11, 0x07, 0x11, 0x07, 0x11,
    0x07, 0x11, 0x07, 0x11, 0x07, 0x11, 0x07, 0x11, 0x07, 0x11, 0x07, 0x11, 0x07, 0x11, 0x07, 0x11,
    0x07, 0x11, 0x07, 0x11, 0x07, 0x11, 0x07, 0x11, 0x07, 0x11, 0x06, 0x11, 0xE6, 0x10, 0xE6, 0x10,
    0xE6, 0x10, 0xE6, 0x10, 0xE6, 0x10, 0xE6, 0x10, 0xE6, 0x10, 0xE6, 0x10, 0xE6, 0x10, 0xE6, 0x10,
    0xE6, 0x10, 0xE6, 0x10, 0xE6, 0x10, 0xE6, 0x10, 0xE6, 0x10, 0xE6, 0x10, 0xE6, 0x10, 0xE6, 0x10,
    0xE6, 0x10, 0xE6, 0x10, 0xE6, 0x10, 0x06, 0x11, 0x06, 0x11, 0x06, 0x11, 0x07, 0x11, 0x07, 0x11,
    0x07, 0x11, 0x07, 0x11, 0x07, 0x11, 0x07, 0x11, 0x07, 0x11, 0x07, 0x11, 0x07, 0x11, 0x07, 0x11,
    0x07, 0x11, 0x07, 0x11, 0x07, 0x11, 0x07, 0x11, 0x07, 0x11, 0x07, 0x11, 0x07, 0x11, 0x07, 0x11,
    0x07, 0x11, 0x07, 0x11, 0x07, 0x11, 0x07, 0x11, 0x07, 0x11, 0x07, 0x11, 0x07, 0x11, 0x07, 0x11,
    0x07, 0x11, 0x07, 0x11, 0x07, 0x11, 0x07, 0x11, 0x07, 0x11, 0x27, 0x11, 0x27, 0x11, 0x27, 0x11,
    0x27, 0x11, 0x27, 0x11, 0x27, 0x11, 0x27, 0x11, 0x27, 0x11, 0x27, 0x11, 0x27, 0x11, 0x27, 0x11,
    0x27, 0x11, 0x27, 0x11, 0x27, 0x19, 0x27, 0x19, 0x27, 0x19, 0x27, 0x19, 0x27, 0x19, 0x27, 0x19,
    0x27, 0x19, 0x28, 0x19, 0x28, 0x19, 0x28, 0x19, 0x28, 0x19, 0x28, 0x19, 0x28, 0x19, 0x28, 0x19,
    0x28, 0x19, 0x28, 0x19, 0x28, 0x19, 0x28, 0x19, 0x28, 0x19, 0x28, 0x19, 0x28, 0x19, 0x28, 0x19,
    0x28, 0x19, 0x28, 0x19, 0x28, 0x19, 0x28, 0x19, 0x28, 0x19, 0x48, 0x19, 0x48, 0x19, 0x48, 0x19,
    0x48, 0x19, 0x48, 0x19, 0x48, 0x19, 0x48, 0x19, 0x48, 0x19, 0x48, 0x19, 0x48, 0x19, 0x48, 0x19,
    0x48, 0x19, 0x48, 0x19, 0x48, 0x19, 0x48, 0x19, 0x48, 0x19, 0x48, 0x19, 0x48, 0x19, 0x48, 0x19,
    0x48, 0x19, 0x48, 0x19, 0x48, 0x19, 0x48, 0x19, 0x48, 0x19, 0x48, 0x19, 0x48, 0x19, 0x48, 0x19,
    0x48, 0x19, 0x48, 0x19, 0x48, 0x19, 0x48, 0x19, 0x48, 0x19, 0x48, 0x19, 0x48, 0x19, 0x48, 0x19,
    0x48, 0x19, 0x48, 0x19, 0x48, 0x19, 0x48, 0x19, 0x48, 0x19, 0x48, 0x19, 0x48, 0x19, 0x48, 0x19,
    0x48, 0x19, 0x48, 0x19, 0x48, 0x19, 0x48, 0x19, 0x48, 0x19, 0x48, 0x19, 0x48, 0x19, 0x48, 0x19,
    0x48, 0x19, 0x48, 0x19, 0x48, 0x19, 0x48, 0x19, 0x28, 0x19, 0x28, 0x19, 0x28, 0x19, 0x28, 0x19,
    0x28, 0x19, 0x28, 0x19, 0x28, 0x19, 0x28, 0x19, 0x28, 0x19, 0x28, 0x19, 0x28, 0x19, 0x28, 0x19,
    0x28, 0x19, 0x28, 0x19, 0x28, 0x19, 0x28, 0x19, 0x28, 0x19, 0x28, 0x19, 0x28, 0x19, 0x28, 0x19,
    0x27, 0x19, 0x27, 0x19, 0x27, 0x19, 0x27, 0x19, 0x27, 0x19, 0x27, 0x19, 0x27, 0x19, 0x27, 0x11,
    0x27, 0x11, 0x27, 0x11, 0x27, 0x11, 0x27, 0x11, 0x27, 0x11, 0x27, 0x11, 0x27, 0x11, 0x27, 0x11,
    0x27, 0x11, 0x27, 0x11, 0x27, 0x11, 0x27, 0x11, 0x07, 0x11, 0x07, 0x11, 0x07, 0x11, 0x07, 0x11,
    0x07, 0x11, 0x07, 0x11, 0x07, 0x11, 0x07, 0x11, 0x07, 0x11, 0x07, 0x11, 0x07, 0x11, 0x07, 0x11,
    0x07, 0x11, 0x07, 0x11, 0x07, 0x11, 0x07, 0x11, 0x07, 0x11, 0x07, 0x11, 0x07, 0x11, 0x07, 0x11,
    0x07, 0x11, 0x07, 0x11, 0x07, 0x11, 0x07, 0x11, 0x07, 0x11, 0x07, 0x11, 0x07, 0x11, 0x07, 0x11,
    0x07, 0x11, 0x07, 0x11, 0x07, 0x11, 0x06, 0x11, 0x06, 0x11, 0x06, 0x11, 0xE6, 0x10, 0xE6, 0x10,
    0xE6, 0x10, 0xE6, 0x10, 0xE6, 0x10, 0xE6, 0x10, 0xE6, 0x10, 0xE6, 0x10, 0xE6, 0x10, 0xE6, 0x10,
    0xE6, 0x10, 0xE6, 0x10, 0xE6, 0x10, 0xE6, 0x10, 0xE6, 0x10, 0xE6, 0x10, 0xE6, 0x10, 0xE6, 0x10,
    0xE6, 0x10, 0xE6, 0x10, 0xE6, 0x10, 0xE6, 0x10, 0xE6, 0x10, 0xE6, 0x10, 0xE6, 0x10, 0xE6, 0x10,
    0xE6, 0x10, 0xE6, 0x10, 0xE6, 0x10, 0xE6, 0x10, 0xE6, 0x10, 0xE6, 0x10, 0xE6, 0x10, 0xE6, 0x10,
    0xE6, 0x10, 0xE6, 0x10, 0x06, 0x11, 0x06, 0x11, 0x06, 0x11, 0x07, 0x11, 0x07, 0x11, 0x07, 0x11,
    0x07, 0x11, 0x07, 0x11, 0x07, 0x11, 0x07, 0x11, 0x07, 0x11, 0x07, 0x11, 0x07, 0x11, 0x07, 0x11,
    0x07, 0x11, 0x07, 0x11, 0x07, 0x11, 0x07, 0x11, 0x07, 0x11, 0x07, 0x11, 0x07, 0x11, 0x07, 0x11,
    0x07, 0x11, 0x07, 0x11, 0x07, 0x11, 0x07, 0x11, 0x07, 0x11, 0x07, 0x11, 0x07, 0x11, 0x07, 0x11,
    0x07, 0x11, 0x07, 0x11, 0x07, 0x11, 0x07, 0x11, 0x27, 0x11, 0x27, 0x11, 0x27, 0x11, 0x27, 0x11,
    0x27, 0x11, 0x27, 0x11, 0x27, 0x11, 0x27, 0x11, 0x27, 0x11, 0x27, 0x11, 0x27, 0x11, 0x27, 0x11,
    0x27, 0x11, 0x27, 0x11, 0x27, 0x19, 0x27, 0x19, 0x27, 0x19, 0x27, 0x19, 0x27, 0x19, 0x28, 0x19,
    0x28, 0x19, 0x28, 0x19, 0x28, 0x19, 0x28, 0x19, 0x28, 0x19, 0x28, 0x19, 0x28, 0x19, 0x28, 0x19,
    0x28, 0x19, 0x28, 0x19, 0x28, 0x19, 0x28, 0x19, 0x28, 0x19, 0x28, 0x19, 0x28, 0x19, 0x28, 0x19,
    0x28, 0x19, 0x28, 0x19, 0x28, 0x19, 0x28, 0x19, 0x48, 0x19, 0x48, 0x19, 0x48, 0x19, 0x48, 0x19,
    0x48, 0x19, 0x48, 0x19, 0x48, 0x19, 0x48, 0x19, 0x48, 0x19, 0x48, 0x19, 0x48, 0x19, 0x48, 0x19,
    0x48, 0x19, 0x48, 0x19, 0x48, 0x19, 0x48, 0x19, 0x48, 0x19, 0x48, 0x19, 0x48, 0x19, 0x48, 0x19,
    0x48, 0x19, 0x48, 0x19, 0x48, 0x19, 0x48, 0x19, 0x48, 0x19, 0x48, 0x19, 0x48, 0x19, 0x48, 0x19,
    0x48, 0x19, 0x48, 0x19, 0x48, 0x19, 0x48, 0x19, 0x48, 0x19, 0x48, 0x19, 0x48, 0x19, 0x48, 0x19,
    0x48, 0x19, 0x48, 0x19, 0x48, 0x19, 0x48, 0x19, 0x48, 0x19, 0x48, 0x19, 0x48, 0x19, 0x48, 0x19,
    0x48, 0x19, 0x48, 0x19, 0x48, 0x19, 0x48, 0x19, 0x48, 0x19, 0x48, 0x19, 0x48, 0x19, 0x48, 0x19,
    0x48, 0x19, 0x48, 0x19, 0x48, 0x19, 0x48, 0x19, 0x48, 0x19, 0x28, 0x19, 0x28, 0x19, 0x28, 0x19,
    0x28, 0x19, 0x28, 0x19, 0x28, 0x19, 0x28, 0x19, 0x28, 0x19, 0x28, 0x19, 0x28, 0x19, 0x28, 0x19,
    0x28, 0x19, 0x28, 0x19, 0x28, 0x19, 0x28, 0x19, 0x28, 0x19, 0x28, 0x19, 0x28, 0x19, 0x28, 0x19,
    0x28, 0x19, 0x28, 0x19, 0x27, 0x19, 0x27, 0x19, 0x27, 0x19, 0x27, 0x19, 0x27, 0x19, 0x27, 0x11,
    0x27, 0x11, 0x27, 0x11, 0x27, 0x11, 0x27, 0x11, 0x27, 0x11, 0x27, 0x11, 0x27, 0x11, 0x27, 0x11,
    0x27, 0x11, 0x27, 0x11, 0x27, 0x11, 0x27, 0x11, 0x27, 0x11, 0x07, 0x11, 0x07, 0x11, 0x07, 0x11,
    0x07, 0x11, 0x07, 0x11, 0x07, 0x11, 0x07, 0x11, 0x07, 0x11, 0x07, 0x11, 0x07, 0x11, 0x07, 0x11,
    0x07, 0x11, 0x07, 0x11, 0x07, 0x11, 0x07, 0x11, 0x07, 0x11, 0x07, 0x11, 0x07, 0x11, 0x07, 0x11,
    0x07, 0x11, 0x07, 0x11, 0x07, 0x11, 0x07, 0x11, 0x07, 0x11, 0x07, 0x11, 0x07, 0x11, 0x07, 0x11,
    0x07, 0x11, 0x07, 0x11, 0x07, 0x11, 0x07, 0x11, 0x06, 0x11, 0x06, 0x11, 0x06, 0x11, 0xE6, 0x10,
    0xE6, 0x10, 0xE6, 0x10, 0xE6, 0x10, 0xE6, 0x10, 0xE6, 0x10, 0xE6, 0x10, 0xE6, 0x10, 0xE6, 0x10,
    0xE6, 0x10, 0xE6, 0x10, 0xE6, 0x10, 0xE6, 0x10, 0xE6, 0x10, 0xE6, 0x10, 0xE6, 0x10, 0xE6, 0x10,
    0xE6, 0x10, 0x07, 0x11, 0x07, 0x11, 0x07, 0x11, 0x07, 0x11, 0x07, 0x11, 0x07, 0x11, 0x07, 0x11,
    0x07, 0x11, 0x07, 0x11, 0x07, 0x11, 0x07, 0x11, 0x07, 0x11, 0x07, 0x11, 0x07, 0x11, 0x07, 0x11,
    0x07, 0x11, 0x07, 0x11, 0x07, 0x11, 0x07, 0x11, 0x07, 0x11, 0x07, 0x11, 0x07, 0x11, 0x07, 0x11,
    0x07, 0x11, 0x07, 0x11, 0x07, 0x11, 0x07, 0x11, 0x07, 0x11, 0x07, 0x11, 0x07, 0x11, 0x27, 0x11,
    0x27, 0x11, 0x27, 0x11, 0x27, 0x11, 0x27, 0x11, 0x27, 0x11, 0x27, 0x11, 0x27, 0x11, 0x27, 0x11,
    0x27, 0x11, 0x27, 0x11, 0x27, 0x11, 0x28, 0x11, 0x28, 0x11, 0x28, 0x11, 0x28, 0x11, 0x28, 0x11,
    0x28, 0x11, 0x28, 0x19, 0x28, 0x19, 0x28, 0x19, 0x28, 0x19, 0x28, 0x19, 0x28, 0x19, 0x28, 0x19,
    0x28, 0x19, 0x28, 0x19, 0x28, 0x19, 0x28, 0x19, 0x28, 0x19, 0x28, 0x19, 0x28, 0x19, 0x28, 0x19,
    0x48, 0x19, 0x48, 0x19, 0x48, 0x19, 0x48, 0x19, 0x48, 0x19, 0x48, 0x19, 0x48, 0x19, 0x48, 0x19,
    0x48, 0x19, 0x48, 0x19, 0x48, 0x19, 0x48, 0x19, 0x48, 0x19, 0x48, 0x19, 0x48, 0x19, 0x48, 0x19,
    0x48, 0x19, 0x48, 0x19, 0x48, 0x19, 0x48, 0x19, 0x48, 0x19, 0x48, 0x19, 0x48, 0x19, 0x48, 0x19,
    0x48, 0x19, 0x48, 0x19, 0x48, 0x19, 0x48, 0x19, 0x48, 0x19, 0x48, 0x19, 0x48, 0x19, 0x48, 0x19,
    0x49, 0x19, 0x49, 0x19, 0x49, 0x19, 0x49, 0x19, 0x49, 0x19, 0x49, 0x19, 0x49, 0x19, 0x49, 0x19,
    0x69, 0x19, 0x69, 0x19, 0x69, 0x19, 0x69, 0x19, 0x69, 0x19, 0x69, 0x19, 0x69, 0x19, 0x69, 0x19,
    0x69, 0x19, 0x69, 0x19, 0x69, 0x19, 0x69, 0x19, 0x69, 0x19, 0x69, 0x19, 0x69, 0x19, 0x69, 0x19,
    0x69, 0x19, 0x69, 0x19, 0x69, 0x19, 0x69, 0x19, 0x69, 0x19, 0x69, 0x19, 0x69, 0x19, 0x69, 0x19,
    0x69, 0x19, 0x69, 0x19, 0x69, 0x19, 0x69, 0x19, 0x69, 0x19, 0x69, 0x19, 0x69, 0x19, 0x69, 0x19,
    0x69, 0x19, 0x49, 0x19, 0x49, 0x19, 0x49, 0x19, 0x49, 0x19, 0x49, 0x19, 0x49, 0x19, 0x49, 0x19,
    0x49, 0x19, 0x48, 0x19, 0x48, 0x19, 0x48, 0x19, 0x48, 0x19, 0x48, 0x19, 0x48, 0x19, 0x48, 0x19,
    0x48, 0x19, 0x48, 0x19, 0x48, 0x19, 0x48, 0x19, 0x48, 0x19, 0x48, 0x19, 0x48, 0x19, 0x48, 0x19,
    0x48, 0x19, 0x48, 0x19, 0x48, 0x19, 0x48, 0x19, 0x48, 0x19, 0x48, 0x19, 0x48, 0x19, 0x48, 0x19,
    0x48, 0x19, 0x48, 0x19, 0x48, 0x19, 0x48, 0x19, 0x48, 0x19, 0x48, 0x19, 0x48, 0x19, 0x48, 0x19,
    0x48, 0x19, 0x28, 0x19, 0x28, 0x19, 0x28, 0x19, 0x28, 0x19, 0x28, 0x19, 0x28, 0x19, 0x28, 0x19,
    0x28, 0x19, 0x28, 0x19, 0x28, 0x19, 0x28, 0x19, 0x28, 0x19, 0x28, 0x19, 0x28, 0x19, 0x28, 0x19,
    0x28, 0x11, 0x28, 0x11, 0x28, 0x11, 0x28, 0x11, 0x28, 0x11, 0x28, 0x11, 0x27, 0x11, 0x27, 0x11,
    0x27, 0x11, 0x27, 0x11, 0x27, 0x11, 0x27, 0x11, 0x27, 0x11, 0x27, 0x11, 0x27, 0x11, 0x27, 0x11,
    0x27, 0x11, 0x27, 0x11, 0x07, 0x11, 0x07, 0x11, 0x07, 0x11, 0x07, 0x11, 0x07, 0x11, 0x07, 0x11,
    0x07, 0x11, 0x07, 0x11, 0x07, 0x11, 0x07, 0x11, 0x07, 0x11, 0x07, 0x11, 0x07, 0x11, 0x07, 0x11,
    0x07, 0x11, 0x07, 0x11, 0x07, 0x11, 0x07, 0x11, 0x07, 0x11, 0x07, 0x11, 0x07, 0x11, 0x07, 0x11,
    0x07, 0x11, 0x07, 0x11, 0x07, 0x11, 0x07, 0x11, 0x07, 0x11, 0x07, 0x11, 0x07, 0x11, 0x07, 0x11,
    0xE6, 0x10, 0xE6, 0x10, 0xE6, 0x10, 0xE6, 0x10, 0xE6, 0x10, 0xE6, 0x10, 0xE6, 0x10, 0xE6, 0x10,
    0xE6, 0x10, 0xE6, 0x10, 0xE6, 0x10, 0xE6, 0x10, 0xE6, 0x10, 0xE6, 0x10, 0xE6, 0x10, 0xE6, 0x10,
    0x06, 0x11, 0x06, 0x11, 0x06, 0x11, 0x06, 0x11, 0x07, 0x11, 0x07, 0x11, 0x07, 0x11, 0x07, 0x11,
    0x07, 0x11, 0x07, 0x11, 0x07, 0x11, 0x07, 0x11, 0x07, 0x11, 0x07, 0x11, 0x07, 0x11, 0x07, 0x11,
    0x07, 0x11, 0x07, 0x11, 0x07, 0x11, 0x07, 0x11, 0x07, 0x11, 0x07, 0x11, 0x07, 0x11, 0x07, 0x11,
    0x07, 0x11, 0x07, 0x11, 0x07, 0x11, 0x07, 0x11, 0x07, 0x11, 0x07, 0x11, 0x07, 0x11, 0x07, 0x11,
    0x07, 0x11, 0x07, 0x11, 0x27, 0x11, 0x27, 0x11, 0x27, 0x11, 0x27, 0x11, 0x27, 0x11, 0x27, 0x11,
    0x27, 0x11, 0x27, 0x11, 0x27, 0x11, 0x27, 0x11, 0x27, 0x11, 0x27, 0x11, 0x27, 0x11, 0x27, 0x11,
    0x27, 0x11, 0x27, 0x19, 0x27, 0x19, 0x27, 0x19, 0x27, 0x19, 0x28, 0x19, 0x28, 0x19, 0x28, 0x19,
    0x28, 0x19, 0x28, 0x19, 0x28, 0x19, 0x28, 0x19, 0x28, 0x19, 0x28, 0x19, 0x28, 0x19, 0x28, 0x19,
    0x28, 0x19, 0x28, 0x19, 0x28, 0x19, 0x28, 0x19, 0x28, 0x19, 0x28, 0x19, 0x28, 0x19, 0x28, 0x19,
    0x28, 0x19, 0x28, 0x19, 0x48, 0x19, 0x48, 0x19, 0x48, 0x19, 0x48, 0x19, 0x48, 0x19, 0x48, 0x19,
    0x48, 0x19, 0x48, 0x19, 0x48, 0x19, 0x48, 0x19, 0x48, 0x19, 0x48, 0x19, 0x48, 0x19, 0x48, 0x19,
    0x48, 0x19, 0x48, 0x19, 0x48, 0x19, 0x48, 0x19, 0x48, 0x19, 0x48, 0x19, 0x48, 0x19, 0x48, 0x19,
    0x48, 0x19, 0x48, 0x19, 0x48, 0x19, 0x48, 0x19, 0x48, 0x19, 0x48, 0x19, 0x48, 0x19, 0x48, 0x19,
    0x48, 0x19, 0x48, 0x19, 0x48, 0x19, 0x48, 0x19, 0x48, 0x19, 0x48, 0x19, 0x48, 0x19, 0x48, 0x19,
    0x48, 0x19, 0x48, 0x19, 0x48, 0x19, 0x48, 0x19, 0x48, 0x19, 0x48, 0x19, 0x48, 0x19, 0x48, 0x19,
    0x48, 0x19, 0x48, 0x19, 0x48, 0x19, 0x48, 0x19, 0x48, 0x19, 0x48, 0x19, 0x48, 0x19, 0x48, 0x19,
    0x48, 0x19, 0x48, 0x19, 0x48, 0x19, 0x48, 0x19, 0x48, 0x19, 0x48, 0x19, 0x48, 0x19, 0x28, 0x19,
    0x28, 0x19, 0x28, 0x19, 0x28, 0x19, 0x28, 0x19, 0x28, 0x19, 0x28, 0x19, 0x28, 0x19, 0x28, 0x19,
    0x28, 0x19, 0x28, 0x19, 0x28, 0x19, 0x28, 0x19, 0x28, 0x19, 0x28, 0x19, 0x28, 0x19, 0x28, 0x19,
    0x28, 0x19, 0x28, 0x19, 0x28, 0x19, 0x28, 0x19, 0x27, 0x19, 0x27, 0x19, 0x27, 0x19, 0x27, 0x19,
    0x27, 0x11, 0x27, 0x11, 0x27, 0x11, 0x27, 0x11, 0x27, 0x11, 0x27, 0x11, 0x27, 0x11, 0x27, 0x11,
    0x27, 0x11, 0x27, 0x11, 0x27, 0x11, 0x27, 0x11, 0x27, 0x11, 0x27, 0x11, 0x27, 0x11, 0x07, 0x11,
    0x07, 0x11, 0x07, 0x11, 0x07, 0x11, 0x07, 0x11, 0x07, 0x11, 0x07, 0x11, 0x07, 0x11, 0x07, 0x11,
    0x07, 0x11, 0x07, 0x11, 0x07, 0x11, 0x07, 0x11, 0x07, 0x11, 0x07, 0x11, 0x07, 0x11, 0x07, 0x11,
    0x07, 0x11, 0x07, 0x11, 0x07, 0x11, 0x07, 0x11, 0x07, 0x11, 0x07, 0x11, 0x07, 0x11, 0x07, 0x11,
    0x07, 0x11, 0x07, 0x11, 0x07, 0x11, 0x07, 0x11, 0x07, 0x11, 0x06, 0x11, 0x06, 0x11, 0x06, 0x11,
    0x06, 0x11, 0xE6, 0x10, 0xE6, 0x10, 0xE6, 0x10, 0xE6, 0x10, 0xE6, 0x10, 0xE6, 0x10, 0xE6, 0x10,
    0xE6, 0x10, 0xE6, 0x10, 0xE6, 0x10, 0xE6, 0x10, 0xE6, 0x10, 0xE6, 0x10, 0xE6, 0x10, 0xE6, 0x10,
    0xE6, 0x10, 0xE6, 0x10, 0xE6, 0x10, 0xE6, 0x10, 0xE6, 0x10, 0xE6, 0x10, 0xE6, 0x10, 0xE6, 0x10,
    0xE6, 0x10, 0xE6, 0x10, 0xE6, 0x10, 0xE6, 0x10, 0xE6, 0x10, 0xE6, 0x10, 0xE6, 0x10, 0x06, 0x11,
    0x06, 0x11, 0x06, 0x11, 0x06, 0x11, 0x07, 0x11, 0x07, 0x11, 0x07, 0x11, 0x07, 0x11, 0x07, 0x11,
    0x07, 0x11, 0x07, 0x11, 0x07, 0x11, 0x07, 0x11, 0x07, 0x11, 0x07, 0x11, 0x07, 0x11, 0x07, 0x11,
    0x07, 0x11, 0x07, 0x11, 0x07, 0x11, 0x07, 0x11, 0x07, 0x11, 0x07, 0x11, 0x07, 0x11, 0x07, 0x11,
    0x07, 0x11, 0x07, 0x11, 0x07, 0x11, 0x07, 0x11, 0x07, 0x11, 0x07, 0x11, 0x07, 0x11, 0x07, 0x11,
    0x07, 0x11, 0x27, 0x11, 0x27, 0x11, 0x27, 0x11, 0x27, 0x11, 0x27, 0x11, 0x27, 0x11, 0x27, 0x11,
    0x27, 0x11, 0x27, 0x11, 0x27, 0x11, 0x27, 0x11, 0x27, 0x11, 0x27, 0x11, 0x27, 0x11, 0x27, 0x11,
    0x27, 0x19, 0x27, 0x19, 0x27, 0x19, 0x28, 0x19, 0x28, 0x19, 0x28, 0x19, 0x28, 0x19, 0x28, 0x19,
    0x28, 0x19, 0x28, 0x19, 0x28, 0x19, 0x28, 0x19, 0x28, 0x19, 0x28, 0x19, 0x28, 0x19, 0x28, 0x19,
    0x28, 0x19, 0x28, 0x19, 0x28, 0x19, 0x28, 0x19, 0x28, 0x19, 0x28, 0x19, 0x28, 0x19, 0x28, 0x19,
    0x48, 0x19, 0x48, 0x19, 0x48, 0x19, 0x48, 0x19, 0x48, 0x19, 0x48, 0x19, 0x48, 0x19, 0x48, 0x19,
    0x48, 0x19, 0x48, 0x19, 0x48, 0x19, 0x48, 0x19, 0x48, 0x19, 0x48, 0x19, 0x48, 0x19, 0x48, 0x19,
    0x48, 0x19, 0x48, 0x19, 0x48, 0x19, 0x48, 0x19, 0x48, 0x19, 0x48, 0x19, 0x48, 0x19, 0x48, 0x19,
    0x48, 0x19, 0x48, 0x19, 0x48, 0x19, 0x48, 0x19, 0x48, 0x19, 0x48, 0x19, 0x48, 0x19, 0x48, 0x19,
    0x48, 0x19, 0x48, 0x19, 0x48, 0x19, 0x48, 0x19, 0x48, 0x19, 0x48, 0x19, 0x48, 0x19, 0x48, 0x19,
    0x48, 0x19, 0x48, 0x19, 0x48, 0x19, 0x48, 0x19, 0x48, 0x19, 0x48, 0x19, 0x48, 0x19, 0x48, 0x19,
    0x48, 0x19, 0x48, 0x19, 0x48, 0x19, 0x48, 0x19, 0x48, 0x19, 0x48, 0x19, 0x48, 0x19, 0x48, 0x19,
    0x48, 0x19, 0x48, 0x19, 0x48, 0x19, 0x48, 0x19, 0x48, 0x19, 0x48, 0x19, 0x48, 0x19, 0x48, 0x19,
    0x48, 0x19, 0x28, 0x19, 0x28, 0x19, 0x28, 0x19, 0x28, 0x19, 0x28, 0x19, 0x28, 0x19, 0x28, 0x19,
    0x28, 0x19, 0x28, 0x19, 0x28, 0x19, 0x28, 0x19, 0x28, 0x19, 0x28, 0x19, 0x28, 0x19, 0x28, 0x19,
    0x28, 0x19, 0x28, 0x19, 0x28, 0x19, 0x28, 0x19, 0x28, 0x19, 0x28, 0x19, 0x27, 0x19, 0x27, 0x19,
    0x27, 0x19, 0x27, 0x11, 0x27, 0x11, 0x27, 0x11, 0x27, 0x11, 0x27, 0x11, 0x27, 0x11, 0x27, 0x11,
    0x27, 0x11, 0x27, 0x11, 0x27, 0x11, 0x27, 0x11, 0x27, 0x11, 0x27, 0x11, 0x27, 0x11, 0x27, 0x11,
    0x07, 0x11, 0x07, 0x11, 0x07, 0x11, 0x07, 0x11, 0x07, 0x11, 0x07, 0x11, 0x07, 0x11, 0x07, 0x11,
    0x07, 0x11, 0x07, 0x11, 0x07, 0x11, 0x07, 0x11, 0x07, 0x11, 0x07, 0x11, 0x07, 0x11, 0x07, 0x11,
    0x07, 0x11, 0x07, 0x11, 0x07, 0x11, 0x07, 0x11, 0x07, 0x11, 0x07, 0x11, 0x07, 0x11, 0x07, 0x11,
    0x07, 0x11, 0x07, 0x11, 0x07, 0x11, 0x07, 0x11, 0x07, 0x11, 0x07, 0x11, 0x06, 0x11, 0x06, 0x11,
    0x06, 0x11, 0x06, 0x11, 0xE6, 0x10, 0xE6, 0x10, 0xE6, 0x10, 0xE6, 0x10, 0xE6, 0x10, 0xE6, 0x10,
    0xE6, 0x10, 0xE6, 0x10, 0xE6, 0x10, 0xE6, 0x10, 0xE6, 0x10, 0xE6, 0x10, 0xE6, 0x10, 0xE6, 0x10,
    0x07, 0x11, 0x07, 0x11, 0x07, 0x11, 0x07, 0x11, 0x07, 0x11, 0x07, 0x11, 0x07, 0x11, 0x07, 0x11,
    0x07, 0x11, 0x07, 0x11, 0x07, 0x11, 0x07, 0x11, 0x07, 0x11, 0x07, 0x11, 0x07, 0x11, 0x07, 0x11,
    0x07, 0x11, 0x07, 0x11, 0x07, 0x11, 0x07, 0x11, 0x07, 0x11, 0x07, 0x11, 0x07, 0x11, 0x07, 0x11,
    0x07, 0x11, 0x07, 0x11, 0x07, 0x11, 0x07, 0x11, 0x27, 0x11, 0x27, 0x11, 0x27, 0x11, 0x27, 0x11,
    0x27, 0x11, 0x27, 0x11, 0x27, 0x11, 0x27, 0x11, 0x27, 0x11, 0x27, 0x11, 0x27, 0x11, 0x28, 0x11,
    0x28, 0x11, 0x28, 0x11, 0x28, 0x11, 0x28, 0x11, 0x28, 0x11, 0x28, 0x11, 0x28, 0x11, 0x28, 0x19,
    0x28, 0x19, 0x28, 0x19, 0x28, 0x19, 0x28, 0x19, 0x28, 0x19, 0x28, 0x19, 0x28, 0x19, 0x28, 0x19,
    0x28, 0x19, 0x28, 0x19, 0x28, 0x19, 0x28, 0x19, 0x28, 0x19, 0x48, 0x19, 0x48, 0x19, 0x48, 0x19,
    0x48, 0x19, 0x48, 0x19, 0x48, 0x19, 0x48, 0x19, 0x48, 0x19, 0x48, 0x19, 0x48, 0x19, 0x48, 0x19,
    0x48, 0x19, 0x48, 0x19, 0x48, 0x19, 0x48, 0x19, 0x48, 0x19, 0x48, 0x19, 0x48, 0x19, 0x48, 0x19,
    0x48, 0x19, 0x48, 0x19, 0x48, 0x19, 0x48, 0x19, 0x48, 0x19, 0x48, 0x19, 0x48, 0x19, 0x48, 0x19,
    0x48, 0x19, 0x48, 0x19, 0x48, 0x19, 0x49, 0x19, 0x49, 0x19, 0x49, 0x19, 0x49, 0x19, 0x49, 0x19,
    0x49, 0x19, 0x49, 0x19, 0x49, 0x19, 0x49, 0x19, 0x69, 0x19, 0x69, 0x19, 0x69, 0x19, 0x69, 0x19,
    0x69, 0x19, 0x69, 0x19, 0x69, 0x19, 0x69, 0x19, 0x69, 0x19, 0x69, 0x19, 0x69, 0x19, 0x69, 0x19,
    0x69, 0x19, 0x69, 0x19, 0x69, 0x19, 0x69, 0x19, 0x69, 0x19, 0x69, 0x19, 0x69, 0x19, 0x69, 0x19,
    0x69, 0x19, 0x69, 0x19, 0x69, 0x19, 0x69, 0x19, 0x69, 0x19, 0x69, 0x19, 0x69, 0x19, 0x69, 0x19,
    0x69, 0x19, 0x69, 0x19, 0x69, 0x19, 0x69, 0x19, 0x69, 0x19, 0x69, 0x19, 0x69, 0x19, 0x69, 0x19,
    0x69, 0x19, 0x69, 0x19, 0x69, 0x19, 0x69, 0x19, 0x69, 0x19, 0x49, 0x19, 0x49, 0x19, 0x49, 0x19,
    0x49, 0x19, 0x49, 0x19, 0x49, 0x19, 0x49, 0x19, 0x49, 0x19, 0x49, 0x19, 0x48, 0x19, 0x48, 0x19,
    0x48, 0x19, 0x48, 0x19, 0x48, 0x19, 0x48, 0x19, 0x48, 0x19, 0x48, 0x19, 0x48, 0x19, 0x48, 0x19,
    0x48, 0x19, 0x48, 0x19, 0x48, 0x19, 0x48, 0x19, 0x48, 0x19, 0x48, 0x19, 0x48, 0x19, 0x48, 0x19,
    0x48, 0x19, 0x48, 0x19, 0x48, 0x19, 0x48, 0x19, 0x48, 0x19, 0x48, 0x19, 0x48, 0x19, 0x48, 0x19,
    0x48, 0x19, 0x48, 0x19, 0x48, 0x19, 0x48, 0x19, 0x28, 0x19, 0x28, 0x19, 0x28, 0x19, 0x28, 0x19,
    0x28, 0x19, 0x28, 0x19, 0x28, 0x19, 0x28, 0x19, 0x28, 0x19, 0x28, 0x19, 0x28, 0x19, 0x28, 0x19,
    0x28, 0x19, 0x28, 0x19, 0x28, 0x11, 0x28, 0x11, 0x28, 0x11, 0x28, 0x11, 0x28, 0x11, 0x28, 0x11,
    0x28, 0x11, 0x28, 0x11, 0x27, 0x11, 0x27, 0x11, 0x27, 0x11, 0x27, 0x11, 0x27, 0x11, 0x27, 0x11,
    0x27, 0x11, 0x27, 0x11, 0x27, 0x11, 0x27, 0x11, 0x27, 0x11, 0x07, 0x11, 0x07, 0x11, 0x07, 0x11,
    0x07, 0x11, 0x07, 0x11, 0x07, 0x11, 0x07, 0x11, 0x07, 0x11, 0x07, 0x11, 0x07, 0x11, 0x07, 0x11,
    0x07, 0x11, 0x07, 0x11, 0x07, 0x11, 0x07, 0x11, 0x07, 0x11, 0x07, 0x11, 0x07, 0x11, 0x07, 0x11,
    0x07, 0x11, 0x07, 0x11, 0x07, 0x11, 0x07, 0x11, 0x07, 0x11, 0x07, 0x11, 0x07, 0x11, 0x07, 0x11,
    0xE6, 0x10, 0xE6, 0x10, 0xE6, 0x10, 0xE6, 0x10, 0xE6, 0x10, 0xE6, 0x10, 0xE6, 0x10, 0xE6, 0x10,
    0xE6, 0x10, 0xE6, 0x10, 0xE6, 0x10, 0xE6, 0x10, 0xE6, 0x10, 0xE6, 0x10, 0x06, 0x11, 0x06, 0x11,
    0x06, 0x11, 0x07, 0x11, 0x07, 0x11, 0x07, 0x11, 0x07, 0x11, 0x07, 0x11, 0x07, 0x11, 0x07, 0x11,
    0x07, 0x11, 0x07, 0x11, 0x07, 0x11, 0x07, 0x11, 0x07, 0x11, 0x07, 0x11, 0x07, 0x11, 0x07, 0x11,
    0x07, 0x11, 0x07, 0x11, 0x07, 0x11, 0x07, 0x11, 0x07, 0x11, 0x07, 0x11, 0x07, 0x11, 0x07, 0x11,
    0x07, 0x11, 0x07, 0x11, 0x07, 0x11, 0x07, 0x11, 0x07, 0x11, 0x07, 0x11, 0x07, 0x11, 0x27, 0x11,
    0x27, 0x11, 0x27, 0x11, 0x27, 0x11, 0x27, 0x11, 0x27, 0x11, 0x27, 0x11, 0x27, 0x11, 0x27, 0x11,
    0x27, 0x11, 0x27, 0x11, 0x27, 0x11, 0x27, 0x11, 0x27, 0x11, 0x27, 0x11, 0x27, 0x11, 0x27, 0x11,
    0x27, 0x19, 0x28, 0x19, 0x28, 0x19, 0x28, 0x19, 0x28, 0x19, 0x28, 0x19, 0x28, 0x19, 0x28, 0x19,
    0x28, 0x19, 0x28, 0x19, 0x28, 0x19, 0x28, 0x19, 0x28, 0x19, 0x28, 0x19, 0x28, 0x19, 0x28, 0x19,
    0x28, 0x19, 0x28, 0x19, 0x28, 0x19, 0x28, 0x19, 0x28, 0x19, 0x28, 0x19, 0x48, 0x19, 0x48, 0x19,
    0x48, 0x19, 0x48, 0x19, 0x48, 0x19, 0x48, 0x19, 0x48, 0x19, 0x48, 0x19, 0x48, 0x19, 0x48, 0x19,
    0x48, 0x19, 0x48, 0x19, 0x48, 0x19, 0x48, 0x19, 0x48, 0x19, 0x48, 0x19, 0x48, 0x19, 0x48, 0x19,
    0x48, 0x19, 0x48, 0x19, 0x48, 0x19, 0x48, 0x19, 0x48, 0x19, 0x48, 0x19, 0x48, 0x19, 0x48, 0x19,
    0x48, 0x19, 0x48, 0x19, 0x48, 0x19, 0x48, 0x19, 0x48, 0x19, 0x48, 0x19, 0x48, 0x19, 0x48, 0x19,
    0x48, 0x19, 0x48, 0x19, 0x48, 0x19, 0x48, 0x19, 0x48, 0x19, 0x48, 0x19, 0x48, 0x19, 0x48, 0x19,
    0x48, 0x19, 0x48, 0x19, 0x48, 0x19, 0x48, 0x19, 0x48, 0x19, 0x48, 0x19, 0x48, 0x19, 0x48, 0x19,
    0x48, 0x19, 0x48, 0x19, 0x48, 0x19, 0x48, 0x19, 0x48, 0x19, 0x48, 0x19, 0x48, 0x19, 0x48, 0x19,
    0x48, 0x19, 0x48, 0x19, 0x48, 0x19, 0x48, 0x19, 0x48, 0x19, 0x48, 0x19, 0x48, 0x19, 0x48, 0x19,
    0x48, 0x19, 0x48, 0x19, 0x48, 0x19, 0x28, 0x19, 0x28, 0x19, 0x28, 0x19, 0x28, 0x19, 0x28, 0x19,
    0x28, 0x19, 0x28, 0x19, 0x28, 0x19, 0x28, 0x19, 0x28, 0x19, 0x28, 0x19, 0x28, 0x19, 0x28, 0x19,
    0x28, 0x19, 0x28, 0x19, 0x28, 0x19, 0x28, 0x19, 0x28, 0x19, 0x28, 0x19, 0x28, 0x19, 0x28, 0x19,
    0x27, 0x19, 0x27, 0x11, 0x27, 0x11, 0x27, 0x11, 0x27, 0x11, 0x27, 0x11, 0x27, 0x11, 0x27, 0x11,
    0x27, 0x11, 0x27, 0x11, 0x27, 0x11, 0x27, 0x11, 0x27, 0x11, 0x27, 0x11, 0x27, 0x11, 0x27, 0x11,
    0x27, 0x11, 0x27, 0x11, 0x07, 0x11, 0x07, 0x11, 0x07, 0x11, 0x07, 0x11, 0x07, 0x11, 0x07, 0x11,
    0x07, 0x11, 0x07, 0x11, 0x07, 0x11, 0x07, 0x11, 0x07, 0x11, 0x07, 0x11, 0x07, 0x11, 0x07, 0x11,
    0x07, 0x11, 0x07, 0x11, 0x07, 0x11, 0x07, 0x11, 0x07, 0x11, 0x07, 0x11, 0x07, 0x11, 0x07, 0x11,
    0x07, 0x11, 0x07, 0x11, 0x07, 0x11, 0x07, 0x11, 0x07, 0x11, 0x07, 0x11, 0x07, 0x11, 0x07, 0x11,
    0x06, 0x11, 0x06, 0x11, 0x06, 0x11, 0xE6, 0x10, 0xE6, 0x10, 0xE6, 0x10, 0xE6, 0x10, 0xE6, 0x10,
    0xE6, 0x10, 0xE6, 0x10, 0xE6, 0x10, 0xE6, 0x10, 0xE6, 0x10, 0xE6, 0x10, 0xE6, 0x10, 0xE6, 0x10,
    0xE6, 0x10, 0xE6, 0x10, 0xE6, 0x10, 0xE6, 0x10, 0xE6, 0x10, 0xE6, 0x10, 0xE6, 0x10, 0xE6, 0x10,
    0xE6, 0x10, 0xE6, 0x10, 0xE6, 0x10, 0xE6, 0x10, 0xE6, 0x10, 0x06, 0x11, 0x06, 0x11, 0x06, 0x11,
    0x07, 0x11, 0x07, 0x11, 0x07, 0x11, 0x07, 0x11, 0x07, 0x11, 0x07, 0x11, 0x07, 0x11, 0x07, 0x11,
    0x07, 0x11, 0x07, 0x11, 0x07, 0x11, 0x07, 0x11, 0x07, 0x11, 0x07, 0x11, 0x07, 0x11, 0x07, 0x11,
    0x07, 0x11, 0x07, 0x11, 0x07, 0x11, 0x07, 0x11, 0x07, 0x11, 0x07, 0x11, 0x07, 0x11, 0x07, 0x11,
    0x07, 0x11, 0x07, 0x11, 0x07, 0x11, 0x07, 0x11, 0x07, 0x11, 0x07, 0x11, 0x07, 0x11, 0x27, 0x11,
    0x27, 0x11, 0x27, 0x11, 0x27, 0x11, 0x27, 0x11, 0x27, 0x11, 0x27, 0x11, 0x27, 0x11, 0x27, 0x11,
    0x27, 0x11, 0x27, 0x11, 0x27, 0x11, 0x27, 0x11, 0x27, 0x11, 0x27, 0x11, 0x27, 0x11, 0x27, 0x19,
    0x28, 0x19, 0x28, 0x19, 0x28, 0x19, 0x28, 0x19, 0x28, 0x19, 0x28, 0x19, 0x28, 0x19, 0x28, 0x19,
    0x28, 0x19, 0x28, 0x19, 0x28, 0x19, 0x28, 0x19, 0x28, 0x19, 0x28, 0x19, 0x28, 0x19, 0x28, 0x19,
    0x28, 0x19, 0x28, 0x19, 0x28, 0x19, 0x28, 0x19, 0x28, 0x19, 0x48, 0x19, 0x48, 0x19, 0x48, 0x19,
    0x48, 0x19, 0x48, 0x19, 0x48, 0x19, 0x48, 0x19, 0x48, 0x19, 0x48, 0x19, 0x48, 0x19, 0x48, 0x19,
    0x48, 0x19, 0x48, 0x19, 0x48, 0x19, 0x48, 0x19, 0x48, 0x19, 0x48, 0x19, 0x48, 0x19, 0x48, 0x19,
    0x48, 0x19, 0x48, 0x19, 0x48, 0x19, 0x48, 0x19, 0x48, 0x19, 0x48, 0x19, 0x48, 0x19, 0x48, 0x19,
    0x48, 0x19, 0x48, 0x19, 0x48, 0x19, 0x48, 0x19, 0x48, 0x19, 0x48, 0x19, 0x48, 0x19, 0x48, 0x19,
    0x48, 0x19, 0x48, 0x19, 0x48, 0x19, 0x48, 0x19, 0x48, 0x19, 0x48, 0x19, 0x48, 0x19, 0x48, 0x19,
    0x48, 0x19, 0x48, 0x19, 0x48, 0x19, 0x48, 0x19, 0x48, 0x19, 0x48, 0x19, 0x48, 0x19, 0x48, 0x19,
    0x48, 0x19, 0x48, 0x19, 0x48, 0x19, 0x48, 0x19, 0x48, 0x19, 0x48, 0x19, 0x48, 0x19, 0x48, 0x19,
    0x48, 0x19, 0x48, 0x19, 0x48, 0x19, 0x48, 0x19, 0x48, 0x19, 0x48, 0x19, 0x48, 0x19, 0x48, 0x19,
    0x48, 0x19, 0x48, 0x19, 0x48, 0x19, 0x48, 0x19, 0x28, 0x19, 0x28, 0x19, 0x28, 0x19, 0x28, 0x19,
    0x28, 0x19, 0x28, 0x19, 0x28, 0x19, 0x28, 0x19, 0x28, 0x19, 0x28, 0x19, 0x28, 0x19, 0x28, 0x19,
    0x28, 0x19, 0x28, 0x19, 0x28, 0x19, 0x28, 0x19, 0x28, 0x19, 0x28, 0x19, 0x28, 0x19, 0x28, 0x19,
    0x28, 0x19, 0x27, 0x19, 0x27, 0x11, 0x27, 0x11, 0x27, 0x11, 0x27, 0x11, 0x27, 0x11, 0x27, 0x11,
    0x27, 0x11, 0x27, 0x11, 0x27, 0x11, 0x27, 0x11, 0x27, 0x11, 0x27, 0x11, 0x27, 0x11, 0x27, 0x11,
    0x27, 0x11, 0x27, 0x11, 0x07, 0x11, 0x07, 0x11, 0x07, 0x11, 0x07, 0x11, 0x07, 0x11, 0x07, 0x11,
    0x07, 0x11, 0x07, 0x11, 0x07, 0x11, 0x07, 0x11, 0x07, 0x11, 0x07, 0x11, 0x07, 0x11, 0x07, 0x11,
    0x07, 0x11, 0x07, 0x11, 0x07, 0x11, 0x07, 0x11, 0x07, 0x11, 0x07, 0x11, 0x07, 0x11, 0x07, 0x11,
    0x07, 0x11, 0x07, 0x11, 0x07, 0x11, 0x07, 0x11, 0x07, 0x11, 0x07, 0x11, 0x07, 0x11, 0x07, 0x11,
    0x07, 0x11, 0x06, 0x11, 0x06, 0x11, 0x06, 0x11, 0xE6, 0x10, 0xE6, 0x10, 0xE6, 0x10, 0xE6, 0x10,
    0xE6, 0x10, 0xE6, 0x10, 0xE6, 0x10, 0xE6, 0x10, 0xE6, 0x10, 0xE6, 0x10, 0xE6, 0x10, 0xE6, 0x10,
    0x07, 0x11, 0x07, 0x11, 0x07, 0x11, 0x07, 0x11, 0x07, 0x11, 0x07, 0x11, 0x07, 0x11, 0x07, 0x11,
    0x07, 0x11, 0x07, 0x11, 0x07, 0x11, 0x07, 0x11, 0x07, 0x11, 0x07, 0x11, 0x07, 0x11, 0x07, 0x11,
    0x07, 0x11, 0x07, 0x11, 0x07, 0x11, 0x07, 0x11, 0x07, 0x11, 0x07, 0x11, 0x07, 0x11, 0x07, 0x11,
    0x07, 0x11, 0x07, 0x11, 0x27, 0x11, 0x27, 0x11, 0x27, 0x11, 0x27, 0x11, 0x27, 0x11, 0x27, 0x11,
    0x27, 0x11, 0x27, 0x11, 0x27, 0x11, 0x27, 0x11, 0x28, 0x11, 0x28, 0x11, 0x28, 0x11, 0x28, 0x11,
    0x28, 0x11, 0x28, 0x11, 0x28, 0x11, 0x28, 0x11, 0x28, 0x11, 0x28, 0x11, 0x28, 0x19, 0x28, 0x19,
    0x28, 0x19, 0x28, 0x19, 0x28, 0x19, 0x28, 0x19, 0x28, 0x19, 0x28, 0x19, 0x28, 0x19, 0x28, 0x19,
    0x28, 0x19, 0x28, 0x19, 0x48, 0x19, 0x48, 0x19, 0x48, 0x19, 0x48, 0x19, 0x48, 0x19, 0x48, 0x19,
    0x48, 0x19, 0x48, 0x19, 0x48, 0x19, 0x48, 0x19, 0x48, 0x19, 0x48, 0x19, 0x48, 0x19, 0x48, 0x19,
    0x48, 0x19, 0x48, 0x19, 0x48, 0x19, 0x48, 0x19, 0x48, 0x19, 0x48, 0x19, 0x48, 0x19, 0x48, 0x19,
    0x48, 0x19, 0x48, 0x19, 0x48, 0x19, 0x48, 0x19, 0x48, 0x19, 0x48, 0x19, 0x48, 0x19, 0x49, 0x19,
    0x49, 0x19, 0x49, 0x19, 0x49, 0x19, 0x49, 0x19, 0x49, 0x19, 0x49, 0x19, 0x49, 0x19, 0x49, 0x19,
    0x49, 0x19, 0x69, 0x19, 0x69, 0x19, 0x69, 0x19, 0x69, 0x19, 0x69, 0x19, 0x69, 0x19, 0x69, 0x19,
    0x69, 0x19, 0x69, 0x19, 0x69, 0x19, 0x69, 0x19, 0x69, 0x19, 0x69, 0x19, 0x69, 0x19, 0x69, 0x19,
    0x69, 0x19, 0x69, 0x19, 0x69, 0x19, 0x69, 0x19, 0x69, 0x19, 0x69, 0x19, 0x69, 0x19, 0x69, 0x19,
    0x69, 0x19, 0x69, 0x19, 0x69, 0x19, 0x69, 0x19, 0x69, 0x19, 0x69, 0x19, 0x69, 0x19, 0x69, 0x19,
    0x69, 0x19, 0x69, 0x19, 0x69, 0x19, 0x69, 0x19, 0x69, 0x19, 0x69, 0x19, 0x69, 0x19, 0x69, 0x19,
    0x69, 0x19, 0x69, 0x19, 0x69, 0x19, 0x69, 0x19, 0x69, 0x19, 0x69, 0x19, 0x69, 0x19, 0x69, 0x19,
    0x49, 0x19, 0x49, 0x19, 0x49, 0x19, 0x49, 0x19, 0x49, 0x19, 0x49, 0x19, 0x49, 0x19, 0x49, 0x19,
    0x49, 0x19, 0x49, 0x19, 0x48, 0x19, 0x48, 0x19, 0x48, 0x19, 0x48, 0x19, 0x48, 0x19, 0x48, 0x19,
    0x48, 0x19, 0x48, 0x19, 0x48, 0x19, 0x48, 0x19, 0x48, 0x19, 0x48, 0x19, 0x48, 0x19, 0x48, 0x19,
    0x48, 0x19, 0x48, 0x19, 0x48, 0x19, 0x48, 0x19, 0x48, 0x19, 0x48, 0x19, 0x48, 0x19, 0x48, 0x19,
    0x48, 0x19, 0x48, 0x19, 0x48, 0x19, 0x48, 0x19, 0x48, 0x19, 0x48, 0x19, 0x48, 0x19, 0x28, 0x19,
    0x28, 0x19, 0x28, 0x19, 0x28, 0x19, 0x28, 0x19, 0x28, 0x19, 0x28, 0x19, 0x28, 0x19, 0x28, 0x19,
    0x28, 0x19, 0x28, 0x19, 0x28, 0x19, 0x28, 0x11, 0x28, 0x11, 0x28, 0x11, 0x28, 0x11, 0x28, 0x11,
    0x28, 0x11, 0x28, 0x11, 0x28, 0x11, 0x28, 0x11, 0x28, 0x11, 0x27, 0x11, 0x27, 0x11, 0x27, 0x11,
    0x27, 0x11, 0x27, 0x11, 0x27, 0x11, 0x27, 0x11, 0x27, 0x11, 0x27, 0x11, 0x27, 0x11, 0x07, 0x11,
    0x07, 0x11, 0x07, 0x11, 0x07, 0x11, 0x07, 0x11, 0x07, 0x11, 0x07, 0x11, 0x07, 0x11, 0x07, 0x11,
    0x07, 0x11, 0x07, 0x11, 0x07, 0x11, 0x07, 0x11, 0x07, 0x11, 0x07, 0x11, 0x07, 0x11, 0x07, 0x11,
    0x07, 0x11, 0x07, 0x11, 0x07, 0x11, 0x07, 0x11, 0x07, 0x11, 0x07, 0x11, 0x07, 0x11, 0x07, 0x11,
    0xE6, 0x10, 0xE6, 0x10, 0xE6, 0x10, 0xE6, 0x10, 0xE6, 0x10, 0xE6, 0x10, 0xE6, 0x10, 0xE6, 0x10,
    0xE6, 0x10, 0xE6, 0x10, 0xE6, 0x10, 0xE6, 0x10, 0x06, 0x11, 0x06, 0x11, 0x07, 0x11, 0x07, 0x11,
    0x07, 0x11, 0x07, 0x11, 0x07, 0x11, 0x07, 0x11, 0x07, 0x11, 0x07, 0x11, 0x07, 0x11, 0x07, 0x11,
    0x07, 0x11, 0x07, 0x11, 0x07, 0x11, 0x07, 0x11, 0x07, 0x11, 0x07, 0x11, 0x07, 0x11, 0x07, 0x11,
    0x07, 0x11, 0x07, 0x11, 0x07, 0x11, 0x07, 0x11, 0x07, 0x11, 0x07, 0x11, 0x07, 0x11, 0x07, 0x11,
    0x07, 0x11, 0x07, 0x11, 0x07, 0x11, 0x07, 0x11, 0x07, 0x11, 0x27, 0x11, 0x27, 0x11, 0x27, 0x11,
    0x27, 0x11, 0x27, 0x11, 0x27, 0x11, 0x27, 0x11, 0x27, 0x11, 0x27, 0x11, 0x27, 0x11, 0x27, 0x11,
    0x27, 0x11, 0x27, 0x11, 0x27, 0x11, 0x27, 0x11, 0x27, 0x11, 0x27, 0x11, 0x28, 0x19, 0x28, 0x19,
    0x28, 0x19, 0x28, 0x19, 0x28, 0x19, 0x28, 0x19, 0x28, 0x19, 0x28, 0x19, 0x28, 0x19, 0x28, 0x19,
    0x28, 0x19, 0x28, 0x19, 0x28, 0x19, 0x28, 0x19, 0x28, 0x19, 0x28, 0x19, 0x28, 0x19, 0x28, 0x19,
    0x28, 0x19, 0x28, 0x19, 0x28, 0x19, 0x48, 0x19, 0x48, 0x19, 0x48, 0x19, 0x48, 0x19, 0x48, 0x19,
    0x48, 0x19, 0x48, 0x19, 0x48, 0x19, 0x48, 0x19, 0x48, 0x19, 0x48, 0x19, 0x48, 0x19, 0x48, 0x19,
    0x48, 0x19, 0x48, 0x19, 0x48, 0x19, 0x48, 0x19, 0x48, 0x19, 0x48, 0x19, 0x48, 0x19, 0x48, 0x19,
    0x48, 0x19, 0x48, 0x19, 0x48, 0x19, 0x48, 0x19, 0x48, 0x19, 0x48, 0x19, 0x48, 0x19, 0x48, 0x19,
    0x48, 0x19, 0x48, 0x19, 0x48, 0x19, 0x48, 0x19, 0x48, 0x19, 0x48, 0x19, 0x48, 0x19, 0x48, 0x19,
    0x48, 0x19, 0x48, 0x19, 0x48, 0x19, 0x48, 0x19, 0x48, 0x19, 0x48, 0x19, 0x48, 0x19, 0x48, 0x19,
    0x48, 0x19, 0x48, 0x19, 0x48, 0x19, 0x48, 0x19, 0x48, 0x19, 0x48, 0x19, 0x48, 0x19, 0x48, 0x19,
    0x48, 0x19, 0x48, 0x19, 0x48, 0x19, 0x48, 0x19, 0x48, 0x19, 0x48, 0x19, 0x48, 0x19, 0x48, 0x19,
    0x48, 0x19, 0x48, 0x19, 0x48, 0x19, 0x48, 0x19, 0x48, 0x19, 0x48, 0x19, 0x48, 0x19, 0x48, 0x19,
    0x48, 0x19, 0x48, 0x19, 0x48, 0x19, 0x48, 0x19, 0x48, 0x19, 0x48, 0x19, 0x28, 0x19, 0x28, 0x19,
    0x28, 0x19, 0x28, 0x19, 0x28, 0x19, 0x28, 0x19, 0x28, 0x19, 0x28, 0x19, 0x28, 0x19, 0x28, 0x19,
    0x28, 0x19, 0x28, 0x19, 0x28, 0x19, 0x28, 0x19, 0x28, 0x19, 0x28, 0x19, 0x28, 0x19, 0x28, 0x19,
    0x28, 0x19, 0x28, 0x19, 0x28, 0x19, 0x27, 0x11, 0x27, 0x11, 0x27, 0x11, 0x27, 0x11, 0x27, 0x11,
    0x27, 0x11, 0x27, 0x11, 0x27, 0x11, 0x27, 0x11, 0x27, 0x11, 0x27, 0x11, 0x27, 0x11, 0x27, 0x11,
    0x27, 0x11, 0x27, 0x11, 0x27, 0x11, 0x27, 0x11, 0x07, 0x11, 0x07, 0x11, 0x07, 0x11, 0x07, 0x11,
    0x07, 0x11, 0x07, 0x11, 0x07, 0x11, 0x07, 0x11, 0x07, 0x11, 0x07, 0x11, 0x07, 0x11, 0x07, 0x11,
    0x07, 0x11, 0x07, 0x11, 0x07, 0x11, 0x07, 0x11, 0x07, 0x11, 0x07, 0x11, 0x07, 0x11, 0x07, 0x11,
    0x07, 0x11, 0x07, 0x11, 0x07, 0x11, 0x07, 0x11, 0x07, 0x11, 0x07, 0x11, 0x07, 0x11, 0x07, 0x11,
    0x07, 0x11, 0x07, 0x11, 0x07, 0x11, 0x06, 0x11, 0x06, 0x11, 0xE6, 0x10, 0xE6, 0x10, 0xE6, 0x10,
    0xE6, 0x10, 0xE6, 0x10, 0xE6, 0x10, 0xE6, 0x10, 0xE6, 0x10, 0xE6, 0x10, 0xE6, 0x10, 0xE6, 0x10,
    0xE6, 0x10, 0xE6, 0x10, 0xE6, 0x10, 0xE6, 0x10, 0xE6, 0x10, 0xE6, 0x10, 0xE6, 0x10, 0xE6, 0x10,
    0xE6, 0x10, 0xE6, 0x10, 0xE6, 0x10, 0x06, 0x11, 0x06, 0x11, 0x07, 0x11, 0x07, 0x11, 0x07, 0x11,
    0x07, 0x11, 0x07, 0x11, 0x07, 0x11, 0x07, 0x11, 0x07, 0x11, 0x07, 0x11, 0x07, 0x11, 0x07, 0x11,
    0x07, 0x11, 0x07, 0x11, 0x07, 0x11, 0x07, 0x11, 0x07, 0x11, 0x07, 0x11, 0x07, 0x11, 0x07, 0x11,
    0x07, 0x11, 0x07, 0x11, 0x07, 0x11, 0x07, 0x11, 0x07, 0x11, 0x07, 0x11, 0x07, 0x11, 0x07, 0x11,
    0x07, 0x11, 0x07, 0x11, 0x07, 0x11, 0x07, 0x11, 0x27, 0x11, 0x27, 0x11, 0x27, 0x11, 0x27, 0x11,
    0x27, 0x11, 0x27, 0x11, 0x27, 0x11, 0x27, 0x11, 0x27, 0x11, 0x27, 0x11, 0x27, 0x11, 0x27, 0x11,
    0x27, 0x11, 0x27, 0x11, 0x27, 0x11, 0x27, 0x11, 0x27, 0x11, 0x28, 0x11, 0x28, 0x19, 0x28, 0x19,
    0x28, 0x19, 0x28, 0x19, 0x28, 0x19, 0x28, 0x19, 0x28, 0x19, 0x28, 0x19, 0x28, 0x19, 0x28, 0x19,
    0x28, 0x19, 0x28, 0x19, 0x28, 0x19, 0x28, 0x19, 0x28, 0x19, 0x28, 0x19, 0x28, 0x19, 0x28, 0x19,
    0x28, 0x19, 0x28, 0x19, 0x48, 0x19, 0x48, 0x19, 0x48, 0x19, 0x48, 0x19, 0x48, 0x19, 0x48, 0x19,
    0x48, 0x19, 0x48, 0x19, 0x48, 0x19, 0x48, 0x19, 0x48, 0x19, 0x48, 0x19, 0x48, 0x19, 0x48, 0x19,
    0x48, 0x19, 0x48, 0x19, 0x48, 0x19, 0x48, 0x19, 0x48, 0x19, 0x48, 0x19, 0x48, 0x19, 0x48, 0x19,
    0x48, 0x19, 0x48, 0x19, 0x48, 0x19, 0x48, 0x19, 0x48, 0x19, 0x48, 0x19, 0x48, 0x19, 0x48, 0x19,
    0x48, 0x19, 0x48, 0x19, 0x48, 0x19, 0x48, 0x19, 0x48, 0x19, 0x48, 0x19, 0x48, 0x19, 0x48, 0x19,
    0x48, 0x19, 0x48, 0x19, 0x48, 0x19, 0x48, 0x19, 0x48, 0x19, 0x48, 0x19, 0x48, 0x19, 0x48, 0x19,
    0x48, 0x19, 0x48, 0x19, 0x48, 0x19, 0x48, 0x19, 0x48, 0x19, 0x48, 0x19, 0x48, 0x19, 0x48, 0x19,
    0x48, 0x19, 0x48, 0x19, 0x48, 0x19, 0x48, 0x19, 0x48, 0x19, 0x48, 0x19, 0x48, 0x19, 0x48, 0x19,
    0x48, 0x19, 0x48, 0x19, 0x48, 0x19, 0x48, 0x19, 0x48, 0x19, 0x48, 0x19, 0x48, 0x19, 0x48, 0x19,
    0x48, 0x19, 0x48, 0x19, 0x48, 0x19, 0x48, 0x19, 0x48, 0x19, 0x48, 0x19, 0x48, 0x19, 0x28, 0x19,
    0x28, 0x19, 0x28, 0x19, 0x28, 0x19, 0x28, 0x19, 0x28, 0x19, 0x28, 0x19, 0x28, 0x19, 0x28, 0x19,
    0x28, 0x19, 0x28, 0x19, 0x28, 0x19, 0x28, 0x19, 0x28, 0x19, 0x28, 0x19, 0x28, 0x19, 0x28, 0x19,
    0x28, 0x19, 0x28, 0x19, 0x28, 0x19, 0x28, 0x11, 0x27, 0x11, 0x27, 0x11, 0x27, 0x11, 0x27, 0x11,
    0x27, 0x11, 0x27, 0x11, 0x27, 0x11, 0x27, 0x11, 0x27, 0x11, 0x27, 0x11, 0x27, 0x11, 0x27, 0x11,
    0x27, 0x11, 0x27, 0x11, 0x27, 0x11, 0x27, 0x11, 0x27, 0x11, 0x07, 0x11, 0x07, 0x11, 0x07, 0x11,
    0x07, 0x11, 0x07, 0x11, 0x07, 0x11, 0x07, 0x11, 0x07, 0x11, 0x07, 0x11, 0x07, 0x11, 0x07, 0x11,
    0x07, 0x11, 0x07, 0x11, 0x07, 0x11, 0x07, 0x11, 0x07, 0x11, 0x07, 0x11, 0x07, 0x11, 0x07, 0x11,
    0x07, 0x11, 0x07, 0x11, 0x07, 0x11, 0x07, 0x11, 0x07, 0x11, 0x07, 0x11, 0x07, 0x11, 0x07, 0x11,
    0x07, 0x11, 0x07, 0x11, 0x07, 0x11, 0x07, 0x11, 0x06, 0x11, 0x06, 0x11, 0xE6, 0x10, 0xE6, 0x10,
    0xE6, 0x10, 0xE6, 0x10, 0xE6, 0x10, 0xE6, 0x10, 0xE6, 0x10, 0xE6, 0x10, 0xE6, 0x10, 0xE6, 0x10,
    0x07, 0x11, 0x07, 0x11, 0x07, 0x11, 0x07, 0x11, 0x07, 0x11, 0x07, 0x11, 0x07, 0x11, 0x07, 0x11,
    0x07, 0x11, 0x07, 0x11, 0x07, 0x11, 0x07, 0x11, 0x07, 0x11, 0x07, 0x11, 0x07, 0x11, 0x07, 0x11,
    0x07, 0x11, 0x07, 0x11, 0x07, 0x11, 0x07, 0x11, 0x07, 0x11, 0x07, 0x11, 0x07, 0x11, 0x27, 0x11,
    0x27, 0x11, 0x27, 0x11, 0x27, 0x11, 0x27, 0x11, 0x27, 0x11, 0x27, 0x11, 0x27, 0x11, 0x27, 0x11,
    0x27, 0x11, 0x27, 0x11, 0x28, 0x11, 0x28, 0x11, 0x28, 0x11, 0x28, 0x11, 0x28, 0x11, 0x28, 0x11,
    0x28, 0x11, 0x28, 0x11, 0x28, 0x11, 0x28, 0x11, 0x28, 0x11, 0x28, 0x19, 0x28, 0x19, 0x28, 0x19,
    0x28, 0x19, 0x28, 0x19, 0x28, 0x19, 0x28, 0x19, 0x28, 0x19, 0x28, 0x19, 0x28, 0x19, 0x28, 0x19,
    0x48, 0x19, 0x48, 0x19, 0x48, 0x19, 0x48, 0x19, 0x48, 0x19, 0x48, 0x19, 0x48, 0x19, 0x48, 0x19,
    0x48, 0x19, 0x48, 0x19, 0x48, 0x19, 0x48, 0x19, 0x48, 0x19, 0x48, 0x19, 0x48, 0x19, 0x48, 0x19,
    0x48, 0x19, 0x48, 0x19, 0x48, 0x19, 0x48, 0x19, 0x48, 0x19, 0x48, 0x19, 0x48, 0x19, 0x48, 0x19,
    0x48, 0x19, 0x48, 0x19, 0x48, 0x19, 0x49, 0x19, 0x49, 0x19, 0x49, 0x19, 0x49, 0x19, 0x49, 0x19,
    0x49, 0x19, 0x49, 0x19, 0x49, 0x19, 0x49, 0x19, 0x49, 0x19, 0x49, 0x19, 0x69, 0x19, 0x69, 0x19,
    0x69, 0x19, 0x69, 0x19, 0x69, 0x19, 0x69, 0x19, 0x69, 0x19, 0x69, 0x19, 0x69, 0x19, 0x69, 0x19,
    0x69, 0x19, 0x69, 0x19, 0x69, 0x19, 0x69, 0x19, 0x69, 0x19, 0x69, 0x19, 0x69, 0x19, 0x69, 0x19,
    0x69, 0x19, 0x69, 0x19, 0x69, 0x19, 0x69, 0x19, 0x69, 0x19, 0x69, 0x19, 0x69, 0x19, 0x69, 0x19,
    0x69, 0x19, 0x69, 0x19, 0x69, 0x19, 0x69, 0x19, 0x69, 0x19, 0x69, 0x19, 0x69, 0x19, 0x69, 0x19,
    0x69, 0x19, 0x69, 0x19, 0x69, 0x19, 0x69, 0x19, 0x69, 0x19, 0x69, 0x19, 0x69, 0x19, 0x69, 0x19,
    0x69, 0x19, 0x69, 0x19, 0x69, 0x19, 0x69, 0x19, 0x69, 0x19, 0x69, 0x19, 0x69, 0x19, 0x69, 0x19,
    0x69, 0x19, 0x69, 0x19, 0x69, 0x19, 0x49, 0x19, 0x49, 0x19, 0x49, 0x19, 0x49, 0x19, 0x49, 0x19,
    0x49, 0x19, 0x49, 0x19, 0x49, 0x19, 0x49, 0x19, 0x49, 0x19, 0x49, 0x19, 0x48, 0x19, 0x48, 0x19,
    0x48, 0x19, 0x48, 0x19, 0x48, 0x19, 0x48, 0x19, 0x48, 0x19, 0x48, 0x19, 0x48, 0x19, 0x48, 0x19,
    0x48, 0x19, 0x48, 0x19, 0x48, 0x19, 0x48, 0x19, 0x48, 0x19, 0x48, 0x19, 0x48, 0x19, 0x48, 0x19,
    0x48, 0x19, 0x48, 0x19, 0x48, 0x19, 0x48, 0x19, 0x48, 0x19, 0x48, 0x19, 0x48, 0x19, 0x48, 0x19,
    0x48, 0x19, 0x28, 0x19, 0x28, 0x19, 0x28, 0x19, 0x28, 0x19, 0x28, 0x19, 0x28, 0x19, 0x28, 0x19,
    0x28, 0x19, 0x28, 0x19, 0x28, 0x19, 0x28, 0x19, 0x28, 0x11, 0x28, 0x11, 0x28, 0x11, 0x28, 0x11,
    0x28, 0x11, 0x28, 0x11, 0x28, 0x11, 0x28, 0x11, 0x28, 0x11, 0x28, 0x11, 0x28, 0x11, 0x27, 0x11,
    0x27, 0x11, 0x27, 0x11, 0x27, 0x11, 0x27, 0x11, 0x27, 0x11, 0x27, 0x11, 0x27, 0x11, 0x27, 0x11,
    0x27, 0x11, 0x27, 0x11, 0x07, 0x11, 0x07, 0x11, 0x07, 0x11, 0x07, 0x11, 0x07, 0x11, 0x07, 0x11,
    0x07, 0x11, 0x07, 0x11, 0x07, 0x11, 0x07, 0x11, 0x07, 0x11, 0x07, 0x11, 0x07, 0x11, 0x07, 0x11,
    0x07, 0x11, 0x07, 0x11, 0x07, 0x11, 0x07, 0x11, 0x07, 0x11, 0x07, 0x11, 0x07, 0x11, 0x07, 0x11,
    0xE6, 0x10, 0xE6, 0x10, 0xE6, 0x10, 0xE6, 0x10, 0xE6, 0x10, 0xE6, 0x10, 0xE6, 0x10, 0xE6, 0x10,
    0xE6, 0x10, 0xE6, 0x10, 0x06, 0x11, 0x06, 0x11, 0x07, 0x11, 0x07, 0x11, 0x07, 0x11, 0x07, 0x11,
    0x07, 0x11, 0x07, 0x11, 0x07, 0x11, 0x07, 0x11, 0x07, 0x11, 0x07, 0x11, 0x07, 0x11, 0x07, 0x11,
    0x07, 0x11, 0x07, 0x11, 0x07, 0x11, 0x07, 0x11, 0x07, 0x11, 0x07, 0x11, 0x07, 0x11, 0x07, 0x11,
    0x07, 0x11, 0x07, 0x11, 0x07, 0x11, 0x07, 0x11, 0x07, 0x11, 0x07, 0x11, 0x07, 0x11, 0x07, 0x11,
    0x07, 0x11, 0x07, 0x11, 0x07, 0x11, 0x27, 0x11, 0x27, 0x11, 0x27, 0x11, 0x27, 0x11, 0x27, 0x11,
    0x27, 0x11, 0x27, 0x11, 0x27, 0x11, 0x27, 0x11, 0x27, 0x11, 0x27, 0x11, 0x27, 0x11, 0x27, 0x11,
    0x27, 0x11, 0x27, 0x11, 0x28, 0x11, 0x28, 0x11, 0x28, 0x11, 0x28, 0x19, 0x28, 0x19, 0x28, 0x19,
    0x28, 0x19, 0x28, 0x19, 0x28, 0x19, 0x28, 0x19, 0x28, 0x19, 0x28, 0x19, 0x28, 0x19, 0x28, 0x19,
    0x28, 0x19, 0x28, 0x19, 0x28, 0x19, 0x28, 0x19, 0x28, 0x19, 0x28, 0x19, 0x28, 0x19, 0x28, 0x19,
    0x48, 0x19, 0x48, 0x19, 0x48, 0x19, 0x48, 0x19, 0x48, 0x19, 0x48, 0x19, 0x48, 0x19, 0x48, 0x19,
    0x48, 0x19, 0x48, 0x19, 0x48, 0x19, 0x48, 0x19, 0x48, 0x19, 0x48, 0x19, 0x48, 0x19, 0x48, 0x19,
    0x48, 0x19, 0x48, 0x19, 0x48, 0x19, 0x48, 0x19, 0x48, 0x19, 0x48, 0x19, 0x48, 0x19, 0x48, 0x19,
    0x48, 0x19, 0x48, 0x19, 0x48, 0x19, 0x48, 0x19, 0x48, 0x19, 0x48, 0x19, 0x48, 0x19, 0x48, 0x19,
    0x48, 0x19, 0x48, 0x19, 0x48, 0x19, 0x48, 0x19, 0x48, 0x19, 0x48, 0x19, 0x48, 0x19, 0x48, 0x19,
    0x48, 0x19, 0x48, 0x19, 0x48, 0x19, 0x48, 0x19, 0x48, 0x19, 0x48, 0x19, 0x48, 0x19, 0x48, 0x19,
    0x48, 0x19, 0x48, 0x19, 0x48, 0x19, 0x48, 0x19, 0x48, 0x19, 0x48, 0x19, 0x48, 0x19, 0x48, 0x19,
    0x48, 0x19, 0x48, 0x19, 0x48, 0x19, 0x48, 0x19, 0x48, 0x19, 0x48, 0x19, 0x48, 0x19, 0x48, 0x19,
    0x48, 0x19, 0x48, 0x19, 0x48, 0x19, 0x48, 0x19, 0x48, 0x19, 0x48, 0x19, 0x48, 0x19, 0x48, 0x19,
    0x48, 0x19, 0x48, 0x19, 0x48, 0x19, 0x48, 0x19, 0x48, 0x19, 0x48, 0x19, 0x48, 0x19, 0x48, 0x19,
    0x48, 0x19, 0x28, 0x19, 0x28, 0x19, 0x28, 0x19, 0x28, 0x19, 0x28, 0x19, 0x28, 0x19, 0x28, 0x19,
    0x28, 0x19, 0x28, 0x19, 0x28, 0x19, 0x28, 0x19, 0x28, 0x19, 0x28, 0x19, 0x28, 0x19, 0x28, 0x19,
    0x28, 0x19, 0x28, 0x19, 0x28, 0x19, 0x28, 0x19, 0x28, 0x11, 0x28, 0x11, 0x28, 0x11, 0x27, 0x11,
    0x27, 0x11, 0x27, 0x11, 0x27, 0x11, 0x27, 0x11, 0x27, 0x11, 0x27, 0x11, 0x27, 0x11, 0x27, 0x11,
    0x27, 0x11, 0x27, 0x11, 0x27, 0x11, 0x27, 0x11, 0x27, 0x11, 0x27, 0x11, 0x07, 0x11, 0x07, 0x11,
    0x07, 0x11, 0x07, 0x11, 0x07, 0x11, 0x07, 0x11, 0x07, 0x11, 0x07, 0x11, 0x07, 0x11, 0x07, 0x11,
    0x07, 0x11, 0x07, 0x11, 0x07, 0x11, 0x07, 0x11, 0x07, 0x11, 0x07, 0x11, 0x07, 0x11, 0x07, 0x11,
    0x07, 0x11, 0x07, 0x11, 0x07, 0x11, 0x07, 0x11, 0x07, 0x11, 0x07, 0x11, 0x07, 0x11, 0x07, 0x11,
    0x07, 0x11, 0x07, 0x11, 0x07, 0x11, 0x07, 0x11, 0x07, 0x11, 0x06, 0x11, 0x06, 0x11, 0xE6, 0x10,
    0xE6, 0x10, 0xE6, 0x10, 0xE6, 0x10, 0xE6, 0x10, 0xE6, 0x10, 0xE6, 0x10, 0xE6, 0x10, 0xE6, 0x10,
    0xE6, 0x10, 0xE6, 0x10, 0xE6, 0x10, 0xE6, 0x10, 0xE6, 0x10, 0xE6, 0x10, 0xE6, 0x10, 0xE6, 0x10,
    0xE6, 0x10, 0x06, 0x11, 0x06, 0x11, 0x07, 0x11, 0x07, 0x11, 0x07, 0x11, 0x07, 0x11, 0x07, 0x11,
    0x07, 0x11, 0x07, 0x11, 0x07, 0x11, 0x07, 0x11, 0x07, 0x11, 0x07, 0x11, 0x07, 0x11, 0x07, 0x11,
    0x07, 0x11, 0x07, 0x11, 0x07, 0x11, 0x07, 0x11, 0x07, 0x11, 0x07, 0x11, 0x07, 0x11, 0x07, 0x11,
    0x07, 0x11, 0x07, 0x11, 0x07, 0x11, 0x07, 0x11, 0x07, 0x11, 0x07, 0x11, 0x07, 0x11, 0x07, 0x11,
    0x07, 0x11, 0x07, 0x11, 0x27, 0x11, 0x27, 0x11, 0x27, 0x11, 0x27, 0x11, 0x27, 0x11, 0x27, 0x11,
    0x27, 0x11, 0x27, 0x11, 0x27, 0x11, 0x27, 0x11, 0x27, 0x11, 0x27, 0x11, 0x27, 0x11, 0x27, 0x11,
    0x27, 0x11, 0x28, 0x11, 0x28, 0x11, 0x28, 0x11, 0x28, 0x11, 0x28, 0x19, 0x28, 0x19, 0x28, 0x19,
    0x28, 0x19, 0x28, 0x19, 0x28, 0x19, 0x28, 0x19, 0x28, 0x19, 0x28, 0x19, 0x28, 0x19, 0x28, 0x19,
    0x28, 0x19, 0x28, 0x19, 0x28, 0x19, 0x28, 0x19, 0x28, 0x19, 0x28, 0x19, 0x28, 0x19, 0x48, 0x19,
    0x48, 0x19, 0x48, 0x19, 0x48, 0x19, 0x48, 0x19, 0x48, 0x19, 0x48, 0x19, 0x48, 0x19, 0x48, 0x19,
    0x48, 0x19, 0x48, 0x19, 0x48, 0x19, 0x48, 0x19, 0x48, 0x19, 0x48, 0x19, 0x48, 0x19, 0x48, 0x19,
    0x48, 0x19, 0x48, 0x19, 0x48, 0x19, 0x48, 0x19, 0x48, 0x19, 0x48, 0x19, 0x48, 0x19, 0x48, 0x19,
    0x48, 0x19, 0x48, 0x19, 0x48, 0x19, 0x48, 0x19, 0x48, 0x19, 0x48, 0x19, 0x48, 0x19, 0x48, 0x19,
    0x48, 0x19, 0x48, 0x19, 0x48, 0x19, 0x48, 0x19, 0x48, 0x19, 0x48, 0x19, 0x48, 0x19, 0x48, 0x19,
    0x48, 0x19, 0x48, 0x19, 0x48, 0x19, 0x48, 0x19, 0x48, 0x19, 0x48, 0x19, 0x48, 0x19, 0x48, 0x19,
    0x48, 0x19, 0x48, 0x19, 0x48, 0x19, 0x48, 0x19, 0x48, 0x19, 0x48, 0x19, 0x48, 0x19, 0x48, 0x19,
    0x48, 0x19, 0x48, 0x19, 0x48, 0x19, 0x48, 0x19, 0x48, 0x19, 0x48, 0x19, 0x48, 0x19, 0x48, 0x19,
    0x48, 0x19, 0x48, 0x19, 0x48, 0x19, 0x48, 0x19, 0x48, 0x19, 0x48, 0x19, 0x48, 0x19, 0x48, 0x19,
    0x48, 0x19, 0x48, 0x19, 0x48, 0x19, 0x48, 0x19, 0x48, 0x19, 0x48, 0x19, 0x48, 0x19, 0x48, 0x19,
    0x48, 0x19, 0x48, 0x19, 0x28, 0x19, 0x28, 0x19, 0x28, 0x19, 0x28, 0x19, 0x28, 0x19, 0x28, 0x19,
    0x28, 0x19, 0x28, 0x19, 0x28, 0x19, 0x28, 0x19, 0x28, 0x19, 0x28, 0x19, 0x28, 0x19, 0x28, 0x19,
    0x28, 0x19, 0x28, 0x19, 0x28, 0x19, 0x28, 0x19, 0x28, 0x11, 0x28, 0x11, 0x28, 0x11, 0x28, 0x11,
    0x27, 0x11, 0x27, 0x11, 0x27, 0x11, 0x27, 0x11, 0x27, 0x11, 0x27, 0x11, 0x27, 0x11, 0x27, 0x11,
    0x27, 0x11, 0x27, 0x11, 0x27, 0x11, 0x27, 0x11, 0x27, 0x11, 0x27, 0x11, 0x27, 0x11, 0x07, 0x11,
    0x07, 0x11, 0x07, 0x11, 0x07, 0x11, 0x07, 0x11, 0x07, 0x11, 0x07, 0x11, 0x07, 0x11, 0x07, 0x11,
    0x07, 0x11, 0x07, 0x11, 0x07, 0x11, 0x07, 0x11, 0x07, 0x11, 0x07, 0x11, 0x07, 0x11, 0x07, 0x11,
    0x07, 0x11, 0x07, 0x11, 0x07, 0x11, 0x07, 0x11, 0x07, 0x11, 0x07, 0x11, 0x07, 0x11, 0x07, 0x11,
    0x07, 0x11, 0x07, 0x11, 0x07, 0x11, 0x07, 0x11, 0x07, 0x11, 0x07, 0x11, 0x06, 0x11, 0x06, 0x11,
    0xE6, 0x10, 0xE6, 0x10, 0xE6, 0x10, 0xE6, 0x10, 0xE6, 0x10, 0xE6, 0x10, 0xE6, 0x10, 0xE6, 0x10,
    0x07, 0x11, 0x07, 0x11, 0x07, 0x11, 0x07, 0x11, 0x07, 0x11, 0x07, 0x11, 0x07, 0x11, 0x07, 0x11,
    0x07, 0x11, 0x07, 0x11, 0x07, 0x11, 0x07, 0x11, 0x07, 0x11, 0x07, 0x11, 0x07, 0x11, 0x07, 0x11,
    0x07, 0x11, 0x07, 0x11, 0x07, 0x11, 0x07, 0x11, 0x07, 0x11, 0x27, 0x11, 0x27, 0x11, 0x27, 0x11,
    0x27, 0x11, 0x27, 0x11, 0x27, 0x11, 0x27, 0x11, 0x27, 0x11, 0x27, 0x11, 0x27, 0x11, 0x28, 0x11,
    0x28, 0x11, 0x28, 0x11, 0x28, 0x11, 0x28, 0x11, 0x28, 0x11, 0x28, 0x11, 0x28, 0x11, 0x28, 0x11,
    0x28, 0x11, 0x28, 0x11, 0x28, 0x11, 0x28, 0x11, 0x28, 0x19, 0x28, 0x19, 0x28, 0x19, 0x28, 0x19,
    0x28, 0x19, 0x28, 0x19, 0x28, 0x19, 0x28, 0x19, 0x28, 0x19, 0x48, 0x19, 0x48, 0x19, 0x48, 0x19,
    0x48, 0x19, 0x48, 0x19, 0x48, 0x19, 0x48, 0x19, 0x48, 0x19, 0x48, 0x19, 0x48, 0x19, 0x48, 0x19,
    0x48, 0x19, 0x48, 0x19, 0x48, 0x19, 0x48, 0x19, 0x48, 0x19, 0x48, 0x19, 0x48, 0x19, 0x48, 0x19,
    0x48, 0x19, 0x48, 0x19, 0x48, 0x19, 0x48, 0x19, 0x48, 0x19, 0x48, 0x19, 0x48, 0x19, 0x48, 0x19,
    0x49, 0x19, 0x49, 0x19, 0x49, 0x19, 0x49, 0x19, 0x49, 0x19, 0x49, 0x19, 0x49, 0x19, 0x49, 0x19,
    0x49, 0x19, 0x49, 0x19, 0x49, 0x19, 0x69, 0x19, 0x69, 0x19, 0x69, 0x19, 0x69, 0x19, 0x69, 0x19,
    0x69, 0x19, 0x69, 0x19, 0x69, 0x19, 0x69, 0x19, 0x69, 0x19, 0x69, 0x19, 0x69, 0x19, 0x69, 0x19,
    0x69, 0x19, 0x69, 0x19, 0x69, 0x19, 0x69, 0x19, 0x69, 0x19, 0x69, 0x19, 0x69, 0x19, 0x69, 0x19,
    0x69, 0x19, 0x69, 0x19, 0x69, 0x19, 0x69, 0x19, 0x69, 0x19, 0x69, 0x19, 0x69, 0x19, 0x69, 0x19,
    0x69, 0x19, 0x69, 0x19, 0x69, 0x19, 0x69, 0x19, 0x69, 0x19, 0x69, 0x19, 0x69, 0x19, 0x69, 0x19,
    0x69, 0x19, 0x69, 0x19, 0x69, 0x19, 0x69, 0x19, 0x69, 0x19, 0x69, 0x19, 0x69, 0x19, 0x69, 0x19,
    0x69, 0x19, 0x69, 0x19, 0x69, 0x19, 0x69, 0x19, 0x69, 0x19, 0x69, 0x19, 0x69, 0x19, 0x69, 0x19,
    0x69, 0x19, 0x69, 0x19, 0x69, 0x19, 0x69, 0x19, 0x69, 0x19, 0x69, 0x19, 0x49, 0x19, 0x49, 0x19,
    0x49, 0x19, 0x49, 0x19, 0x49, 0x19, 0x49, 0x19, 0x49, 0x19, 0x49, 0x19, 0x49, 0x19, 0x49, 0x19,
    0x49, 0x19, 0x48, 0x19, 0x48, 0x19, 0x48, 0x19, 0x48, 0x19, 0x48, 0x19, 0x48, 0x19, 0x48, 0x19,
    0x48, 0x19, 0x48, 0x19, 0x48, 0x19, 0x48, 0x19, 0x48, 0x19, 0x48, 0x19, 0x48, 0x19, 0x48, 0x19,
    0x48, 0x19, 0x48, 0x19, 0x48, 0x19, 0x48, 0x19, 0x48, 0x19, 0x48, 0x19, 0x48, 0x19, 0x48, 0x19,
    0x48, 0x19, 0x48, 0x19, 0x48, 0x19, 0x48, 0x19, 0x28, 0x19, 0x28, 0x19, 0x28, 0x19, 0x28, 0x19,
    0x28, 0x19, 0x28, 0x19, 0x28, 0x19, 0x28, 0x19, 0x28, 0x19, 0x28, 0x11, 0x28, 0x11, 0x28, 0x11,
    0x28, 0x11, 0x28, 0x11, 0x28, 0x11, 0x28, 0x11, 0x28, 0x11, 0x28, 0x11, 0x28, 0x11, 0x28, 0x11,
    0x28, 0x11, 0x28, 0x11, 0x27, 0x11, 0x27, 0x11, 0x27, 0x11, 0x27, 0x11, 0x27, 0x11, 0x27, 0x11,
    0x27, 0x11, 0x27, 0x11, 0x27, 0x11, 0x27, 0x11, 0x07, 0x11, 0x07, 0x11, 0x07, 0x11, 0x07, 0x11,
    0x07, 0x11, 0x07, 0x11, 0x07, 0x11, 0x07, 0x11, 0x07, 0x11, 0x07, 0x11, 0x07, 0x11, 0x07, 0x11,
    0x07, 0x11, 0x07, 0x11, 0x07, 0x11, 0x07, 0x11, 0x07, 0x11, 0x07, 0x11, 0x07, 0x11, 0x07, 0x11,
    0xE6, 0x10, 0xE6, 0x10, 0xE6, 0x10, 0xE6, 0x10, 0xE6, 0x10, 0xE6, 0x10, 0xE6, 0x10, 0xE6, 0x10,
    0x06, 0x11, 0x06, 0x11, 0x07, 0x11, 0x07, 0x11, 0x07, 0x11, 0x07, 0x11, 0x07, 0x11, 0x07, 0x11,
    0x07, 0x11, 0x07, 0x11, 0x07, 0x11, 0x07, 0x11, 0x07, 0x11, 0x07, 0x11, 0x07, 0x11, 0x07, 0x11,
    0x07, 0x11, 0x07, 0x11, 0x07, 0x11, 0x07, 0x11, 0x07, 0x11, 0x07, 0x11, 0x07, 0x11, 0x07, 0x11,
    0x07, 0x11, 0x07, 0x11, 0x07, 0x11, 0x07, 0x11, 0x07, 0x11, 0x07, 0x11, 0x07, 0x11, 0x07, 0x11,
    0x27, 0x11, 0x27, 0x11, 0x27, 0x11, 0x27, 0x11, 0x27, 0x11, 0x27, 0x11, 0x27, 0x11, 0x27, 0x11,
    0x27, 0x11, 0x27, 0x11, 0x27, 0x11, 0x27, 0x11, 0x27, 0x11, 0x27, 0x11, 0x27, 0x11, 0x28, 0x11,
    0x28, 0x11, 0x28, 0x11, 0x28, 0x11, 0x28, 0x11, 0x28, 0x19, 0x28, 0x19, 0x28, 0x19, 0x28, 0x19,
    0x28, 0x19, 0x28, 0x19, 0x28, 0x19, 0x28, 0x19, 0x28, 0x19, 0x28, 0x19, 0x28, 0x19, 0x28, 0x19,
    0x28, 0x19, 0x28, 0x19, 0x28, 0x19, 0x28, 0x19, 0x28, 0x19, 0x28, 0x19, 0x48, 0x19, 0x48, 0x19,
    0x48, 0x19, 0x48, 0x19, 0x48, 0x19, 0x48, 0x19, 0x48, 0x19, 0x48, 0x19, 0x48, 0x19, 0x48, 0x19,
    0x48, 0x19, 0x48, 0x19, 0x48, 0x19, 0x48, 0x19, 0x48, 0x19, 0x48, 0x19, 0x48, 0x19, 0x48, 0x19,
    0x48, 0x19, 0x48, 0x19, 0x48, 0x19, 0x48, 0x19, 0x48, 0x19, 0x48, 0x19, 0x48, 0x19, 0x48, 0x19,
    0x48, 0x19, 0x48, 0x19, 0x48, 0x19, 0x48, 0x19, 0x48, 0x19, 0x48, 0x19, 0x48, 0x19, 0x48, 0x19,
    0x48, 0x19, 0x48, 0x19, 0x48, 0x19, 0x48, 0x19, 0x48, 0x19, 0x48, 0x19, 0x48, 0x19, 0x48, 0x19,
    0x48, 0x19, 0x48, 0x19, 0x48, 0x19, 0x48, 0x19, 0x48, 0x19, 0x48, 0x19, 0x48, 0x19, 0x48, 0x19,
    0x48, 0x19, 0x48, 0x19, 0x48, 0x19, 0x48, 0x19, 0x48, 0x19, 0x48, 0x19, 0x48, 0x19, 0x48, 0x19,
    0x48, 0x19, 0x48, 0x19, 0x48, 0x19, 0x48, 0x19, 0x48, 0x19, 0x48, 0x19, 0x48, 0x19, 0x48, 0x19,
    0x48, 0x19, 0x48, 0x19, 0x48, 0x19, 0x48, 0x19, 0x48, 0x19, 0x48, 0x19, 0x48, 0x19, 0x48, 0x19,
    0x48, 0x19, 0x48, 0x19, 0x48, 0x19, 0x48, 0x19, 0x48, 0x19, 0x48, 0x19, 0x48, 0x19, 0x48, 0x19,
    0x48, 0x19, 0x48, 0x19, 0x48, 0x19, 0x28, 0x19, 0x28, 0x19, 0x28, 0x19, 0x28, 0x19, 0x28, 0x19,
    0x28, 0x19, 0x28, 0x19, 0x28, 0x19, 0x28, 0x19, 0x28, 0x19, 0x28, 0x19, 0x28, 0x19, 0x28, 0x19,
    0x28, 0x19, 0x28, 0x19, 0x28, 0x19, 0x28, 0x19, 0x28, 0x19, 0x28, 0x11, 0x28, 0x11, 0x28, 0x11,
    0x28, 0x11, 0x28, 0x11, 0x27, 0x11, 0x27, 0x11, 0x27, 0x11, 0x27, 0x11, 0x27, 0x11, 0x27, 0x11,
    0x27, 0x11, 0x27, 0x11, 0x27, 0x11, 0x27, 0x11, 0x27, 0x11, 0x27, 0x11, 0x27, 0x11, 0x27, 0x11,
    0x27, 0x11, 0x07, 0x11, 0x07, 0x11, 0x07, 0x11, 0x07, 0x11, 0x07, 0x11, 0x07, 0x11, 0x07, 0x11,
    0x07, 0x11, 0x07, 0x11, 0x07, 0x11, 0x07, 0x11, 0x07, 0x11, 0x07, 0x11, 0x07, 0x11, 0x07, 0x11,
    0x07, 0x11, 0x07, 0x11, 0x07, 0x11, 0x07, 0x11, 0x07, 0x11, 0x07, 0x11, 0x07, 0x11, 0x07, 0x11,
    0x07, 0x11, 0x07, 0x11, 0x07, 0x11, 0x07, 0x11, 0x07, 0x11, 0x07, 0x11, 0x07, 0x11, 0x06, 0x11,
    0x06, 0x11, 0xE6, 0x10, 0xE6, 0x10, 0xE6, 0x10, 0xE6, 0x10, 0xE6, 0x10, 0xE6, 0x10, 0xE6, 0x10,
    0xE6, 0x10, 0xE6, 0x10, 0xE6, 0x10, 0xE6, 0x10, 0xE6, 0x10, 0xE6, 0x10, 0xE6, 0x10, 0x06, 0x11,
    0x06, 0x11, 0x07, 0x11, 0x07, 0x11, 0x07, 0x11, 0x07, 0x11, 0x07, 0x11, 0x07, 0x11, 0x07, 0x11,
    0x07, 0x11, 0x07, 0x11, 0x07, 0x11, 0x07, 0x11, 0x07, 0x11, 0x07, 0x11, 0x07, 0x11, 0x07, 0x11,
    0x07, 0x11, 0x07, 0x11, 0x07, 0x11, 0x07, 0x11, 0x07, 0x11, 0x07, 0x11, 0x07, 0x11, 0x07, 0x11,
    0x07, 0x11, 0x07, 0x11, 0x07, 0x11, 0x07, 0x11, 0x07, 0x11, 0x07, 0x11, 0x07, 0x11, 0x07, 0x11,
    0x27, 0x11, 0x27, 0x11, 0x27, 0x11, 0x27, 0x11, 0x27, 0x11, 0x27, 0x11, 0x27, 0x11, 0x27, 0x11,
    0x27, 0x11, 0x27, 0x11, 0x27, 0x11, 0x27, 0x11, 0x27, 0x11, 0x27, 0x11, 0x27, 0x11, 0x28, 0x11,
    0x28, 0x11, 0x28, 0x11, 0x28, 0x11, 0x28, 0x11, 0x28, 0x19, 0x28, 0x19, 0x28, 0x19, 0x28, 0x19,
    0x28, 0x19, 0x28, 0x19, 0x28, 0x19, 0x28, 0x19, 0x28, 0x19, 0x28, 0x19, 0x28, 0x19, 0x28, 0x19,
    0x28, 0x19, 0x28, 0x19, 0x28, 0x19, 0x28, 0x19, 0x28, 0x19, 0x48, 0x19, 0x48, 0x19, 0x48, 0x19,
    0x48, 0x19, 0x48, 0x19, 0x48, 0x19, 0x48, 0x19, 0x48, 0x19, 0x48, 0x19, 0x48, 0x19, 0x48, 0x19,
    0x48, 0x19, 0x48, 0x19, 0x48, 0x19, 0x48, 0x19, 0x48, 0x19, 0x48, 0x19, 0x48, 0x19, 0x48, 0x19,
    0x48, 0x19, 0x48, 0x19, 0x48, 0x19, 0x48, 0x19, 0x48, 0x19, 0x48, 0x19, 0x48, 0x19, 0x48, 0x19,
    0x48, 0x19, 0x48, 0x19, 0x48, 0x19, 0x48, 0x19, 0x48, 0x19, 0x48, 0x19, 0x48, 0x19, 0x48, 0x19,
    0x48, 0x19, 0x48, 0x19, 0x48, 0x19, 0x48, 0x19, 0x48, 0x19, 0x48, 0x19, 0x48, 0x19, 0x48, 0x19,
    0x48, 0x19, 0x48, 0x19, 0x48, 0x19, 0x48, 0x19, 0x48, 0x19, 0x48, 0x19, 0x48, 0x19, 0x48, 0x19,
    0x48, 0x19, 0x48, 0x19, 0x48, 0x19, 0x48, 0x19, 0x48, 0x19, 0x48, 0x19, 0x48, 0x19, 0x48, 0x19,
    0x48, 0x19, 0x48, 0x19, 0x48, 0x19, 0x48, 0x19, 0x48, 0x19, 0x48, 0x19, 0x48, 0x19, 0x48, 0x19,
    0x48, 0x19, 0x48, 0x19, 0x48, 0x19, 0x48, 0x19, 0x48, 0x19, 0x48, 0x19, 0x48, 0x19, 0x48, 0x19,
    0x48, 0x19, 0x48, 0x19, 0x48, 0x19, 0x48, 0x19, 0x48, 0x19, 0x48, 0x19, 0x48, 0x19, 0x48, 0x19,
    0x48, 0x19, 0x48, 0x19, 0x48, 0x19, 0x48, 0x19, 0x28, 0x19, 0x28, 0x19, 0x28, 0x19, 0x28, 0x19,
    0x28, 0x19, 0x28, 0x19, 0x28, 0x19, 0x28, 0x19, 0x28, 0x19, 0x28, 0x19, 0x28, 0x19, 0x28, 0x19,
    0x28, 0x19, 0x28, 0x19, 0x28, 0x19, 0x28, 0x19, 0x28, 0x19, 0x28, 0x11, 0x28, 0x11, 0x28, 0x11,
    0x28, 0x11, 0x28, 0x11, 0x27, 0x11, 0x27, 0x11, 0x27, 0x11, 0x27, 0x11, 0x27, 0x11, 0x27, 0x11,
    0x27, 0x11, 0x27, 0x11, 0x27, 0x11, 0x27, 0x11, 0x27, 0x11, 0x27, 0x11, 0x27, 0x11, 0x27, 0x11,
    0x27, 0x11, 0x07, 0x11, 0x07, 0x11, 0x07, 0x11, 0x07, 0x11, 0x07, 0x11, 0x07, 0x11, 0x07, 0x11,
    0x07, 0x11, 0x07, 0x11, 0x07, 0x11, 0x07, 0x11, 0x07, 0x11, 0x07, 0x11, 0x07, 0x11, 0x07, 0x11,
    0x07, 0x11, 0x07, 0x11, 0x07, 0x11, 0x07, 0x11, 0x07, 0x11, 0x07, 0x11, 0x07, 0x11, 0x07, 0x11,
    0x07, 0x11, 0x07, 0x11, 0x07, 0x11, 0x07, 0x11, 0x07, 0x11, 0x07, 0x11, 0x07, 0x11, 0x07, 0x11,
    0x06, 0x11, 0x06, 0x11, 0xE6, 0x10, 0xE6, 0x10, 0xE6, 0x10, 0xE6, 0x10, 0xE6, 0x10, 0xE6, 0x10,
    0x07, 0x11, 0x07, 0x11, 0x07, 0x11, 0x07, 0x11, 0x07, 0x11, 0x07, 0x11, 0x07, 0x11, 0x07, 0x11,
    0x07, 0x11, 0x07, 0x11, 0x07, 0x11, 0x07, 0x11, 0x07, 0x11, 0x07, 0x11, 0x07, 0x11, 0x07, 0x11,
    0x07, 0x11, 0x07, 0x11, 0x07, 0x11, 0x27, 0x11, 0x27, 0x11, 0x27, 0x11, 0x27, 0x11, 0x27, 0x11,
    0x27, 0x11, 0x27, 0x11, 0x27, 0x11, 0x27, 0x11, 0x27, 0x11, 0x28, 0x11, 0x28, 0x11, 0x28, 0x11,
    0x28, 0x11, 0x28, 0x11, 0x28, 0x11, 0x28, 0x11, 0x28, 0x11, 0x28, 0x11, 0x28, 0x11, 0x28, 0x11,
    0x28, 0x11, 0x28, 0x11, 0x28, 0x11, 0x28, 0x19, 0x28, 0x19, 0x28, 0x19, 0x28, 0x19, 0x28, 0x19,
    0x28, 0x19, 0x28, 0x19, 0x28, 0x19, 0x48, 0x19, 0x48, 0x19, 0x48, 0x19, 0x48, 0x19, 0x48, 0x19,
    0x48, 0x19, 0x48, 0x19, 0x48, 0x19, 0x48, 0x19, 0x48, 0x19, 0x48, 0x19, 0x48, 0x19, 0x48, 0x19,
    0x48, 0x19, 0x48, 0x19, 0x48, 0x19, 0x48, 0x19, 0x48, 0x19, 0x48, 0x19, 0x48, 0x19, 0x48, 0x19,
    0x48, 0x19, 0x48, 0x19, 0x48, 0x19, 0x48, 0x19, 0x49, 0x19, 0x49, 0x19, 0x49, 0x19, 0x49, 0x19,
    0x49, 0x19, 0x49, 0x19, 0x49, 0x19, 0x49, 0x19, 0x49, 0x19, 0x49, 0x19, 0x49, 0x19, 0x49, 0x19,
    0x69, 0x19, 0x69, 0x19, 0x69, 0x19, 0x69, 0x19, 0x69, 0x19, 0x69, 0x19, 0x69, 0x19, 0x69, 0x19,
    0x69, 0x19, 0x69, 0x19, 0x69, 0x19, 0x69, 0x19, 0x69, 0x19, 0x69, 0x19, 0x69, 0x19, 0x69, 0x19,
    0x69, 0x19, 0x69, 0x19, 0x69, 0x19, 0x69, 0x19, 0x69, 0x19, 0x69, 0x19, 0x69, 0x19, 0x69, 0x19,
    0x69, 0x19, 0x69, 0x19, 0x69, 0x19, 0x69, 0x19, 0x69, 0x19, 0x69, 0x19, 0x69, 0x19, 0x69, 0x19,
    0x69, 0x19, 0x69, 0x19, 0x69, 0x19, 0x69, 0x19, 0x69, 0x19, 0x69, 0x19, 0x69, 0x19, 0x69, 0x19,
    0x69, 0x19, 0x69, 0x19, 0x69, 0x19, 0x69, 0x19, 0x69, 0x19, 0x69, 0x19, 0x69, 0x19, 0x69, 0x19,
    0x69, 0x19, 0x69, 0x19, 0x69, 0x19, 0x69, 0x19, 0x69, 0x19, 0x69, 0x19, 0x69, 0x19, 0x69, 0x19,
    0x69, 0x19, 0x69, 0x19, 0x69, 0x19, 0x69, 0x19, 0x69, 0x19, 0x69, 0x19, 0x69, 0x19, 0x69, 0x19,
    0x69, 0x19, 0x49, 0x19, 0x49, 0x19, 0x49, 0x19, 0x49, 0x19, 0x49, 0x19, 0x49, 0x19, 0x49, 0x19,
    0x49, 0x19, 0x49, 0x19, 0x49, 0x19, 0x49, 0x19, 0x49, 0x19, 0x48, 0x19, 0x48, 0x19, 0x48, 0x19,
    0x48, 0x19, 0x48, 0x19, 0x48, 0x19, 0x48, 0x19, 0x48, 0x19, 0x48, 0x19, 0x48, 0x19, 0x48, 0x19,
    0x48, 0x19, 0x48, 0x19, 0x48, 0x19, 0x48, 0x19, 0x48, 0x19, 0x48, 0x19, 0x48, 0x19, 0x48, 0x19,
    0x48, 0x19, 0x48, 0x19, 0x48, 0x19, 0x48, 0x19, 0x48, 0x19, 0x48, 0x19, 0x28, 0x19, 0x28, 0x19,
    0x28, 0x19, 0x28, 0x19, 0x28, 0x19, 0x28, 0x19, 0x28, 0x19, 0x28, 0x19, 0x28, 0x11, 0x28, 0x11,
    0x28, 0x11, 0x28, 0x11, 0x28, 0x11, 0x28, 0x11, 0x28, 0x11, 0x28, 0x11, 0x28, 0x11, 0x28, 0x11,
    0x28, 0x11, 0x28, 0x11, 0x28, 0x11, 0x28, 0x11, 0x27, 0x11, 0x27, 0x11, 0x27, 0x11, 0x27, 0x11,
    0x27, 0x11, 0x27, 0x11, 0x27, 0x11, 0x27, 0x11, 0x27, 0x11, 0x27, 0x11, 0x07, 0x11, 0x07, 0x11,
    0x07, 0x11, 0x07, 0x11, 0x07, 0x11, 0x07, 0x11, 0x07, 0x11, 0x07, 0x11, 0x07, 0x11, 0x07, 0x11,
    0x07, 0x11, 0x07, 0x11, 0x07, 0x11, 0x07, 0x11, 0x07, 0x11, 0x07, 0x11, 0x07, 0x11, 0x07, 0x11,
    0xE6, 0x10, 0xE6, 0x10, 0xE6, 0x10, 0xE6, 0x10, 0xE6, 0x10, 0xE6, 0x10, 0x06, 0x11, 0x07, 0x11,
    0x07, 0x11, 0x07, 0x11, 0x07, 0x11, 0x07, 0x11, 0x07, 0x11, 0x07, 0x11, 0x07, 0x11, 0x07, 0x11,
    0x07, 0x11, 0x07, 0x11, 0x07, 0x11, 0x07, 0x11, 0x07, 0x11, 0x07, 0x11, 0x07, 0x11, 0x07, 0x11,
    0x07, 0x11, 0x07, 0x11, 0x07, 0x11, 0x07, 0x11, 0x07, 0x11, 0x07, 0x11, 0x07, 0x11, 0x07, 0x11,
    0x07, 0x11, 0x07, 0x11, 0x07, 0x11, 0x07, 0x11, 0x07, 0x11, 0x07, 0x11, 0x27, 0x11, 0x27, 0x11,
    0x27, 0x11, 0x27, 0x11, 0x27, 0x11, 0x27, 0x11, 0x27, 0x11, 0x27, 0x11, 0x27, 0x11, 0x27, 0x11,
    0x27, 0x11, 0x27, 0x11, 0x27, 0x11, 0x27, 0x11, 0x27, 0x11, 0x28, 0x11, 0x28, 0x11, 0x28, 0x11,
    0x28, 0x11, 0x28, 0x11, 0x28, 0x11, 0x28, 0x11, 0x28, 0x19, 0x28, 0x19, 0x28, 0x19, 0x28, 0x19,
    0x28, 0x19, 0x28, 0x19, 0x28, 0x19, 0x28, 0x19, 0x28, 0x19, 0x28, 0x19, 0x28, 0x19, 0x28, 0x19,
    0x28, 0x19, 0x28, 0x19, 0x28, 0x19, 0x48, 0x19, 0x48, 0x19, 0x48, 0x19, 0x48, 0x19, 0x48, 0x19,
    0x48, 0x19, 0x48, 0x19, 0x48, 0x19, 0x48, 0x19, 0x48, 0x19, 0x48, 0x19, 0x48, 0x19, 0x48, 0x19,
    0x48, 0x19, 0x48, 0x19, 0x48, 0x19, 0x48, 0x19, 0x48, 0x19, 0x48, 0x19, 0x48, 0x19, 0x48, 0x19,
    0x48, 0x19, 0x48, 0x19, 0x48, 0x19, 0x48, 0x19, 0x48, 0x19, 0x48, 0x19, 0x48, 0x19, 0x48, 0x19,
    0x48, 0x19, 0x48, 0x19, 0x48, 0x19, 0x48, 0x19, 0x48, 0x19, 0x48, 0x19, 0x48, 0x19, 0x48, 0x19,
    0x48, 0x19, 0x48, 0x19, 0x48, 0x19, 0x48, 0x19, 0x48, 0x19, 0x48, 0x19, 0x48, 0x19, 0x48, 0x19,
    0x48, 0x19, 0x48, 0x19, 0x48, 0x19, 0x48, 0x19, 0x48, 0x19, 0x48, 0x19, 0x48, 0x19, 0x48, 0x19,
    0x48, 0x19, 0x48, 0x19, 0x48, 0x19, 0x48, 0x19, 0x48, 0x19, 0x48, 0x19, 0x48, 0x19, 0x48, 0x19,
    0x48, 0x19, 0x48, 0x19, 0x48, 0x19, 0x48, 0x19, 0x48, 0x19, 0x48, 0x19, 0x48, 0x19, 0x48, 0x19,
    0x48, 0x19, 0x48, 0x19, 0x48, 0x19, 0x48, 0x19, 0x48, 0x19, 0x48, 0x19, 0x48, 0x19, 0x48, 0x19,
    0x48, 0x19, 0x48, 0x19, 0x48, 0x19, 0x48, 0x19, 0x48, 0x19, 0x48, 0x19, 0x48, 0x19, 0x48, 0x19,
    0x48, 0x19, 0x48, 0x19, 0x48, 0x19, 0x48, 0x19, 0x48, 0x19, 0x48, 0x19, 0x28, 0x19, 0x28, 0x19,
    0x28, 0x19, 0x28, 0x19, 0x28, 0x19, 0x28, 0x19, 0x28, 0x19, 0x28, 0x19, 0x28, 0x19, 0x28, 0x19,
    0x28, 0x19, 0x28, 0x19, 0x28, 0x19, 0x28, 0x19, 0x28, 0x19, 0x28, 0x11, 0x28, 0x11, 0x28, 0x11,
    0x28, 0x11, 0x28, 0x11, 0x28, 0x11, 0x28, 0x11, 0x27, 0x11, 0x27, 0x11, 0x27, 0x11, 0x27, 0x11,
    0x27, 0x11, 0x27, 0x11, 0x27, 0x11, 0x27, 0x11, 0x27, 0x11, 0x27, 0x11, 0x27, 0x11, 0x27, 0x11,
    0x27, 0x11, 0x27, 0x11, 0x27, 0x11, 0x07, 0x11, 0x07, 0x11, 0x07, 0x11, 0x07, 0x11, 0x07, 0x11,
    0x07, 0x11, 0x07, 0x11, 0x07, 0x11, 0x07, 0x11, 0x07, 0x11, 0x07, 0x11, 0x07, 0x11, 0x07, 0x11,
    0x07, 0x11, 0x07, 0x11, 0x07, 0x11, 0x07, 0x11, 0x07, 0x11, 0x07, 0x11, 0x07, 0x11, 0x07, 0x11,
    0x07, 0x11, 0x07, 0x11, 0x07, 0x11, 0x07, 0x11, 0x07, 0x11, 0x07, 0x11, 0x07, 0x11, 0x07, 0x11,
    0x07, 0x11, 0x07, 0x11, 0x06, 0x11, 0xE6, 0x10, 0xE6, 0x10, 0xE6, 0x10, 0xE6, 0x10, 0xE6, 0x10,
    0xE6, 0x10, 0xE6, 0x10, 0xE6, 0x10, 0xE6, 0x10, 0xE6, 0x10, 0x06, 0x11, 0x06, 0x11, 0x07, 0x11,
    0x07, 0x11, 0x07, 0x11, 0x07, 0x11, 0x07, 0x11, 0x07, 0x11, 0x07, 0x11, 0x07, 0x11, 0x07, 0x11,
    0x07, 0x11, 0x07, 0x11, 0x07, 0x11, 0x07, 0x11, 0x07, 0x11, 0x07, 0x11, 0x07, 0x11, 0x07, 0x11,
    0x07, 0x11, 0x07, 0x11, 0x07, 0x11, 0x07, 0x11, 0x07, 0x11, 0x07, 0x11, 0x07, 0x11, 0x07, 0x11,
    0x07, 0x11, 0x07, 0x11, 0x07, 0x11, 0x07, 0x11, 0x07, 0x11, 0x27, 0x11, 0x27, 0x11, 0x27, 0x11,
    0x27, 0x11, 0x27, 0x11, 0x27, 0x11, 0x27, 0x11, 0x27, 0x11, 0x27, 0x11, 0x27, 0x11, 0x27, 0x11,
    0x27, 0x11, 0x27, 0x11, 0x27, 0x11, 0x27, 0x11, 0x28, 0x11, 0x28, 0x11, 0x28, 0x11, 0x28, 0x11,
    0x28, 0x11, 0x28, 0x11, 0x28, 0x11, 0x28, 0x19, 0x28, 0x19, 0x28, 0x19, 0x28, 0x19, 0x28, 0x19,
    0x28, 0x19, 0x28, 0x19, 0x28, 0x19, 0x28, 0x19, 0x28, 0x19, 0x28, 0x19, 0x28, 0x19, 0x28, 0x19,
    0x28, 0x19, 0x28, 0x19, 0x28, 0x19, 0x48, 0x19, 0x48, 0x19, 0x48, 0x19, 0x48, 0x19, 0x48, 0x19,
    0x48, 0x19, 0x48, 0x19, 0x48, 0x19, 0x48, 0x19, 0x48, 0x19, 0x48, 0x19, 0x48, 0x19, 0x48, 0x19,
    0x48, 0x19, 0x48, 0x19, 0x48, 0x19, 0x48, 0x19, 0x48, 0x19, 0x48, 0x19, 0x48, 0x19, 0x48, 0x19,
    0x48, 0x19, 0x48, 0x19, 0x48, 0x19, 0x48, 0x19, 0x48, 0x19, 0x48, 0x19, 0x48, 0x19, 0x48, 0x19,
    0x48, 0x19, 0x48, 0x19, 0x48, 0x19, 0x48, 0x19, 0x48, 0x19, 0x48, 0x19, 0x48, 0x19, 0x48, 0x19,
    0x48, 0x19, 0x48, 0x19, 0x48, 0x19, 0x48, 0x19, 0x48, 0x19, 0x48, 0x19, 0x48, 0x19, 0x48, 0x19,
    0x48, 0x19, 0x48, 0x19, 0x48, 0x19, 0x48, 0x19, 0x48, 0x19, 0x48, 0x19, 0x48, 0x19, 0x48, 0x19,
    0x48, 0x19, 0x48, 0x19, 0x48, 0x19, 0x48, 0x19, 0x48, 0x19, 0x48, 0x19, 0x48, 0x19, 0x48, 0x19,
    0x48, 0x19, 0x48, 0x19, 0x48, 0x19, 0x48, 0x19, 0x48, 0x19, 0x48, 0x19, 0x48, 0x19, 0x48, 0x19,
    0x48, 0x19, 0x48, 0x19, 0x48, 0x19, 0x48, 0x19, 0x48, 0x19, 0x48, 0x19, 0x48, 0x19, 0x48, 0x19,
    0x48, 0x19, 0x48, 0x19, 0x48, 0x19, 0x48, 0x19, 0x48, 0x19, 0x48, 0x19, 0x48, 0x19, 0x48, 0x19,
    0x48, 0x19, 0x48, 0x19, 0x48, 0x19, 0x48, 0x19, 0x48, 0x19, 0x48, 0x19, 0x28, 0x19, 0x28, 0x19,
    0x28, 0x19, 0x28, 0x19, 0x28, 0x19, 0x28, 0x19, 0x28, 0x19, 0x28, 0x19, 0x28, 0x19, 0x28, 0x19,
    0x28, 0x19, 0x28, 0x19, 0x28, 0x19, 0x28, 0x19, 0x28, 0x19, 0x28, 0x19, 0x28, 0x11, 0x28, 0x11,
    0x28, 0x11, 0x28, 0x11, 0x28, 0x11, 0x28, 0x11, 0x28, 0x11, 0x27, 0x11, 0x27, 0x11, 0x27, 0x11,
    0x27, 0x11, 0x27, 0x11, 0x27, 0x11, 0x27, 0x11, 0x27, 0x11, 0x27, 0x11, 0x27, 0x11, 0x27, 0x11,
    0x27, 0x11, 0x27, 0x11, 0x27, 0x11, 0x27, 0x11, 0x07, 0x11, 0x07, 0x11, 0x07, 0x11, 0x07, 0x11,
    0x07, 0x11, 0x07, 0x11, 0x07, 0x11, 0x07, 0x11, 0x07, 0x11, 0x07, 0x11, 0x07, 0x11, 0x07, 0x11,
    0x07, 0x11, 0x07, 0x11, 0x07, 0x11, 0x07, 0x11, 0x07, 0x11, 0x07, 0x11, 0x07, 0x11, 0x07, 0x11,
    0x07, 0x11, 0x07, 0x11, 0x07, 0x11, 0x07, 0x11, 0x07, 0x11, 0x07, 0x11, 0x07, 0x11, 0x07, 0x11,
    0x07, 0x11, 0x07, 0x11, 0x06, 0x11, 0x06, 0x11, 0xE6, 0x10, 0xE6, 0x10, 0xE6, 0x10, 0xE6, 0x10,
    0x07, 0x11, 0x07, 0x11, 0x07, 0x11, 0x07, 0x11, 0x07, 0x11, 0x07, 0x11, 0x07, 0x11, 0x07, 0x11,
    0x07, 0x11, 0x07, 0x11, 0x07, 0x11, 0x07, 0x11, 0x07, 0x11, 0x07, 0x11, 0x07, 0x11, 0x07, 0x11,
    0x07, 0x11, 0x27, 0x11, 0x27, 0x11, 0x27, 0x11, 0x27, 0x11, 0x27, 0x11, 0x27, 0x11, 0x27, 0x11,
    0x27, 0x11, 0x27, 0x11, 0x28, 0x11, 0x28, 0x11, 0x28, 0x11, 0x28, 0x11, 0x28, 0x11, 0x28, 0x11,
    0x28, 0x11, 0x28, 0x11, 0x28, 0x11, 0x28, 0x11, 0x28, 0x11, 0x28, 0x11, 0x28, 0x11, 0x28, 0x11,
    0x28, 0x11, 0x28, 0x11, 0x28, 0x19, 0x28, 0x19, 0x28, 0x19, 0x28, 0x19, 0x28, 0x19, 0x28, 0x19,
    0x28, 0x19, 0x48, 0x19, 0x48, 0x19, 0x48, 0x19, 0x48, 0x19, 0x48, 0x19, 0x48, 0x19, 0x48, 0x19,
    0x48, 0x19, 0x48, 0x19, 0x48, 0x19, 0x48, 0x19, 0x48, 0x19, 0x48, 0x19, 0x48, 0x19, 0x48, 0x19,
    0x48, 0x19, 0x48, 0x19, 0x48, 0x19, 0x48, 0x19, 0x48, 0x19, 0x48, 0x19, 0x48, 0x19, 0x48, 0x19,
    0x48, 0x19, 0x49, 0x19, 0x49, 0x19, 0x49, 0x19, 0x49, 0x19, 0x49, 0x19, 0x49, 0x19, 0x49, 0x19,
    0x49, 0x19, 0x49, 0x19, 0x49, 0x19, 0x49, 0x19, 0x49, 0x19, 0x49, 0x19, 0x69, 0x19, 0x69, 0x19,
    0x69, 0x19, 0x69, 0x19, 0x69, 0x19, 0x69, 0x19, 0x69, 0x19, 0x69, 0x19, 0x69, 0x19, 0x69, 0x19,
    0x69, 0x19, 0x69, 0x19, 0x69, 0x19, 0x69, 0x19, 0x69, 0x19, 0x69, 0x19, 0x69, 0x19, 0x69, 0x19,
    0x69, 0x19, 0x69, 0x19, 0x69, 0x19, 0x69, 0x19, 0x69, 0x19, 0x69, 0x19, 0x69, 0x19, 0x69, 0x19,
    0x69, 0x19, 0x69, 0x19, 0x69, 0x19, 0x69, 0x19, 0x69, 0x19, 0x69, 0x19, 0x69, 0x19, 0x69, 0x19,
    0x69, 0x19, 0x69, 0x19, 0x69, 0x19, 0x69, 0x19, 0x69, 0x19, 0x69, 0x19, 0x69, 0x19, 0x69, 0x19,
    0x69, 0x19, 0x69, 0x19, 0x69, 0x19, 0x69, 0x19, 0x69, 0x19, 0x69, 0x19, 0x69, 0x19, 0x69, 0x19,
    0x69, 0x19, 0x69, 0x19, 0x69, 0x19, 0x69, 0x19, 0x69, 0x19, 0x69, 0x19, 0x69, 0x19, 0x69, 0x19,
    0x69, 0x19, 0x69, 0x19, 0x69, 0x19, 0x69, 0x19, 0x69, 0x19, 0x69, 0x19, 0x69, 0x19, 0x69, 0x19,
    0x69, 0x19, 0x69, 0x19, 0x69, 0x19, 0x49, 0x19, 0x49, 0x19, 0x49, 0x19, 0x49, 0x19, 0x49, 0x19,
    0x49, 0x19, 0x49, 0x19, 0x49, 0x19, 0x49, 0x19, 0x49, 0x19, 0x49, 0x19, 0x49, 0x19, 0x49, 0x19,
    0x48, 0x19, 0x48, 0x19, 0x48, 0x19, 0x48, 0x19, 0x48, 0x19, 0x48, 0x19, 0x48, 0x19, 0x48, 0x19,
    0x48, 0x19, 0x48, 0x19, 0x48, 0x19, 0x48, 0x19, 0x48, 0x19, 0x48, 0x19, 0x48, 0x19, 0x48, 0x19,
    0x48, 0x19, 0x48, 0x19, 0x48, 0x19, 0x48, 0x19, 0x48, 0x19, 0x48, 0x19, 0x48, 0x19, 0x48, 0x19,
    0x28, 0x19, 0x28, 0x19, 0x28, 0x19, 0x28, 0x19, 0x28, 0x19, 0x28, 0x19, 0x28, 0x19, 0x28, 0x11,
    0x28, 0x11, 0x28, 0x11, 0x28, 0x11, 0x28, 0x11, 0x28, 0x11, 0x28, 0x11, 0x28, 0x11, 0x28, 0x11,
    0x28, 0x11, 0x28, 0x11, 0x28, 0x11, 0x28, 0x11, 0x28, 0x11, 0x28, 0x11, 0x28, 0x11, 0x27, 0x11,
    0x27, 0x11, 0x27, 0x11, 0x27, 0x11, 0x27, 0x11, 0x27, 0x11, 0x27, 0x11, 0x27, 0x11, 0x27, 0x11,
    0x07, 0x11, 0x07, 0x11, 0x07, 0x11, 0x07, 0x11, 0x07, 0x11, 0x07, 0x11, 0x07, 0x11, 0x07, 0x11,
    0x07, 0x11, 0x07, 0x11, 0x07, 0x11, 0x07, 0x11, 0x07, 0x11, 0x07, 0x11, 0x07, 0x11, 0x07, 0x11,
    0xE6, 0x10, 0xE6, 0x10, 0xE6, 0x10, 0xE6, 0x10, 0x06, 0x11, 0x07, 0x11, 0x07, 0x11, 0x07, 0x11,
    0x07, 0x11, 0x07, 0x11, 0x07, 0x11, 0x07, 0x11, 0x07, 0x11, 0x07, 0x11, 0x07, 0x11, 0x07, 0x11,
    0x07, 0x11, 0x07, 0x11, 0x07, 0x11, 0x07, 0x11, 0x07, 0x11, 0x07, 0x11, 0x07, 0x11, 0x07, 0x11,
    0x07, 0x11, 0x07, 0x11, 0x07, 0x11, 0x07, 0x11, 0x07, 0x11, 0x07, 0x11, 0x07, 0x11, 0x07, 0x11,
    0x07, 0x11, 0x07, 0x11, 0x07, 0x11, 0x07, 0x11, 0x27, 0x11, 0x27, 0x11, 0x27, 0x11, 0x27, 0x11,
    0x27, 0x11, 0x27, 0x11, 0x27, 0x11, 0x27, 0x11, 0x27, 0x11, 0x27, 0x11, 0x27, 0x11, 0x27, 0x11,
    0x27, 0x11, 0x27, 0x11, 0x28, 0x11, 0x28, 0x11, 0x28, 0x11, 0x28, 0x11, 0x28, 0x11, 0x28, 0x11,
    0x28, 0x11, 0x28, 0x11, 0x28, 0x11, 0x28, 0x19, 0x28, 0x19, 0x28, 0x19, 0x28, 0x19, 0x28, 0x19,
    0x28, 0x19, 0x28, 0x19, 0x28, 0x19, 0x28, 0x19, 0x28, 0x19, 0x28, 0x19, 0x28, 0x19, 0x28, 0x19,
    0x28, 0x19, 0x48, 0x19, 0x48, 0x19, 0x48, 0x19, 0x48, 0x19, 0x48, 0x19, 0x48, 0x19, 0x48, 0x19,
    0x48, 0x19, 0x48, 0x19, 0x48, 0x19, 0x48, 0x19, 0x48, 0x19, 0x48, 0x19, 0x48, 0x19, 0x48, 0x19,
    0x48, 0x19, 0x48, 0x19, 0x48, 0x19, 0x48, 0x19, 0x48, 0x19, 0x48, 0x19, 0x48, 0x19, 0x48, 0x19,
    0x48, 0x19, 0x48, 0x19, 0x48, 0x19, 0x48, 0x19, 0x48, 0x19, 0x48, 0x19, 0x48, 0x19, 0x48, 0x19,
    0x48, 0x19, 0x48, 0x19, 0x48, 0x19, 0x48, 0x19, 0x48, 0x19, 0x48, 0x19, 0x48, 0x19, 0x48, 0x19,
    0x48, 0x19, 0x48, 0x19, 0x48, 0x19, 0x48, 0x19, 0x48, 0x19, 0x48, 0x19, 0x48, 0x19, 0x48, 0x19,
    0x48, 0x19, 0x48, 0x19, 0x48, 0x19, 0x48, 0x19, 0x48, 0x19, 0x48, 0x19, 0x48, 0x19, 0x48, 0x19,
    0x48, 0x19, 0x48, 0x19, 0x48, 0x19, 0x48, 0x19, 0x48, 0x19, 0x48, 0x19, 0x48, 0x19, 0x48, 0x19,
    0x48, 0x19, 0x48, 0x19, 0x48, 0x19, 0x48, 0x19, 0x48, 0x19, 0x48, 0x19, 0x48, 0x19, 0x48, 0x19,
    0x48, 0x19, 0x48, 0x19, 0x48, 0x19, 0x48, 0x19, 0x48, 0x19, 0x48, 0x19, 0x48, 0x19, 0x48, 0x19,
    0x48, 0x19, 0x48, 0x19, 0x48, 0x19, 0x48, 0x19, 0x48, 0x19, 0x48, 0x19, 0x48, 0x19, 0x48, 0x19,
    0x48, 0x19, 0x48, 0x19, 0x48, 0x19, 0x48, 0x19, 0x48, 0x19, 0x48, 0x19, 0x48, 0x19, 0x48, 0x19,
    0x28, 0x19, 0x28, 0x19, 0x28, 0x19, 0x28, 0x19, 0x28, 0x19, 0x28, 0x19, 0x28, 0x19, 0x28, 0x19,
    0x28, 0x19, 0x28, 0x19, 0x28, 0x19, 0x28, 0x19, 0x28, 0x19, 0x28, 0x19, 0x28, 0x11, 0x28, 0x11,
    0x28, 0x11, 0x28, 0x11, 0x28, 0x11, 0x28, 0x11, 0x28, 0x11, 0x28, 0x11, 0x28, 0x11, 0x27, 0x11,
    0x27, 0x11, 0x27, 0x11, 0x27, 0x11, 0x27, 0x11, 0x27, 0x11, 0x27, 0x11, 0x27, 0x11, 0x27, 0x11,
    0x27, 0x11, 0x27, 0x11, 0x27, 0x11, 0x27, 0x11, 0x27, 0x11, 0x07, 0x11, 0x07, 0x11, 0x07, 0x11,
    0x07, 0x11, 0x07, 0x11, 0x07, 0x11, 0x07, 0x11, 0x07, 0x11, 0x07, 0x11, 0x07, 0x11, 0x07, 0x11,
    0x07, 0x11, 0x07, 0x11, 0x07, 0x11, 0x07, 0x11, 0x07, 0x11, 0x07, 0x11, 0x07, 0x11, 0x07, 0x11,
    0x07, 0x11, 0x07, 0x11, 0x07, 0x11, 0x07, 0x11, 0x07, 0x11, 0x07, 0x11, 0x07, 0x11, 0x07, 0x11,
    0x07, 0x11, 0x07, 0x11, 0x07, 0x11, 0x07, 0x11, 0x06, 0x11, 0xE6, 0x10, 0xE6, 0x10, 0xE6, 0x10,
    0xE6, 0x10, 0xE6, 0x10, 0xE6, 0x10, 0xE6, 0x10, 0x06, 0x11, 0x07, 0x11, 0x07, 0x11, 0x07, 0x11,
    0x07, 0x11, 0x07, 0x11, 0x07, 0x11, 0x07, 0x11, 0x07, 0x11, 0x07, 0x11, 0x07, 0x11, 0x07, 0x11,
    0x07, 0x11, 0x07, 0x11, 0x07, 0x11, 0x07, 0x11, 0x07, 0x11, 0x07, 0x11, 0x07, 0x11, 0x07, 0x11,
    0x07, 0x11, 0x07, 0x11, 0x07, 0x11, 0x07, 0x11, 0x07, 0x11, 0x07, 0x11, 0x07, 0x11, 0x07, 0x11,
    0x07, 0x11, 0x07, 0x11, 0x07, 0x11, 0x07, 0x11, 0x27, 0x11, 0x27, 0x11, 0x27, 0x11, 0x27, 0x11,
    0x27, 0x11, 0x27, 0x11, 0x27, 0x11, 0x27, 0x11, 0x27, 0x11, 0x27, 0x11, 0x27, 0x11, 0x27, 0x11,
    0x27, 0x11, 0x28, 0x11, 0x28, 0x11, 0x28, 0x11, 0x28, 0x11, 0x28, 0x11, 0x28, 0x11, 0x28, 0x11,
    0x28, 0x11, 0x28, 0x11, 0x28, 0x11, 0x28, 0x19, 0x28, 0x19, 0x28, 0x19, 0x28, 0x19, 0x28, 0x19,
    0x28, 0x19, 0x28, 0x19, 0x28, 0x19, 0x28, 0x19, 0x28, 0x19, 0x28, 0x19, 0x28, 0x19, 0x28, 0x19,
    0x48, 0x19, 0x48, 0x19, 0x48, 0x19, 0x48, 0x19, 0x48, 0x19, 0x48, 0x19, 0x48, 0x19, 0x48, 0x19,
    0x48, 0x19, 0x48, 0x19, 0x48, 0x19, 0x48, 0x19, 0x48, 0x19, 0x48, 0x19, 0x48, 0x19, 0x48, 0x19,
    0x48, 0x19, 0x48, 0x19, 0x48, 0x19, 0x48, 0x19, 0x48, 0x19, 0x48, 0x19, 0x48, 0x19, 0x48, 0x19,
    0x48, 0x19, 0x48, 0x19, 0x48, 0x19, 0x48, 0x19, 0x48, 0x19, 0x48, 0x19, 0x48, 0x19, 0x48, 0x19,
    0x48, 0x19, 0x48, 0x19, 0x48, 0x19, 0x48, 0x19, 0x48, 0x19, 0x48, 0x19, 0x48, 0x19, 0x48, 0x19,
    0x48, 0x19, 0x48, 0x19, 0x48, 0x19, 0x48, 0x19, 0x48, 0x19, 0x48, 0x19, 0x48, 0x19, 0x48, 0x19,
    0x48, 0x19, 0x48, 0x19, 0x48, 0x19, 0x48, 0x19, 0x48, 0x19, 0x48, 0x19, 0x48, 0x19, 0x48, 0x19,
    0x48, 0x19, 0x48, 0x19, 0x48, 0x19, 0x48, 0x19, 0x48, 0x19, 0x48, 0x19, 0x48, 0x19, 0x48, 0x19,
    0x48, 0x19, 0x48, 0x19, 0x48, 0x19, 0x48, 0x19, 0x48, 0x19, 0x48, 0x19, 0x48, 0x19, 0x48, 0x19,
    0x48, 0x19, 0x48, 0x19, 0x48, 0x19, 0x48, 0x19, 0x48, 0x19, 0x48, 0x19, 0x48, 0x19, 0x48, 0x19,
    0x48, 0x19, 0x48, 0x19, 0x48, 0x19, 0x48, 0x19, 0x48, 0x19, 0x48, 0x19, 0x48, 0x19, 0x48, 0x19,
    0x48, 0x19, 0x48, 0x19, 0x48, 0x19, 0x48, 0x19, 0x48, 0x19, 0x48, 0x19, 0x48, 0x19, 0x48, 0x19,
    0x48, 0x19, 0x28, 0x19, 0x28, 0x19, 0x28, 0x19, 0x28, 0x19, 0x28, 0x19, 0x28, 0x19, 0x28, 0x19,
    0x28, 0x19, 0x28, 0x19, 0x28, 0x19, 0x28, 0x19, 0x28, 0x19, 0x28, 0x19, 0x28, 0x11, 0x28, 0x11,
    0x28, 0x11, 0x28, 0x11, 0x28, 0x11, 0x28, 0x11, 0x28, 0x11, 0x28, 0x11, 0x28, 0x11, 0x28, 0x11,
    0x27, 0x11, 0x27, 0x11, 0x27, 0x11, 0x27, 0x11, 0x27, 0x11, 0x27, 0x11, 0x27, 0x11, 0x27, 0x11,
    0x27, 0x11, 0x27, 0x11, 0x27, 0x11, 0x27, 0x11, 0x27, 0x11, 0x07, 0x11, 0x07, 0x11, 0x07, 0x11,
    0x07, 0x11, 0x07, 0x11, 0x07, 0x11, 0x07, 0x11, 0x07, 0x11, 0x07, 0x11, 0x07, 0x11, 0x07, 0x11,
    0x07, 0x11, 0x07, 0x11, 0x07, 0x11, 0x07, 0x11, 0x07, 0x11, 0x07, 0x11, 0x07, 0x11, 0x07, 0x11,
    0x07, 0x11, 0x07, 0x11, 0x07, 0x11, 0x07, 0x11, 0x07, 0x11, 0x07, 0x11, 0x07, 0x11, 0x07, 0x11,
    0x07, 0x11, 0x07, 0x11, 0x07, 0x11, 0x07, 0x11, 0x06, 0x11, 0xE6, 0x10, 0xE6, 0x10, 0xE6, 0x10,
    0x07, 0x11, 0x07, 0x11, 0x07, 0x11, 0x07, 0x11, 0x07, 0x11, 0x07, 0x11, 0x07, 0x11, 0x07, 0x11,
    0x07, 0x11, 0x07, 0x11, 0x07, 0x11, 0x07, 0x11, 0x07, 0x11, 0x07, 0x11, 0x07, 0x11, 0x07, 0x11,
    0x27, 0x11, 0x27, 0x11, 0x27, 0x11, 0x27, 0x11, 0x27, 0x11, 0x27, 0x11, 0x27, 0x11, 0x27, 0x11,
    0x28, 0x11, 0x28, 0x11, 0x28, 0x11, 0x28, 0x11, 0x28, 0x11, 0x28, 0x11, 0x28, 0x11, 0x28, 0x11,
    0x28, 0x11, 0x28, 0x11, 0x28, 0x11, 0x28, 0x11, 0x28, 0x11, 0x28, 0x11, 0x28, 0x11, 0x28, 0x11,
    0x28, 0x11, 0x28, 0x11, 0x28, 0x19, 0x28, 0x19, 0x28, 0x19, 0x28, 0x19, 0x28, 0x19, 0x48, 0x19,
    0x48, 0x19, 0x48, 0x19, 0x48, 0x19, 0x48, 0x19, 0x48, 0x19, 0x48, 0x19, 0x48, 0x19, 0x48, 0x19,
    0x48, 0x19, 0x48, 0x19, 0x48, 0x19, 0x48, 0x19, 0x48, 0x19, 0x48, 0x19, 0x48, 0x19, 0x48, 0x19,
    0x48, 0x19, 0x48, 0x19, 0x48, 0x19, 0x48, 0x19, 0x48, 0x19, 0x48, 0x19, 0x49, 0x19, 0x49, 0x19,
    0x49, 0x19, 0x49, 0x19, 0x49, 0x19, 0x49, 0x19, 0x49, 0x19, 0x49, 0x19, 0x49, 0x19, 0x49, 0x19,
    0x49, 0x19, 0x49, 0x19, 0x49, 0x19, 0x49, 0x19, 0x69, 0x19, 0x69, 0x19, 0x69, 0x19, 0x69, 0x19,
    0x69, 0x19, 0x69, 0x19, 0x69, 0x19, 0x69, 0x19, 0x69, 0x19, 0x69, 0x19, 0x69, 0x19, 0x69, 0x19,
    0x69, 0x19, 0x69, 0x19, 0x69, 0x19, 0x69, 0x19, 0x69, 0x19, 0x69, 0x19, 0x69, 0x19, 0x69, 0x19,
    0x69, 0x19, 0x69, 0x19, 0x69, 0x19, 0x69, 0x19, 0x69, 0x19, 0x69, 0x19, 0x69, 0x19, 0x69, 0x19,
    0x69, 0x19, 0x69, 0x19, 0x69, 0x19, 0x69, 0x19, 0x69, 0x19, 0x69, 0x19, 0x69, 0x19, 0x69, 0x19,
    0x69, 0x19, 0x69, 0x19, 0x69, 0x19, 0x69, 0x19, 0x69, 0x19, 0x69, 0x19, 0x69, 0x19, 0x69, 0x19,
    0x69, 0x19, 0x69, 0x19, 0x69, 0x19, 0x69, 0x19, 0x69, 0x19, 0x69, 0x19, 0x69, 0x19, 0x69, 0x19,
    0x69, 0x19, 0x69, 0x19, 0x69, 0x19, 0x69, 0x19, 0x69, 0x19, 0x69, 0x19, 0x69, 0x19, 0x69, 0x19,
    0x69, 0x19, 0x69, 0x19, 0x69, 0x19, 0x69, 0x19, 0x69, 0x19, 0x69, 0x19, 0x69, 0x19, 0x69, 0x19,
    0x69, 0x19, 0x69, 0x19, 0x69, 0x19, 0x69, 0x19, 0x69, 0x19, 0x49, 0x19, 0x49, 0x19, 0x49, 0x19,
    0x49, 0x19, 0x49, 0x19, 0x49, 0x19, 0x49, 0x19, 0x49, 0x19, 0x49, 0x19, 0x49, 0x19, 0x49, 0x19,
    0x49, 0x19, 0x49, 0x19, 0x49, 0x19, 0x48, 0x19, 0x48, 0x19, 0x48, 0x19, 0x48, 0x19, 0x48, 0x19,
    0x48, 0x19, 0x48, 0x19, 0x48, 0x19, 0x48, 0x19, 0x48, 0x19, 0x48, 0x19, 0x48, 0x19, 0x48, 0x19,
    0x48, 0x19, 0x48, 0x19, 0x48, 0x19, 0x48, 0x19, 0x48, 0x19, 0x48, 0x19, 0x48, 0x19, 0x48, 0x19,
    0x48, 0x19, 0x48, 0x19, 0x28, 0x19, 0x28, 0x19, 0x28, 0x19, 0x28, 0x19, 0x28, 0x19, 0x28, 0x11,
    0x28, 0x11, 0x28, 0x11, 0x28, 0x11, 0x28, 0x11, 0x28, 0x11, 0x28, 0x11, 0x28, 0x11, 0x28, 0x11,
    0x28, 0x11, 0x28, 0x11, 0x28, 0x11, 0x28, 0x11, 0x28, 0x11, 0x28, 0x11, 0x28, 0x11, 0x28, 0x11,
    0x28, 0x11, 0x27, 0x11, 0x27, 0x11, 0x27, 0x11, 0x27, 0x11, 0x27, 0x11, 0x27, 0x11, 0x27, 0x11,
    0x27, 0x11, 0x07, 0x11, 0x07, 0x11, 0x07, 0x11, 0x07, 0x11, 0x07, 0x11, 0x07, 0x11, 0x07, 0x11,
    0x07, 0x11, 0x07, 0x11, 0x07, 0x11, 0x07, 0x11, 0x07, 0x11, 0x07, 0x11, 0x07, 0x11, 0x07, 0x11,
    0xE6, 0x10, 0xE6, 0x10, 0x06, 0x11, 0x07, 0x11, 0x07, 0x11, 0x07, 0x11, 0x07, 0x11, 0x07, 0x11,
    0x07, 0x11, 0x07, 0x11, 0x07, 0x11, 0x07, 0x11, 0x07, 0x11, 0x07, 0x11, 0x07, 0x11, 0x07, 0x11,
    0x07, 0x11, 0x07, 0x11, 0x07, 0x11, 0x07, 0x11, 0x07, 0x11, 0x07, 0x11, 0x07, 0x11, 0x07, 0x11,
    0x07, 0x11, 0x07, 0x11, 0x07, 0x11, 0x07, 0x11, 0x07, 0x11, 0x07, 0x11, 0x07, 0x11, 0x07, 0x11,
    0x07, 0x11, 0x07, 0x11, 0x27, 0x11, 0x27, 0x11, 0x27, 0x11, 0x27, 0x11, 0x27, 0x11, 0x27, 0x11,
    0x27, 0x11, 0x27, 0x11, 0x27, 0x11, 0x27, 0x11, 0x27, 0x11, 0x27, 0x11, 0x27, 0x11, 0x27, 0x11,
    0x28, 0x11, 0x28, 0x11, 0x28, 0x11, 0x28, 0x11, 0x28, 0x11, 0x28, 0x11, 0x28, 0x11, 0x28, 0x11,
    0x28, 0x11, 0x28, 0x11, 0x28, 0x19, 0x28, 0x19, 0x28, 0x19, 0x28, 0x19, 0x28, 0x19, 0x28, 0x19,
    0x28, 0x19, 0x28, 0x19, 0x28, 0x19, 0x28, 0x19, 0x28, 0x19, 0x28, 0x19, 0x28, 0x19, 0x48, 0x19,
    0x48, 0x19, 0x48, 0x19, 0x48, 0x19, 0x48, 0x19, 0x48, 0x19, 0x48, 0x19, 0x48, 0x19, 0x48, 0x19,
    0x48, 0x19, 0x48, 0x19, 0x48, 0x19, 0x48, 0x19, 0x48, 0x19, 0x48, 0x19, 0x48, 0x19, 0x48, 0x19,
    0x48, 0x19, 0x48, 0x19, 0x48, 0x19, 0x48, 0x19, 0x48, 0x19, 0x48, 0x19, 0x48, 0x19, 0x48, 0x19,
    0x48, 0x19, 0x48, 0x19, 0x48, 0x19, 0x48, 0x19, 0x48, 0x19, 0x48, 0x19, 0x48, 0x19, 0x48, 0x19,
    0x48, 0x19, 0x48, 0x19, 0x48, 0x19, 0x48, 0x19, 0x48, 0x19, 0x48, 0x19, 0x48, 0x19, 0x48, 0x19,
    0x48, 0x19, 0x48, 0x19, 0x48, 0x19, 0x48, 0x19, 0x48, 0x19, 0x48, 0x19, 0x48, 0x19, 0x48, 0x19,
    0x48, 0x19, 0x48, 0x19, 0x48, 0x19, 0x48, 0x19, 0x48, 0x19, 0x48, 0x19, 0x48, 0x19, 0x48, 0x19,
    0x48, 0x19, 0x48, 0x19, 0x48, 0x19, 0x48, 0x19, 0x48, 0x19, 0x48, 0x19, 0x48, 0x19, 0x48, 0x19,
    0x48, 0x19, 0x48, 0x19, 0x48, 0x19, 0x48, 0x19, 0x48, 0x19, 0x48, 0x19, 0x48, 0x19, 0x48, 0x19,
    0x48, 0x19, 0x48, 0x19, 0x48, 0x19, 0x48, 0x19, 0x48, 0x19, 0x48, 0x19, 0x48, 0x19, 0x48, 0x19,
    0x48, 0x19, 0x48, 0x19, 0x48, 0x19, 0x48, 0x19, 0x48, 0x19, 0x48, 0x19, 0x48, 0x19, 0x48, 0x19,
    0x48, 0x19, 0x48, 0x19, 0x48, 0x19, 0x48, 0x19, 0x48, 0x19, 0x48, 0x19, 0x48, 0x19, 0x48, 0x19,
    0x48, 0x19, 0x48, 0x19, 0x28, 0x19, 0x28, 0x19, 0x28, 0x19, 0x28, 0x19, 0x28, 0x19, 0x28, 0x19,
    0x28, 0x19, 0x28, 0x19, 0x28, 0x19, 0x28, 0x19, 0x28, 0x19, 0x28, 0x19, 0x28, 0x19, 0x28, 0x11,
    0x28, 0x11, 0x28, 0x11, 0x28, 0x11, 0x28, 0x11, 0x28, 0x11, 0x28, 0x11, 0x28, 0x11, 0x28, 0x11,
    0x28, 0x11, 0x27, 0x11, 0x27, 0x11, 0x27, 0x11, 0x27, 0x11, 0x27, 0x11, 0x27, 0x11, 0x27, 0x11,
    0x27, 0x11, 0x27, 0x11, 0x27, 0x11, 0x27, 0x11, 0x27, 0x11, 0x27, 0x11, 0x27, 0x11, 0x07, 0x11,
    0x07, 0x11, 0x07, 0x11, 0x07, 0x11, 0x07, 0x11, 0x07, 0x11, 0x07, 0x11, 0x07, 0x11, 0x07, 0x11,
    0x07, 0x11, 0x07, 0x11, 0x07, 0x11, 0x07, 0x11, 0x07, 0x11, 0x07, 0x11, 0x07, 0x11, 0x07, 0x11,
    0x07, 0x11, 0x07, 0x11, 0x07, 0x11, 0x07, 0x11, 0x07, 0x11, 0x07, 0x11, 0x07, 0x11, 0x07, 0x11,
    0x07, 0x11, 0x07, 0x11, 0x07, 0x11, 0x07, 0x11, 0x07, 0x11, 0x07, 0x11, 0x06, 0x11, 0xE6, 0x10,
    0xE6, 0x10, 0xE6, 0x10, 0x06, 0x11, 0x07, 0x11, 0x07, 0x11, 0x07, 0x11, 0x07, 0x11, 0x07, 0x11,
    0x07, 0x11, 0x07, 0x11, 0x07, 0x11, 0x07, 0x11, 0x07, 0x11, 0x07, 0x11, 0x07, 0x11, 0x07, 0x11,
    0x07, 0x11, 0x07, 0x11, 0x07, 0x11, 0x07, 0x11, 0x07, 0x11, 0x07, 0x11, 0x07, 0x11, 0x07, 0x11,
    0x07, 0x11, 0x07, 0x11, 0x07, 0x11, 0x07, 0x11, 0x07, 0x11, 0x07, 0x11, 0x07, 0x11, 0x07, 0x11,
    0x07, 0x11, 0x07, 0x11, 0x27, 0x11, 0x27, 0x11, 0x27, 0x11, 0x27, 0x11, 0x27, 0x11, 0x27, 0x11,
    0x27, 0x11, 0x27, 0x11, 0x27, 0x11, 0x27, 0x11, 0x27, 0x11, 0x27, 0x11, 0x27, 0x11, 0x28, 0x11,
    0x28, 0x11, 0x28, 0x11, 0x28, 0x11, 0x28, 0x11, 0x28, 0x11, 0x28, 0x11, 0x28, 0x11, 0x28, 0x11,
    0x28, 0x11, 0x28, 0x11, 0x28, 0x19, 0x28, 0x19, 0x28, 0x19, 0x28, 0x19, 0x28, 0x19, 0x28, 0x19,
    0x28, 0x19, 0x28, 0x19, 0x28, 0x19, 0x28, 0x19, 0x28, 0x19, 0x28, 0x19, 0x48, 0x19, 0x48, 0x19,
    0x48, 0x19, 0x48, 0x19, 0x48, 0x19, 0x48, 0x19, 0x48, 0x19, 0x48, 0x19, 0x48, 0x19, 0x48, 0x19,
    0x48, 0x19, 0x48, 0x19, 0x48, 0x19, 0x48, 0x19, 0x48, 0x19, 0x48, 0x19, 0x48, 0x19, 0x48, 0x19,
    0x48, 0x19, 0x48, 0x19, 0x48, 0x19, 0x48, 0x19, 0x48, 0x19, 0x48, 0x19, 0x48, 0x19, 0x48, 0x19,
    0x48, 0x19, 0x48, 0x19, 0x48, 0x19, 0x48, 0x19, 0x48, 0x19, 0x48, 0x19, 0x48, 0x19, 0x48, 0x19,
    0x48, 0x19, 0x48, 0x19, 0x48, 0x19, 0x48, 0x19, 0x48, 0x19, 0x48, 0x19, 0x48, 0x19, 0x48, 0x19,
    0x48, 0x19, 0x48, 0x19, 0x48, 0x19, 0x48, 0x19, 0x48, 0x19, 0x48, 0x19, 0x48, 0x19, 0x48, 0x19,
    0x48, 0x19, 0x48, 0x19, 0x48, 0x19, 0x48, 0x19, 0x48, 0x19, 0x48, 0x19, 0x48, 0x19, 0x48, 0x19,
    0x48, 0x19, 0x48, 0x19, 0x48, 0x19, 0x48, 0x19, 0x48, 0x19, 0x48, 0x19, 0x48, 0x19, 0x48, 0x19,
    0x48, 0x19, 0x48, 0x19, 0x48, 0x19, 0x48, 0x19, 0x48, 0x19, 0x48, 0x19, 0x48, 0x19, 0x48, 0x19,
    0x48, 0x19, 0x48, 0x19, 0x48, 0x19, 0x48, 0x19, 0x48, 0x19, 0x48, 0x19, 0x48, 0x19, 0x48, 0x19,
    0x48, 0x19, 0x48, 0x19, 0x48, 0x19, 0x48, 0x19, 0x48, 0x19, 0x48, 0x19, 0x48, 0x19, 0x48, 0x19,
    0x48, 0x19, 0x48, 0x19, 0x48, 0x19, 0x48, 0x19, 0x48, 0x19, 0x48, 0x19, 0x48, 0x19, 0x48, 0x19,
    0x48, 0x19, 0x48, 0x19, 0x48, 0x19, 0x28, 0x19, 0x28, 0x19, 0x28, 0x19, 0x28, 0x19, 0x28, 0x19,
    0x28, 0x19, 0x28, 0x19, 0x28, 0x19, 0x28, 0x19, 0x28, 0x19, 0x28, 0x19, 0x28, 0x19, 0x28, 0x11,
    0x28, 0x11, 0x28, 0x11, 0x28, 0x11, 0x28, 0x11, 0x28, 0x11, 0x28, 0x11, 0x28, 0x11, 0x28, 0x11,
    0x28, 0x11, 0x28, 0x11, 0x27, 0x11, 0x27, 0x11, 0x27, 0x11, 0x27, 0x11, 0x27, 0x11, 0x27, 0x11,
    0x27, 0x11, 0x27, 0x11, 0x27, 0x11, 0x27, 0x11, 0x27, 0x11, 0x27, 0x11, 0x27, 0x11, 0x07, 0x11,
    0x07, 0x11, 0x07, 0x11, 0x07, 0x11, 0x07, 0x11, 0x07, 0x11, 0x07, 0x11, 0x07, 0x11, 0x07, 0x11,
    0x07, 0x11, 0x07, 0x11, 0x07, 0x11, 0x07, 0x11, 0x07, 0x11, 0x07, 0x11, 0x07, 0x11, 0x07, 0x11,
    0x07, 0x11, 0x07, 0x11, 0x07, 0x11, 0x07, 0x11, 0x07, 0x11, 0x07, 0x11, 0x07, 0x11, 0x07, 0x11,
    0x07, 0x11, 0x07, 0x11, 0x07, 0x11, 0x07, 0x11, 0x07, 0x11, 0x07, 0x11, 0x06, 0x11, 0xE6, 0x10,
    0x07, 0x11, 0x07, 0x11, 0x07, 0x11, 0x07, 0x11, 0x07, 0x11, 0x07, 0x11, 0x07, 0x11, 0x07, 0x11,
    0x07, 0x11, 0x07, 0x11, 0x07, 0x11, 0x07, 0x11, 0x07, 0x11, 0x07, 0x11, 0x27, 0x11, 0x27, 0x11,
    0x27, 0x11, 0x27, 0x11, 0x27, 0x11, 0x27, 0x11, 0x27, 0x11, 0x27, 0x11, 0x28, 0x11, 0x28, 0x11,
    0x28, 0x11, 0x28, 0x11, 0x28, 0x11, 0x28, 0x11, 0x28, 0x11, 0x28, 0x11, 0x28, 0x11, 0x28, 0x11,
    0x28, 0x11, 0x28, 0x11, 0x28, 0x11, 0x28, 0x11, 0x28, 0x11, 0x28, 0x11, 0x28, 0x11, 0x28, 0x11,
    0x28, 0x11, 0x28, 0x19, 0x28, 0x19, 0x28, 0x19, 0x28, 0x19, 0x48, 0x19, 0x48, 0x19, 0x48, 0x19,
    0x48, 0x19, 0x48, 0x19, 0x48, 0x19, 0x48, 0x19, 0x48, 0x19, 0x48, 0x19, 0x48, 0x19, 0x48, 0x19,
    0x48, 0x19, 0x48, 0x19, 0x48, 0x19, 0x48, 0x19, 0x48, 0x19, 0x48, 0x19, 0x48, 0x19, 0x48, 0x19,
    0x48, 0x19, 0x48, 0x19, 0x48, 0x19, 0x48, 0x19, 0x49, 0x19, 0x49, 0x19, 0x49, 0x19, 0x49, 0x19,
    0x49, 0x19, 0x49, 0x19, 0x49, 0x19, 0x49, 0x19, 0x49, 0x19, 0x49, 0x19, 0x49, 0x19, 0x49, 0x19,
    0x49, 0x19, 0x49, 0x19, 0x69, 0x19, 0x69, 0x19, 0x69, 0x19, 0x69, 0x19, 0x69, 0x19, 0x69, 0x19,
    0x69, 0x19, 0x69, 0x19, 0x69, 0x19, 0x69, 0x19, 0x69, 0x19, 0x69, 0x19, 0x69, 0x19, 0x69, 0x19,
    0x69, 0x19, 0x69, 0x19, 0x69, 0x19, 0x69, 0x19, 0x69, 0x19, 0x69, 0x19, 0x69, 0x19, 0x69, 0x19,
    0x69, 0x19, 0x69, 0x19, 0x69, 0x19, 0x69, 0x19, 0x69, 0x19, 0x69, 0x19, 0x69, 0x19, 0x69, 0x19,
    0x69, 0x19, 0x69, 0x19, 0x69, 0x19, 0x69, 0x19, 0x69, 0x19, 0x69, 0x19, 0x69, 0x19, 0x69, 0x19,
    0x69, 0x19, 0x69, 0x19, 0x69, 0x19, 0x69, 0x19, 0x69, 0x19, 0x69, 0x19, 0x69, 0x19, 0x69, 0x19,
    0x69, 0x19, 0x69, 0x19, 0x69, 0x19, 0x69, 0x19, 0x69, 0x19, 0x69, 0x19, 0x69, 0x19, 0x69, 0x19,
    0x69, 0x19, 0x69, 0x19, 0x69, 0x19, 0x69, 0x19, 0x69, 0x19, 0x69, 0x19, 0x69, 0x19, 0x69, 0x19,
    0x69, 0x19, 0x69, 0x19, 0x69, 0x19, 0x69, 0x19, 0x69, 0x19, 0x69, 0x19, 0x69, 0x19, 0x69, 0x19,
    0x69, 0x19, 0x69, 0x19, 0x69, 0x19, 0x69, 0x19, 0x69, 0x19, 0x69, 0x19, 0x69, 0x19, 0x49, 0x19,
    0x49, 0x19, 0x49, 0x19, 0x49, 0x19, 0x49, 0x19, 0x49, 0x19, 0x49, 0x19, 0x49, 0x19, 0x49, 0x19,
    0x49, 0x19, 0x49, 0x19, 0x49, 0x19, 0x49, 0x19, 0x49, 0x19, 0x48, 0x19, 0x48, 0x19, 0x48, 0x19,
    0x48, 0x19, 0x48, 0x19, 0x48, 0x19, 0x48, 0x19, 0x48, 0x19, 0x48, 0x19, 0x48, 0x19, 0x48, 0x19,
    0x48, 0x19, 0x48, 0x19, 0x48, 0x19, 0x48, 0x19, 0x48, 0x19, 0x48, 0x19, 0x48, 0x19, 0x48, 0x19,
    0x48, 0x19, 0x48, 0x19, 0x48, 0x19, 0x48, 0x19, 0x28, 0x19, 0x28, 0x19, 0x28, 0x19, 0x28, 0x19,
    0x28, 0x11, 0x28, 0x11, 0x28, 0x11, 0x28, 0x11, 0x28, 0x11, 0x28, 0x11, 0x28, 0x11, 0x28, 0x11,
    0x28, 0x11, 0x28, 0x11, 0x28, 0x11, 0x28, 0x11, 0x28, 0x11, 0x28, 0x11, 0x28, 0x11, 0x28, 0x11,
    0x28, 0x11, 0x28, 0x11, 0x28, 0x11, 0x27, 0x11, 0x27, 0x11, 0x27, 0x11, 0x27, 0x11, 0x27, 0x11,
    0x27, 0x11, 0x27, 0x11, 0x27, 0x11, 0x07, 0x11, 0x07, 0x11, 0x07, 0x11, 0x07, 0x11, 0x07, 0x11,
    0x07, 0x11, 0x07, 0x11, 0x07, 0x11, 0x07, 0x11, 0x07, 0x11, 0x07, 0x11, 0x07, 0x11, 0x07, 0x11,
    0xE6, 0x10, 0x07, 0x11, 0x07, 0x11, 0x07, 0x11, 0x07, 0x11, 0x07, 0x11, 0x07, 0x11, 0x07, 0x11,
    0x07, 0x11, 0x07, 0x11, 0x07, 0x11, 0x07, 0x11, 0x07, 0x11, 0x07, 0x11, 0x07, 0x11, 0x07, 0x11,
    0x07, 0x11, 0x07, 0x11, 0x07, 0x11, 0x07, 0x11, 0x07, 0x11, 0x07, 0x11, 0x07, 0x11, 0x07, 0x11,
    0x07, 0x11, 0x07, 0x11, 0x07, 0x11, 0x07, 0x11, 0x07, 0x11, 0x07, 0x11, 0x07, 0x11, 0x07, 0x11,
    0x07, 0x11, 0x27, 0x11, 0x27, 0x11, 0x27, 0x11, 0x27, 0x11, 0x27, 0x11, 0x27, 0x11, 0x27, 0x11,
    0x27, 0x11, 0x27, 0x11, 0x27, 0x11, 0x27, 0x11, 0x27, 0x11, 0x28, 0x11, 0x28, 0x11, 0x28, 0x11,
    0x28, 0x11, 0x28, 0x11, 0x28, 0x11, 0x28, 0x11, 0x28, 0x11, 0x28, 0x11, 0x28, 0x11, 0x28, 0x11,
    0x28, 0x11, 0x28, 0x11, 0x28, 0x19, 0x28, 0x19, 0x28, 0x19, 0x28, 0x19, 0x28, 0x19, 0x28, 0x19,
    0x28, 0x19, 0x28, 0x19, 0x28, 0x19, 0x28, 0x19, 0x28, 0x19, 0x48, 0x19, 0x48, 0x19, 0x48, 0x19,
    0x48, 0x19, 0x48, 0x19, 0x48, 0x19, 0x48, 0x19, 0x48, 0x19, 0x48, 0x19, 0x48, 0x19, 0x48, 0x19,
    0x48, 0x19, 0x48, 0x19, 0x48, 0x19, 0x48, 0x19, 0x48, 0x19, 0x48, 0x19, 0x48, 0x19, 0x48, 0x19,
    0x48, 0x19, 0x48, 0x19, 0x48, 0x19, 0x48, 0x19, 0x48, 0x19, 0x48, 0x19, 0x48, 0x19, 0x48, 0x19,
    0x48, 0x19, 0x48, 0x19, 0x48, 0x19, 0x48, 0x19, 0x48, 0x19, 0x48, 0x19, 0x48, 0x19, 0x48, 0x19,
    0x48, 0x19, 0x48, 0x19, 0x48, 0x19, 0x48, 0x19, 0x48, 0x19, 0x48, 0x19, 0x48, 0x19, 0x48, 0x19,
    0x48, 0x19, 0x48, 0x19, 0x48, 0x19, 0x48, 0x19, 0x48, 0x19, 0x49, 0x19, 0x49, 0x19, 0x49, 0x19,
    0x49, 0x19, 0x49, 0x19, 0x49, 0x19, 0x49, 0x19, 0x48, 0x19, 0x48, 0x19, 0x48, 0x19, 0x48, 0x19,
    0x48, 0x19, 0x48, 0x19, 0x48, 0x19, 0x48, 0x19, 0x48, 0x19, 0x48, 0x19, 0x48, 0x19, 0x48, 0x19,
    0x48, 0x19, 0x48, 0x19, 0x48, 0x19, 0x48, 0x19, 0x48, 0x19, 0x48, 0x19, 0x48, 0x19, 0x48, 0x19,
    0x48, 0x19, 0x48, 0x19, 0x48, 0x19, 0x48, 0x19, 0x48, 0x19, 0x48, 0x19, 0x48, 0x19, 0x48, 0x19,
    0x48, 0x19, 0x48, 0x19, 0x48, 0x19, 0x48, 0x19, 0x48, 0x19, 0x48, 0x19, 0x48, 0x19, 0x48, 0x19,
    0x48, 0x19, 0x48, 0x19, 0x48, 0x19, 0x48, 0x19, 0x48, 0x19, 0x48, 0x19, 0x48, 0x19, 0x48, 0x19,
    0x48, 0x19, 0x48, 0x19, 0x48, 0x19, 0x48, 0x19, 0x28, 0x19, 0x28, 0x19, 0x28, 0x19, 0x28, 0x19,
    0x28, 0x19, 0x28, 0x19, 0x28, 0x19, 0x28, 0x19, 0x28, 0x19, 0x28, 0x19, 0x28, 0x19, 0x28, 0x11,
    0x28, 0x11, 0x28, 0x11, 0x28, 0x11, 0x28, 0x11, 0x28, 0x11, 0x28, 0x11, 0x28, 0x11, 0x28, 0x11,
    0x28, 0x11, 0x28, 0x11, 0x28, 0x11, 0x28, 0x11, 0x27, 0x11, 0x27, 0x11, 0x27, 0x11, 0x27, 0x11,
    0x27, 0x11, 0x27, 0x11, 0x27, 0x11, 0x27, 0x11, 0x27, 0x11, 0x27, 0x11, 0x27, 0x11, 0x27, 0x11,
    0x07, 0x11, 0x07, 0x11, 0x07, 0x11, 0x07, 0x11, 0x07, 0x11, 0x07, 0x11, 0x07, 0x11, 0x07, 0x11,
    0x07, 0x11, 0x07, 0x11, 0x07, 0x11, 0x07, 0x11, 0x07, 0x11, 0x07, 0x11, 0x07, 0x11, 0x07, 0x11,
    0x07, 0x11, 0x07, 0x11, 0x07, 0x11, 0x07, 0x11, 0x07, 0x11, 0x07, 0x11, 0x07, 0x11, 0x07, 0x11,
    0x07, 0x11, 0x07, 0x11, 0x07, 0x11, 0x07, 0x11, 0x07, 0x11, 0x07, 0x11, 0x07, 0x11, 0x07, 0x11,
    0x06, 0x11, 0x07, 0x11, 0x07, 0x11, 0x07, 0x11, 0x07, 0x11, 0x07, 0x11, 0x07, 0x11, 0x07, 0x11,
    0x07, 0x11, 0x07, 0x11, 0x07, 0x11, 0x07, 0x11, 0x07, 0x11, 0x07, 0x11, 0x07, 0x11, 0x07, 0x11,
    0x07, 0x11, 0x07, 0x11, 0x07, 0x11, 0x07, 0x11, 0x07, 0x11, 0x07, 0x11, 0x07, 0x11, 0x07, 0x11,
    0x07, 0x11, 0x07, 0x11, 0x07, 0x11, 0x07, 0x11, 0x07, 0x11, 0x07, 0x11, 0x07, 0x11, 0x07, 0x11,
    0x27, 0x11, 0x27, 0x11, 0x27, 0x11, 0x27, 0x11, 0x27, 0x11, 0x27, 0x11, 0x27, 0x11, 0x27, 0x11,
    0x27, 0x11, 0x27, 0x11, 0x27, 0x11, 0x27, 0x11, 0x27, 0x11, 0x28, 0x11, 0x28, 0x11, 0x28, 0x11,
    0x28, 0x11, 0x28, 0x11, 0x28, 0x11, 0x28, 0x11, 0x28, 0x11, 0x28, 0x11, 0x28, 0x11, 0x28, 0x11,
    0x28, 0x11, 0x28, 0x11, 0x28, 0x19, 0x28, 0x19, 0x28, 0x19, 0x28, 0x19, 0x28, 0x19, 0x28, 0x19,
    0x28, 0x19, 0x28, 0x19, 0x28, 0x19, 0x28, 0x19, 0x28, 0x19, 0x48, 0x19, 0x48, 0x19, 0x48, 0x19,
    0x48, 0x19, 0x48, 0x19, 0x48, 0x19, 0x48, 0x19, 0x48, 0x19, 0x48, 0x19, 0x48, 0x19, 0x48, 0x19,
    0x48, 0x19, 0x48, 0x19, 0x48, 0x19, 0x48, 0x19, 0x48, 0x19, 0x48, 0x19, 0x48, 0x19, 0x48, 0x19,
    0x48, 0x19, 0x48, 0x19, 0x48, 0x19, 0x48, 0x19, 0x48, 0x19, 0x48, 0x19, 0x48, 0x19, 0x48, 0x19,
    0x48, 0x19, 0x48, 0x19, 0x48, 0x19, 0x48, 0x19, 0x48, 0x19, 0x48, 0x19, 0x48, 0x19, 0x48, 0x19,
    0x48, 0x19, 0x48, 0x19, 0x48, 0x19, 0x48, 0x19, 0x48, 0x19, 0x48, 0x19, 0x48, 0x19, 0x48, 0x19,
    0x48, 0x19, 0x48, 0x19, 0x49, 0x19, 0x49, 0x19, 0x49, 0x19, 0x49, 0x19, 0x49, 0x19, 0x49, 0x19,
    0x49, 0x19, 0x49, 0x19, 0x49, 0x19, 0x49, 0x19, 0x49, 0x19, 0x49, 0x19, 0x49, 0x19, 0x48, 0x19,
    0x48, 0x19, 0x48, 0x19, 0x48, 0x19, 0x48, 0x19, 0x48, 0x19, 0x48, 0x19, 0x48, 0x19, 0x48, 0x19,
    0x48, 0x19, 0x48, 0x19, 0x48, 0x19, 0x48, 0x19, 0x48, 0x19, 0x48, 0x19, 0x48, 0x19, 0x48, 0x19,
    0x48, 0x19, 0x48, 0x19, 0x48, 0x19, 0x48, 0x19, 0x48, 0x19, 0x48, 0x19, 0x48, 0x19, 0x48, 0x19,
    0x48, 0x19, 0x48, 0x19, 0x48, 0x19, 0x48, 0x19, 0x48, 0x19, 0x48, 0x19, 0x48, 0x19, 0x48, 0x19,
    0x48, 0x19, 0x48, 0x19, 0x48, 0x19, 0x48, 0x19, 0x48, 0x19, 0x48, 0x19, 0x48, 0x19, 0x48, 0x19,
    0x48, 0x19, 0x48, 0x19, 0x48, 0x19, 0x48, 0x19, 0x28, 0x19, 0x28, 0x19, 0x28, 0x19, 0x28, 0x19,
    0x28, 0x19, 0x28, 0x19, 0x28, 0x19, 0x28, 0x19, 0x28, 0x19, 0x28, 0x19, 0x28, 0x19, 0x28, 0x11,
    0x28, 0x11, 0x28, 0x11, 0x28, 0x11, 0x28, 0x11, 0x28, 0x11, 0x28, 0x11, 0x28, 0x11, 0x28, 0x11,
    0x28, 0x11, 0x28, 0x11, 0x28, 0x11, 0x28, 0x11, 0x27, 0x11, 0x27, 0x11, 0x27, 0x11, 0x27, 0x11,
    0x27, 0x11, 0x27, 0x11, 0x27, 0x11, 0x27, 0x11, 0x27, 0x11, 0x27, 0x11, 0x27, 0x11, 0x27, 0x11,
    0x27, 0x11, 0x07, 0x11, 0x07, 0x11, 0x07, 0x11, 0x07, 0x11, 0x07, 0x11, 0x07, 0x11, 0x07, 0x11,
    0x07, 0x11, 0x07, 0x11, 0x07, 0x11, 0x07, 0x11, 0x07, 0x11, 0x07, 0x11, 0x07, 0x11, 0x07, 0x11,
    0x07, 0x11, 0x07, 0x11, 0x07, 0x11, 0x07, 0x11, 0x07, 0x11, 0x07, 0x11, 0x07, 0x11, 0x07, 0x11,
    0x07, 0x11, 0x07, 0x11, 0x07, 0x11, 0x07, 0x11, 0x07, 0x11, 0x07, 0x11, 0x07, 0x11, 0x07, 0x11,
    0x07, 0x11, 0x07, 0x11, 0x07, 0x11, 0x07, 0x11, 0x07, 0x11, 0x07, 0x11, 0x07, 0x11, 0x07, 0x11,
    0x07, 0x11, 0x07, 0x11, 0x07, 0x11, 0x07, 0x11, 0x27, 0x11, 0x27, 0x11, 0x27, 0x11, 0x27, 0x11,
    0x27, 0x11, 0x27, 0x11, 0x27, 0x11, 0x27, 0x11, 0x28, 0x11, 0x28, 0x11, 0x28, 0x11, 0x28, 0x11,
    0x28, 0x11, 0x28, 0x11, 0x28, 0x11, 0x28, 0x11, 0x28, 0x11, 0x28, 0x11, 0x28, 0x11, 0x28, 0x11,
    0x28, 0x11, 0x28, 0x11, 0x28, 0x11, 0x28, 0x11, 0x28, 0x11, 0x28, 0x11, 0x28, 0x11, 0x28, 0x11,
    0x28, 0x11, 0x28, 0x19, 0x28, 0x19, 0x48, 0x19, 0x48, 0x19, 0x48, 0x19, 0x48, 0x19, 0x48, 0x19,
    0x48, 0x19, 0x48, 0x19, 0x48, 0x19, 0x48, 0x19, 0x48, 0x19, 0x48, 0x19, 0x48, 0x19, 0x48, 0x19,
    0x48, 0x19, 0x48, 0x19, 0x48, 0x19, 0x48, 0x19, 0x48, 0x19, 0x48, 0x19, 0x48, 0x19, 0x48, 0x19,
    0x48, 0x19, 0x49, 0x19, 0x49, 0x19, 0x49, 0x19, 0x49, 0x19, 0x49, 0x19, 0x49, 0x19, 0x49, 0x19,
    0x49, 0x19, 0x49, 0x19, 0x49, 0x19, 0x49, 0x19, 0x49, 0x19, 0x49, 0x19, 0x49, 0x19, 0x49, 0x19,
    0x69, 0x19, 0x69, 0x19, 0x69, 0x19, 0x69, 0x19, 0x69, 0x19, 0x69, 0x19, 0x69, 0x19, 0x69, 0x19,
    0x69, 0x19, 0x69, 0x19, 0x69, 0x19, 0x69, 0x19, 0x69, 0x19, 0x69, 0x19, 0x69, 0x19, 0x69, 0x19,
    0x69, 0x19, 0x69, 0x19, 0x69, 0x19, 0x69, 0x19, 0x69, 0x19, 0x69, 0x19, 0x69, 0x19, 0x69, 0x19,
    0x69, 0x19, 0x69, 0x19, 0x69, 0x19, 0x69, 0x19, 0x69, 0x19, 0x69, 0x19, 0x69, 0x19, 0x69, 0x19,
    0x69, 0x19, 0x69, 0x19, 0x69, 0x19, 0x69, 0x19, 0x69, 0x19, 0x69, 0x19, 0x69, 0x19, 0x69, 0x19,
    0x69, 0x19, 0x69, 0x19, 0x69, 0x19, 0x69, 0x19, 0x69, 0x19, 0x69, 0x19, 0x69, 0x19, 0x69, 0x19,
    0x69, 0x19, 0x69, 0x19, 0x69, 0x19, 0x69, 0x19, 0x69, 0x19, 0x69, 0x19, 0x69, 0x19, 0x69, 0x19,
    0x69, 0x19, 0x69, 0x19, 0x69, 0x19, 0x69, 0x19, 0x69, 0x19, 0x69, 0x19, 0x69, 0x19, 0x69, 0x19,
    0x69, 0x19, 0x69, 0x19, 0x69, 0x19, 0x69, 0x19, 0x69, 0x19, 0x69, 0x19, 0x69, 0x19, 0x69, 0x19,
    0x69, 0x19, 0x69, 0x19, 0x69, 0x19, 0x69, 0x19, 0x69, 0x19, 0x69, 0x19, 0x69, 0x19, 0x69, 0x19,
    0x69, 0x19, 0x49, 0x19, 0x49, 0x19, 0x49, 0x19, 0x49, 0x19, 0x49, 0x19, 0x49, 0x19, 0x49, 0x19,
    0x49, 0x19, 0x49, 0x19, 0x49, 0x19, 0x49, 0x19, 0x49, 0x19, 0x49, 0x19, 0x49, 0x19, 0x49, 0x19,
    0x48, 0x19, 0x48, 0x19, 0x48, 0x19, 0x48, 0x19, 0x48, 0x19, 0x48, 0x19, 0x48, 0x19, 0x48, 0x19,
    0x48, 0x19, 0x48, 0x19, 0x48, 0x19, 0x48, 0x19, 0x48, 0x19, 0x48, 0x19, 0x48, 0x19, 0x48, 0x19,
    0x48, 0x19, 0x48, 0x19, 0x48, 0x19, 0x48, 0x19, 0x48, 0x19, 0x48, 0x19, 0x28, 0x19, 0x28, 0x19,
    0x28, 0x11, 0x28, 0x11, 0x28, 0x11, 0x28, 0x11, 0x28, 0x11, 0x28, 0x11, 0x28, 0x11, 0x28, 0x11,
    0x28, 0x11, 0x28, 0x11, 0x28, 0x11, 0x28, 0x11, 0x28, 0x11, 0x28, 0x11, 0x28, 0x11, 0x28, 0x11,
    0x28, 0x11, 0x28, 0x11, 0x28, 0x11, 0x28, 0x11, 0x28, 0x11, 0x27, 0x11, 0x27, 0x11, 0x27, 0x11,
    0x27, 0x11, 0x27, 0x11, 0x27, 0x11, 0x27, 0x11, 0x27, 0x11, 0x07, 0x11, 0x07, 0x11, 0x07, 0x11,
    0x07, 0x11, 0x07, 0x11, 0x07, 0x11, 0x07, 0x11, 0x07, 0x11, 0x07, 0x11, 0x07, 0x11, 0x07, 0x11,
    0x07, 0x11, 0x07, 0x11, 0x07, 0x11, 0x07, 0x11, 0x07, 0x11, 0x07, 0x11, 0x07, 0x11, 0x07, 0x11,
    0x07, 0x11, 0x07, 0x11, 0x07, 0x11, 0x07, 0x11, 0x07, 0x11, 0x07, 0x11, 0x07, 0x11, 0x07, 0x11,
    0x07, 0x11, 0x07, 0x11, 0x07, 0x11, 0x07, 0x11, 0x07, 0x11, 0x07, 0x11, 0x07, 0x11, 0x07, 0x11,
    0x07, 0x11, 0x07, 0x11, 0x07, 0x11, 0x07, 0x11, 0x07, 0x11, 0x07, 0x11, 0x07, 0x11, 0x27, 0x11,
    0x27, 0x11, 0x27, 0x11, 0x27, 0x11, 0x27, 0x11, 0x27, 0x11, 0x27, 0x11, 0x27, 0x11, 0x27, 0x11,
    0x27, 0x11, 0x27, 0x11, 0x27, 0x11, 0x28, 0x11, 0x28, 0x11, 0x28, 0x11, 0x28, 0x11, 0x28, 0x11,
    0x28, 0x11, 0x28, 0x11, 0x28, 0x11, 0x28, 0x11, 0x28, 0x11, 0x28, 0x11, 0x28, 0x11, 0x28, 0x11,
    0x28, 0x11, 0x28, 0x11, 0x28, 0x19, 0x28, 0x19, 0x28, 0x19, 0x28, 0x19, 0x28, 0x19, 0x28, 0x19,
    0x28, 0x19, 0x28, 0x19, 0x28, 0x19, 0x48, 0x19, 0x48, 0x19, 0x48, 0x19, 0x48, 0x19, 0x48, 0x19,
    0x48, 0x19, 0x48, 0x19, 0x48, 0x19, 0x48, 0x19, 0x48, 0x19, 0x48, 0x19, 0x48, 0x19, 0x48, 0x19,
    0x48, 0x19, 0x48, 0x19, 0x48, 0x19, 0x48, 0x19, 0x48, 0x19, 0x48, 0x19, 0x48, 0x19, 0x48, 0x19,
    0x48, 0x19, 0x48, 0x19, 0x48, 0x19, 0x48, 0x19, 0x48, 0x19, 0x48, 0x19, 0x48, 0x19, 0x48, 0x19,
    0x48, 0x19, 0x48, 0x19, 0x48, 0x19, 0x48, 0x19, 0x48, 0x19, 0x48, 0x19, 0x48, 0x19, 0x48, 0x19,
    0x48, 0x19, 0x48, 0x19, 0x48, 0x19, 0x48, 0x19, 0x48, 0x19, 0x48, 0x19, 0x48, 0x19, 0x49, 0x19,
    0x49, 0x19, 0x49, 0x19, 0x49, 0x19, 0x49, 0x19, 0x49, 0x19, 0x49, 0x19, 0x49, 0x19, 0x49, 0x19,
    0x49, 0x19, 0x49, 0x19, 0x49, 0x19, 0x49, 0x19, 0x49, 0x19, 0x49, 0x19, 0x49, 0x19, 0x49, 0x19,
    0x49, 0x19, 0x49, 0x19, 0x48, 0x19, 0x48, 0x19, 0x48, 0x19, 0x48, 0x19, 0x48, 0x19, 0x48, 0x19,
    0x48, 0x19, 0x48, 0x19, 0x48, 0x19, 0x48, 0x19, 0x48, 0x19, 0x48, 0x19, 0x48, 0x19, 0x48, 0x19,
    0x48, 0x19, 0x48, 0x19, 0x48, 0x19, 0x48, 0x19, 0x48, 0x19, 0x48, 0x19, 0x48, 0x19, 0x48, 0x19,
    0x48, 0x19, 0x48, 0x19, 0x48, 0x19, 0x48, 0x19, 0x48, 0x19, 0x48, 0x19, 0x48, 0x19, 0x48, 0x19,
    0x48, 0x19, 0x48, 0x19, 0x48, 0x19, 0x48, 0x19, 0x48, 0x19, 0x48, 0x19, 0x48, 0x19, 0x48, 0x19,
    0x48, 0x19, 0x48, 0x19, 0x48, 0x19, 0x48, 0x19, 0x48, 0x19, 0x48, 0x19, 0x28, 0x19, 0x28, 0x19,
    0x28, 0x19, 0x28, 0x19, 0x28, 0x19, 0x28, 0x19, 0x28, 0x19, 0x28, 0x19, 0x28, 0x19, 0x28, 0x11,
    0x28, 0x11, 0x28, 0x11, 0x28, 0x11, 0x28, 0x11, 0x28, 0x11, 0x28, 0x11, 0x28, 0x11, 0x28, 0x11,
    0x28, 0x11, 0x28, 0x11, 0x28, 0x11, 0x28, 0x11, 0x28, 0x11, 0x28, 0x11, 0x27, 0x11, 0x27, 0x11,
    0x27, 0x11, 0x27, 0x11, 0x27, 0x11, 0x27, 0x11, 0x27, 0x11, 0x27, 0x11, 0x27, 0x11, 0x27, 0x11,
    0x27, 0x11, 0x27, 0x11, 0x07, 0x11, 0x07, 0x11, 0x07, 0x11, 0x07, 0x11, 0x07, 0x11, 0x07, 0x11,
    0x07, 0x11, 0x07, 0x11, 0x07, 0x11, 0x07, 0x11, 0x07, 0x11, 0x07, 0x11, 0x07, 0x11, 0x07, 0x11,
    0x07, 0x11, 0x07, 0x11, 0x07, 0x11, 0x07, 0x11, 0x07, 0x11, 0x07, 0x11, 0x07, 0x11, 0x07, 0x11,
    0x07, 0x11, 0x07, 0x11, 0x07, 0x11, 0x07, 0x11, 0x07, 0x11, 0x07, 0x11, 0x07, 0x11, 0x07, 0x11,
    0x07, 0x11, 0x07, 0x11, 0x07, 0x11, 0x07, 0x11, 0x07, 0x11, 0x07, 0x11, 0x07, 0x11, 0x07, 0x11,
    0x07, 0x11, 0x07, 0x11, 0x07, 0x11, 0x07, 0x11, 0x07, 0x11, 0x07, 0x11, 0x07, 0x11, 0x07, 0x11,
    0x07, 0x11, 0x07, 0x11, 0x07, 0x11, 0x07, 0x11, 0x07, 0x11, 0x07, 0x11, 0x07, 0x11, 0x07, 0x11,
    0x07, 0x11, 0x07, 0x11, 0x07, 0x11, 0x07, 0x11, 0x07, 0x11, 0x07, 0x11, 0x27, 0x11, 0x27, 0x11,
    0x27, 0x11, 0x27, 0x11, 0x27, 0x11, 0x27, 0x11, 0x27, 0x11, 0x27, 0x11, 0x27, 0x11, 0x27, 0x11,
    0x27, 0x11, 0x27, 0x11, 0x28, 0x11, 0x28, 0x11, 0x28, 0x11, 0x28, 0x11, 0x28, 0x11, 0x28, 0x11,
    0x28, 0x11, 0x28, 0x11, 0x28, 0x11, 0x28, 0x11, 0x28, 0x11, 0x28, 0x11, 0x28, 0x11, 0x28, 0x11,
    0x28, 0x11, 0x28, 0x11, 0x28, 0x19, 0x28, 0x19, 0x28, 0x19, 0x28, 0x19, 0x28, 0x19, 0x28, 0x19,
    0x28, 0x19, 0x28, 0x19, 0x28, 0x19, 0x48, 0x19, 0x48, 0x19, 0x48, 0x19, 0x48, 0x19, 0x48, 0x19,
    0x48, 0x19, 0x48, 0x19, 0x48, 0x19, 0x48, 0x19, 0x48, 0x19, 0x48, 0x19, 0x48, 0x19, 0x48, 0x19,
    0x48, 0x19, 0x48, 0x19, 0x48, 0x19, 0x48, 0x19, 0x48, 0x19, 0x48, 0x19, 0x48, 0x19, 0x48, 0x19,
    0x48, 0x19, 0x48, 0x19, 0x48, 0x19, 0x48, 0x19, 0x48, 0x19, 0x48, 0x19, 0x48, 0x19, 0x48, 0x19,
    0x48, 0x19, 0x48, 0x19, 0x48, 0x19, 0x48, 0x19, 0x48, 0x19, 0x48, 0x19, 0x48, 0x19, 0x48, 0x19,
    0x48, 0x19, 0x48, 0x19, 0x48, 0x19, 0x48, 0x19, 0x48, 0x19, 0x49, 0x19, 0x49, 0x19, 0x49, 0x19,
    0x49, 0x19, 0x49, 0x19, 0x49, 0x19, 0x49, 0x19, 0x49, 0x19, 0x49, 0x19, 0x49, 0x19, 0x49, 0x19,
    0x49, 0x19, 0x49, 0x19, 0x49, 0x19, 0x49, 0x19, 0x49, 0x19, 0x49, 0x19, 0x49, 0x19, 0x49, 0x19,
    0x49, 0x19, 0x49, 0x19, 0x49, 0x19, 0x49, 0x19, 0x48, 0x19, 0x48, 0x19, 0x48, 0x19, 0x48, 0x19,
    0x48, 0x19, 0x48, 0x19, 0x48, 0x19, 0x48, 0x19, 0x48, 0x19, 0x48, 0x19, 0x48, 0x19, 0x48, 0x19,
    0x48, 0x19, 0x48, 0x19, 0x48, 0x19, 0x48, 0x19, 0x48, 0x19, 0x48, 0x19, 0x48, 0x19, 0x48, 0x19,
    0x48, 0x19, 0x48, 0x19, 0x48, 0x19, 0x48, 0x19, 0x48, 0x19, 0x48, 0x19, 0x48, 0x19, 0x48, 0x19,
    0x48, 0x19, 0x48, 0x19, 0x48, 0x19, 0x48, 0x19, 0x48, 0x19, 0x48, 0x19, 0x48, 0x19, 0x48, 0x19,
    0x48, 0x19, 0x48, 0x19, 0x48, 0x19, 0x48, 0x19, 0x48, 0x19, 0x48, 0x19, 0x28, 0x19, 0x28, 0x19,
    0x28, 0x19, 0x28, 0x19, 0x28, 0x19, 0x28, 0x19, 0x28, 0x19, 0x28, 0x19, 0x28, 0x19, 0x28, 0x11,
    0x28, 0x11, 0x28, 0x11, 0x28, 0x11, 0x28, 0x11, 0x28, 0x11, 0x28, 0x11, 0x28, 0x11, 0x28, 0x11,
    0x28, 0x11, 0x28, 0x11, 0x28, 0x11, 0x28, 0x11, 0x28, 0x11, 0x28, 0x11, 0x28, 0x11, 0x27, 0x11,
    0x27, 0x11, 0x27, 0x11, 0x27, 0x11, 0x27, 0x11, 0x27, 0x11, 0x27, 0x11, 0x27, 0x11, 0x27, 0x11,
    0x27, 0x11, 0x27, 0x11, 0x27, 0x11, 0x07, 0x11, 0x07, 0x11, 0x07, 0x11, 0x07, 0x11, 0x07, 0x11,
    0x07, 0x11, 0x07, 0x11, 0x07, 0x11, 0x07, 0x11, 0x07, 0x11, 0x07, 0x11, 0x07, 0x11, 0x07, 0x11,
    0x07, 0x11, 0x07, 0x11, 0x07, 0x11, 0x07, 0x11, 0x07, 0x11, 0x07, 0x11, 0x07, 0x11, 0x07, 0x11,
    0x07, 0x11, 0x07, 0x11, 0x07, 0x11, 0x07, 0x11, 0x07, 0x11, 0x07, 0x11, 0x07, 0x11, 0x07, 0x11,
    0x07, 0x11, 0x07, 0x11, 0x07, 0x11, 0x07, 0x11, 0x07, 0x11, 0x07, 0x11, 0x07, 0x11, 0x07, 0x11,
    0x07, 0x11, 0x07, 0x11, 0x07, 0x11, 0x27, 0x11, 0x27, 0x11, 0x27, 0x11, 0x27, 0x11, 0x27, 0x11,
    0x27, 0x11, 0x27, 0x11, 0x28, 0x11, 0x28, 0x11, 0x28, 0x11, 0x28, 0x11, 0x28, 0x11, 0x28, 0x11,
    0x28, 0x11, 0x28, 0x11, 0x28, 0x11, 0x28, 0x11, 0x28, 0x11, 0x28, 0x11, 0x28, 0x11, 0x28, 0x11,
    0x28, 0x11, 0x28, 0x11, 0x28, 0x11, 0x28, 0x11, 0x28, 0x11, 0x28, 0x11, 0x28, 0x11, 0x28, 0x11,
    0x28, 0x19, 0x28, 0x19, 0x48, 0x19, 0x48, 0x19, 0x48, 0x19, 0x48, 0x19, 0x48, 0x19, 0x48, 0x19,
    0x48, 0x19, 0x48, 0x19, 0x48, 0x19, 0x48, 0x19, 0x48, 0x19, 0x48, 0x19, 0x48, 0x19, 0x48, 0x19,
    0x48, 0x19, 0x48, 0x19, 0x48, 0x19, 0x48, 0x19, 0x48, 0x19, 0x48, 0x19, 0x48, 0x19, 0x49, 0x19,
    0x49, 0x19, 0x49, 0x19, 0x49, 0x19, 0x49, 0x19, 0x49, 0x19, 0x49, 0x19, 0x49, 0x19, 0x49, 0x19,
    0x49, 0x19, 0x49, 0x19, 0x49, 0x19, 0x49, 0x19, 0x49, 0x19, 0x49, 0x19, 0x69, 0x19, 0x69, 0x19,
    0x69, 0x19, 0x69, 0x19, 0x69, 0x19, 0x69, 0x19, 0x69, 0x19, 0x69, 0x19, 0x69, 0x19, 0x69, 0x19,
    0x69, 0x19, 0x69, 0x19, 0x69, 0x19, 0x69, 0x19, 0x69, 0x19, 0x69, 0x19, 0x69, 0x19, 0x69, 0x19,
    0x69, 0x19, 0x69, 0x19, 0x69, 0x19, 0x69, 0x19, 0x69, 0x19, 0x69, 0x19, 0x69, 0x19, 0x69, 0x19,
    0x69, 0x19, 0x69, 0x19, 0x69, 0x19, 0x69, 0x19, 0x69, 0x19, 0x69, 0x19, 0x69, 0x19, 0x69, 0x19,
    0x69, 0x19, 0x69, 0x19, 0x69, 0x19, 0x69, 0x19, 0x69, 0x19, 0x69, 0x19, 0x69, 0x19, 0x69, 0x19,
    0x69, 0x19, 0x69, 0x19, 0x69, 0x19, 0x69, 0x19, 0x69, 0x19, 0x69, 0x19, 0x69, 0x19, 0x69, 0x19,
    0x69, 0x19, 0x69, 0x19, 0x69, 0x19, 0x69, 0x19, 0x69, 0x19, 0x69, 0x19, 0x69, 0x19, 0x69, 0x19,
    0x69, 0x19, 0x69, 0x19, 0x69, 0x19, 0x69, 0x19, 0x69, 0x19, 0x69, 0x19, 0x69, 0x19, 0x69, 0x19,
    0x69, 0x19, 0x69, 0x19, 0x69, 0x19, 0x69, 0x19, 0x69, 0x19, 0x69, 0x19, 0x69, 0x19, 0x69, 0x19,
    0x69, 0x19, 0x69, 0x19, 0x69, 0x19, 0x69, 0x19, 0x69, 0x19, 0x69, 0x19, 0x69, 0x19, 0x69, 0x19,
    0x69, 0x19, 0x69, 0x19, 0x69, 0x19, 0x49, 0x19, 0x49, 0x19, 0x49, 0x19, 0x49, 0x19, 0x49, 0x19,
    0x49, 0x19, 0x49, 0x19, 0x49, 0x19, 0x49, 0x19, 0x49, 0x19, 0x49, 0x19, 0x49, 0x19, 0x49, 0x19,
    0x49, 0x19, 0x49, 0x19, 0x48, 0x19, 0x48, 0x19, 0x48, 0x19, 0x48, 0x19, 0x48, 0x19, 0x48, 0x19,
    0x48, 0x19, 0x48, 0x19, 0x48, 0x19, 0x48, 0x19, 0x48, 0x19, 0x48, 0x19, 0x48, 0x19, 0x48, 0x19,
    0x48, 0x19, 0x48, 0x19, 0x48, 0x19, 0x48, 0x19, 0x48, 0x19, 0x48, 0x19, 0x48, 0x19, 0x28, 0x19,
    0x28, 0x19, 0x28, 0x11, 0x28, 0x11, 0x28, 0x11, 0x28, 0x11, 0x28, 0x11, 0x28, 0x11, 0x28, 0x11,
    0x28, 0x11, 0x28, 0x11, 0x28, 0x11, 0x28, 0x11, 0x28, 0x11, 0x28, 0x11, 0x28, 0x11, 0x28, 0x11,
    0x28, 0x11, 0x28, 0x11, 0x28, 0x11, 0x28, 0x11, 0x28, 0x11, 0x28, 0x11, 0x28, 0x11, 0x27, 0x11,
    0x27, 0x11, 0x27, 0x11, 0x27, 0x11, 0x27, 0x11, 0x27, 0x11, 0x27, 0x11, 0x07, 0x11, 0x07, 0x11,
    0x07, 0x11, 0x07, 0x11, 0x07, 0x11, 0x07, 0x11, 0x07, 0x11, 0x07, 0x11, 0x07, 0x11, 0x07, 0x11,
    0x07, 0x11, 0x07, 0x11, 0x07, 0x11, 0x07, 0x11, 0x07, 0x11, 0x07, 0x11, 0x07, 0x11, 0x07, 0x11,
    0x07, 0x11, 0x07, 0x11, 0x07, 0x11, 0x07, 0x11, 0x07, 0x11, 0x07, 0x11, 0x07, 0x11, 0x07, 0x11,
    0x07, 0x11, 0x07, 0x11, 0x07, 0x11, 0x07, 0x11, 0x07, 0x11, 0x07, 0x11, 0x07, 0x11, 0x07, 0x11,
    0x07, 0x11, 0x07, 0x11, 0x07, 0x11, 0x07, 0x11, 0x07, 0x11, 0x27, 0x11, 0x27, 0x11, 0x27, 0x11,
    0x27, 0x11, 0x27, 0x11, 0x27, 0x11, 0x27, 0x11, 0x27, 0x11, 0x27, 0x11, 0x27, 0x11, 0x27, 0x11,
    0x27, 0x11, 0x28, 0x11, 0x28, 0x11, 0x28, 0x11, 0x28, 0x11, 0x28, 0x11, 0x28, 0x11, 0x28, 0x11,
    0x28, 0x11, 0x28, 0x11, 0x28, 0x11, 0x28, 0x11, 0x28, 0x11, 0x28, 0x11, 0x28, 0x11, 0x28, 0x11,
    0x28, 0x11, 0x28, 0x11, 0x28, 0x19, 0x28, 0x19, 0x28, 0x19, 0x28, 0x19, 0x28, 0x19, 0x28, 0x19,
    0x28, 0x19, 0x28, 0x19, 0x48, 0x19, 0x48, 0x19, 0x48, 0x19, 0x48, 0x19, 0x48, 0x19, 0x48, 0x19,
    0x48, 0x19, 0x48, 0x19, 0x48, 0x19, 0x48, 0x19, 0x48, 0x19, 0x48, 0x19, 0x48, 0x19, 0x48, 0x19,
    0x48, 0x19, 0x48, 0x19, 0x48, 0x19, 0x48, 0x19, 0x48, 0x19, 0x48, 0x19, 0x48, 0x19, 0x48, 0x19,
    0x48, 0x19, 0x48, 0x19, 0x48, 0x19, 0x48, 0x19, 0x48, 0x19, 0x48, 0x19, 0x48, 0x19, 0x48, 0x19,
    0x48, 0x19, 0x48, 0x19, 0x48, 0x19, 0x48, 0x19, 0x48, 0x19, 0x48, 0x19, 0x48, 0x19, 0x48, 0x19,
    0x48, 0x19, 0x48, 0x19, 0x48, 0x19, 0x49, 0x19, 0x49, 0x19, 0x49, 0x19, 0x49, 0x19, 0x49, 0x19,
    0x49, 0x19, 0x49, 0x19, 0x49, 0x19, 0x49, 0x19, 0x49, 0x19, 0x49, 0x19, 0x49, 0x19, 0x49, 0x19,
    0x49, 0x19, 0x49, 0x19, 0x49, 0x19, 0x49, 0x19, 0x49, 0x19, 0x49, 0x19, 0x49, 0x19, 0x49, 0x19,
    0x49, 0x19, 0x49, 0x19, 0x49, 0x19, 0x49, 0x19, 0x49, 0x19, 0x49, 0x19, 0x48, 0x19, 0x48, 0x19,
    0x48, 0x19, 0x48, 0x19, 0x48, 0x19, 0x48, 0x19, 0x48, 0x19, 0x48, 0x19, 0x48, 0x19, 0x48, 0x19,
    0x48, 0x19, 0x48, 0x19, 0x48, 0x19, 0x48, 0x19, 0x48, 0x19, 0x48, 0x19, 0x48, 0x19, 0x48, 0x19,
    0x48, 0x19, 0x48, 0x19, 0x48, 0x19, 0x48, 0x19, 0x48, 0x19, 0x48, 0x19, 0x48, 0x19, 0x48, 0x19,
    0x48, 0x19, 0x48, 0x19, 0x48, 0x19, 0x48, 0x19, 0x48, 0x19, 0x48, 0x19, 0x48, 0x19, 0x48, 0x19,
    0x48, 0x19, 0x48, 0x19, 0x48, 0x19, 0x48, 0x19, 0x48, 0x19, 0x48, 0x19, 0x48, 0x19, 0x28, 0x19,
    0x28, 0x19, 0x28, 0x19, 0x28, 0x19, 0x28, 0x19, 0x28, 0x19, 0x28, 0x19, 0x28, 0x19, 0x28, 0x11,
    0x28, 0x11, 0x28, 0x11, 0x28, 0x11, 0x28, 0x11, 0x28, 0x11, 0x28, 0x11, 0x28, 0x11, 0x28, 0x11,
    0x28, 0x11, 0x28, 0x11, 0x28, 0x11, 0x28, 0x11, 0x28, 0x11, 0x28, 0x11, 0x28, 0x11, 0x28, 0x11,
    0x27, 0x11, 0x27, 0x11, 0x27, 0x11, 0x27, 0x11, 0x27, 0x11, 0x27, 0x11, 0x27, 0x11, 0x27, 0x11,
    0x27, 0x11, 0x27, 0x11, 0x27, 0x11, 0x27, 0x11, 0x07, 0x11, 0x07, 0x11, 0x07, 0x11, 0x07, 0x11,
    0x07, 0x11, 0x07, 0x11, 0x07, 0x11, 0x07, 0x11, 0x07, 0x11, 0x07, 0x11, 0x07, 0x11, 0x07, 0x11,
    0x07, 0x11, 0x07, 0x11, 0x07, 0x11, 0x07, 0x11, 0x07, 0x11, 0x07, 0x11, 0x07, 0x11, 0x07, 0x11,
    0x07, 0x11, 0x07, 0x11, 0x07, 0x11, 0x07, 0x11, 0x07, 0x11, 0x07, 0x11, 0x07, 0x11, 0x07, 0x11,
    0x07, 0x11, 0x07, 0x11, 0x07, 0x11, 0x07, 0x11, 0x07, 0x11, 0x07, 0x11, 0x07, 0x11, 0x07, 0x11,
    0x07, 0x11, 0x07, 0x11, 0x07, 0x11, 0x07, 0x11, 0x07, 0x11, 0x07, 0x11, 0x07, 0x11, 0x07, 0x11,
    0x07, 0x11, 0x07, 0x11, 0x07, 0x11, 0x07, 0x11, 0x07, 0x11, 0x07, 0x11, 0x07, 0x11, 0x07, 0x11,
    0x07, 0x11, 0x07, 0x11, 0x07, 0x11, 0x07, 0x11, 0x07, 0x11, 0x27, 0x11, 0x27, 0x11, 0x27, 0x11,
    0x27, 0x11, 0x27, 0x11, 0x27, 0x11, 0x27, 0x11, 0x27, 0x11, 0x27, 0x11, 0x27, 0x11, 0x27, 0x11,
    0x28, 0x11, 0x28, 0x11, 0x28, 0x11, 0x28, 0x11, 0x28, 0x11, 0x28, 0x11, 0x28, 0x11, 0x28, 0x11,
    0x28, 0x11, 0x28, 0x11, 0x28, 0x11, 0x28, 0x11, 0x28, 0x11, 0x28, 0x11, 0x28, 0x11, 0x28, 0x11,
    0x28, 0x11, 0x28, 0x11, 0x28, 0x19, 0x28, 0x19, 0x28, 0x19, 0x28, 0x19, 0x28, 0x19, 0x28, 0x19,
    0x28, 0x19, 0x48, 0x19, 0x48, 0x19, 0x48, 0x19, 0x48, 0x19, 0x48, 0x19, 0x48, 0x19, 0x48, 0x19,
    0x48, 0x19, 0x48, 0x19, 0x48, 0x19, 0x48, 0x19, 0x48, 0x19, 0x48, 0x19, 0x48, 0x19, 0x48, 0x19,
    0x48, 0x19, 0x48, 0x19, 0x48, 0x19, 0x48, 0x19, 0x48, 0x19, 0x48, 0x19, 0x48, 0x19, 0x48, 0x19,
    0x48, 0x19, 0x48, 0x19, 0x48, 0x19, 0x48, 0x19, 0x48, 0x19, 0x48, 0x19, 0x48, 0x19, 0x48, 0x19,
    0x48, 0x19, 0x48, 0x19, 0x48, 0x19, 0x48, 0x19, 0x48, 0x19, 0x48, 0x19, 0x48, 0x19, 0x48, 0x19,
    0x48, 0x19, 0x49, 0x19, 0x49, 0x19, 0x49, 0x19, 0x49, 0x19, 0x49, 0x19, 0x49, 0x19, 0x49, 0x19,
    0x49, 0x19, 0x49, 0x19, 0x49, 0x19, 0x49, 0x19, 0x49, 0x19, 0x49, 0x19, 0x49, 0x19, 0x49, 0x19,
    0x49, 0x19, 0x49, 0x19, 0x49, 0x19, 0x49, 0x19, 0x49, 0x19, 0x49, 0x19, 0x49, 0x19, 0x49, 0x19,
    0x49, 0x19, 0x49, 0x19, 0x49, 0x19, 0x49, 0x19, 0x49, 0x19, 0x49, 0x19, 0x49, 0x19, 0x49, 0x19,
    0x48, 0x19, 0x48, 0x19, 0x48, 0x19, 0x48, 0x19, 0x48, 0x19, 0x48, 0x19, 0x48, 0x19, 0x48, 0x19,
    0x48, 0x19, 0x48, 0x19, 0x48, 0x19, 0x48, 0x19, 0x48, 0x19, 0x48, 0x19, 0x48, 0x19, 0x48, 0x19,
    0x48, 0x19, 0x48, 0x19, 0x48, 0x19, 0x48, 0x19, 0x48, 0x19, 0x48, 0x19, 0x48, 0x19, 0x48, 0x19,
    0x48, 0x19, 0x48, 0x19, 0x48, 0x19, 0x48, 0x19, 0x48, 0x19, 0x48, 0x19, 0x48, 0x19, 0x48, 0x19,
    0x48, 0x19, 0x48, 0x19, 0x48, 0x19, 0x48, 0x19, 0x48, 0x19, 0x48, 0x19, 0x48, 0x19, 0x48, 0x19,
    0x28, 0x19, 0x28, 0x19, 0x28, 0x19, 0x28, 0x19, 0x28, 0x19, 0x28, 0x19, 0x28, 0x19, 0x28, 0x11,
    0x28, 0x11, 0x28, 0x11, 0x28, 0x11, 0x28, 0x11, 0x28, 0x11, 0x28, 0x11, 0x28, 0x11, 0x28, 0x11,
    0x28, 0x11, 0x28, 0x11, 0x28, 0x11, 0x28, 0x11, 0x28, 0x11, 0x28, 0x11, 0x28, 0x11, 0x28, 0x11,
    0x28, 0x11, 0x27, 0x11, 0x27, 0x11, 0x27, 0x11, 0x27, 0x11, 0x27, 0x11, 0x27, 0x11, 0x27, 0x11,
    0x27, 0x11, 0x27, 0x11, 0x27, 0x11, 0x27, 0x11, 0x07, 0x11, 0x07, 0x11, 0x07, 0x11, 0x07, 0x11,
    0x07, 0x11, 0x07, 0x11, 0x07, 0x11, 0x07, 0x11, 0x07, 0x11, 0x07, 0x11, 0x07, 0x11, 0x07, 0x11,
    0x07, 0x11, 0x07, 0x11, 0x07, 0x11, 0x07, 0x11, 0x07, 0x11, 0x07, 0x11, 0x07, 0x11, 0x07, 0x11,
    0x07, 0x11, 0x07, 0x11, 0x07, 0x11, 0x07, 0x11, 0x07, 0x11, 0x07, 0x11, 0x07, 0x11, 0x07, 0x11,
    0x07, 0x11, 0x07, 0x11, 0x07, 0x11, 0x07, 0x11, 0x07, 0x11, 0x07, 0x11, 0x07, 0x11, 0x07, 0x11,
    0x07, 0x11, 0x07, 0x11, 0x27, 0x11, 0x27, 0x11, 0x27, 0x11, 0x27, 0x11, 0x27, 0x11, 0x27, 0x11,
    0x28, 0x11, 0x28, 0x11, 0x28, 0x11, 0x28, 0x11, 0x28, 0x11, 0x28, 0x11, 0x28, 0x11, 0x28, 0x11,
    0x28, 0x11, 0x28, 0x11, 0x28, 0x11, 0x28, 0x11, 0x28, 0x11, 0x28, 0x11, 0x28, 0x11, 0x28, 0x11,
    0x28, 0x11, 0x28, 0x11, 0x28, 0x11, 0x28, 0x11, 0x28, 0x11, 0x28, 0x11, 0x28, 0x11, 0x28, 0x11,
    0x48, 0x19, 0x48, 0x19, 0x48, 0x19, 0x48, 0x19, 0x48, 0x19, 0x48, 0x19, 0x48, 0x19, 0x48, 0x19,
    0x48, 0x19, 0x48, 0x19, 0x48, 0x19, 0x48, 0x19, 0x48, 0x19, 0x48, 0x19, 0x48, 0x19, 0x48, 0x19,
    0x48, 0x19, 0x48, 0x19, 0x48, 0x19, 0x48, 0x19, 0x48, 0x19, 0x49, 0x19, 0x49, 0x19, 0x49, 0x19,
    0x49, 0x19, 0x49, 0x19, 0x49, 0x19, 0x49, 0x19, 0x49, 0x19, 0x49, 0x19, 0x49, 0x19, 0x49, 0x19,
    0x49, 0x19, 0x49, 0x19, 0x49, 0x19, 0x49, 0x19, 0x49, 0x19, 0x69, 0x19, 0x69, 0x19, 0x69, 0x19,
    0x69, 0x19, 0x69, 0x19, 0x69, 0x19, 0x69, 0x19, 0x69, 0x19, 0x69, 0x19, 0x69, 0x19, 0x69, 0x19,
    0x69, 0x19, 0x69, 0x19, 0x69, 0x19, 0x69, 0x19, 0x69, 0x19, 0x69, 0x19, 0x69, 0x19, 0x69, 0x19,
    0x69, 0x19, 0x69, 0x19, 0x69, 0x19, 0x69, 0x19, 0x69, 0x19, 0x69, 0x19, 0x69, 0x19, 0x69, 0x19,
    0x69, 0x19, 0x69, 0x19, 0x69, 0x19, 0x69, 0x19, 0x69, 0x19, 0x69, 0x19, 0x69, 0x19, 0x69, 0x19,
    0x69, 0x19, 0x69, 0x19, 0x69, 0x19, 0x69, 0x19, 0x69, 0x19, 0x69, 0x19, 0x69, 0x19, 0x69, 0x19,
    0x69, 0x19, 0x69, 0x19, 0x69, 0x19, 0x69, 0x19, 0x69, 0x19, 0x69, 0x19, 0x69, 0x19, 0x69, 0x19,
    0x69, 0x19, 0x69, 0x19, 0x69, 0x19, 0x69, 0x19, 0x69, 0x19, 0x69, 0x19, 0x69, 0x19, 0x69, 0x19,
    0x69, 0x19, 0x69, 0x19, 0x69, 0x19, 0x69, 0x19, 0x69, 0x19, 0x69, 0x19, 0x69, 0x19, 0x69, 0x19,
    0x69, 0x19, 0x69, 0x19, 0x69, 0x19, 0x69, 0x19, 0x69, 0x19, 0x69, 0x19, 0x69, 0x19, 0x69, 0x19,
    0x69, 0x19, 0x69, 0x19, 0x69, 0x19, 0x69, 0x19, 0x69, 0x19, 0x69, 0x19, 0x69, 0x19, 0x69, 0x19,
    0x69, 0x19, 0x69, 0x19, 0x69, 0x19, 0x69, 0x19, 0x49, 0x19, 0x49, 0x19, 0x49, 0x19, 0x49, 0x19,
    0x49, 0x19, 0x49, 0x19, 0x49, 0x19, 0x49, 0x19, 0x49, 0x19, 0x49, 0x19, 0x49, 0x19, 0x49, 0x19,
    0x49, 0x19, 0x49, 0x19, 0x49, 0x19, 0x49, 0x19, 0x48, 0x19, 0x48, 0x19, 0x48, 0x19, 0x48, 0x19,
    0x48, 0x19, 0x48, 0x19, 0x48, 0x19, 0x48, 0x19, 0x48, 0x19, 0x48, 0x19, 0x48, 0x19, 0x48, 0x19,
    0x48, 0x19, 0x48, 0x19, 0x48, 0x19, 0x48, 0x19, 0x48, 0x19, 0x48, 0x19, 0x48, 0x19, 0x48, 0x19,
    0x48, 0x19, 0x28, 0x11, 0x28, 0x11, 0x28, 0x11, 0x28, 0x11, 0x28, 0x11, 0x28, 0x11, 0x28, 0x11,
    0x28, 0x11, 0x28, 0x11, 0x28, 0x11, 0x28, 0x11, 0x28, 0x11, 0x28, 0x11, 0x28, 0x11, 0x28, 0x11,
    0x28, 0x11, 0x28, 0x11, 0x28, 0x11, 0x28, 0x11, 0x28, 0x11, 0x28, 0x11, 0x28, 0x11, 0x28, 0x11,
    0x28, 0x11, 0x27, 0x11, 0x27, 0x11, 0x27, 0x11, 0x27, 0x11, 0x27, 0x11, 0x27, 0x11, 0x07, 0x11,
    0x07, 0x11, 0x07, 0x11, 0x07, 0x11, 0x07, 0x11, 0x07, 0x11, 0x07, 0x11, 0x07, 0x11, 0x07, 0x11,
    0x07, 0x11, 0x07, 0x11, 0x07, 0x11, 0x07, 0x11, 0x07, 0x11, 0x07, 0x11, 0x07, 0x11, 0x07, 0x11,
    0x07, 0x11, 0x07, 0x11, 0x07, 0x11, 0x07, 0x11, 0x07, 0x11, 0x07, 0x11, 0x07, 0x11, 0x07, 0x11,
    0x07, 0x11, 0x07, 0x11, 0x07, 0x11, 0x07, 0x11, 0x07, 0x11, 0x07, 0x11, 0x07, 0x11, 0x07, 0x11,
    0x07, 0x11, 0x07, 0x11, 0x07, 0x11, 0x07, 0x11, 0x27, 0x11, 0x27, 0x11, 0x27, 0x11, 0x27, 0x11,
    0x27, 0x11, 0x27, 0x11, 0x27, 0x11, 0x27, 0x11, 0x27, 0x11, 0x27, 0x11, 0x27, 0x11, 0x28, 0x11,
    0x28, 0x11, 0x28, 0x11, 0x28, 0x11, 0x28, 0x11, 0x28, 0x11, 0x28, 0x11, 0x28, 0x11, 0x28, 0x11,
    0x28, 0x11, 0x28, 0x11, 0x28, 0x11, 0x28, 0x11, 0x28, 0x11, 0x28, 0x11, 0x28, 0x11, 0x28, 0x11,
    0x28, 0x11, 0x28, 0x11, 0x28, 0x19, 0x28, 0x19, 0x28, 0x19, 0x28, 0x19, 0x28, 0x19, 0x28, 0x19,
    0x48, 0x19, 0x48, 0x19, 0x48, 0x19, 0x48, 0x19, 0x48, 0x19, 0x48, 0x19, 0x48, 0x19, 0x48, 0x19,
    0x48, 0x19, 0x48, 0x19, 0x48, 0x19, 0x48, 0x19, 0x48, 0x19, 0x48, 0x19, 0x48, 0x19, 0x48, 0x19,
    0x48, 0x19, 0x48, 0x19, 0x48, 0x19, 0x48, 0x19, 0x48, 0x19, 0x48, 0x19, 0x48, 0x19, 0x48, 0x19,
    0x48, 0x19, 0x48, 0x19, 0x48, 0x19, 0x48, 0x19, 0x48, 0x19, 0x48, 0x19, 0x48, 0x19, 0x48, 0x19,
    0x48, 0x19, 0x48, 0x19, 0x48, 0x19, 0x48, 0x19, 0x48, 0x19, 0x48, 0x19, 0x48, 0x19, 0x49, 0x19,
    0x49, 0x19, 0x49, 0x19, 0x49, 0x19, 0x49, 0x19, 0x49, 0x19, 0x49, 0x19, 0x49, 0x19, 0x49, 0x19,
    0x49, 0x19, 0x49, 0x19, 0x49, 0x19, 0x49, 0x19, 0x49, 0x19, 0x49, 0x19, 0x49, 0x19, 0x49, 0x19,
    0x49, 0x19, 0x49, 0x19, 0x49, 0x19, 0x49, 0x19, 0x49, 0x19, 0x49, 0x19, 0x49, 0x19, 0x49, 0x19,
    0x49, 0x19, 0x49, 0x19, 0x49, 0x19, 0x49, 0x19, 0x49, 0x19, 0x49, 0x19, 0x49, 0x19, 0x49, 0x19,
    0x49, 0x19, 0x49, 0x19, 0x48, 0x19, 0x48, 0x19, 0x48, 0x19, 0x48, 0x19, 0x48, 0x19, 0x48, 0x19,
    0x48, 0x19, 0x48, 0x19, 0x48, 0x19, 0x48, 0x19, 0x48, 0x19, 0x48, 0x19, 0x48, 0x19, 0x48, 0x19,
    0x48, 0x19, 0x48, 0x19, 0x48, 0x19, 0x48, 0x19, 0x48, 0x19, 0x48, 0x19, 0x48, 0x19, 0x48, 0x19,
    0x48, 0x19, 0x48, 0x19, 0x48, 0x19, 0x48, 0x19, 0x48, 0x19, 0x48, 0x19, 0x48, 0x19, 0x48, 0x19,
    0x48, 0x19, 0x48, 0x19, 0x48, 0x19, 0x48, 0x19, 0x48, 0x19, 0x48, 0x19, 0x48, 0x19, 0x48, 0x19,
    0x48, 0x19, 0x28, 0x19, 0x28, 0x19, 0x28, 0x19, 0x28, 0x19, 0x28, 0x19, 0x28, 0x19, 0x28, 0x11,
    0x28, 0x11, 0x28, 0x11, 0x28, 0x11, 0x28, 0x11, 0x28, 0x11, 0x28, 0x11, 0x28, 0x11, 0x28, 0x11,
    0x28, 0x11, 0x28, 0x11, 0x28, 0x11, 0x28, 0x11, 0x28, 0x11, 0x28, 0x11, 0x28, 0x11, 0x28, 0x11,
    0x28, 0x11, 0x28, 0x11, 0x27, 0x11, 0x27, 0x11, 0x27, 0x11, 0x27, 0x11, 0x27, 0x11, 0x27, 0x11,
    0x27, 0x11, 0x27, 0x11, 0x27, 0x11, 0x27, 0x11, 0x27, 0x11, 0x07, 0x11, 0x07, 0x11, 0x07, 0x11,
    0x07, 0x11, 0x07, 0x11, 0x07, 0x11, 0x07, 0x11, 0x07, 0x11, 0x07, 0x11, 0x07, 0x11, 0x07, 0x11,
    0x07, 0x11, 0x07, 0x11, 0x07, 0x11, 0x07, 0x11, 0x07, 0x11, 0x07, 0x11, 0x07, 0x11, 0x07, 0x11,
    0x07, 0x11, 0x07, 0x11, 0x07, 0x11, 0x07, 0x11, 0x07, 0x11, 0x07, 0x11, 0x07, 0x11, 0x07, 0x11,
    0x07, 0x11, 0x07, 0x11, 0x07, 0x11, 0x07, 0x11, 0x07, 0x11, 0x07, 0x11, 0x07, 0x11, 0x07, 0x11,
    0x07, 0x11, 0x07, 0x11, 0x07, 0x11, 0x07, 0x11, 0x07, 0x11, 0x07, 0x11, 0x07, 0x11, 0x07, 0x11,
    0x07, 0x11, 0x07, 0x11, 0x07, 0x11, 0x07, 0x11, 0x07, 0x11, 0x07, 0x11, 0x07, 0x11, 0x07, 0x11,
    0x07, 0x11, 0x07, 0x11, 0x07, 0x11, 0x07, 0x11, 0x07, 0x11, 0x27, 0x11, 0x27, 0x11, 0x27, 0x11,
    0x27, 0x11, 0x27, 0x11, 0x27, 0x11, 0x27, 0x11, 0x27, 0x11, 0x27, 0x11, 0x27, 0x11, 0x27, 0x11,
    0x27, 0x11, 0x28, 0x11, 0x28, 0x11, 0x28, 0x11, 0x28, 0x11, 0x28, 0x11, 0x28, 0x11, 0x28, 0x11,
    0x28, 0x11, 0x28, 0x11, 0x28, 0x11, 0x28, 0x11, 0x28, 0x11, 0x28, 0x11, 0x28, 0x11, 0x28, 0x11,
    0x28, 0x11, 0x28, 0x11, 0x28, 0x11, 0x28, 0x19, 0x28, 0x19, 0x28, 0x19, 0x28, 0x19, 0x28, 0x19,
    0x28, 0x19, 0x28, 0x19, 0x48, 0x19, 0x48, 0x19, 0x48, 0x19, 0x48, 0x19, 0x48, 0x19, 0x48, 0x19,
    0x48, 0x19, 0x48, 0x19, 0x48, 0x19, 0x48, 0x19, 0x48, 0x19, 0x48, 0x19, 0x48, 0x19, 0x48, 0x19,
    0x48, 0x19, 0x48, 0x19, 0x48, 0x19, 0x48, 0x19, 0x48, 0x19, 0x48, 0x19, 0x48, 0x19, 0x48, 0x19,
    0x48, 0x19, 0x48, 0x19, 0x48, 0x19, 0x48, 0x19, 0x48, 0x19, 0x48, 0x19, 0x48, 0x19, 0x48, 0x19,
    0x48, 0x19, 0x48, 0x19, 0x48, 0x19, 0x48, 0x19, 0x48, 0x19, 0x48, 0x19, 0x48, 0x19, 0x48, 0x19,
    0x48, 0x19, 0x48, 0x19, 0x48, 0x19, 0x48, 0x19, 0x48, 0x19, 0x49, 0x19, 0x49, 0x19, 0x49, 0x19,
    0x49, 0x19, 0x49, 0x19, 0x49, 0x19, 0x49, 0x19, 0x49, 0x19, 0x49, 0x19, 0x49, 0x19, 0x49, 0x19,
    0x49, 0x19, 0x49, 0x19, 0x49, 0x19, 0x49, 0x19, 0x49, 0x19, 0x49, 0x19, 0x49, 0x19, 0x49, 0x19,
    0x49, 0x19, 0x49, 0x19, 0x49, 0x19, 0x49, 0x19, 0x48, 0x19, 0x48, 0x19, 0x48, 0x19, 0x48, 0x19,
    0x48, 0x19, 0x48, 0x19, 0x48, 0x19, 0x48, 0x19, 0x48, 0x19, 0x48, 0x19, 0x48, 0x19, 0x48, 0x19,
    0x48, 0x19, 0x48, 0x19, 0x48, 0x19, 0x48, 0x19, 0x48, 0x19, 0x48, 0x19, 0x48, 0x19, 0x48, 0x19,
    0x48, 0x19, 0x48, 0x19, 0x48, 0x19, 0x48, 0x19, 0x48, 0x19, 0x48, 0x19, 0x48, 0x19, 0x48, 0x19,
    0x48, 0x19, 0x48, 0x19, 0x48, 0x19, 0x48, 0x19, 0x48, 0x19, 0x48, 0x19, 0x48, 0x19, 0x48, 0x19,
    0x48, 0x19, 0x48, 0x19, 0x48, 0x19, 0x48, 0x19, 0x48, 0x19, 0x48, 0x19, 0x48, 0x19, 0x28, 0x19,
    0x28, 0x19, 0x28, 0x19, 0x28, 0x19, 0x28, 0x19, 0x28, 0x19, 0x28, 0x19, 0x28, 0x11, 0x28, 0x11,
    0x28, 0x11, 0x28, 0x11, 0x28, 0x11, 0x28, 0x11, 0x28, 0x11, 0x28, 0x11, 0x28, 0x11, 0x28, 0x11,
    0x28, 0x11, 0x28, 0x11, 0x28, 0x11, 0x28, 0x11, 0x28, 0x11, 0x28, 0x11, 0x28, 0x11, 0x28, 0x11,
    0x27, 0x11, 0x27, 0x11, 0x27, 0x11, 0x27, 0x11, 0x27, 0x11, 0x27, 0x11, 0x27, 0x11, 0x27, 0x11,
    0x27, 0x11, 0x27, 0x11, 0x27, 0x11, 0x27, 0x11, 0x07, 0x11, 0x07, 0x11, 0x07, 0x11, 0x07, 0x11,
    0x07, 0x11, 0x07, 0x11, 0x07, 0x11, 0x07, 0x11, 0x07, 0x11, 0x07, 0x11, 0x07, 0x11, 0x07, 0x11,
    0x07, 0x11, 0x07, 0x11, 0x07, 0x11, 0x07, 0x11, 0x07, 0x11, 0x07, 0x11, 0x07, 0x11, 0x07, 0x11,
    0x07, 0x11, 0x07, 0x11, 0x07, 0x11, 0x07, 0x11, 0x07, 0x11, 0x07, 0x11, 0x07, 0x11, 0x07, 0x11,
    0x07, 0x11, 0x07, 0x11, 0x07, 0x11, 0x07, 0x11, 0x07, 0x11, 0x07, 0x11, 0x07, 0x11, 0x07, 0x11,
    0x07, 0x11, 0x07, 0x11, 0x07, 0x11, 0x27, 0x11, 0x27, 0x11, 0x27, 0x11, 0x27, 0x11, 0x27, 0x11,
    0x27, 0x11, 0x27, 0x11, 0x28, 0x11, 0x28, 0x11, 0x28, 0x11, 0x28, 0x11, 0x28, 0x11, 0x28, 0x11,
    0x28, 0x11, 0x28, 0x11, 0x28, 0x11, 0x28, 0x11, 0x28, 0x11, 0x28, 0x11, 0x28, 0x11, 0x28, 0x11,
    0x28, 0x11, 0x28, 0x11, 0x28, 0x11, 0x28, 0x11, 0x28, 0x11, 0x28, 0x11, 0x28, 0x11, 0x28, 0x11,
    0x28, 0x11, 0x28, 0x11, 0x48, 0x19, 0x48, 0x19, 0x48, 0x19, 0x48, 0x19, 0x48, 0x19, 0x48, 0x19,
    0x48, 0x19, 0x48, 0x19, 0x48, 0x19, 0x48, 0x19, 0x48, 0x19, 0x48, 0x19, 0x48, 0x19, 0x48, 0x19,
    0x48, 0x19, 0x48, 0x19, 0x48, 0x19, 0x48, 0x19, 0x48, 0x19, 0x48, 0x19, 0x48, 0x19, 0x48, 0x19,
    0x49, 0x19, 0x49, 0x19, 0x49, 0x19, 0x49, 0x19, 0x49, 0x19, 0x49, 0x19, 0x49, 0x19, 0x49, 0x19,
    0x49, 0x19, 0x49, 0x19, 0x49, 0x19, 0x49, 0x19, 0x49, 0x19, 0x49, 0x19, 0x49, 0x19, 0x49, 0x19,
    0x49, 0x19, 0x69, 0x19, 0x69, 0x19, 0x69, 0x19, 0x69, 0x19, 0x69, 0x19, 0x69, 0x19, 0x69, 0x19,
    0x69, 0x19, 0x69, 0x19, 0x69, 0x19, 0x69, 0x19, 0x69, 0x19, 0x69, 0x19, 0x69, 0x19, 0x69, 0x19,
    0x69, 0x19, 0x69, 0x19, 0x69, 0x19, 0x69, 0x19, 0x69, 0x19, 0x69, 0x19, 0x69, 0x19, 0x69, 0x19,
    0x69, 0x19, 0x69, 0x19, 0x69, 0x19, 0x69, 0x19, 0x69, 0x19, 0x69, 0x19, 0x69, 0x19, 0x69, 0x19,
    0x69, 0x19, 0x69, 0x19, 0x69, 0x19, 0x69, 0x19, 0x69, 0x19, 0x69, 0x19, 0x69, 0x19, 0x69, 0x19,
    0x69, 0x19, 0x69, 0x19, 0x69, 0x19, 0x69, 0x19, 0x69, 0x19, 0x69, 0x19, 0x69, 0x19, 0x69, 0x19,
    0x69, 0x19, 0x69, 0x19, 0x69, 0x19, 0x69, 0x19, 0x69, 0x19, 0x69, 0x19, 0x69, 0x19, 0x69, 0x19,
    0x69, 0x19, 0x69, 0x19, 0x69, 0x19, 0x69, 0x19, 0x69, 0x19, 0x69, 0x19, 0x69, 0x19, 0x69, 0x19,
    0x69, 0x19, 0x69, 0x19, 0x69, 0x19, 0x69, 0x19, 0x69, 0x19, 0x69, 0x19, 0x69, 0x19, 0x69, 0x19,
    0x69, 0x19, 0x69, 0x19, 0x69, 0x19, 0x69, 0x19, 0x69, 0x19, 0x69, 0x19, 0x69, 0x19, 0x69, 0x19,
    0x49, 0x19, 0x49, 0x19, 0x49, 0x19, 0x49, 0x19, 0x49, 0x19, 0x49, 0x19, 0x49, 0x19, 0x49, 0x19,
    0x49, 0x19, 0x49, 0x19, 0x49, 0x19, 0x49, 0x19, 0x49, 0x19, 0x49, 0x19, 0x49, 0x19, 0x49, 0x19,
    0x49, 0x19, 0x48, 0x19, 0x48, 0x19, 0x48, 0x19, 0x48, 0x19, 0x48, 0x19, 0x48, 0x19, 0x48, 0x19,
    0x48, 0x19, 0x48, 0x19, 0x48, 0x19, 0x48, 0x19, 0x48, 0x19, 0x48, 0x19, 0x48, 0x19, 0x48, 0x19,
    0x48, 0x19, 0x48, 0x19, 0x48, 0x19, 0x48, 0x19, 0x48, 0x19, 0x48, 0x19, 0x48, 0x19, 0x28, 0x11,
    0x28, 0x11, 0x28, 0x11, 0x28, 0x11, 0x28, 0x11, 0x28, 0x11, 0x28, 0x11, 0x28, 0x11, 0x28, 0x11,
    0x28, 0x11, 0x28, 0x11, 0x28, 0x11, 0x28, 0x11, 0x28, 0x11, 0x28, 0x11, 0x28, 0x11, 0x28, 0x11,
    0x28, 0x11, 0x28, 0x11, 0x28, 0x11, 0x28, 0x11, 0x28, 0x11, 0x28, 0x11, 0x28, 0x11, 0x27, 0x11,
    0x27, 0x11, 0x27, 0x11, 0x27, 0x11, 0x27, 0x11, 0x27, 0x11, 0x27, 0x11, 0x07, 0x11, 0x07, 0x11,
    0x07, 0x11, 0x07, 0x11, 0x07, 0x11, 0x07, 0x11, 0x07, 0x11, 0x07, 0x11, 0x07, 0x11, 0x07, 0x11,
    0x07, 0x11, 0x07, 0x11, 0x07, 0x11, 0x07, 0x11, 0x07, 0x11, 0x07, 0x11, 0x07, 0x11, 0x07, 0x11,
    0x07, 0x11, 0x07, 0x11, 0x07, 0x11, 0x07, 0x11, 0x07, 0x11, 0x07, 0x11, 0x07, 0x11, 0x07, 0x11,
    0x07, 0x11, 0x07, 0x11, 0x07, 0x11, 0x07, 0x11, 0x07, 0x11, 0x07, 0x11, 0x07, 0x11, 0x07, 0x11,
    0x07, 0x11, 0x07, 0x11, 0x07, 0x11, 0x07, 0x11, 0x07, 0x11, 0x07, 0x11, 0x07, 0x11, 0x07, 0x11,
    0x27, 0x11, 0x27, 0x11, 0x27, 0x11, 0x27, 0x11, 0x27, 0x11, 0x27, 0x11, 0x27, 0x11, 0x27, 0x11,
    0x27, 0x11, 0x27, 0x11, 0x27, 0x11, 0x27, 0x11, 0x28, 0x11, 0x28, 0x11, 0x28, 0x11, 0x28, 0x11,
    0x28, 0x11, 0x28, 0x11, 0x28, 0x11, 0x28, 0x11, 0x28, 0x11, 0x28, 0x11, 0x28, 0x11, 0x28, 0x11,
    0x28, 0x11, 0x28, 0x11, 0x28, 0x11, 0x28, 0x11, 0x28, 0x11, 0x28, 0x19, 0x28, 0x19, 0x28, 0x19,
    0x28, 0x19, 0x28, 0x19, 0x28, 0x19, 0x28, 0x19, 0x28, 0x19, 0x28, 0x19, 0x48, 0x19, 0x48, 0x19,
    0x48, 0x19, 0x48, 0x19, 0x48, 0x19, 0x48, 0x19, 0x48, 0x19, 0x48, 0x19, 0x48, 0x19, 0x48, 0x19,
    0x48, 0x19, 0x48, 0x19, 0x48, 0x19, 0x48, 0x19, 0x48, 0x19, 0x48, 0x19, 0x48, 0x19, 0x48, 0x19,
    0x48, 0x19, 0x48, 0x19, 0x48, 0x19, 0x48, 0x19, 0x48, 0x19, 0x48, 0x19, 0x48, 0x19, 0x48, 0x19,
    0x48, 0x19, 0x48, 0x19, 0x48, 0x19, 0x48, 0x19, 0x48, 0x19, 0x48, 0x19, 0x48, 0x19, 0x48, 0x19,
    0x48, 0x19, 0x48, 0x19, 0x48, 0x19, 0x48, 0x19, 0x48, 0x19, 0x48, 0x19, 0x48, 0x19, 0x48, 0x19,
    0x48, 0x19, 0x48, 0x19, 0x48, 0x19, 0x48, 0x19, 0x48, 0x19, 0x48, 0x19, 0x48, 0x19, 0x48, 0x19,
    0x48, 0x19, 0x48, 0x19, 0x48, 0x19, 0x48, 0x19, 0x48, 0x19, 0x48, 0x19, 0x48, 0x19, 0x48, 0x19,
    0x48, 0x19, 0x48, 0x19, 0x48, 0x19, 0x48, 0x19, 0x48, 0x19, 0x48, 0x19, 0x48, 0x19, 0x48, 0x19,
    0x48, 0x19, 0x48, 0x19, 0x48, 0x19, 0x48, 0x19, 0x48, 0x19, 0x48, 0x19, 0x48, 0x19, 0x48, 0x19,
    0x48, 0x19, 0x48, 0x19, 0x48, 0x19, 0x48, 0x19, 0x48, 0x19, 0x48, 0x19, 0x48, 0x19, 0x48, 0x19,
    0x48, 0x19, 0x48, 0x19, 0x48, 0x19, 0x48, 0x19, 0x48, 0x19, 0x48, 0x19, 0x48, 0x19, 0x48, 0x19,
    0x48, 0x19, 0x48, 0x19, 0x48, 0x19, 0x48, 0x19, 0x48, 0x19, 0x48, 0x19, 0x48, 0x19, 0x48, 0x19,
    0x48, 0x19, 0x48, 0x19, 0x48, 0x19, 0x28, 0x19, 0x28, 0x19, 0x28, 0x19, 0x28, 0x19, 0x28, 0x19,
    0x28, 0x19, 0x28, 0x19, 0x28, 0x19, 0x28, 0x19, 0x28, 0x11, 0x28, 0x11, 0x28, 0x11, 0x28, 0x11,
    0x28, 0x11, 0x28, 0x11, 0x28, 0x11, 0x28, 0x11, 0x28, 0x11, 0x28, 0x11, 0x28, 0x11, 0x28, 0x11,
    0x28, 0x11, 0x28, 0x11, 0x28, 0x11, 0x28, 0x11, 0x28, 0x11, 0x27, 0x11, 0x27, 0x11, 0x27, 0x11,
    0x27, 0x11, 0x27, 0x11, 0x27, 0x11, 0x27, 0x11, 0x27, 0x11, 0x27, 0x11, 0x27, 0x11, 0x27, 0x11,
    0x27, 0x11, 0x07, 0x11, 0x07, 0x11, 0x07, 0x11, 0x07, 0x11, 0x07, 0x11, 0x07, 0x11, 0x07, 0x11,
    0x07, 0x11, 0x07, 0x11, 0x07, 0x11, 0x07, 0x11, 0x07, 0x11, 0x07, 0x11, 0x07, 0x11, 0x07, 0x11,
    0x07, 0x11, 0x07, 0x11, 0x07, 0x11, 0x07, 0x11, 0x07, 0x11, 0x07, 0x11, 0x07, 0x11, 0x07, 0x11,
    0x07, 0x11, 0x07, 0x11, 0x07, 0x11, 0x07, 0x11, 0x07, 0x11, 0x07, 0x11, 0x07, 0x11, 0x07, 0x11,
    0xE6, 0x10, 0x07, 0x11, 0x07, 0x11, 0x07, 0x11, 0x07, 0x11, 0x07, 0x11, 0x07, 0x11, 0x07, 0x11,
    0x07, 0x11, 0x07, 0x11, 0x07, 0x11, 0x07, 0x11, 0x07, 0x11, 0x07, 0x11, 0x07, 0x11, 0x07, 0x11,
    0x07, 0x11, 0x07, 0x11, 0x07, 0x11, 0x07, 0x11, 0x07, 0x11, 0x07, 0x11, 0x07, 0x11, 0x07, 0x11,
    0x07, 0x11, 0x07, 0x11, 0x07, 0x11, 0x07, 0x11, 0x07, 0x11, 0x07, 0x11, 0x07, 0x11, 0x07, 0x11,
    0x07, 0x11, 0x27, 0x11, 0x27, 0x11, 0x27, 0x11, 0x27, 0x11, 0x27, 0x11, 0x27, 0x11, 0x27, 0x11,
    0x27, 0x11, 0x27, 0x11, 0x27, 0x11, 0x27, 0x11, 0x27, 0x11, 0x28, 0x11, 0x28, 0x11, 0x28, 0x11,
    0x28, 0x11, 0x28, 0x11, 0x28, 0x11, 0x28, 0x11, 0x28, 0x11, 0x28, 0x11, 0x28, 0x11, 0x28, 0x11,
    0x28, 0x11, 0x28, 0x11, 0x28, 0x11, 0x28, 0x11, 0x28, 0x11, 0x28, 0x11, 0x28, 0x19, 0x28, 0x19,
    0x28, 0x19, 0x28, 0x19, 0x28, 0x19, 0x28, 0x19, 0x28, 0x19, 0x28, 0x19, 0x28, 0x19, 0x28, 0x19,
    0x48, 0x19, 0x48, 0x19, 0x48, 0x19, 0x48, 0x19, 0x48, 0x19, 0x48, 0x19, 0x48, 0x19, 0x48, 0x19,
    0x48, 0x19, 0x48, 0x19, 0x48, 0x19, 0x48, 0x19, 0x48, 0x19, 0x48, 0x19, 0x48, 0x19, 0x48, 0x19,
    0x48, 0x19, 0x48, 0x19, 0x48, 0x19, 0x48, 0x19, 0x48, 0x19, 0x48, 0x19, 0x48, 0x19, 0x48, 0x19,
    0x48, 0x19, 0x48, 0x19, 0x48, 0x19, 0x48, 0x19, 0x48, 0x19, 0x48, 0x19, 0x48, 0x19, 0x48, 0x19,
    0x48, 0x19, 0x48, 0x19, 0x48, 0x19, 0x48, 0x19, 0x48, 0x19, 0x48, 0x19, 0x48, 0x19, 0x48, 0x19,
    0x48, 0x19, 0x48, 0x19, 0x48, 0x19, 0x48, 0x19, 0x48, 0x19, 0x48, 0x19, 0x48, 0x19, 0x48, 0x19,
    0x48, 0x19, 0x48, 0x19, 0x48, 0x19, 0x48, 0x19, 0x48, 0x19, 0x48, 0x19, 0x48, 0x19, 0x48, 0x19,
    0x48, 0x19, 0x48, 0x19, 0x48, 0x19, 0x48, 0x19, 0x48, 0x19, 0x48, 0x19, 0x48, 0x19, 0x48, 0x19,
    0x48, 0x19, 0x48, 0x19, 0x48, 0x19, 0x48, 0x19, 0x48, 0x19, 0x48, 0x19, 0x48, 0x19, 0x48, 0x19,
    0x48, 0x19, 0x48, 0x19, 0x48, 0x19, 0x48, 0x19, 0x48, 0x19, 0x48, 0x19, 0x48, 0x19, 0x48, 0x19,
    0x48, 0x19, 0x48, 0x19, 0x48, 0x19, 0x48, 0x19, 0x48, 0x19, 0x48, 0x19, 0x48, 0x19, 0x48, 0x19,
    0x48, 0x19, 0x48, 0x19, 0x48, 0x19, 0x48, 0x19, 0x48, 0x19, 0x48, 0x19, 0x48, 0x19, 0x48, 0x19,
    0x48, 0x19, 0x28, 0x19, 0x28, 0x19, 0x28, 0x19, 0x28, 0x19, 0x28, 0x19, 0x28, 0x19, 0x28, 0x19,
    0x28, 0x19, 0x28, 0x19, 0x28, 0x19, 0x28, 0x11, 0x28, 0x11, 0x28, 0x11, 0x28, 0x11, 0x28, 0x11,
    0x28, 0x11, 0x28, 0x11, 0x28, 0x11, 0x28, 0x11, 0x28, 0x11, 0x28, 0x11, 0x28, 0x11, 0x28, 0x11,
    0x28, 0x11, 0x28, 0x11, 0x28, 0x11, 0x28, 0x11, 0x27, 0x11, 0x27, 0x11, 0x27, 0x11, 0x27, 0x11,
    0x27, 0x11, 0x27, 0x11, 0x27, 0x11, 0x27, 0x11, 0x27, 0x11, 0x27, 0x11, 0x27, 0x11, 0x27, 0x11,
    0x07, 0x11, 0x07, 0x11, 0x07, 0x11, 0x07, 0x11, 0x07, 0x11, 0x07, 0x11, 0x07, 0x11, 0x07, 0x11,
    0x07, 0x11, 0x07, 0x11, 0x07, 0x11, 0x07, 0x11, 0x07, 0x11, 0x07, 0x11, 0x07, 0x11, 0x07, 0x11,
    0x07, 0x11, 0x07, 0x11, 0x07, 0x11, 0x07, 0x11, 0x07, 0x11, 0x07, 0x11, 0x07, 0x11, 0x07, 0x11,
    0x07, 0x11, 0x07, 0x11, 0x07, 0x11, 0x07, 0x11, 0x07, 0x11, 0x07, 0x11, 0x07, 0x11, 0x07, 0x11,
    0x07, 0x11, 0x07, 0x11, 0x07, 0x11, 0x07, 0x11, 0x07, 0x11, 0x07, 0x11, 0x07, 0x11, 0x07, 0x11,
    0x07, 0x11, 0x07, 0x11, 0x07, 0x11, 0x07, 0x11, 0x07, 0x11, 0x07, 0x11, 0x07, 0x11, 0x27, 0x11,
    0x27, 0x11, 0x27, 0x11, 0x27, 0x11, 0x27, 0x11, 0x27, 0x11, 0x27, 0x11, 0x28, 0x11, 0x28, 0x11,
    0x28, 0x11, 0x28, 0x11, 0x28, 0x11, 0x28, 0x11, 0x28, 0x11, 0x28, 0x11, 0x28, 0x11, 0x28, 0x11,
    0x28, 0x11, 0x28, 0x11, 0x28, 0x11, 0x28, 0x11, 0x28, 0x11, 0x28, 0x11, 0x28, 0x11, 0x28, 0x11,
    0x28, 0x11, 0x28, 0x11, 0x28, 0x11, 0x28, 0x11, 0x28, 0x11, 0x28, 0x19, 0x28, 0x19, 0x48, 0x19,
    0x48, 0x19, 0x48, 0x19, 0x48, 0x19, 0x48, 0x19, 0x48, 0x19, 0x48, 0x19, 0x48, 0x19, 0x48, 0x19,
    0x48, 0x19, 0x48, 0x19, 0x48, 0x19, 0x48, 0x19, 0x48, 0x19, 0x48, 0x19, 0x48, 0x19, 0x48, 0x19,
    0x48, 0x19, 0x48, 0x19, 0x48, 0x19, 0x48, 0x19, 0x48, 0x19, 0x48, 0x19, 0x49, 0x19, 0x49, 0x19,
    0x49, 0x19, 0x49, 0x19, 0x49, 0x19, 0x49, 0x19, 0x49, 0x19, 0x49, 0x19, 0x49, 0x19, 0x49, 0x19,
    0x49, 0x19, 0x49, 0x19, 0x49, 0x19, 0x49, 0x19, 0x49, 0x19, 0x49, 0x19, 0x49, 0x19, 0x49, 0x19,
    0x69, 0x19, 0x69, 0x19, 0x69, 0x19, 0x69, 0x19, 0x69, 0x19, 0x69, 0x19, 0x69, 0x19, 0x69, 0x19,
    0x69, 0x19, 0x69, 0x19, 0x69, 0x19, 0x69, 0x19, 0x69, 0x19, 0x69, 0x19, 0x69, 0x19, 0x69, 0x19,
    0x69, 0x19, 0x69, 0x19, 0x69, 0x19, 0x69, 0x19, 0x69, 0x19, 0x69, 0x19, 0x69, 0x19, 0x69, 0x19,
    0x69, 0x19, 0x69, 0x19, 0x69, 0x19, 0x69, 0x19, 0x69, 0x19, 0x69, 0x19, 0x69, 0x19, 0x69, 0x19,
    0x69, 0x19, 0x69, 0x19, 0x69, 0x19, 0x69, 0x19, 0x69, 0x19, 0x69, 0x19, 0x69, 0x19, 0x69, 0x19,
    0x69, 0x19, 0x69, 0x19, 0x69, 0x19, 0x69, 0x19, 0x69, 0x19, 0x69, 0x19, 0x69, 0x19, 0x69, 0x19,
    0x69, 0x19, 0x69, 0x19, 0x69, 0x19, 0x69, 0x19, 0x69, 0x19, 0x69, 0x19, 0x69, 0x19, 0x69, 0x19,
    0x69, 0x19, 0x69, 0x19, 0x69, 0x19, 0x69, 0x19, 0x69, 0x19, 0x69, 0x19, 0x69, 0x19, 0x69, 0x19,
    0x69, 0x19, 0x49, 0x19, 0x49, 0x19, 0x49, 0x19, 0x49, 0x19, 0x49, 0x19, 0x49, 0x19, 0x49, 0x19,
    0x49, 0x19, 0x49, 0x19, 0x49, 0x19, 0x49, 0x19, 0x49, 0x19, 0x49, 0x19, 0x49, 0x19, 0x49, 0x19,
    0x49, 0x19, 0x49, 0x19, 0x49, 0x19, 0x48, 0x19, 0x48, 0x19, 0x48, 0x19, 0x48, 0x19, 0x48, 0x19,
    0x48, 0x19, 0x48, 0x19, 0x48, 0x19, 0x48, 0x19, 0x48, 0x19, 0x48, 0x19, 0x48, 0x19, 0x48, 0x19,
    0x48, 0x19, 0x48, 0x19, 0x48, 0x19, 0x48, 0x19, 0x48, 0x19, 0x48, 0x19, 0x48, 0x19, 0x48, 0x19,
    0x48, 0x19, 0x48, 0x19, 0x28, 0x19, 0x28, 0x19, 0x28, 0x11, 0x28, 0x11, 0x28, 0x11, 0x28, 0x11,
    0x28, 0x11, 0x28, 0x11, 0x28, 0x11, 0x28, 0x11, 0x28, 0x11, 0x28, 0x11, 0x28, 0x11, 0x28, 0x11,
    0x28, 0x11, 0x28, 0x11, 0x28, 0x11, 0x28, 0x11, 0x28, 0x11, 0x28, 0x11, 0x28, 0x11, 0x28, 0x11,
    0x28, 0x11, 0x28, 0x11, 0x28, 0x11, 0x27, 0x11, 0x27, 0x11, 0x27, 0x11, 0x27, 0x11, 0x27, 0x11,
    0x27, 0x11, 0x27, 0x11, 0x07, 0x11, 0x07, 0x11, 0x07, 0x11, 0x07, 0x11, 0x07, 0x11, 0x07, 0x11,
    0x07, 0x11, 0x07, 0x11, 0x07, 0x11, 0x07, 0x11, 0x07, 0x11, 0x07, 0x11, 0x07, 0x11, 0x07, 0x11,
    0xE6, 0x10, 0xE6, 0x10, 0xE6, 0x10, 0x07, 0x11, 0x07, 0x11, 0x07, 0x11, 0x07, 0x11, 0x07, 0x11,
    0x07, 0x11, 0x07, 0x11, 0x07, 0x11, 0x07, 0x11, 0x07, 0x11, 0x07, 0x11, 0x07, 0x11, 0x07, 0x11,
    0x07, 0x11, 0x07, 0x11, 0x07, 0x11, 0x07, 0x11, 0x07, 0x11, 0x07, 0x11, 0x07, 0x11, 0x07, 0x11,
    0x07, 0x11, 0x07, 0x11, 0x07, 0x11, 0x07, 0x11, 0x07, 0x11, 0x07, 0x11, 0x07, 0x11, 0x07, 0x11,
    0x07, 0x11, 0x07, 0x11, 0x07, 0x11, 0x07, 0x11, 0x27, 0x11, 0x27, 0x11, 0x27, 0x11, 0x27, 0x11,
    0x27, 0x11, 0x27, 0x11, 0x27, 0x11, 0x27, 0x11, 0x27, 0x11, 0x27, 0x11, 0x27, 0x11, 0x27, 0x11,
    0x27, 0x11, 0x28, 0x11, 0x28, 0x11, 0x28, 0x11, 0x28, 0x11, 0x28, 0x11, 0x28, 0x11, 0x28, 0x11,
    0x28, 0x11, 0x28, 0x11, 0x28, 0x11, 0x28, 0x11, 0x28, 0x11, 0x28, 0x11, 0x28, 0x11, 0x28, 0x11,
    0x28, 0x11, 0x28, 0x19, 0x28, 0x19, 0x28, 0x19, 0x28, 0x19, 0x28, 0x19, 0x28, 0x19, 0x28, 0x19,
    0x28, 0x19, 0x28, 0x19, 0x28, 0x19, 0x28, 0x19, 0x48, 0x19, 0x48, 0x19, 0x48, 0x19, 0x48, 0x19,
    0x48, 0x19, 0x48, 0x19, 0x48, 0x19, 0x48, 0x19, 0x48, 0x19, 0x48, 0x19, 0x48, 0x19, 0x48, 0x19,
    0x48, 0x19, 0x48, 0x19, 0x48, 0x19, 0x48, 0x19, 0x48, 0x19, 0x48, 0x19, 0x48, 0x19, 0x48, 0x19,
    0x48, 0x19, 0x48, 0x19, 0x48, 0x19, 0x48, 0x19, 0x48, 0x19, 0x48, 0x19, 0x48, 0x19, 0x48, 0x19,
    0x48, 0x19, 0x48, 0x19, 0x48, 0x19, 0x48, 0x19, 0x48, 0x19, 0x48, 0x19, 0x48, 0x19, 0x48, 0x19,
    0x48, 0x19, 0x48, 0x19, 0x48, 0x19, 0x48, 0x19, 0x48, 0x19, 0x48, 0x19, 0x48, 0x19, 0x48, 0x19,
    0x48, 0x19, 0x48, 0x19, 0x48, 0x19, 0x48, 0x19, 0x48, 0x19, 0x48, 0x19, 0x48, 0x19, 0x48, 0x19,
    0x48, 0x19, 0x48, 0x19, 0x48, 0x19, 0x48, 0x19, 0x48, 0x19, 0x48, 0x19, 0x48, 0x19, 0x48, 0x19,
    0x48, 0x19, 0x48, 0x19, 0x48, 0x19, 0x48, 0x19, 0x48, 0x19, 0x48, 0x19, 0x48, 0x19, 0x48, 0x19,
    0x48, 0x19, 0x48, 0x19, 0x48, 0x19, 0x48, 0x19, 0x48, 0x19, 0x48, 0x19, 0x48, 0x19, 0x48, 0x19,
    0x48, 0x19, 0x48, 0x19, 0x48, 0x19, 0x48, 0x19, 0x48, 0x19, 0x48, 0x19, 0x48, 0x19, 0x48, 0x19,
    0x48, 0x19, 0x48, 0x19, 0x48, 0x19, 0x48, 0x19, 0x48, 0x19, 0x28, 0x19, 0x28, 0x19, 0x28, 0x19,
    0x28, 0x19, 0x28, 0x19, 0x28, 0x19, 0x28, 0x19, 0x28, 0x19, 0x28, 0x19, 0x28, 0x19, 0x28, 0x19,
    0x28, 0x11, 0x28, 0x11, 0x28, 0x11, 0x28, 0x11, 0x28, 0x11, 0x28, 0x11, 0x28, 0x11, 0x28, 0x11,
    0x28, 0x11, 0x28, 0x11, 0x28, 0x11, 0x28, 0x11, 0x28, 0x11, 0x28, 0x11, 0x28, 0x11, 0x28, 0x11,
    0x27, 0x11, 0x27, 0x11, 0x27, 0x11, 0x27, 0x11, 0x27, 0x11, 0x27, 0x11, 0x27, 0x11, 0x27, 0x11,
    0x27, 0x11, 0x27, 0x11, 0x27, 0x11, 0x27, 0x11, 0x27, 0x11, 0x07, 0x11, 0x07, 0x11, 0x07, 0x11,
    0x07, 0x11, 0x07, 0x11, 0x07, 0x11, 0x07, 0x11, 0x07, 0x11, 0x07, 0x11, 0x07, 0x11, 0x07, 0x11,
    0x07, 0x11, 0x07, 0x11, 0x07, 0x11, 0x07, 0x11, 0x07, 0x11, 0x07, 0x11, 0x07, 0x11, 0x07, 0x11,
    0x07, 0x11, 0x07, 0x11, 0x07, 0x11, 0x07, 0x11, 0x07, 0x11, 0x07, 0x11, 0x07, 0x11, 0x07, 0x11,
    0x07, 0x11, 0x07, 0x11, 0x07, 0x11, 0x07, 0x11, 0x07, 0x11, 0x07, 0x11, 0xE6, 0x10, 0xE6, 0x10,
    0xE6, 0x10, 0xE6, 0x10, 0xE6, 0x10, 0xE6, 0x10, 0x06, 0x11, 0x07, 0x11, 0x07, 0x11, 0x07, 0x11,
    0x07, 0x11, 0x07, 0x11, 0x07, 0x11, 0x07, 0x11, 0x07, 0x11, 0x07, 0x11, 0x07, 0x11, 0x07, 0x11,
    0x07, 0x11, 0x07, 0x11, 0x07, 0x11, 0x07, 0x11, 0x07, 0x11, 0x07, 0x11, 0x07, 0x11, 0x07, 0x11,
    0x07, 0x11, 0x07, 0x11, 0x07, 0x11, 0x07, 0x11, 0x07, 0x11, 0x07, 0x11, 0x07, 0x11, 0x07, 0x11,
    0x07, 0x11, 0x07, 0x11, 0x07, 0x11, 0x07, 0x11, 0x07, 0x11, 0x27, 0x11, 0x27, 0x11, 0x27, 0x11,
    0x27, 0x11, 0x27, 0x11, 0x27, 0x11, 0x27, 0x11, 0x27, 0x11, 0x27, 0x11, 0x27, 0x11, 0x27, 0x11,
    0x27, 0x11, 0x27, 0x11, 0x27, 0x11, 0x28, 0x11, 0x28, 0x11, 0x28, 0x11, 0x28, 0x11, 0x28, 0x11,
    0x28, 0x11, 0x28, 0x11, 0x28, 0x11, 0x28, 0x11, 0x28, 0x11, 0x28, 0x11, 0x28, 0x11, 0x28, 0x11,
    0x28, 0x11, 0x28, 0x11, 0x28, 0x19, 0x28, 0x19, 0x28, 0x19, 0x28, 0x19, 0x28, 0x19, 0x28, 0x19,
    0x28, 0x19, 0x28, 0x19, 0x28, 0x19, 0x28, 0x19, 0x28, 0x19, 0x28, 0x19, 0x48, 0x19, 0x48, 0x19,
    0x48, 0x19, 0x48, 0x19, 0x48, 0x19, 0x48, 0x19, 0x48, 0x19, 0x48, 0x19, 0x48, 0x19, 0x48, 0x19,
    0x48, 0x19, 0x48, 0x19, 0x48, 0x19, 0x48, 0x19, 0x48, 0x19, 0x48, 0x19, 0x48, 0x19, 0x48, 0x19,
    0x48, 0x19, 0x48, 0x19, 0x48, 0x19, 0x48, 0x19, 0x48, 0x19, 0x48, 0x19, 0x48, 0x19, 0x48, 0x19,
    0x48, 0x19, 0x48, 0x19, 0x48, 0x19, 0x48, 0x19, 0x48, 0x19, 0x48, 0x19, 0x48, 0x19, 0x48, 0x19,
    0x48, 0x19, 0x48, 0x19, 0x48, 0x19, 0x48, 0x19, 0x48, 0x19, 0x48, 0x19, 0x48, 0x19, 0x48, 0x19,
    0x48, 0x19, 0x48, 0x19, 0x48, 0x19, 0x48, 0x19, 0x48, 0x19, 0x48, 0x19, 0x48, 0x19, 0x48, 0x19,
    0x48, 0x19, 0x48, 0x19, 0x48, 0x19, 0x48, 0x19, 0x48, 0x19, 0x48, 0x19, 0x48, 0x19, 0x48, 0x19,
    0x48, 0x19, 0x48, 0x19, 0x48, 0x19, 0x48, 0x19, 0x48, 0x19, 0x48, 0x19, 0x48, 0x19, 0x48, 0x19,
    0x48, 0x19, 0x48, 0x19, 0x48, 0x19, 0x48, 0x19, 0x48, 0x19, 0x48, 0x19, 0x48, 0x19, 0x48, 0x19,
    0x48, 0x19, 0x48, 0x19, 0x48, 0x19, 0x48, 0x19, 0x48, 0x19, 0x48, 0x19, 0x48, 0x19, 0x48, 0x19,
    0x48, 0x19, 0x48, 0x19, 0x48, 0x19, 0x28, 0x19, 0x28, 0x19, 0x28, 0x19, 0x28, 0x19, 0x28, 0x19,
    0x28, 0x19, 0x28, 0x19, 0x28, 0x19, 0x28, 0x19, 0x28, 0x19, 0x28, 0x19, 0x28, 0x19, 0x28, 0x11,
    0x28, 0x11, 0x28, 0x11, 0x28, 0x11, 0x28, 0x11, 0x28, 0x11, 0x28, 0x11, 0x28, 0x11, 0x28, 0x11,
    0x28, 0x11, 0x28, 0x11, 0x28, 0x11, 0x28, 0x11, 0x28, 0x11, 0x28, 0x11, 0x27, 0x11, 0x27, 0x11,
    0x27, 0x11, 0x27, 0x11, 0x27, 0x11, 0x27, 0x11, 0x27, 0x11, 0x27, 0x11, 0x27, 0x11, 0x27, 0x11,
    0x27, 0x11, 0x27, 0x11, 0x27, 0x11, 0x27, 0x11, 0x07, 0x11, 0x07, 0x11, 0x07, 0x11, 0x07, 0x11,
    0x07, 0x11, 0x07, 0x11, 0x07, 0x11, 0x07, 0x11, 0x07, 0x11, 0x07, 0x11, 0x07, 0x11, 0x07, 0x11,
    0x07, 0x11, 0x07, 0x11, 0x07, 0x11, 0x07, 0x11, 0x07, 0x11, 0x07, 0x11, 0x07, 0x11, 0x07, 0x11,
    0x07, 0x11, 0x07, 0x11, 0x07, 0x11, 0x07, 0x11, 0x07, 0x11, 0x07, 0x11, 0x07, 0x11, 0x07, 0x11,
    0x07, 0x11, 0x07, 0x11, 0x07, 0x11, 0x07, 0x11, 0x06, 0x11, 0xE6, 0x10, 0xE6, 0x10, 0xE6, 0x10,
    0x07, 0x11, 0x07, 0x11, 0x07, 0x11, 0x07, 0x11, 0x07, 0x11, 0x07, 0x11, 0x07, 0x11, 0x07, 0x11,
    0x07, 0x11, 0x07, 0x11, 0x07, 0x11, 0x07, 0x11, 0x07, 0x11, 0x07, 0x11, 0x07, 0x11, 0x07, 0x11,
    0x07, 0x11, 0x07, 0x11, 0x07, 0x11, 0x27, 0x11, 0x27, 0x11, 0x27, 0x11, 0x27, 0x11, 0x27, 0x11,
    0x27, 0x11, 0x27, 0x11, 0x27, 0x11, 0x28, 0x11, 0x28, 0x11, 0x28, 0x11, 0x28, 0x11, 0x28, 0x11,
    0x28, 0x11, 0x28, 0x11, 0x28, 0x11, 0x28, 0x11, 0x28, 0x11, 0x28, 0x11, 0x28, 0x11, 0x28, 0x11,
    0x28, 0x11, 0x28, 0x11, 0x28, 0x11, 0x28, 0x11, 0x28, 0x11, 0x28, 0x11, 0x28, 0x11, 0x28, 0x11,
    0x28, 0x19, 0x28, 0x19, 0x28, 0x19, 0x28, 0x19, 0x48, 0x19, 0x48, 0x19, 0x48, 0x19, 0x48, 0x19,
    0x48, 0x19, 0x48, 0x19, 0x48, 0x19, 0x48, 0x19, 0x48, 0x19, 0x48, 0x19, 0x48, 0x19, 0x48, 0x19,
    0x48, 0x19, 0x48, 0x19, 0x48, 0x19, 0x48, 0x19, 0x48, 0x19, 0x48, 0x19, 0x48, 0x19, 0x48, 0x19,
    0x48, 0x19, 0x48, 0x19, 0x48, 0x19, 0x48, 0x19, 0x48, 0x19, 0x48, 0x19, 0x49, 0x19, 0x49, 0x19,
    0x49, 0x19, 0x49, 0x19, 0x49, 0x19, 0x49, 0x19, 0x49, 0x19, 0x49, 0x19, 0x49, 0x19, 0x49, 0x19,
    0x49, 0x19, 0x49, 0x19, 0x49, 0x19, 0x49, 0x19, 0x49, 0x19, 0x49, 0x19, 0x49, 0x19, 0x49, 0x19,
    0x49, 0x19, 0x49, 0x19, 0x49, 0x19, 0x69, 0x19, 0x69, 0x19, 0x69, 0x19, 0x69, 0x19, 0x69, 0x19,
    0x69, 0x19, 0x69, 0x19, 0x69, 0x19, 0x69, 0x19, 0x69, 0x19, 0x69, 0x19, 0x69, 0x19, 0x69, 0x19,
    0x69, 0x19, 0x69, 0x19, 0x69, 0x19, 0x69, 0x19, 0x69, 0x19, 0x69, 0x19, 0x69, 0x19, 0x69, 0x19,
    0x69, 0x19, 0x69, 0x19, 0x69, 0x19, 0x69, 0x19, 0x69, 0x19, 0x69, 0x19, 0x69, 0x19, 0x69, 0x19,
    0x69, 0x19, 0x69, 0x19, 0x69, 0x19, 0x69, 0x19, 0x69, 0x19, 0x69, 0x19, 0x69, 0x19, 0x69, 0x19,
    0x69, 0x19, 0x69, 0x19, 0x69, 0x19, 0x69, 0x19, 0x69, 0x19, 0x69, 0x19, 0x49, 0x19, 0x49, 0x19,
    0x49, 0x19, 0x49, 0x19, 0x49, 0x19, 0x49, 0x19, 0x49, 0x19, 0x49, 0x19, 0x49, 0x19, 0x49, 0x19,
    0x49, 0x19, 0x49, 0x19, 0x49, 0x19, 0x49, 0x19, 0x49, 0x19, 0x49, 0x19, 0x49, 0x19, 0x49, 0x19,
    0x49, 0x19, 0x49, 0x19, 0x49, 0x19, 0x48, 0x19, 0x48, 0x19, 0x48, 0x19, 0x48, 0x19, 0x48, 0x19,
    0x48, 0x19, 0x48, 0x19, 0x48, 0x19, 0x48, 0x19, 0x48, 0x19, 0x48, 0x19, 0x48, 0x19, 0x48, 0x19,
    0x48, 0x19, 0x48, 0x19, 0x48, 0x19, 0x48, 0x19, 0x48, 0x19, 0x48, 0x19, 0x48, 0x19, 0x48, 0x19,
    0x48, 0x19, 0x48, 0x19, 0x48, 0x19, 0x48, 0x19, 0x48, 0x19, 0x28, 0x19, 0x28, 0x19, 0x28, 0x19,
    0x28, 0x19, 0x28, 0x11, 0x28, 0x11, 0x28, 0x11, 0x28, 0x11, 0x28, 0x11, 0x28, 0x11, 0x28, 0x11,
    0x28, 0x11, 0x28, 0x11, 0x28, 0x11, 0x28, 0x11, 0x28, 0x11, 0x28, 0x11, 0x28, 0x11, 0x28, 0x11,
    0x28, 0x11, 0x28, 0x11, 0x28, 0x11, 0x28, 0x11, 0x28, 0x11, 0x28, 0x11, 0x27, 0x11, 0x27, 0x11,
    0x27, 0x11, 0x27, 0x11, 0x27, 0x11, 0x27, 0x11, 0x27, 0x11, 0x27, 0x11, 0x07, 0x11, 0x07, 0x11,
    0x07, 0x11, 0x07, 0x11, 0x07, 0x11, 0x07, 0x11, 0x07, 0x11, 0x07, 0x11, 0x07, 0x11, 0x07, 0x11,
    0x07, 0x11, 0x07, 0x11, 0x07, 0x11, 0x07, 0x11, 0x07, 0x11, 0x07, 0x11, 0x07, 0x11, 0x07, 0x11,
    0xE6, 0x10, 0xE6, 0x10, 0xE6, 0x10, 0xE6, 0x10, 0xE6, 0x10, 0xE6, 0x10, 0xE6, 0x10, 0x07, 0x11,
    0x07, 0x11, 0x07, 0x11, 0x07, 0x11, 0x07, 0x11, 0x07, 0x11, 0x07, 0x11, 0x07, 0x11, 0x07, 0x11,
    0x07, 0x11, 0x07, 0x11, 0x07, 0x11, 0x07, 0x11, 0x07, 0x11, 0x07, 0x11, 0x07, 0x11, 0x07, 0x11,
    0x07, 0x11, 0x07, 0x11, 0x07, 0x11, 0x07, 0x11, 0x07, 0x11, 0x07, 0x11, 0x07, 0x11, 0x07, 0x11,
    0x07, 0x11, 0x07, 0x11, 0x07, 0x11, 0x07, 0x11, 0x07, 0x11, 0x07, 0x11, 0x07, 0x11, 0x07, 0x11,
    0x27, 0x11, 0x27, 0x11, 0x27, 0x11, 0x27, 0x11, 0x27, 0x11, 0x27, 0x11, 0x27, 0x11, 0x27, 0x11,
    0x27, 0x11, 0x27, 0x11, 0x27, 0x11, 0x27, 0x11, 0x27, 0x11, 0x27, 0x11, 0x28, 0x11, 0x28, 0x11,
    0x28, 0x11, 0x28, 0x11, 0x28, 0x11, 0x28, 0x11, 0x28, 0x11, 0x28, 0x11, 0x28, 0x11, 0x28, 0x11,
    0x28, 0x11, 0x28, 0x11, 0x28, 0x11, 0x28, 0x11, 0x28, 0x11, 0x28, 0x19, 0x28, 0x19, 0x28, 0x19,
    0x28, 0x19, 0x28, 0x19, 0x28, 0x19, 0x28, 0x19, 0x28, 0x19, 0x28, 0x19, 0x28, 0x19, 0x28, 0x19,
    0x28, 0x19, 0x28, 0x19, 0x28, 0x19, 0x48, 0x19, 0x48, 0x19, 0x48, 0x19, 0x48, 0x19, 0x48, 0x19,
    0x48, 0x19, 0x48, 0x19, 0x48, 0x19, 0x48, 0x19, 0x48, 0x19, 0x48, 0x19, 0x48, 0x19, 0x48, 0x19,
    0x48, 0x19, 0x48, 0x19, 0x48, 0x19, 0x48, 0x19, 0x48, 0x19, 0x48, 0x19, 0x48, 0x19, 0x48, 0x19,
    0x48, 0x19, 0x48, 0x19, 0x48, 0x19, 0x48, 0x19, 0x48, 0x19, 0x48, 0x19, 0x48, 0x19, 0x48, 0x19,
    0x48, 0x19, 0x48, 0x19, 0x48, 0x19, 0x48, 0x19, 0x48, 0x19, 0x48, 0x19, 0x48, 0x19, 0x48, 0x19,
    0x48, 0x19, 0x48, 0x19, 0x48, 0x19, 0x48, 0x19, 0x48, 0x19, 0x48, 0x19, 0x48, 0x19, 0x48, 0x19,
    0x48, 0x19, 0x48, 0x19, 0x48, 0x19, 0x48, 0x19, 0x48, 0x19, 0x48, 0x19, 0x48, 0x19, 0x48, 0x19,
    0x48, 0x19, 0x48, 0x19, 0x48, 0x19, 0x48, 0x19, 0x48, 0x19, 0x48, 0x19, 0x48, 0x19, 0x48, 0x19,
    0x48, 0x19, 0x48, 0x19, 0x48, 0x19, 0x48, 0x19, 0x48, 0x19, 0x48, 0x19, 0x48, 0x19, 0x48, 0x19,
    0x48, 0x19, 0x48, 0x19, 0x48, 0x19, 0x48, 0x19, 0x48, 0x19, 0x48, 0x19, 0x28, 0x19, 0x28, 0x19,
    0x28, 0x19, 0x28, 0x19, 0x28, 0x19, 0x28, 0x19, 0x28, 0x19, 0x28, 0x19, 0x28, 0x19, 0x28, 0x19,
    0x28, 0x19, 0x28, 0x19, 0x28, 0x19, 0x28, 0x19, 0x28, 0x11, 0x28, 0x11, 0x28, 0x11, 0x28, 0x11,
    0x28, 0x11, 0x28, 0x11, 0x28, 0x11, 0x28, 0x11, 0x28, 0x11, 0x28, 0x11, 0x28, 0x11, 0x28, 0x11,
    0x28, 0x11, 0x28, 0x11, 0x28, 0x11, 0x27, 0x11, 0x27, 0x11, 0x27, 0x11, 0x27, 0x11, 0x27, 0x11,
    0x27, 0x11, 0x27, 0x11, 0x27, 0x11, 0x27, 0x11, 0x27, 0x11, 0x27, 0x11, 0x27, 0x11, 0x27, 0x11,
    0x27, 0x11, 0x07, 0x11, 0x07, 0x11, 0x07, 0x11, 0x07, 0x11, 0x07, 0x11, 0x07, 0x11, 0x07, 0x11,
    0x07, 0x11, 0x07, 0x11, 0x07, 0x11, 0x07, 0x11, 0x07, 0x11, 0x07, 0x11, 0x07, 0x11, 0x07, 0x11,
    0x07, 0x11, 0x07, 0x11, 0x07, 0x11, 0x07, 0x11, 0x07, 0x11, 0x07, 0x11, 0x07, 0x11, 0x07, 0x11,
    0x07, 0x11, 0x07, 0x11, 0x07, 0x11, 0x07, 0x11, 0x07, 0x11, 0x07, 0x11, 0x07, 0x11, 0x07, 0x11,
    0x07, 0x11, 0x07, 0x11, 0xE6, 0x10, 0xE6, 0x10, 0xE6, 0x10, 0xE6, 0x10, 0xE6, 0x10, 0xE6, 0x10,
    0xE6, 0x10, 0xE6, 0x10, 0xE6, 0x10, 0xE6, 0x10, 0xE6, 0x10, 0xE6, 0x10, 0xE6, 0x10, 0xE6, 0x10,
    0x06, 0x11, 0x07, 0x11, 0x07, 0x11, 0x07, 0x11, 0x07, 0x11, 0x07, 0x11, 0x07, 0x11, 0x07, 0x11,
    0x07, 0x11, 0x07, 0x11, 0x07, 0x11, 0x07, 0x11, 0x07, 0x11, 0x07, 0x11, 0x07, 0x11, 0x07, 0x11,
    0x07, 0x11, 0x07, 0x11, 0x07, 0x11, 0x07, 0x11, 0x07, 0x11, 0x07, 0x11, 0x07, 0x11, 0x07, 0x11,
    0x07, 0x11, 0x07, 0x11, 0x07, 0x11, 0x07, 0x11, 0x07, 0x11, 0x07, 0x11, 0x07, 0x11, 0x07, 0x11,
    0x07, 0x11, 0x07, 0x11, 0x27, 0x11, 0x27, 0x11, 0x27, 0x11, 0x27, 0x11, 0x27, 0x11, 0x27, 0x11,
    0x27, 0x11, 0x27, 0x11, 0x27, 0x11, 0x27, 0x11, 0x27, 0x11, 0x27, 0x11, 0x27, 0x11, 0x27, 0x11,
    0x28, 0x11, 0x28, 0x11, 0x28, 0x11, 0x28, 0x11, 0x28, 0x11, 0x28, 0x11, 0x28, 0x11, 0x28, 0x11,
    0x28, 0x11, 0x28, 0x11, 0x28, 0x11, 0x28, 0x11, 0x28, 0x11, 0x28, 0x11, 0x28, 0x19, 0x28, 0x19,
    0x28, 0x19, 0x28, 0x19, 0x28, 0x19, 0x28, 0x19, 0x28, 0x19, 0x28, 0x19, 0x28, 0x19, 0x28, 0x19,
    0x28, 0x19, 0x28, 0x19, 0x28, 0x19, 0x28, 0x19, 0x28, 0x19, 0x28, 0x19, 0x48, 0x19, 0x48, 0x19,
    0x48, 0x19, 0x48, 0x19, 0x48, 0x19, 0x48, 0x19, 0x48, 0x19, 0x48, 0x19, 0x48, 0x19, 0x48, 0x19,
    0x48, 0x19, 0x48, 0x19, 0x48, 0x19, 0x48, 0x19, 0x48, 0x19, 0x48, 0x19, 0x48, 0x19, 0x48, 0x19,
    0x48, 0x19, 0x48, 0x19, 0x48, 0x19, 0x48, 0x19, 0x48, 0x19, 0x48, 0x19, 0x48, 0x19, 0x48, 0x19,
    0x48, 0x19, 0x48, 0x19, 0x48, 0x19, 0x48, 0x19, 0x48, 0x19, 0x48, 0x19, 0x48, 0x19, 0x48, 0x19,
    0x48, 0x19, 0x48, 0x19, 0x48, 0x19, 0x48, 0x19, 0x48, 0x19, 0x48, 0x19, 0x48, 0x19, 0x48, 0x19,
    0x48, 0x19, 0x48, 0x19, 0x48, 0x19, 0x48, 0x19, 0x48, 0x19, 0x48, 0x19, 0x48, 0x19, 0x48, 0x19,
    0x48, 0x19, 0x48, 0x19, 0x48, 0x19, 0x48, 0x19, 0x48, 0x19, 0x48, 0x19, 0x48, 0x19, 0x48, 0x19,
    0x48, 0x19, 0x48, 0x19, 0x48, 0x19, 0x48, 0x19, 0x48, 0x19, 0x48, 0x19, 0x48, 0x19, 0x48, 0x19,
    0x48, 0x19, 0x48, 0x19, 0x48, 0x19, 0x28, 0x19, 0x28, 0x19, 0x28, 0x19, 0x28, 0x19, 0x28, 0x19,
    0x28, 0x19, 0x28, 0x19, 0x28, 0x19, 0x28, 0x19, 0x28, 0x19, 0x28, 0x19, 0x28, 0x19, 0x28, 0x19,
    0x28, 0x19, 0x28, 0x19, 0x28, 0x19, 0x28, 0x11, 0x28, 0x11, 0x28, 0x11, 0x28, 0x11, 0x28, 0x11,
    0x28, 0x11, 0x28, 0x11, 0x28, 0x11, 0x28, 0x11, 0x28, 0x11, 0x28, 0x11, 0x28, 0x11, 0x28, 0x11,
    0x28, 0x11, 0x27, 0x11, 0x27, 0x11, 0x27, 0x11, 0x27, 0x11, 0x27, 0x11, 0x27, 0x11, 0x27, 0x11,
    0x27, 0x11, 0x27, 0x11, 0x27, 0x11, 0x27, 0x11, 0x27, 0x11, 0x27, 0x11, 0x27, 0x11, 0x07, 0x11,
    0x07, 0x11, 0x07, 0x11, 0x07, 0x11, 0x07, 0x11, 0x07, 0x11, 0x07, 0x11, 0x07, 0x11, 0x07, 0x11,
    0x07, 0x11, 0x07, 0x11, 0x07, 0x11, 0x07, 0x11, 0x07, 0x11, 0x07, 0x11, 0x07, 0x11, 0x07, 0x11,
    0x07, 0x11, 0x07, 0x11, 0x07, 0x11, 0x07, 0x11, 0x07, 0x11, 0x07, 0x11, 0x07, 0x11, 0x07, 0x11,
    0x07, 0x11, 0x07, 0x11, 0x07, 0x11, 0x07, 0x11, 0x07, 0x11, 0x07, 0x11, 0x07, 0x11, 0x07, 0x11,
    0x06, 0x11, 0xE6, 0x10, 0xE6, 0x10, 0xE6, 0x10, 0xE6, 0x10, 0xE6, 0x10, 0xE6, 0x10, 0xE6, 0x10,
    0x07, 0x11, 0x07, 0x11, 0x07, 0x11, 0x07, 0x11, 0x07, 0x11, 0x07, 0x11, 0x07, 0x11, 0x07, 0x11,
    0x07, 0x11, 0x07, 0x11, 0x07, 0x11, 0x07, 0x11, 0x07, 0x11, 0x07, 0x11, 0x07, 0x11, 0x07, 0x11,
    0x07, 0x11, 0x07, 0x11, 0x07, 0x11, 0x07, 0x11, 0x07, 0x11, 0x07, 0x11, 0x27, 0x11, 0x27, 0x11,
    0x27, 0x11, 0x27, 0x11, 0x27, 0x11, 0x27, 0x11, 0x27, 0x11, 0x27, 0x11, 0x27, 0x11, 0x28, 0x11,
    0x28, 0x11, 0x28, 0x11, 0x28, 0x11, 0x28, 0x11, 0x28, 0x11, 0x28, 0x11, 0x28, 0x11, 0x28, 0x11,
    0x28, 0x11, 0x28, 0x11, 0x28, 0x11, 0x28, 0x11, 0x28, 0x11, 0x28, 0x11, 0x28, 0x11, 0x28, 0x11,
    0x28, 0x11, 0x28, 0x11, 0x28, 0x11, 0x28, 0x11, 0x28, 0x19, 0x28, 0x19, 0x28, 0x19, 0x28, 0x19,
    0x28, 0x19, 0x48, 0x19, 0x48, 0x19, 0x48, 0x19, 0x48, 0x19, 0x48, 0x19, 0x48, 0x19, 0x48, 0x19,
    0x48, 0x19, 0x48, 0x19, 0x48, 0x19, 0x48, 0x19, 0x48, 0x19, 0x48, 0x19, 0x48, 0x19, 0x48, 0x19,
    0x48, 0x19, 0x48, 0x19, 0x48, 0x19, 0x48, 0x19, 0x48, 0x19, 0x48, 0x19, 0x48, 0x19, 0x48, 0x19,
    0x48, 0x19, 0x48, 0x19, 0x48, 0x19, 0x48, 0x19, 0x48, 0x19, 0x48, 0x19, 0x48, 0x19, 0x49, 0x19,
    0x49, 0x19, 0x49, 0x19, 0x49, 0x19, 0x49, 0x19, 0x49, 0x19, 0x49, 0x19, 0x49, 0x19, 0x49, 0x19,
    0x49, 0x19, 0x49, 0x19, 0x49, 0x19, 0x49, 0x19, 0x49, 0x19, 0x49, 0x19, 0x49, 0x19, 0x49, 0x19,
    0x49, 0x19, 0x49, 0x19, 0x49, 0x19, 0x49, 0x19, 0x49, 0x19, 0x49, 0x19, 0x49, 0x19, 0x49, 0x19,
    0x49, 0x19, 0x49, 0x19, 0x49, 0x19, 0x49, 0x19, 0x49, 0x19, 0x49, 0x19, 0x49, 0x19, 0x49, 0x19,
    0x49, 0x19, 0x49, 0x19, 0x49, 0x19, 0x49, 0x19, 0x49, 0x19, 0x49, 0x19, 0x49, 0x19, 0x49, 0x19,
    0x49, 0x19, 0x49, 0x19, 0x49, 0x19, 0x49, 0x19, 0x49, 0x19, 0x49, 0x19, 0x49, 0x19, 0x49, 0x19,
    0x49, 0x19, 0x49, 0x19, 0x49, 0x19, 0x49, 0x19, 0x49, 0x19, 0x49, 0x19, 0x49, 0x19, 0x49, 0x19,
    0x49, 0x19, 0x49, 0x19, 0x49, 0x19, 0x49, 0x19, 0x49, 0x19, 0x49, 0x19, 0x49, 0x19, 0x49, 0x19,
    0x49, 0x19, 0x49, 0x19, 0x48, 0x19, 0x48, 0x19, 0x48, 0x19, 0x48, 0x19, 0x48, 0x19, 0x48, 0x19,
    0x48, 0x19, 0x48, 0x19, 0x48, 0x19, 0x48, 0x19, 0x48, 0x19, 0x48, 0x19, 0x48, 0x19, 0x48, 0x19,
    0x48, 0x19, 0x48, 0x19, 0x48, 0x19, 0x48, 0x19, 0x48, 0x19, 0x48, 0x19, 0x48, 0x19, 0x48, 0x19,
    0x48, 0x19, 0x48, 0x19, 0x48, 0x19, 0x48, 0x19, 0x48, 0x19, 0x48, 0x19, 0x48, 0x19, 0x48, 0x19,
    0x28, 0x19, 0x28, 0x19, 0x28, 0x19, 0x28, 0x19, 0x28, 0x19, 0x28, 0x11, 0x28, 0x11, 0x28, 0x11,
    0x28, 0x11, 0x28, 0x11, 0x28, 0x11, 0x28, 0x11, 0x28, 0x11, 0x28, 0x11, 0x28, 0x11, 0x28, 0x11,
    0x28, 0x11, 0x28, 0x11, 0x28, 0x11, 0x28, 0x11, 0x28, 0x11, 0x28, 0x11, 0x28, 0x11, 0x28, 0x11,
    0x28, 0x11, 0x28, 0x11, 0x27, 0x11, 0x27, 0x11, 0x27, 0x11, 0x27, 0x11, 0x27, 0x11, 0x27, 0x11,
    0x27, 0x11, 0x27, 0x11, 0x27, 0x11, 0x07, 0x11, 0x07, 0x11, 0x07, 0x11, 0x07, 0x11, 0x07, 0x11,
    0x07, 0x11, 0x07, 0x11, 0x07, 0x11, 0x07, 0x11, 0x07, 0x11, 0x07, 0x11, 0x07, 0x11, 0x07, 0x11,
    0x07, 0x11, 0x07, 0x11, 0x07, 0x11, 0x07, 0x11, 0x07, 0x11, 0x07, 0x11, 0x07, 0x11, 0x07, 0x11,
    0xE6, 0x10, 0xE6, 0x10, 0xE6, 0x10, 0xE6, 0x10, 0xE6, 0x10, 0xE6, 0x10, 0xE6, 0x10, 0xE6, 0x10,
    0xE6, 0x10, 0xE6, 0x10, 0x06, 0x11, 0x07, 0x11, 0x07, 0x11, 0x07, 0x11, 0x07, 0x11, 0x07, 0x11,
    0x07, 0x11, 0x07, 0x11, 0x07, 0x11, 0x07, 0x11, 0x07, 0x11, 0x07, 0x11, 0x07, 0x11, 0x07, 0x11,
    0x07, 0x11, 0x07, 0x11, 0x07, 0x11, 0x07, 0x11, 0x07, 0x11, 0x07, 0x11, 0x07, 0x11, 0x07, 0x11,
    0x07, 0x11, 0x07, 0x11, 0x07, 0x11, 0x07, 0x11, 0x07, 0x11, 0x07, 0x11, 0x07, 0x11, 0x07, 0x11,
    0x07, 0x11, 0x07, 0x11, 0x07, 0x11, 0x07, 0x11, 0x07, 0x11, 0x27, 0x11, 0x27, 0x11, 0x27, 0x11,
    0x27, 0x11, 0x27, 0x11, 0x27, 0x11, 0x27, 0x11, 0x27, 0x11, 0x27, 0x11, 0x27, 0x11, 0x27, 0x11,
    0x27, 0x11, 0x27, 0x11, 0x27, 0x11, 0x27, 0x11, 0x27, 0x11, 0x28, 0x11, 0x28, 0x11, 0x28, 0x11,
    0x28, 0x11, 0x28, 0x11, 0x28, 0x11, 0x28, 0x11, 0x28, 0x11, 0x28, 0x11, 0x28, 0x11, 0x28, 0x11,
    0x28, 0x11, 0x28, 0x19, 0x28, 0x19, 0x28, 0x19, 0x28, 0x19, 0x28, 0x19, 0x28, 0x19, 0x28, 0x19,
    0x28, 0x19, 0x28, 0x19, 0x28, 0x19, 0x28, 0x19, 0x28, 0x19, 0x28, 0x19, 0x28, 0x19, 0x28, 0x19,
    0x28, 0x19, 0x28, 0x19, 0x28, 0x19, 0x28, 0x19, 0x28, 0x19, 0x48, 0x19, 0x48, 0x19, 0x48, 0x19,
    0x48, 0x19, 0x48, 0x19, 0x48, 0x19, 0x48, 0x19, 0x48, 0x19, 0x48, 0x19, 0x48, 0x19, 0x48, 0x19,
    0x48, 0x19, 0x48, 0x19, 0x48, 0x19, 0x48, 0x19, 0x48, 0x19, 0x48, 0x19, 0x48, 0x19, 0x48, 0x19,
    0x48, 0x19, 0x48, 0x19, 0x48, 0x19, 0x48, 0x19, 0x48, 0x19, 0x48, 0x19, 0x48, 0x19, 0x48, 0x19,
    0x48, 0x19, 0x48, 0x19, 0x48, 0x19, 0x48, 0x19, 0x48, 0x19, 0x48, 0x19, 0x48, 0x19, 0x48, 0x19,
    0x48, 0x19, 0x48, 0x19, 0x48, 0x19, 0x48, 0x19, 0x48, 0x19, 0x48, 0x19, 0x48, 0x19, 0x48, 0x19,
    0x48, 0x19, 0x48, 0x19, 0x48, 0x19, 0x48, 0x19, 0x48, 0x19, 0x48, 0x19, 0x48, 0x19, 0x48, 0x19,
    0x48, 0x19, 0x48, 0x19, 0x48, 0x19, 0x48, 0x19, 0x28, 0x19, 0x28, 0x19, 0x28, 0x19, 0x28, 0x19,
    0x28, 0x19, 0x28, 0x19, 0x28, 0x19, 0x28, 0x19, 0x28, 0x19, 0x28, 0x19, 0x28, 0x19, 0x28, 0x19,
    0x28, 0x19, 0x28, 0x19, 0x28, 0x19, 0x28, 0x19, 0x28, 0x19, 0x28, 0x19, 0x28, 0x19, 0x28, 0x19,
    0x28, 0x11, 0x28, 0x11, 0x28, 0x11, 0x28, 0x11, 0x28, 0x11, 0x28, 0x11, 0x28, 0x11, 0x28, 0x11,
    0x28, 0x11, 0x28, 0x11, 0x28, 0x11, 0x28, 0x11, 0x27, 0x11, 0x27, 0x11, 0x27, 0x11, 0x27, 0x11,
    0x27, 0x11, 0x27, 0x11, 0x27, 0x11, 0x27, 0x11, 0x27, 0x11, 0x27, 0x11, 0x27, 0x11, 0x27, 0x11,
    0x27, 0x11, 0x27, 0x11, 0x27, 0x11, 0x27, 0x11, 0x07, 0x11, 0x07, 0x11, 0x07, 0x11, 0x07, 0x11,
    0x07, 0x11, 0x07, 0x11, 0x07, 0x11, 0x07, 0x11, 0x07, 0x11, 0x07, 0x11, 0x07, 0x11, 0x07, 0x11,
    0x07, 0x11, 0x07, 0x11, 0x07, 0x11, 0x07, 0x11, 0x07, 0x11, 0x07, 0x11, 0x07, 0x11, 0x07, 0x11,
    0x07, 0x11, 0x07, 0x11, 0x07, 0x11, 0x07, 0x11, 0x07, 0x11, 0x07, 0x11, 0x07, 0x11, 0x07, 0x11,
    0x07, 0x11, 0x07, 0x11, 0x07, 0x11, 0x07, 0x11, 0x07, 0x11, 0x07, 0x11, 0x06, 0x11, 0xE6, 0x10,
    0xE6, 0x10, 0xE6, 0x10, 0xE6, 0x10, 0xE6, 0x10, 0xE6, 0x10, 0xE6, 0x10, 0xE6, 0x10, 0xE6, 0x10,
    0xE6, 0x10, 0xE6, 0x10, 0xE6, 0x10, 0xE6, 0x10, 0xE6, 0x10, 0xE6, 0x10, 0xE6, 0x10, 0xE6, 0x10,
    0xE6, 0x10, 0xE6, 0x10, 0xE6, 0x10, 0x06, 0x11, 0x06, 0x11, 0x07, 0x11, 0x07, 0x11, 0x07, 0x11,
    0x07, 0x11, 0x07, 0x11, 0x07, 0x11, 0x07, 0x11, 0x07, 0x11, 0x07, 0x11, 0x07, 0x11, 0x07, 0x11,
    0x07, 0x11, 0x07, 0x11, 0x07, 0x11, 0x07, 0x11, 0x07, 0x11, 0x07, 0x11, 0x07, 0x11, 0x07, 0x11,
    0x07, 0x11, 0x07, 0x11, 0x07, 0x11, 0x07, 0x11, 0x07, 0x11, 0x07, 0x11, 0x07, 0x11, 0x07, 0x11,
    0x07, 0x11, 0x07, 0x11, 0x07, 0x11, 0x07, 0x11, 0x07, 0x11, 0x07, 0x11, 0x07, 0x11, 0x27, 0x11,
    0x27, 0x11, 0x27, 0x11, 0x27, 0x11, 0x27, 0x11, 0x27, 0x11, 0x27, 0x11, 0x27, 0x11, 0x27, 0x11,
    0x27, 0x11, 0x27, 0x11, 0x27, 0x11, 0x27, 0x11, 0x27, 0x11, 0x27, 0x11, 0x27, 0x11, 0x28, 0x11,
    0x28, 0x11, 0x28, 0x11, 0x28, 0x11, 0x28, 0x11, 0x28, 0x11, 0x28, 0x11, 0x28, 0x11, 0x28, 0x11,
    0x28, 0x11, 0x28, 0x11, 0x28, 0x11, 0x28, 0x19, 0x28, 0x19, 0x28, 0x19, 0x28, 0x19, 0x28, 0x19,
    0x28, 0x19, 0x28, 0x19, 0x28, 0x19, 0x28, 0x19, 0x28, 0x19, 0x28, 0x19, 0x28, 0x19, 0x28, 0x19,
    0x28, 0x19, 0x28, 0x19, 0x28, 0x19, 0x28, 0x19, 0x28, 0x19, 0x28, 0x19, 0x28, 0x19, 0x28, 0x19,
    0x28, 0x19, 0x48, 0x19, 0x48, 0x19, 0x48, 0x19, 0x48, 0x19, 0x48, 0x19, 0x48, 0x19, 0x48, 0x19,
    0x48, 0x19, 0x48, 0x19, 0x48, 0x19, 0x48, 0x19, 0x48, 0x19, 0x48, 0x19, 0x48, 0x19, 0x48, 0x19,
    0x48, 0x19, 0x48, 0x19, 0x48, 0x19, 0x48, 0x19, 0x48, 0x19, 0x48, 0x19, 0x48, 0x19, 0x48, 0x19,
    0x48, 0x19, 0x48, 0x19, 0x48, 0x19, 0x48, 0x19, 0x48, 0x19, 0x48, 0x19, 0x48, 0x19, 0x48, 0x19,
    0x48, 0x19, 0x48, 0x19, 0x48, 0x19, 0x48, 0x19, 0x48, 0x19, 0x48, 0x19, 0x48, 0x19, 0x48, 0x19,
    0x48, 0x19, 0x48, 0x19, 0x48, 0x19, 0x48, 0x19, 0x48, 0x19, 0x48, 0x19, 0x48, 0x19, 0x48, 0x19,
    0x28, 0x19, 0x28, 0x19, 0x28, 0x19, 0x28, 0x19, 0x28, 0x19, 0x28, 0x19, 0x28, 0x19, 0x28, 0x19,
    0x28, 0x19, 0x28, 0x19, 0x28, 0x19, 0x28, 0x19, 0x28, 0x19, 0x28, 0x19, 0x28, 0x19, 0x28, 0x19,
    0x28, 0x19, 0x28, 0x19, 0x28, 0x19, 0x28, 0x19, 0x28, 0x19, 0x28, 0x19, 0x28, 0x11, 0x28, 0x11,
    0x28, 0x11, 0x28, 0x11, 0x28, 0x11, 0x28, 0x11, 0x28, 0x11, 0x28, 0x11, 0x28, 0x11, 0x28, 0x11,
    0x28, 0x11, 0x28, 0x11, 0x27, 0x11, 0x27, 0x11, 0x27, 0x11, 0x27, 0x11, 0x27, 0x11, 0x27, 0x11,
    0x27, 0x11, 0x27, 0x11, 0x27, 0x11, 0x27, 0x11, 0x27, 0x11, 0x27, 0x11, 0x27, 0x11, 0x27, 0x11,
    0x27, 0x11, 0x27, 0x11, 0x07, 0x11, 0x07, 0x11, 0x07, 0x11, 0x07, 0x11, 0x07, 0x11, 0x07, 0x11,
    0x07, 0x11, 0x07, 0x11, 0x07, 0x11, 0x07, 0x11, 0x07, 0x11, 0x07, 0x11, 0x07, 0x11, 0x07, 0x11,
    0x07, 0x11, 0x07, 0x11, 0x07, 0x11, 0x07, 0x11, 0x07, 0x11, 0x07, 0x11, 0x07, 0x11, 0x07, 0x11,
    0x07, 0x11, 0x07, 0x11, 0x07, 0x11, 0x07, 0x11, 0x07, 0x11, 0x07, 0x11, 0x07, 0x11, 0x07, 0x11,
    0x07, 0x11, 0x07, 0x11, 0x07, 0x11, 0x07, 0x11, 0x06, 0x11, 0x06, 0x11, 0xE6, 0x10, 0xE6, 0x10,
    0xE6, 0x10, 0xE6, 0x10, 0xE6, 0x10, 0xE6, 0x10, 0xE6, 0x10, 0xE6, 0x10, 0xE6, 0x10, 0xE6, 0x10,
    0x07, 0x11, 0x07, 0x11, 0x07, 0x11, 0x07, 0x11, 0x07, 0x11, 0x07, 0x11, 0x07, 0x11, 0x07, 0x11,
    0x07, 0x11, 0x07, 0x11, 0x07, 0x11, 0x07, 0x11, 0x07, 0x11, 0x07, 0x11, 0x07, 0x11, 0x07, 0x11,
    0x07, 0x11, 0x07, 0x11, 0x07, 0x11, 0x07, 0x11, 0x07, 0x11, 0x07, 0x11, 0x07, 0x11, 0x07, 0x11,
    0x07, 0x11, 0x07, 0x11, 0x07, 0x11, 0x27, 0x11, 0x27, 0x11, 0x27, 0x11, 0x27, 0x11, 0x27, 0x11,
    0x27, 0x11, 0x27, 0x11, 0x27, 0x11, 0x27, 0x11, 0x28, 0x11, 0x28, 0x11, 0x28, 0x11, 0x28, 0x11,
    0x28, 0x11, 0x28, 0x11, 0x28, 0x11, 0x28, 0x11, 0x28, 0x11, 0x28, 0x11, 0x28, 0x11, 0x28, 0x11,
    0x28, 0x11, 0x28, 0x11, 0x28, 0x11, 0x28, 0x11, 0x28, 0x11, 0x28, 0x11, 0x28, 0x11, 0x28, 0x19,
    0x28, 0x19, 0x28, 0x19, 0x28, 0x19, 0x28, 0x19, 0x28, 0x19, 0x28, 0x19, 0x28, 0x19, 0x48, 0x19,
    0x48, 0x19, 0x48, 0x19, 0x48, 0x19, 0x48, 0x19, 0x48, 0x19, 0x48, 0x19, 0x48, 0x19, 0x48, 0x19,
    0x48, 0x19, 0x48, 0x19, 0x48, 0x19, 0x48, 0x19, 0x48, 0x19, 0x48, 0x19, 0x48, 0x19, 0x48, 0x19,
    0x48, 0x19, 0x48, 0x19, 0x48, 0x19, 0x48, 0x19, 0x48, 0x19, 0x48, 0x19, 0x48, 0x19, 0x48, 0x19,
    0x48, 0x19, 0x48, 0x19, 0x48, 0x19, 0x48, 0x19, 0x48, 0x19, 0x48, 0x19, 0x48, 0x19, 0x48, 0x19,
    0x48, 0x19, 0x48, 0x19, 0x48, 0x19, 0x49, 0x19, 0x49, 0x19, 0x49, 0x19, 0x49, 0x19, 0x49, 0x19,
    0x49, 0x19, 0x49, 0x19, 0x49, 0x19, 0x49, 0x19, 0x49, 0x19, 0x49, 0x19, 0x49, 0x19, 0x49, 0x19,
    0x49, 0x19, 0x49, 0x19, 0x49, 0x19, 0x49, 0x19, 0x49, 0x19, 0x49, 0x19, 0x49, 0x19, 0x49, 0x19,
    0x49, 0x19, 0x49, 0x19, 0x49, 0x19, 0x49, 0x19, 0x49, 0x19, 0x49, 0x19, 0x49, 0x19, 0x49, 0x19,
    0x49, 0x19, 0x49, 0x19, 0x49, 0x19, 0x49, 0x19, 0x49, 0x19, 0x49, 0x19, 0x49, 0x19, 0x49, 0x19,
    0x49, 0x19, 0x49, 0x19, 0x49, 0x19, 0x49, 0x19, 0x49, 0x19, 0x49, 0x19, 0x48, 0x19, 0x48, 0x19,
    0x48, 0x19, 0x48, 0x19, 0x48, 0x19, 0x48, 0x19, 0x48, 0x19, 0x48, 0x19, 0x48, 0x19, 0x48, 0x19,
    0x48, 0x19, 0x48, 0x19, 0x48, 0x19, 0x48, 0x19, 0x48, 0x19, 0x48, 0x19, 0x48, 0x19, 0x48, 0x19,
    0x48, 0x19, 0x48, 0x19, 0x48, 0x19, 0x48, 0x19, 0x48, 0x19, 0x48, 0x19, 0x48, 0x19, 0x48, 0x19,
    0x48, 0x19, 0x48, 0x19, 0x48, 0x19, 0x48, 0x19, 0x48, 0x19, 0x48, 0x19, 0x48, 0x19, 0x48, 0x19,
    0x48, 0x19, 0x48, 0x19, 0x28, 0x19, 0x28, 0x19, 0x28, 0x19, 0x28, 0x19, 0x28, 0x19, 0x28, 0x19,
    0x28, 0x19, 0x28, 0x19, 0x28, 0x11, 0x28, 0x11, 0x28, 0x11, 0x28, 0x11, 0x28, 0x11, 0x28, 0x11,
    0x28, 0x11, 0x28, 0x11, 0x28, 0x11, 0x28, 0x11, 0x28, 0x11, 0x28, 0x11, 0x28, 0x11, 0x28, 0x11,
    0x28, 0x11, 0x28, 0x11, 0x28, 0x11, 0x28, 0x11, 0x28, 0x11, 0x27, 0x11, 0x27, 0x11, 0x27, 0x11,
    0x27, 0x11, 0x27, 0x11, 0x27, 0x11, 0x27, 0x11, 0x27, 0x11, 0x27, 0x11, 0x07, 0x11, 0x07, 0x11,
    0x07, 0x11, 0x07, 0x11, 0x07, 0x11, 0x07, 0x11, 0x07, 0x11, 0x07, 0x11, 0x07, 0x11, 0x07, 0x11,
    0x07, 0x11, 0x07, 0x11, 0x07, 0x11, 0x07, 0x11, 0x07, 0x11, 0x07, 0x11, 0x07, 0x11, 0x07, 0x11,
    0x07, 0x11, 0x07, 0x11, 0x07, 0x11, 0x07, 0x11, 0x07, 0x11, 0x07, 0x11, 0x07, 0x11, 0x07, 0x11,
    0xE6, 0x10, 0xE6, 0x10, 0xE6, 0x10, 0xE6, 0x10, 0xE6, 0x10, 0xE6, 0x10, 0xE6, 0x10, 0xE6, 0x10,
    0xE6, 0x10, 0xE6, 0x10, 0xE6, 0x10, 0xE6, 0x10, 0xE6, 0x10, 0xE6, 0x10, 0x06, 0x11, 0x07, 0x11,
    0x07, 0x11, 0x07, 0x11, 0x07, 0x11, 0x07, 0x11, 0x07, 0x11, 0x07, 0x11, 0x07, 0x11, 0x07, 0x11,
    0x07, 0x11, 0x07, 0x11, 0x07, 0x11, 0x07, 0x11, 0x07, 0x11, 0x07, 0x11, 0x07, 0x11, 0x07, 0x11,
    0x07, 0x11, 0x07, 0x11, 0x07, 0x11, 0x07, 0x11, 0x07, 0x11, 0x07, 0x11, 0x07, 0x11, 0x07, 0x11,
    0x07, 0x11, 0x07, 0x11, 0x07, 0x11, 0x07, 0x11, 0x07, 0x11, 0x07, 0x11, 0x07, 0x11, 0x07, 0x11,
    0x07, 0x11, 0x07, 0x11, 0x27, 0x11, 0x27, 0x11, 0x27, 0x11, 0x27, 0x11, 0x27, 0x11, 0x27, 0x11,
    0x27, 0x11, 0x27, 0x11, 0x27, 0x11, 0x27, 0x11, 0x27, 0x11, 0x27, 0x11, 0x27, 0x11, 0x27, 0x11,
    0x27, 0x11, 0x27, 0x11, 0x27, 0x11, 0x27, 0x11, 0x28, 0x11, 0x28, 0x11, 0x28, 0x11, 0x28, 0x11,
    0x28, 0x11, 0x28, 0x11, 0x28, 0x11, 0x28, 0x11, 0x28, 0x11, 0x28, 0x11, 0x28, 0x11, 0x28, 0x19,
    0x28, 0x19, 0x28, 0x19, 0x28, 0x19, 0x28, 0x19, 0x28, 0x19, 0x28, 0x19, 0x28, 0x19, 0x28, 0x19,
    0x28, 0x19, 0x28, 0x19, 0x28, 0x19, 0x28, 0x19, 0x28, 0x19, 0x28, 0x19, 0x28, 0x19, 0x28, 0x19,
    0x28, 0x19, 0x28, 0x19, 0x28, 0x19, 0x28, 0x19, 0x28, 0x19, 0x28, 0x19, 0x28, 0x19, 0x28, 0x19,
    0x28, 0x19, 0x28, 0x19, 0x28, 0x19, 0x28, 0x19, 0x48, 0x19, 0x48, 0x19, 0x48, 0x19, 0x48, 0x19,
    0x48, 0x19, 0x48, 0x19, 0x48, 0x19, 0x48, 0x19, 0x48, 0x19, 0x48, 0x19, 0x48, 0x19, 0x48, 0x19,
    0x48, 0x19, 0x48, 0x19, 0x48, 0x19, 0x48, 0x19, 0x48, 0x19, 0x48, 0x19, 0x48, 0x19, 0x48, 0x19,
    0x48, 0x19, 0x48, 0x19, 0x48, 0x19, 0x48, 0x19, 0x48, 0x19, 0x28, 0x19, 0x28, 0x19, 0x28, 0x19,
    0x28, 0x19, 0x28, 0x19, 0x28, 0x19, 0x28, 0x19, 0x28, 0x19, 0x28, 0x19, 0x28, 0x19, 0x28, 0x19,
    0x28, 0x19, 0x28, 0x19, 0x28, 0x19, 0x28, 0x19, 0x28, 0x19, 0x28, 0x19, 0x28, 0x19, 0x28, 0x19,
    0x28, 0x19, 0x28, 0x19, 0x28, 0x19, 0x28, 0x19, 0x28, 0x19, 0x28, 0x19, 0x28, 0x19, 0x28, 0x19,
    0x28, 0x19, 0x28, 0x19, 0x28, 0x11, 0x28, 0x11, 0x28, 0x11, 0x28, 0x11, 0x28, 0x11, 0x28, 0x11,
    0x28, 0x11, 0x28, 0x11, 0x28, 0x11, 0x28, 0x11, 0x28, 0x11, 0x27, 0x11, 0x27, 0x11, 0x27, 0x11,
    0x27, 0x11, 0x27, 0x11, 0x27, 0x11, 0x27, 0x11, 0x27, 0x11, 0x27, 0x11, 0x27, 0x11, 0x27, 0x11,
    0x27, 0x11, 0x27, 0x11, 0x27, 0x11, 0x27, 0x11, 0x27, 0x11, 0x27, 0x11, 0x27, 0x11, 0x07, 0x11,
    0x07, 0x11, 0x07, 0x11, 0x07, 0x11, 0x07, 0x11, 0x07, 0x11, 0x07, 0x11, 0x07, 0x11, 0x07, 0x11,
    0x07, 0x11, 0x07, 0x11, 0x07, 0x11, 0x07, 0x11, 0x07, 0x11, 0x07, 0x11, 0x07, 0x11, 0x07, 0x11,
    0x07, 0x11, 0x07, 0x11, 0x07, 0x11, 0x07, 0x11, 0x07, 0x11, 0x07, 0x11, 0x07, 0x11, 0x07, 0x11,
    0x07, 0x11, 0x07, 0x11, 0x07, 0x11, 0x07, 0x11, 0x07, 0x11, 0x07, 0x11, 0x07, 0x11, 0x07, 0x11,
    0x07, 0x11, 0x07, 0x11, 0x06, 0x11, 0xE6, 0x10, 0xE6, 0x10, 0xE6, 0x10, 0xE6, 0x10, 0xE6, 0x10,
    0xE6, 0x10, 0xE6, 0x10, 0xE6, 0x10, 0xE6, 0x10, 0xE6, 0x10, 0xE6, 0x10, 0xE6, 0x10, 0xE6, 0x10,
    0xE6, 0x10, 0xE6, 0x10, 0xE6, 0x10, 0xE6, 0x10, 0xE6, 0x10, 0xE6, 0x10, 0xE6, 0x10, 0xE6, 0x10,
    0xE6, 0x10, 0xE6, 0x10, 0xE6, 0x10, 0xE6, 0x10, 0xE6, 0x10, 0xE6, 0x10, 0xE6, 0x10, 0x06, 0x11,
    0x06, 0x11, 0x07, 0x11, 0x07, 0x11, 0x07, 0x11, 0x07, 0x11, 0x07, 0x11, 0x07, 0x11, 0x07, 0x11,
    0x07, 0x11, 0x07, 0x11, 0x07, 0x11, 0x07, 0x11, 0x07, 0x11, 0x07, 0x11, 0x07, 0x11, 0x07, 0x11,
    0x07, 0x11, 0x07, 0x11, 0x07, 0x11, 0x07, 0x11, 0x07, 0x11, 0x07, 0x11, 0x07, 0x11, 0x07, 0x11,
    0x07, 0x11, 0x07, 0x11, 0x07, 0x11, 0x07, 0x11, 0x07, 0x11, 0x07, 0x11, 0x07, 0x11, 0x07, 0x11,
    0x07, 0x11, 0x07, 0x11, 0x07, 0x11, 0x07, 0x11, 0x27, 0x11, 0x27, 0x11, 0x27, 0x11, 0x27, 0x11,
    0x27, 0x11, 0x27, 0x11, 0x27, 0x11, 0x27, 0x11, 0x27, 0x11, 0x27, 0x11, 0x27, 0x11, 0x27, 0x11,
    0x27, 0x11, 0x27, 0x11, 0x27, 0x11, 0x27, 0x11, 0x27, 0x11, 0x27, 0x11, 0x28, 0x11, 0x28, 0x11,
    0x28, 0x11, 0x28, 0x11, 0x28, 0x11, 0x28, 0x11, 0x28, 0x11, 0x28, 0x11, 0x28, 0x11, 0x28, 0x11,
    0x28, 0x11, 0x28, 0x19, 0x28, 0x19, 0x28, 0x19, 0x28, 0x19, 0x28, 0x19, 0x28, 0x19, 0x28, 0x19,
    0x28, 0x19, 0x28, 0x19, 0x28, 0x19, 0x28, 0x19, 0x28, 0x19, 0x28, 0x19, 0x28, 0x19, 0x28, 0x19,
    0x28, 0x19, 0x28, 0x19, 0x28, 0x19, 0x28, 0x19, 0x28, 0x19, 0x28, 0x19, 0x28, 0x19, 0x28, 0x19,
    0x28, 0x19, 0x28, 0x19, 0x28, 0x19, 0x28, 0x19, 0x28, 0x19, 0x28, 0x19, 0x28, 0x19, 0x28, 0x19,
    0x28, 0x19, 0x28, 0x19, 0x28, 0x19, 0x28, 0x19, 0x28, 0x19, 0x28, 0x19, 0x28, 0x19, 0x28, 0x19,
    0x28, 0x19, 0x28, 0x19, 0x28, 0x19, 0x28, 0x19, 0x28, 0x19, 0x28, 0x19, 0x28, 0x19, 0x28, 0x19,
    0x28, 0x19, 0x28, 0x19, 0x28, 0x19, 0x28, 0x19, 0x28, 0x19, 0x28, 0x19, 0x28, 0x19, 0x28, 0x19,
    0x28, 0x19, 0x28, 0x19, 0x28, 0x19, 0x28, 0x19, 0x28, 0x19, 0x28, 0x19, 0x28, 0x19, 0x28, 0x19,
    0x28, 0x19, 0x28, 0x19, 0x28, 0x19, 0x28, 0x19, 0x28, 0x19, 0x28, 0x19, 0x28, 0x19, 0x28, 0x19,
    0x28, 0x19, 0x28, 0x19, 0x28, 0x19, 0x28, 0x19, 0x28, 0x19, 0x28, 0x19, 0x28, 0x19, 0x28, 0x19,
    0x28, 0x11, 0x28, 0x11, 0x28, 0x11, 0x28, 0x11, 0x28, 0x11, 0x28, 0x11, 0x28, 0x11, 0x28, 0x11,
    0x28, 0x11, 0x28, 0x11, 0x28, 0x11, 0x27, 0x11, 0x27, 0x11, 0x27, 0x11, 0x27, 0x11, 0x27, 0x11,
    0x27, 0x11, 0x27, 0x11, 0x27, 0x11, 0x27, 0x11, 0x27, 0x11, 0x27, 0x11, 0x27, 0x11, 0x27, 0x11,
    0x27, 0x11, 0x27, 0x11, 0x27, 0x11, 0x27, 0x11, 0x27, 0x11, 0x07, 0x11, 0x07, 0x11, 0x07, 0x11,
    0x07, 0x11, 0x07, 0x11, 0x07, 0x11, 0x07, 0x11, 0x07, 0x11, 0x07, 0x11, 0x07, 0x11, 0x07, 0x11,
    0x07, 0x11, 0x07, 0x11, 0x07, 0x11, 0x07, 0x11, 0x07, 0x11, 0x07, 0x11, 0x07, 0x11, 0x07, 0x11,
    0x07, 0x11, 0x07, 0x11, 0x07, 0x11, 0x07, 0x11, 0x07, 0x11, 0x07, 0x11, 0x07, 0x11, 0x07, 0x11,
    0x07, 0x11, 0x07, 0x11, 0x07, 0x11, 0x07, 0x11, 0x07, 0x11, 0x07, 0x11, 0x07, 0x11, 0x07, 0x11,
    0x06, 0x11, 0x06, 0x11, 0xE6, 0x10, 0xE6, 0x10, 0xE6, 0x10, 0xE6, 0x10, 0xE6, 0x10, 0xE6, 0x10,
    0xE6, 0x10, 0xE6, 0x10, 0xE6, 0x10, 0xE6, 0x10, 0xE6, 0x10, 0xE6, 0x10, 0xE6, 0x10, 0xE6, 0x10,
    0x07, 0x11, 0x07, 0x11, 0x07, 0x11, 0x07, 0x11, 0x07, 0x11, 0x07, 0x11, 0x07, 0x11, 0x07, 0x11,
    0x07, 0x11, 0x07, 0x11, 0x07, 0x11, 0x07, 0x11, 0x07, 0x11, 0x07, 0x11, 0x07, 0x11, 0x07, 0x11,
    0x07, 0x11, 0x07, 0x11, 0x07, 0x11, 0x07, 0x11, 0x07, 0x11, 0x07, 0x11, 0x07, 0x11, 0x07, 0x11,
    0x07, 0x11, 0x07, 0x11, 0x07, 0x11, 0x07, 0x11, 0x07, 0x11, 0x07, 0x11, 0x07, 0x11, 0x27, 0x11,
    0x27, 0x11, 0x27, 0x11, 0x27, 0x11, 0x27, 0x11, 0x27, 0x11, 0x27, 0x11, 0x27, 0x11, 0x27, 0x11,
    0x27, 0x11, 0x28, 0x11, 0x28, 0x11, 0x28, 0x11, 0x28, 0x11, 0x28, 0x11, 0x28, 0x11, 0x28, 0x11,
    0x28, 0x11, 0x28, 0x11, 0x28, 0x11, 0x28, 0x11, 0x28, 0x11, 0x28, 0x11, 0x28, 0x11, 0x28, 0x11,
    0x28, 0x11, 0x28, 0x11, 0x28, 0x11, 0x28, 0x19, 0x28, 0x19, 0x28, 0x19, 0x28, 0x19, 0x28, 0x19,
    0x28, 0x19, 0x28, 0x19, 0x28, 0x19, 0x28, 0x19, 0x28, 0x19, 0x48, 0x19, 0x48, 0x19, 0x48, 0x19,
    0x48, 0x19, 0x48, 0x19, 0x48, 0x19, 0x48, 0x19, 0x48, 0x19, 0x48, 0x19, 0x48, 0x19, 0x48, 0x19,
    0x48, 0x19, 0x48, 0x19, 0x48, 0x19, 0x48, 0x19, 0x48, 0x19, 0x48, 0x19, 0x48, 0x19, 0x48, 0x19,
    0x48, 0x19, 0x48, 0x19, 0x48, 0x19, 0x48, 0x19, 0x48, 0x19, 0x48, 0x19, 0x48, 0x19, 0x48, 0x19,
    0x48, 0x19, 0x48, 0x19, 0x48, 0x19, 0x48, 0x19, 0x48, 0x19, 0x48, 0x19, 0x48, 0x19, 0x48, 0x19,
    0x48, 0x19, 0x48, 0x19, 0x48, 0x19, 0x48, 0x19, 0x48, 0x19, 0x48, 0x19, 0x48, 0x19, 0x48, 0x19,
    0x48, 0x19, 0x48, 0x19, 0x48, 0x19, 0x48, 0x19, 0x48, 0x19, 0x48, 0x19, 0x48, 0x19, 0x48, 0x19,
    0x48, 0x19, 0x48, 0x19, 0x48, 0x19, 0x48, 0x19, 0x48, 0x19, 0x48, 0x19, 0x48, 0x19, 0x48, 0x19,
    0x48, 0x19, 0x48, 0x19, 0x48, 0x19, 0x48, 0x19, 0x48, 0x19, 0x48, 0x19, 0x48, 0x19, 0x48, 0x19,
    0x48, 0x19, 0x48, 0x19, 0x48, 0x19, 0x48, 0x19, 0x48, 0x19, 0x48, 0x19, 0x48, 0x19, 0x48, 0x19,
    0x48, 0x19, 0x48, 0x19, 0x48, 0x19, 0x48, 0x19, 0x48, 0x19, 0x48, 0x19, 0x48, 0x19, 0x48, 0x19,
    0x48, 0x19, 0x48, 0x19, 0x48, 0x19, 0x48, 0x19, 0x48, 0x19, 0x48, 0x19, 0x48, 0x19, 0x48, 0x19,
    0x48, 0x19, 0x48, 0x19, 0x48, 0x19, 0x48, 0x19, 0x48, 0x19, 0x48, 0x19, 0x48, 0x19, 0x48, 0x19,
    0x48, 0x19, 0x48, 0x19, 0x48, 0x19, 0x48, 0x19, 0x28, 0x19, 0x28, 0x19, 0x28, 0x19, 0x28, 0x19,
    0x28, 0x19, 0x28, 0x19, 0x28, 0x19, 0x28, 0x19, 0x28, 0x19, 0x28, 0x19, 0x28, 0x11, 0x28, 0x11,
    0x28, 0x11, 0x28, 0x11, 0x28, 0x11, 0x28, 0x11, 0x28, 0x11, 0x28, 0x11, 0x28, 0x11, 0x28, 0x11,
    0x28, 0x11, 0x28, 0x11, 0x28, 0x11, 0x28, 0x11, 0x28, 0x11, 0x28, 0x11, 0x28, 0x11, 0x28, 0x11,
    0x27, 0x11, 0x27, 0x11, 0x27, 0x11, 0x27, 0x11, 0x27, 0x11, 0x27, 0x11, 0x27, 0x11, 0x27, 0x11,
    0x27, 0x11, 0x27, 0x11, 0x07, 0x11, 0x07, 0x11, 0x07, 0x11, 0x07, 0x11, 0x07, 0x11, 0x07, 0x11,
    0x07, 0x11, 0x07, 0x11, 0x07, 0x11, 0x07, 0x11, 0x07, 0x11, 0x07, 0x11, 0x07, 0x11, 0x07, 0x11,
    0x07, 0x11, 0x07, 0x11, 0x07, 0x11, 0x07, 0x11, 0x07, 0x11, 0x07, 0x11, 0x07, 0x11, 0x07, 0x11,
    0x07, 0x11, 0x07, 0x11, 0x07, 0x11, 0x07, 0x11, 0x07, 0x11, 0x07, 0x11, 0x07, 0x11, 0x07, 0x11,
    0xE6, 0x10, 0xE6, 0x10, 0xE6, 0x10, 0xE6, 0x10, 0xE6, 0x10, 0xE6, 0x10, 0xE6, 0x10, 0xE6, 0x10,
    0xE6, 0x10, 0xE6, 0x10, 0xE6, 0x10, 0xE6, 0x10, 0xE6, 0x10, 0xE6, 0x10, 0xE6, 0x10, 0xE6, 0x10,
    0xE6, 0x10, 0xE6, 0x10, 0x06, 0x11, 0x06, 0x11, 0x07, 0x11, 0x07, 0x11, 0x07, 0x11, 0x07, 0x11,
    0x07, 0x11, 0x07, 0x11, 0x07, 0x11, 0x07, 0x11, 0x07, 0x11, 0x07, 0x11, 0x07, 0x11, 0x07, 0x11,
    0x07, 0x11, 0x07, 0x11, 0x07, 0x11, 0x07, 0x11, 0x07, 0x11, 0x07, 0x11, 0x07, 0x11, 0x07, 0x11,
    0x07, 0x11, 0x07, 0x11, 0x07, 0x11, 0x07, 0x11, 0x07, 0x11, 0x07, 0x11, 0x07, 0x11, 0x07, 0x11,
    0x07, 0x11, 0x07, 0x11, 0x07, 0x11, 0x07, 0x11, 0x07, 0x11, 0x07, 0x11, 0x07, 0x11, 0x07, 0x11,
    0x27, 0x11, 0x27, 0x11, 0x27, 0x11, 0x27, 0x11, 0x27, 0x11, 0x27, 0x11, 0x27, 0x11, 0x27, 0x11,
    0x27, 0x11, 0x27, 0x11, 0x27, 0x11, 0x27, 0x11, 0x27, 0x11, 0x27, 0x11, 0x27, 0x11, 0x27, 0x11,
    0x27, 0x11, 0x27, 0x11, 0x27, 0x11, 0x27, 0x11, 0x28, 0x11, 0x28, 0x11, 0x28, 0x11, 0x28, 0x11,
    0x28, 0x11, 0x28, 0x11, 0x28, 0x11, 0x28, 0x11, 0x28, 0x11, 0x28, 0x19, 0x28, 0x19, 0x28, 0x19,
    0x28, 0x19, 0x28, 0x19, 0x28, 0x19, 0x28, 0x19, 0x28, 0x19, 0x28, 0x19, 0x28, 0x19, 0x28, 0x19,
    0x28, 0x19, 0x28, 0x19, 0x28, 0x19, 0x28, 0x19, 0x28, 0x19, 0x28, 0x19, 0x28, 0x19, 0x28, 0x19,
    0x28, 0x19, 0x28, 0x19, 0x28, 0x19, 0x28, 0x19, 0x28, 0x19, 0x28, 0x19, 0x28, 0x19, 0x28, 0x19,
    0x28, 0x19, 0x28, 0x19, 0x28, 0x19, 0x28, 0x19, 0x28, 0x19, 0x28, 0x19, 0x28, 0x19, 0x28, 0x19,
    0x28, 0x19, 0x28, 0x19, 0x28, 0x19, 0x28, 0x19, 0x28, 0x19, 0x28, 0x19, 0x28, 0x19, 0x28, 0x19,
    0x28, 0x19, 0x28, 0x19, 0x28, 0x19, 0x28, 0x19, 0x28, 0x19, 0x28, 0x19, 0x28, 0x19, 0x28, 0x19,
    0x28, 0x19, 0x28, 0x19, 0x28, 0x19, 0x28, 0x19, 0x28, 0x19, 0x28, 0x19, 0x28, 0x19, 0x28, 0x19,
    0x28, 0x19, 0x28, 0x19, 0x28, 0x19, 0x28, 0x19, 0x28, 0x19, 0x28, 0x19, 0x28, 0x19, 0x28, 0x19,
    0x28, 0x19, 0x28, 0x19, 0x28, 0x19, 0x28, 0x19, 0x28, 0x11, 0x28, 0x11, 0x28, 0x11, 0x28, 0x11,
    0x28, 0x11, 0x28, 0x11, 0x28, 0x11, 0x28, 0x11, 0x28, 0x11, 0x27, 0x11, 0x27, 0x11, 0x27, 0x11,
    0x27, 0x11, 0x27, 0x11, 0x27, 0x11, 0x27, 0x11, 0x27, 0x11, 0x27, 0x11, 0x27, 0x11, 0x27, 0x11,
    0x27, 0x11, 0x27, 0x11, 0x27, 0x11, 0x27, 0x11, 0x27, 0x11, 0x27, 0x11, 0x27, 0x11, 0x27, 0x11,
    0x27, 0x11, 0x07, 0x11, 0x07, 0x11, 0x07, 0x11, 0x07, 0x11, 0x07, 0x11, 0x07, 0x11, 0x07, 0x11,
    0x07, 0x11, 0x07, 0x11, 0x07, 0x11, 0x07, 0x11, 0x07, 0x11, 0x07, 0x11, 0x07, 0x11, 0x07, 0x11,
    0x07, 0x11, 0x07, 0x11, 0x07, 0x11, 0x07, 0x11, 0x07, 0x11, 0x07, 0x11, 0x07, 0x11, 0x07, 0x11,
    0x07, 0x11, 0x07, 0x11, 0x07, 0x11, 0x07, 0x11, 0x07, 0x11, 0x07, 0x11, 0x07, 0x11, 0x07, 0x11,
    0x07, 0x11, 0x07, 0x11, 0x07, 0x11, 0x07, 0x11, 0x07, 0x11, 0x06, 0x11, 0x06, 0x11, 0xE6, 0x10,
    0xE6, 0x10, 0xE6, 0x10, 0xE6, 0x10, 0xE6, 0x10, 0xE6, 0x10, 0xE6, 0x10, 0xE6, 0x10, 0xE6, 0x10,
    0xE6, 0x10, 0xE6, 0x10, 0xE6, 0x10, 0xE6, 0x10, 0xE6, 0x10, 0xE6, 0x10, 0xE6, 0x10, 0xE6, 0x10,
    0xE6, 0x10, 0xE6, 0x10, 0xE6, 0x10, 0xE6, 0x10, 0xE6, 0x10, 0xE6, 0x10, 0xE6, 0x10, 0xE6, 0x10,
    0xE6, 0x10, 0xE6, 0x10, 0xE6, 0x10, 0xE6, 0x10, 0xE6, 0x10, 0xE6, 0x10, 0xE6, 0x10, 0xE6, 0x10,
    0xE6, 0x10, 0xE6, 0x10, 0xE6, 0x10, 0xE6, 0x10, 0x06, 0x11, 0x07, 0x11, 0x07, 0x11, 0x07, 0x11,
    0x07, 0x11, 0x07, 0x11, 0x07, 0x11, 0x07, 0x11, 0x07, 0x11, 0x07, 0x11, 0x07, 0x11, 0x07, 0x11,
    0x07, 0x11, 0x07, 0x11, 0x07, 0x11, 0x07, 0x11, 0x07, 0x11, 0x07, 0x11, 0x07, 0x11, 0x07, 0x11,
    0x07, 0x11, 0x07, 0x11, 0x07, 0x11, 0x07, 0x11, 0x07, 0x11, 0x07, 0x11, 0x07, 0x11, 0x07, 0x11,
    0x07, 0x11, 0x07, 0x11, 0x07, 0x11, 0x07, 0x11, 0x07, 0x11, 0x07, 0x11, 0x07, 0x11, 0x07, 0x11,
    0x07, 0x11, 0x07, 0x11, 0x27, 0x11, 0x27, 0x11, 0x27, 0x11, 0x27, 0x11, 0x27, 0x11, 0x27, 0x11,
    0x27, 0x11, 0x27, 0x11, 0x27, 0x11, 0x27, 0x11, 0x27, 0x11, 0x27, 0x11, 0x27, 0x11, 0x27, 0x11,
    0x27, 0x11, 0x27, 0x11, 0x27, 0x11, 0x27, 0x11, 0x27, 0x11, 0x27, 0x11, 0x27, 0x11, 0x28, 0x11,
    0x28, 0x11, 0x28, 0x11, 0x28, 0x11, 0x28, 0x11, 0x28, 0x11, 0x28, 0x11, 0x28, 0x11, 0x28, 0x19,
    0x28, 0x19, 0x28, 0x19, 0x28, 0x19, 0x28, 0x19, 0x28, 0x19, 0x28, 0x19, 0x28, 0x19, 0x28, 0x19,
    0x28, 0x19, 0x28, 0x19, 0x28, 0x19, 0x28, 0x19, 0x28, 0x19, 0x28, 0x19, 0x28, 0x19, 0x28, 0x19,
    0x28, 0x19, 0x28, 0x19, 0x28, 0x19, 0x28, 0x19, 0x28, 0x19, 0x28, 0x19, 0x28, 0x19, 0x28, 0x19,
    0x28, 0x19, 0x28, 0x19, 0x28, 0x19, 0x28, 0x19, 0x28, 0x19, 0x28, 0x19, 0x28, 0x19, 0x28, 0x19,
    0x28, 0x19, 0x28, 0x19, 0x28, 0x19, 0x28, 0x19, 0x28, 0x19, 0x28, 0x19, 0x28, 0x19, 0x28, 0x19,
    0x28, 0x19, 0x28, 0x19, 0x28, 0x19, 0x28, 0x19, 0x28, 0x19, 0x28, 0x19, 0x28, 0x19, 0x28, 0x19,
    0x28, 0x19, 0x28, 0x19, 0x28, 0x19, 0x28, 0x19, 0x28, 0x19, 0x28, 0x19, 0x28, 0x19, 0x28, 0x19,
    0x28, 0x19, 0x28, 0x19, 0x28, 0x19, 0x28, 0x19, 0x28, 0x19, 0x28, 0x19, 0x28, 0x19, 0x28, 0x19,
    0x28, 0x19, 0x28, 0x19, 0x28, 0x11, 0x28, 0x11, 0x28, 0x11, 0x28, 0x11, 0x28, 0x11, 0x28, 0x11,
    0x28, 0x11, 0x28, 0x11, 0x27, 0x11, 0x27, 0x11, 0x27, 0x11, 0x27, 0x11, 0x27, 0x11, 0x27, 0x11,
    0x27, 0x11, 0x27, 0x11, 0x27, 0x11, 0x27, 0x11, 0x27, 0x11, 0x27, 0x11, 0x27, 0x11, 0x27, 0x11,
    0x27, 0x11, 0x27, 0x11, 0x27, 0x11, 0x27, 0x11, 0x27, 0x11, 0x27, 0x11, 0x27, 0x11, 0x07, 0x11,
    0x07, 0x11, 0x07, 0x11, 0x07, 0x11, 0x07, 0x11, 0x07, 0x11, 0x07, 0x11, 0x07, 0x11, 0x07, 0x11,
    0x07, 0x11, 0x07, 0x11, 0x07, 0x11, 0x07, 0x11, 0x07, 0x11, 0x07, 0x11, 0x07, 0x11, 0x07, 0x11,
    0x07, 0x11, 0x07, 0x11, 0x07, 0x11, 0x07, 0x11, 0x07, 0x11, 0x07, 0x11, 0x07, 0x11, 0x07, 0x11,
    0x07, 0x11, 0x07, 0x11, 0x07, 0x11, 0x07, 0x11, 0x07, 0x11, 0x07, 0x11, 0x07, 0x11, 0x07, 0x11,
    0x07, 0x11, 0x07, 0x11, 0x07, 0x11, 0x07, 0x11, 0x06, 0x11, 0xE6, 0x10, 0xE6, 0x10, 0xE6, 0x10,
    0xE6, 0x10, 0xE6, 0x10, 0xE6, 0x10, 0xE6, 0x10, 0xE6, 0x10, 0xE6, 0x10, 0xE6, 0x10, 0xE6, 0x10,
    0xE6, 0x10, 0xE6, 0x10, 0xE6, 0x10, 0xE6, 0x10, 0xE6, 0x10, 0xE6, 0x10, 0xE6, 0x10, 0xE6, 0x10,
    0xE6, 0x10, 0xE6, 0x10, 0xE7, 0x10, 0x07, 0x11, 0x07, 0x11, 0x07, 0x11, 0x07, 0x11, 0x07, 0x11,
    0x07, 0x11, 0x07, 0x11, 0x07, 0x11, 0x07, 0x11, 0x07, 0x11, 0x07, 0x11, 0x07, 0x11, 0x07, 0x11,
    0x07, 0x11, 0x07, 0x11, 0x07, 0x11, 0x07, 0x11, 0x07, 0x11, 0x07, 0x11, 0x07, 0x11, 0x07, 0x11,
    0x07, 0x11, 0x07, 0x11, 0x07, 0x11, 0x07, 0x11, 0x07, 0x11, 0x07, 0x11, 0x07, 0x11, 0x07, 0x11,
    0x07, 0x11, 0x07, 0x11, 0x07, 0x11, 0x07, 0x11, 0x27, 0x11, 0x27, 0x11, 0x27, 0x11, 0x27, 0x11,
    0x27, 0x11, 0x27, 0x11, 0x27, 0x11, 0x27, 0x11, 0x27, 0x11, 0x27, 0x11, 0x27, 0x11, 0x28, 0x11,
    0x28, 0x11, 0x28, 0x11, 0x28, 0x11, 0x28, 0x11, 0x28, 0x11, 0x28, 0x11, 0x28, 0x11, 0x28, 0x11,
    0x28, 0x11, 0x28, 0x11, 0x28, 0x11, 0x28, 0x11, 0x28, 0x11, 0x28, 0x11, 0x28, 0x11, 0x28, 0x11,
    0x28, 0x19, 0x28, 0x19, 0x28, 0x19, 0x28, 0x19, 0x28, 0x19, 0x28, 0x19, 0x28, 0x19, 0x28, 0x19,
    0x28, 0x19, 0x28, 0x19, 0x28, 0x19, 0x28, 0x19, 0x28, 0x19, 0x48, 0x19, 0x48, 0x19, 0x48, 0x19,
    0x48, 0x19, 0x48, 0x19, 0x48, 0x19, 0x48, 0x19, 0x48, 0x19, 0x48, 0x19, 0x48, 0x19, 0x48, 0x19,
    0x48, 0x19, 0x48, 0x19, 0x48, 0x19, 0x48, 0x19, 0x48, 0x19, 0x48, 0x19, 0x48, 0x19, 0x48, 0x19,
    0x48, 0x19, 0x48, 0x19, 0x48, 0x19, 0x48, 0x19, 0x48, 0x19, 0x48, 0x19, 0x48, 0x19, 0x48, 0x19,
    0x48, 0x19, 0x48, 0x19, 0x48, 0x19, 0x48, 0x19, 0x48, 0x19, 0x48, 0x19, 0x48, 0x19, 0x48, 0x19,
    0x48, 0x19, 0x48, 0x19, 0x48, 0x19, 0x48, 0x19, 0x48, 0x19, 0x48, 0x19, 0x48, 0x19, 0x48, 0x19,
    0x48, 0x19, 0x48, 0x19, 0x48, 0x19, 0x48, 0x19, 0x48, 0x19, 0x48, 0x19, 0x48, 0x19, 0x48, 0x19,
    0x48, 0x19, 0x48, 0x19, 0x48, 0x19, 0x48, 0x19, 0x48, 0x19, 0x48, 0x19, 0x48, 0x19, 0x48, 0x19,
    0x48, 0x19, 0x48, 0x19, 0x48, 0x19, 0x48, 0x19, 0x48, 0x19, 0x48, 0x19, 0x48, 0x19, 0x48, 0x19,
    0x48, 0x19, 0x48, 0x19, 0x48, 0x19, 0x48, 0x19, 0x48, 0x19, 0x48, 0x19, 0x48, 0x19, 0x48, 0x19,
    0x48, 0x19, 0x48, 0x19, 0x48, 0x19, 0x48, 0x19, 0x48, 0x19, 0x48, 0x19, 0x48, 0x19, 0x48, 0x19,
    0x48, 0x19, 0x48, 0x19, 0x48, 0x19, 0x48, 0x19, 0x28, 0x19, 0x28, 0x19, 0x28, 0x19, 0x28, 0x19,
    0x28, 0x19, 0x28, 0x19, 0x28, 0x19, 0x28, 0x19, 0x28, 0x19, 0x28, 0x19, 0x28, 0x19, 0x28, 0x19,
    0x28, 0x19, 0x28, 0x11, 0x28, 0x11, 0x28, 0x11, 0x28, 0x11, 0x28, 0x11, 0x28, 0x11, 0x28, 0x11,
    0x28, 0x11, 0x28, 0x11, 0x28, 0x11, 0x28, 0x11, 0x28, 0x11, 0x28, 0x11, 0x28, 0x11, 0x28, 0x11,
    0x28, 0x11, 0x28, 0x11, 0x27, 0x11, 0x27, 0x11, 0x27, 0x11, 0x27, 0x11, 0x27, 0x11, 0x27, 0x11,
    0x27, 0x11, 0x27, 0x11, 0x27, 0x11, 0x27, 0x11, 0x27, 0x11, 0x07, 0x11, 0x07, 0x11, 0x07, 0x11,
    0x07, 0x11, 0x07, 0x11, 0x07, 0x11, 0x07, 0x11, 0x07, 0x11, 0x07, 0x11, 0x07, 0x11, 0x07, 0x11,
    0x07, 0x11, 0x07, 0x11, 0x07, 0x11, 0x07, 0x11, 0x07, 0x11, 0x07, 0x11, 0x07, 0x11, 0x07, 0x11,
    0x07, 0x11, 0x07, 0x11, 0x07, 0x11, 0x07, 0x11, 0x07, 0x11, 0x07, 0x11, 0x07, 0x11, 0x07, 0x11,
    0x07, 0x11, 0x07, 0x11, 0x07, 0x11, 0x07, 0x11, 0x07, 0x11, 0x07, 0x11, 0xE7, 0x10, 0xE6, 0x10,
    0xE6, 0x10, 0xE6, 0x10, 0xE6, 0x10, 0xE6, 0x10, 0xE6, 0x10, 0xE6, 0x10, 0xE6, 0x10, 0xE6, 0x10,
    0xE6, 0x10, 0xE6, 0x10, 0xE6, 0x10, 0xE6, 0x10, 0xE6, 0x10, 0xE6, 0x10, 0xE6, 0x10, 0xE6, 0x10,
    0xE6, 0x10, 0xE6, 0x10, 0xE6, 0x10, 0xE6, 0x10, 0xE6, 0x10, 0xE6, 0x10, 0x06, 0x11, 0x06, 0x11,
    0x06, 0x11, 0x07, 0x11, 0x07, 0x11, 0x07, 0x11, 0x07, 0x11, 0x07, 0x11, 0x07, 0x11, 0x07, 0x11,
    0x07, 0x11, 0x07, 0x11, 0x07, 0x11, 0x07, 0x11, 0x07, 0x11, 0x07, 0x11, 0x07, 0x11, 0x07, 0x11,
    0x07, 0x11, 0x07, 0x11, 0x07, 0x11, 0x07, 0x11, 0x07, 0x11, 0x07, 0x11, 0x07, 0x11, 0x07, 0x11,
    0x07, 0x11, 0x07, 0x11, 0x07, 0x11, 0x07, 0x11, 0x07, 0x11, 0x07, 0x11, 0x07, 0x11, 0x07, 0x11,
    0x07, 0x11, 0x07, 0x11, 0x07, 0x11, 0x07, 0x11, 0x07, 0x11, 0x07, 0x11, 0x27, 0x11, 0x27, 0x11,
    0x27, 0x11, 0x27, 0x11, 0x27, 0x11, 0x27, 0x11, 0x27, 0x11, 0x27, 0x11, 0x27, 0x11, 0x27, 0x11,
    0x27, 0x11, 0x27, 0x11, 0x27, 0x11, 0x27, 0x11, 0x27, 0x11, 0x27, 0x11, 0x27, 0x11, 0x27, 0x11,
    0x27, 0x11, 0x27, 0x11, 0x27, 0x11, 0x27, 0x11, 0x27, 0x11, 0x28, 0x11, 0x28, 0x11, 0x28, 0x11,
    0x28, 0x11, 0x28, 0x11, 0x28, 0x11, 0x28, 0x11, 0x28, 0x11, 0x28, 0x19, 0x28, 0x19, 0x28, 0x19,
    0x28, 0x19, 0x28, 0x19, 0x28, 0x19, 0x28, 0x19, 0x28, 0x19, 0x28, 0x19, 0x28, 0x19, 0x28, 0x19,
    0x28, 0x19, 0x28, 0x19, 0x28, 0x19, 0x28, 0x19, 0x28, 0x19, 0x28, 0x19, 0x28, 0x19, 0x28, 0x19,
    0x28, 0x19, 0x28, 0x19, 0x28, 0x19, 0x28, 0x19, 0x28, 0x19, 0x28, 0x19, 0x28, 0x19, 0x28, 0x19,
    0x28, 0x19, 0x28, 0x19, 0x28, 0x19, 0x28, 0x19, 0x28, 0x19, 0x28, 0x19, 0x28, 0x19, 0x28, 0x19,
    0x28, 0x19, 0x28, 0x19, 0x28, 0x19, 0x28, 0x19, 0x28, 0x19, 0x28, 0x19, 0x28, 0x19, 0x28, 0x19,
    0x28, 0x19, 0x28, 0x19, 0x28, 0x19, 0x28, 0x19, 0x28, 0x19, 0x28, 0x19, 0x28, 0x19, 0x28, 0x19,
    0x28, 0x19, 0x28, 0x19, 0x28, 0x19, 0x28, 0x19, 0x28, 0x11, 0x28, 0x11, 0x28, 0x11, 0x28, 0x11,
    0x28, 0x11, 0x28, 0x11, 0x28, 0x11, 0x28, 0x11, 0x27, 0x11, 0x27, 0x11, 0x27, 0x11, 0x27, 0x11,
    0x27, 0x11, 0x27, 0x11, 0x27, 0x11, 0x27, 0x11, 0x27, 0x11, 0x27, 0x11, 0x27, 0x11, 0x27, 0x11,
    0x27, 0x11, 0x27, 0x11, 0x27, 0x11, 0x27, 0x11, 0x27, 0x11, 0x27, 0x11, 0x27, 0x11, 0x27, 0x11,
    0x27, 0x11, 0x27, 0x11, 0x27, 0x11, 0x07, 0x11, 0x07, 0x11, 0x07, 0x11, 0x07, 0x11, 0x07, 0x11,
    0x07, 0x11, 0x07, 0x11, 0x07, 0x11, 0x07, 0x11, 0x07, 0x11, 0x07, 0x11, 0x07, 0x11, 0x07, 0x11,
    0x07, 0x11, 0x07, 0x11, 0x07, 0x11, 0x07, 0x11, 0x07, 0x11, 0x07, 0x11, 0x07, 0x11, 0x07, 0x11,
    0x07, 0x11, 0x07, 0x11, 0x07, 0x11, 0x07, 0x11, 0x07, 0x11, 0x07, 0x11, 0x07, 0x11, 0x07, 0x11,
    0x07, 0x11, 0x07, 0x11, 0x07, 0x11, 0x07, 0x11, 0x07, 0x11, 0x07, 0x11, 0x07, 0x11, 0x07, 0x11,
    0x06, 0x11, 0x06, 0x11, 0x06, 0x11, 0xE6, 0x10, 0xE6, 0x10, 0xE6, 0x10, 0xE6, 0x10, 0xE6, 0x10,
    0xE6, 0x10, 0xE6, 0x10, 0xE6, 0x10, 0xE6, 0x10, 0xE6, 0x10, 0xE6, 0x10, 0xE6, 0x10, 0xE6, 0x10,
    0xE6, 0x10, 0xE6, 0x10, 0xE6, 0x10, 0xE6, 0x10, 0xE6, 0x10, 0xE6, 0x10, 0xE6, 0x10, 0xE6, 0x10,
    0xE6, 0x10, 0xE6, 0x10, 0xE6, 0x10, 0xE6, 0x10, 0xE6, 0x10, 0xE6, 0x10, 0xE6, 0x10, 0xE6, 0x10,
    0xE6, 0x10, 0xE6, 0x10, 0xE6, 0x10, 0xE6, 0x10, 0xE6, 0x10, 0xE6, 0x10, 0xE6, 0x10, 0xE6, 0x10,
    0xE6, 0x10, 0xE6, 0x10, 0xE6, 0x10, 0xE6, 0x10, 0xE6, 0x10, 0xE6, 0x10, 0xE6, 0x10, 0xE6, 0x10,
    0x06, 0x11, 0x06, 0x11, 0x07, 0x11, 0x07, 0x11, 0x07, 0x11, 0x07, 0x11, 0x07, 0x11, 0x07, 0x11,
    0x07, 0x11, 0x07, 0x11, 0x07, 0x11, 0x07, 0x11, 0x07, 0x11, 0x07, 0x11, 0x07, 0x11, 0x07, 0x11,
    0x07, 0x11, 0x07, 0x11, 0x07, 0x11, 0x07, 0x11, 0x07, 0x11, 0x07, 0x11, 0x07, 0x11, 0x07, 0x11,
    0x07, 0x11, 0x07, 0x11, 0x07, 0x11, 0x07, 0x11, 0x07, 0x11, 0x07, 0x11, 0x07, 0x11, 0x07, 0x11,
    0x07, 0x11, 0x07, 0x11, 0x07, 0x11, 0x07, 0x11, 0x07, 0x11, 0x07, 0x11, 0x07, 0x11, 0x07, 0x11,
    0x27, 0x11, 0x27, 0x11, 0x27, 0x11, 0x27, 0x11, 0x27, 0x11, 0x27, 0x11, 0x27, 0x11, 0x27, 0x11,
    0x27, 0x11, 0x27, 0x11, 0x27, 0x11, 0x27, 0x11, 0x27, 0x11, 0x27, 0x11, 0x27, 0x11, 0x27, 0x11,
    0x27, 0x11, 0x27, 0x11, 0x27, 0x11, 0x27, 0x11, 0x27, 0x11, 0x27, 0x11, 0x27, 0x11, 0x27, 0x11,
    0x27, 0x11, 0x28, 0x11, 0x28, 0x11, 0x28, 0x11, 0x28, 0x11, 0x28, 0x11, 0x28, 0x11, 0x28, 0x11,
    0x28, 0x19, 0x28, 0x19, 0x28, 0x19, 0x28, 0x19, 0x28, 0x19, 0x28, 0x19, 0x28, 0x19, 0x28, 0x19,
    0x28, 0x19, 0x28, 0x19, 0x28, 0x19, 0x28, 0x19, 0x28, 0x19, 0x28, 0x19, 0x28, 0x19, 0x28, 0x19,
    0x28, 0x19, 0x28, 0x19, 0x28, 0x19, 0x28, 0x19, 0x28, 0x19, 0x28, 0x19, 0x28, 0x19, 0x28, 0x19,
    0x28, 0x19, 0x28, 0x19, 0x28, 0x19, 0x28, 0x19, 0x28, 0x19, 0x28, 0x19, 0x28, 0x19, 0x28, 0x19,
    0x28, 0x19, 0x28, 0x19, 0x28, 0x19, 0x28, 0x19, 0x28, 0x19, 0x28, 0x19, 0x28, 0x19, 0x28, 0x19,
    0x28, 0x19, 0x28, 0x19, 0x28, 0x19, 0x28, 0x19, 0x28, 0x19, 0x28, 0x19, 0x28, 0x19, 0x28, 0x19,
    0x28, 0x19, 0x28, 0x11, 0x28, 0x11, 0x28, 0x11, 0x28, 0x11, 0x28, 0x11, 0x28, 0x11, 0x28, 0x11,
    0x27, 0x11, 0x27, 0x11, 0x27, 0x11, 0x27, 0x11, 0x27, 0x11, 0x27, 0x11, 0x27, 0x11, 0x27, 0x11,
    0x27, 0x11, 0x27, 0x11, 0x27, 0x11, 0x27, 0x11, 0x27, 0x11, 0x27, 0x11, 0x27, 0x11, 0x27, 0x11,
    0x27, 0x11, 0x27, 0x11, 0x27, 0x11, 0x27, 0x11, 0x27, 0x11, 0x27, 0x11, 0x27, 0x11, 0x27, 0x11,
    0x27, 0x11, 0x07, 0x11, 0x07, 0x11, 0x07, 0x11, 0x07, 0x11, 0x07, 0x11, 0x07, 0x11, 0x07, 0x11,
    0x07, 0x11, 0x07, 0x11, 0x07, 0x11, 0x07, 0x11, 0x07, 0x11, 0x07, 0x11, 0x07, 0x11, 0x07, 0x11,
    0x07, 0x11, 0x07, 0x11, 0x07, 0x11, 0x07, 0x11, 0x07, 0x11, 0x07, 0x11, 0x07, 0x11, 0x07, 0x11,
    0x07, 0x11, 0x07, 0x11, 0x07, 0x11, 0x07, 0x11, 0x07, 0x11, 0x07, 0x11, 0x07, 0x11, 0x07, 0x11,
    0x07, 0x11, 0x07, 0x11, 0x07, 0x11, 0x07, 0x11, 0x07, 0x11, 0x07, 0x11, 0x07, 0x11, 0x06, 0x11,
    0x06, 0x11, 0xE6, 0x10, 0xE6, 0x10, 0xE6, 0x10, 0xE6, 0x10, 0xE6, 0x10, 0xE6, 0x10, 0xE6, 0x10,
    0xE6, 0x10, 0xE6, 0x10, 0xE6, 0x10, 0xE6, 0x10, 0xE6, 0x10, 0xE6, 0x10, 0xE6, 0x10, 0xE6, 0x10,
    0xE6, 0x10, 0xE6, 0x10, 0xE6, 0x10, 0xE6, 0x10, 0xE6, 0x10, 0xE6, 0x10, 0xE6, 0x10, 0xE6, 0x10,
    0xE6, 0x10, 0xE6, 0x10, 0xE6, 0x10, 0xE6, 0x10, 0xE6, 0x10, 0xE6, 0x10, 0xE6, 0x10, 0x07, 0x11,
    0x07, 0x11, 0x07, 0x11, 0x07, 0x11, 0x07, 0x11, 0x07, 0x11, 0x07, 0x11, 0x07, 0x11, 0x07, 0x11,
    0x07, 0x11, 0x07, 0x11, 0x07, 0x11, 0x07, 0x11, 0x07, 0x11, 0x07, 0x11, 0x07, 0x11, 0x07, 0x11,
    0x07, 0x11, 0x07, 0x11, 0x07, 0x11, 0x07, 0x11, 0x07, 0x11, 0x07, 0x11, 0x07, 0x11, 0x07, 0x11,
    0x07, 0x11, 0x07, 0x11, 0x07, 0x11, 0x07, 0x11, 0x07, 0x11, 0x07, 0x11, 0x07, 0x11, 0x07, 0x11,
    0x07, 0x11, 0x27, 0x11, 0x27, 0x11, 0x27, 0x11, 0x27, 0x11, 0x27, 0x11, 0x27, 0x11, 0x27, 0x11,
    0x27, 0x11, 0x27, 0x11, 0x27, 0x11, 0x27, 0x11, 0x27, 0x11, 0x28, 0x11, 0x28, 0x11, 0x28, 0x11,
    0x28, 0x11, 0x28, 0x11, 0x28, 0x11, 0x28, 0x11, 0x28, 0x11, 0x28, 0x11, 0x28, 0x11, 0x28, 0x11,
    0x28, 0x11, 0x28, 0x11, 0x28, 0x11, 0x28, 0x11, 0x28, 0x11, 0x28, 0x19, 0x28, 0x19, 0x28, 0x19,
    0x28, 0x19, 0x28, 0x19, 0x28, 0x19, 0x28, 0x19, 0x28, 0x19, 0x28, 0x19, 0x28, 0x19, 0x28, 0x19,
    0x28, 0x19, 0x28, 0x19, 0x28, 0x19, 0x28, 0x19, 0x28, 0x19, 0x28, 0x19, 0x28, 0x19, 0x48, 0x19,
    0x48, 0x19, 0x48, 0x19, 0x48, 0x19, 0x48, 0x19, 0x48, 0x19, 0x48, 0x19, 0x48, 0x19, 0x48, 0x19,
    0x48, 0x19, 0x48, 0x19, 0x48, 0x19, 0x48, 0x19, 0x48, 0x19, 0x48, 0x19, 0x48, 0x19, 0x48, 0x19,
    0x48, 0x19, 0x48, 0x19, 0x48, 0x19, 0x48, 0x19, 0x48, 0x19, 0x48, 0x19, 0x48, 0x19, 0x48, 0x19,
    0x48, 0x19, 0x48, 0x19, 0x48, 0x19, 0x48, 0x19, 0x48, 0x19, 0x48, 0x19, 0x48, 0x19, 0x48, 0x19,
    0x48, 0x19, 0x48, 0x19, 0x48, 0x19, 0x48, 0x19, 0x48, 0x19, 0x48, 0x19, 0x48, 0x19, 0x48, 0x19,
    0x48, 0x19, 0x48, 0x19, 0x48, 0x19, 0x48, 0x19, 0x48, 0x19, 0x48, 0x19, 0x48, 0x19, 0x48, 0x19,
    0x48, 0x19, 0x48, 0x19, 0x48, 0x19, 0x48, 0x19, 0x48, 0x19, 0x48, 0x19, 0x48, 0x19, 0x48, 0x19,
    0x48, 0x19, 0x48, 0x19, 0x48, 0x19, 0x48, 0x19, 0x48, 0x19, 0x48, 0x19, 0x48, 0x19, 0x48, 0x19,
    0x48, 0x19, 0x48, 0x19, 0x28, 0x19, 0x28, 0x19, 0x28, 0x19, 0x28, 0x19, 0x28, 0x19, 0x28, 0x19,
    0x28, 0x19, 0x28, 0x19, 0x28, 0x19, 0x28, 0x19, 0x28, 0x19, 0x28, 0x19, 0x28, 0x19, 0x28, 0x19,
    0x28, 0x19, 0x28, 0x19, 0x28, 0x19, 0x28, 0x19, 0x28, 0x11, 0x28, 0x11, 0x28, 0x11, 0x28, 0x11,
    0x28, 0x11, 0x28, 0x11, 0x28, 0x11, 0x28, 0x11, 0x28, 0x11, 0x28, 0x11, 0x28, 0x11, 0x28, 0x11,
    0x28, 0x11, 0x28, 0x11, 0x28, 0x11, 0x28, 0x11, 0x27, 0x11, 0x27, 0x11, 0x27, 0x11, 0x27, 0x11,
    0x27, 0x11, 0x27, 0x11, 0x27, 0x11, 0x27, 0x11, 0x27, 0x11, 0x27, 0x11, 0x27, 0x11, 0x27, 0x11,
    0x07, 0x11, 0x07, 0x11, 0x07, 0x11, 0x07, 0x11, 0x07, 0x11, 0x07, 0x11, 0x07, 0x11, 0x07, 0x11,
    0x07, 0x11, 0x07, 0x11, 0x07, 0x11, 0x07, 0x11, 0x07, 0x11, 0x07, 0x11, 0x07, 0x11, 0x07, 0x11,
    0x07, 0x11, 0x07, 0x11, 0x07, 0x11, 0x07, 0x11, 0x07, 0x11, 0x07, 0x11, 0x07, 0x11, 0x07, 0x11,
    0x07, 0x11, 0x07, 0x11, 0x07, 0x11, 0x07, 0x11, 0x07, 0x11, 0x07, 0x11, 0x07, 0x11, 0x07, 0x11,
    0x07, 0x11, 0x07, 0x11, 0xE6, 0x10, 0xE6, 0x10, 0xE6, 0x10, 0xE6, 0x10, 0xE6, 0x10, 0xE6, 0x10,
    0xE6, 0x10, 0xE6, 0x10, 0xE6, 0x10, 0xE6, 0x10, 0xE6, 0x10, 0xE6, 0x10, 0xE6, 0x10, 0xE6, 0x10,
    0xE6, 0x10, 0xE6, 0x10, 0xE6, 0x10, 0xE6, 0x10, 0xE6, 0x10, 0xE6, 0x10, 0xE6, 0x10, 0xE6, 0x10,
    0xE6, 0x10, 0xE6, 0x10, 0xE6, 0x10, 0xE6, 0x10, 0xE6, 0x10, 0xE6, 0x10, 0xE6, 0x10, 0xE6, 0x10,
    0xE6, 0x10, 0xE6, 0x10, 0xE6, 0x10, 0x06, 0x11, 0x06, 0x11, 0x06, 0x11, 0x07, 0x11, 0x07, 0x11,
    0x07, 0x11, 0x07, 0x11, 0x07, 0x11, 0x07, 0x11, 0x07, 0x11, 0x07, 0x11, 0x07, 0x11, 0x07, 0x11,
    0x07, 0x11, 0x07, 0x11, 0x07, 0x11, 0x07, 0x11, 0x07, 0x11, 0x07, 0x11, 0x07, 0x11, 0x07, 0x11,
    0x07, 0x11, 0x07, 0x11, 0x07, 0x11, 0x07, 0x11, 0x07, 0x11, 0x07, 0x11, 0x07, 0x11, 0x07, 0x11,
    0x07, 0x11, 0x07, 0x11, 0x07, 0x11, 0x07, 0x11, 0x07, 0x11, 0x07, 0x11, 0x07, 0x11, 0x07, 0x11,
    0x07, 0x11, 0x07, 0x11, 0x07, 0x11, 0x07, 0x11, 0x07, 0x11, 0x27, 0x11, 0x27, 0x11, 0x27, 0x11,
    0x27, 0x11, 0x27, 0x11, 0x27, 0x11, 0x27, 0x11, 0x27, 0x11, 0x27, 0x11, 0x27, 0x11, 0x27, 0x11,
    0x27, 0x11, 0x27, 0x11, 0x27, 0x11, 0x27, 0x11, 0x27, 0x11, 0x27, 0x11, 0x27, 0x11, 0x27, 0x11,
    0x27, 0x11, 0x27, 0x11, 0x27, 0x11, 0x27, 0x11, 0x27, 0x11, 0x27, 0x11, 0x27, 0x11, 0x27, 0x11,
    0x27, 0x11, 0x27, 0x11, 0x27, 0x11, 0x27, 0x11, 0x28, 0x11, 0x28, 0x11, 0x28, 0x11, 0x28, 0x11,
    0x28, 0x11, 0x28, 0x19, 0x28, 0x19, 0x28, 0x19, 0x28, 0x19, 0x28, 0x19, 0x28, 0x19, 0x28, 0x19,
    0x28, 0x19, 0x28, 0x19, 0x28, 0x19, 0x28, 0x19, 0x28, 0x19, 0x28, 0x19, 0x28, 0x19, 0x28, 0x19,
    0x28, 0x19, 0x28, 0x19, 0x28, 0x19, 0x28, 0x19, 0x28, 0x19, 0x28, 0x19, 0x28, 0x19, 0x28, 0x19,
    0x28, 0x19, 0x28, 0x19, 0x28, 0x19, 0x28, 0x19, 0x28, 0x19, 0x28, 0x19, 0x28, 0x19, 0x28, 0x19,
    0x28, 0x11, 0x28, 0x11, 0x28, 0x11, 0x28, 0x11, 0x28, 0x11, 0x27, 0x11, 0x27, 0x11, 0x27, 0x11,
    0x27, 0x11, 0x27, 0x11, 0x27, 0x11, 0x27, 0x11, 0x27, 0x11, 0x27, 0x11, 0x27, 0x11, 0x27, 0x11,
    0x27, 0x11, 0x27, 0x11, 0x27, 0x11, 0x27, 0x11, 0x27, 0x11, 0x27, 0x11, 0x27, 0x11, 0x27, 0x11,
    0x27, 0x11, 0x27, 0x11, 0x27, 0x11, 0x27, 0x11, 0x27, 0x11, 0x27, 0x11, 0x27, 0x11, 0x27, 0x11,
    0x27, 0x11, 0x27, 0x11, 0x27, 0x11, 0x27, 0x11, 0x07, 0x11, 0x07, 0x11, 0x07, 0x11, 0x07, 0x11,
    0x07, 0x11, 0x07, 0x11, 0x07, 0x11, 0x07, 0x11, 0x07, 0x11, 0x07, 0x11, 0x07, 0x11, 0x07, 0x11,
    0x07, 0x11, 0x07, 0x11, 0x07, 0x11, 0x07, 0x11, 0x07, 0x11, 0x07, 0x11, 0x07, 0x11, 0x07, 0x11,
    0x07, 0x11, 0x07, 0x11, 0x07, 0x11, 0x07, 0x11, 0x07, 0x11, 0x07, 0x11, 0x07, 0x11, 0x07, 0x11,
    0x07, 0x11, 0x07, 0x11, 0x07, 0x11, 0x07, 0x11, 0x07, 0x11, 0x07, 0x11, 0x07, 0x11, 0x07, 0x11,
    0x07, 0x11, 0x07, 0x11, 0x07, 0x11, 0x06, 0x11, 0x06, 0x11, 0x06, 0x11, 0xE6, 0x10, 0xE6, 0x10,
    0xE6, 0x10, 0xE6, 0x10, 0xE6, 0x10, 0xE6, 0x10, 0xE6, 0x10, 0xE6, 0x10, 0xE6, 0x10, 0xE6, 0x10,
    0xE6, 0x10, 0xE6, 0x10, 0xE6, 0x10, 0xE6, 0x10, 0xE6, 0x10, 0xE6, 0x10, 0xE6, 0x10, 0xE6, 0x10,
    0xE6, 0x10, 0xE6, 0x10, 0xE6, 0x10, 0xE6, 0x10, 0xE6, 0x10, 0xE6, 0x10, 0xE6, 0x10, 0xE6, 0x10,
    0xE6, 0x10, 0xE6, 0x10, 0xE6, 0x10, 0xE6, 0x10, 0xE6, 0x10, 0xE6, 0x10, 0xE6, 0x10, 0xE6, 0x10,
    0xE6, 0x10, 0xE6, 0x10, 0xE6, 0x10, 0xE6, 0x10, 0xE6, 0x10, 0xE6, 0x10, 0xE6, 0x10, 0xE6, 0x10,
    0xE6, 0x10, 0xE6, 0x10, 0xE6, 0x10, 0xE6, 0x10, 0xE6, 0x10, 0xE6, 0x10, 0xE6, 0x10, 0xE6, 0x10,
    0xE6, 0x10, 0xE6, 0x10, 0xE6, 0x10, 0xE6, 0x10, 0xE6, 0x10, 0x06, 0x11, 0x06, 0x11, 0x07, 0x11,
    0x07, 0x11, 0x07, 0x11, 0x07, 0x11, 0x07, 0x11, 0x07, 0x11, 0x07, 0x11, 0x07, 0x11, 0x07, 0x11,
    0x07, 0x11, 0x07, 0x11, 0x07, 0x11, 0x07, 0x11, 0x07, 0x11, 0x07, 0x11, 0x07, 0x11, 0x07, 0x11,
    0x07, 0x11, 0x07, 0x11, 0x07, 0x11, 0x07, 0x11, 0x07, 0x11, 0x07, 0x11, 0x07, 0x11, 0x07, 0x11,
    0x07, 0x11, 0x07, 0x11, 0x07, 0x11, 0x07, 0x11, 0x07, 0x11, 0x07, 0x11, 0x07, 0x11, 0x07, 0x11,
    0x07, 0x11, 0x07, 0x11, 0x07, 0x11, 0x07, 0x11, 0x07, 0x11, 0x07, 0x11, 0x07, 0x11, 0x07, 0x11,
    0x27, 0x11, 0x27, 0x11, 0x27, 0x11, 0x27, 0x11, 0x27, 0x11, 0x27, 0x11, 0x27, 0x11, 0x27, 0x11,
    0x27, 0x11, 0x27, 0x11, 0x27, 0x11, 0x27, 0x11, 0x27, 0x11, 0x27, 0x11, 0x27, 0x11, 0x27, 0x11,
    0x27, 0x11, 0x27, 0x11, 0x27, 0x11, 0x27, 0x11, 0x27, 0x11, 0x27, 0x11, 0x27, 0x11, 0x27, 0x11,
    0x27, 0x11, 0x27, 0x11, 0x27, 0x11, 0x27, 0x11, 0x27, 0x11, 0x27, 0x11, 0x27, 0x11, 0x27, 0x11,
    0x27, 0x11, 0x27, 0x11, 0x27, 0x11, 0x27, 0x11, 0x28, 0x11, 0x28, 0x11, 0x28, 0x11, 0x28, 0x11,
    0x28, 0x19, 0x28, 0x19, 0x28, 0x19, 0x28, 0x19, 0x28, 0x19, 0x28, 0x19, 0x28, 0x19, 0x28, 0x19,
    0x28, 0x19, 0x28, 0x19, 0x28, 0x19, 0x28, 0x19, 0x28, 0x19, 0x28, 0x19, 0x28, 0x19, 0x28, 0x19,
    0x28, 0x19, 0x28, 0x11, 0x28, 0x11, 0x28, 0x11, 0x28, 0x11, 0x27, 0x11, 0x27, 0x11, 0x27, 0x11,
    0x27, 0x11, 0x27, 0x11, 0x27, 0x11, 0x27, 0x11, 0x27, 0x11, 0x27, 0x11, 0x27, 0x11, 0x27, 0x11,
    0x27, 0x11, 0x27, 0x11, 0x27, 0x11, 0x27, 0x11, 0x27, 0x11, 0x27, 0x11, 0x27, 0x11, 0x27, 0x11,
    0x27, 0x11, 0x27, 0x11, 0x27, 0x11, 0x27, 0x11, 0x27, 0x11, 0x27, 0x11, 0x27, 0x11, 0x27, 0x11,
    0x27, 0x11, 0x27, 0x11, 0x27, 0x11, 0x27, 0x11, 0x27, 0x11, 0x27, 0x11, 0x27, 0x11, 0x27, 0x11,
    0x27, 0x11, 0x07, 0x11, 0x07, 0x11, 0x07, 0x11, 0x07, 0x11, 0x07, 0x11, 0x07, 0x11, 0x07, 0x11,
    0x07, 0x11, 0x07, 0x11, 0x07, 0x11, 0x07, 0x11, 0x07, 0x11, 0x07, 0x11, 0x07, 0x11, 0x07, 0x11,
    0x07, 0x11, 0x07, 0x11, 0x07, 0x11, 0x07, 0x11, 0x07, 0x11, 0x07, 0x11, 0x07, 0x11, 0x07, 0x11,
    0x07, 0x11, 0x07, 0x11, 0x07, 0x11, 0x07, 0x11, 0x07, 0x11, 0x07, 0x11, 0x07, 0x11, 0x07, 0x11,
    0x07, 0x11, 0x07, 0x11, 0x07, 0x11, 0x07, 0x11, 0x07, 0x11, 0x07, 0x11, 0x07, 0x11, 0x07, 0x11,
    0x07, 0x11, 0x07, 0x11, 0x06, 0x11, 0x06, 0x11, 0xE6, 0x10, 0xE6, 0x10, 0xE6, 0x10, 0xE6, 0x10,
    0xE6, 0x10, 0xE6, 0x10, 0xE6, 0x10, 0xE6, 0x10, 0xE6, 0x10, 0xE6, 0x10, 0xE6, 0x10, 0xE6, 0x10,
    0xE6, 0x10, 0xE6, 0x10, 0xE6, 0x10, 0xE6, 0x10, 0xE6, 0x10, 0xE6, 0x10, 0xE6, 0x10, 0xE6, 0x10,
    0xE6, 0x10, 0xE6, 0x10, 0xE6, 0x10, 0xE6, 0x10, 0xE6, 0x10, 0xE6, 0x10, 0xE6, 0x10, 0xE6, 0x10,
    0xE6, 0x10, 0xE6, 0x10, 0xE6, 0x10, 0xE6, 0x10, 0xE6, 0x10, 0xE6, 0x10, 0xE6, 0x10, 0xE6, 0x10,
    0xE6, 0x10, 0xE6, 0x10, 0xE6, 0x10, 0x07, 0x11, 0x07, 0x11, 0x07, 0x11, 0x07, 0x11, 0x07, 0x11,
    0x07, 0x11, 0x07, 0x11, 0x07, 0x11, 0x07, 0x11, 0x07, 0x11, 0x07, 0x11, 0x07, 0x11, 0x07, 0x11,
    0x07, 0x11, 0x07, 0x11, 0x07, 0x11, 0x07, 0x11, 0x07, 0x11, 0x07, 0x11, 0x07, 0x11, 0x07, 0x11,
    0x07, 0x11, 0x07, 0x11, 0x07, 0x11, 0x07, 0x11, 0x07, 0x11, 0x07, 0x11, 0x07, 0x11, 0x07, 0x11,
    0x07, 0x11, 0x07, 0x11, 0x07, 0x11, 0x07, 0x11, 0x07, 0x11, 0x07, 0x11, 0x07, 0x11, 0x27, 0x11,
    0x27, 0x11, 0x27, 0x11, 0x27, 0x11, 0x27, 0x11, 0x27, 0x11, 0x27, 0x11, 0x27, 0x11, 0x27, 0x11,
    0x27, 0x11, 0x27, 0x11, 0x27, 0x11, 0x27, 0x11, 0x27, 0x11, 0x28, 0x11, 0x28, 0x11, 0x28, 0x11,
    0x28, 0x11, 0x28, 0x11, 0x28, 0x11, 0x28, 0x11, 0x28, 0x11, 0x28, 0x11, 0x28, 0x11, 0x28, 0x11,
    0x28, 0x11, 0x28, 0x11, 0x28, 0x11, 0x28, 0x19, 0x28, 0x19, 0x28, 0x19, 0x28, 0x19, 0x28, 0x19,
    0x28, 0x19, 0x28, 0x19, 0x28, 0x19, 0x28, 0x19, 0x28, 0x19, 0x28, 0x19, 0x28, 0x19, 0x28, 0x19,
    0x28, 0x19, 0x28, 0x19, 0x28, 0x19, 0x28, 0x19, 0x28, 0x19, 0x28, 0x19, 0x28, 0x19, 0x28, 0x19,
    0x28, 0x19, 0x28, 0x19, 0x28, 0x19, 0x28, 0x19, 0x48, 0x19, 0x48, 0x19, 0x48, 0x19, 0x48, 0x19,
    0x48, 0x19, 0x48, 0x19, 0x48, 0x19, 0x48, 0x19, 0x48, 0x19, 0x48, 0x19, 0x48, 0x19, 0x48, 0x19,
    0x48, 0x19, 0x48, 0x19, 0x48, 0x19, 0x48, 0x19, 0x48, 0x19, 0x48, 0x19, 0x48, 0x19, 0x48, 0x19,
    0x48, 0x19, 0x48, 0x19, 0x48, 0x19, 0x48, 0x19, 0x48, 0x19, 0x48, 0x19, 0x48, 0x19, 0x48, 0x19,
    0x48, 0x19, 0x48, 0x19, 0x48, 0x19, 0x48, 0x19, 0x48, 0x19, 0x48, 0x19, 0x48, 0x19, 0x48, 0x19,
    0x48, 0x19, 0x48, 0x19, 0x48, 0x19, 0x48, 0x19, 0x48, 0x19, 0x28, 0x19, 0x28, 0x19, 0x28, 0x19,
    0x28, 0x19, 0x28, 0x19, 0x28, 0x19, 0x28, 0x19, 0x28, 0x19, 0x28, 0x19, 0x28, 0x19, 0x28, 0x19,
    0x28, 0x19, 0x28, 0x19, 0x28, 0x19, 0x28, 0x19, 0x28, 0x19, 0x28, 0x19, 0x28, 0x19, 0x28, 0x19,
    0x28, 0x19, 0x28, 0x19, 0x28, 0x19, 0x28, 0x19, 0x28, 0x19, 0x28, 0x19, 0x28, 0x11, 0x28, 0x11,
    0x28, 0x11, 0x28, 0x11, 0x28, 0x11, 0x28, 0x11, 0x28, 0x11, 0x28, 0x11, 0x28, 0x11, 0x28, 0x11,
    0x28, 0x11, 0x28, 0x11, 0x28, 0x11, 0x28, 0x11, 0x27, 0x11, 0x27, 0x11, 0x27, 0x11, 0x27, 0x11,
    0x27, 0x11, 0x27, 0x11, 0x27, 0x11, 0x27, 0x11, 0x27, 0x11, 0x27, 0x11, 0x27, 0x11, 0x27, 0x11,
    0x27, 0x11, 0x27, 0x11, 0x07, 0x11, 0x07, 0x11, 0x07, 0x11, 0x07, 0x11, 0x07, 0x11, 0x07, 0x11,
    0x07, 0x11, 0x07, 0x11, 0x07, 0x11, 0x07, 0x11, 0x07, 0x11, 0x07, 0x11, 0x07, 0x11, 0x07, 0x11,
    0x07, 0x11, 0x07, 0x11, 0x07, 0x11, 0x07, 0x11, 0x07, 0x11, 0x07, 0x11, 0x07, 0x11, 0x07, 0x11,
    0x07, 0x11, 0x07, 0x11, 0x07, 0x11, 0x07, 0x11, 0x07, 0x11, 0x07, 0x11, 0x07, 0x11, 0x07, 0x11,
    0x07, 0x11, 0x07, 0x11, 0x07, 0x11, 0x07, 0x11, 0x07, 0x11, 0x07, 0x11, 0xE6, 0x10, 0xE6, 0x10,
    0xE6, 0x10, 0xE6, 0x10, 0xE6, 0x10, 0xE6, 0x10, 0xE6, 0x10, 0xE6, 0x10, 0xE6, 0x10, 0xE6, 0x10,
    0xE6, 0x10, 0xE6, 0x10, 0xE6, 0x10, 0xE6, 0x10, 0xE6, 0x10, 0xE6, 0x10, 0xE6, 0x10, 0xE6, 0x10,
    0xE6, 0x10, 0xE6, 0x10, 0xE6, 0x10, 0xE6, 0x10, 0xE6, 0x10, 0xE6, 0x10, 0xE6, 0x10, 0xE6, 0x10,
    0xE6, 0x10, 0xE6, 0x10, 0xE6, 0x10, 0xE6, 0x10, 0xE6, 0x10, 0xE6, 0x10, 0xE6, 0x10, 0xE6, 0x10,
    0xE6, 0x10, 0xE6, 0x10, 0xE6, 0x10, 0xE6, 0x10, 0xE6, 0x10, 0xE6, 0x10, 0xE6, 0x10, 0xE6, 0x10,
    0x06, 0x11, 0x06, 0x11, 0x06, 0x11, 0x07, 0x11, 0x07, 0x11, 0x07, 0x11, 0x07, 0x11, 0x07, 0x11,
    0x07, 0x11, 0x07, 0x11, 0x07, 0x11, 0x07, 0x11, 0x07, 0x11, 0x07, 0x11, 0x07, 0x11, 0x07, 0x11,
    0x07, 0x11, 0x07, 0x11, 0x07, 0x11, 0x07, 0x11, 0x07, 0x11, 0x07, 0x11, 0x07, 0x11, 0x07, 0x11,
    0x07, 0x11, 0x07, 0x11, 0x07, 0x11, 0x07, 0x11, 0x07, 0x11, 0x07, 0x11, 0x07, 0x11, 0x07, 0x11,
    0x07, 0x11, 0x07, 0x11, 0x07, 0x11, 0x07, 0x11, 0x07, 0x11, 0x07, 0x11, 0x07, 0x11, 0x07, 0x11,
    0x07, 0x11, 0x07, 0x11, 0x07, 0x11, 0x07, 0x11, 0x07, 0x11, 0x07, 0x11, 0x27, 0x11, 0x27, 0x11,
    0x27, 0x11, 0x27, 0x11, 0x27, 0x11, 0x27, 0x11, 0x27, 0x11, 0x27, 0x11, 0x27, 0x11, 0x27, 0x11,
    0x27, 0x11, 0x27, 0x11, 0x27, 0x11, 0x27, 0x11, 0x27, 0x11, 0x27, 0x11, 0x27, 0x11, 0x27, 0x11,
    0x27, 0x11, 0x27, 0x11, 0x27, 0x11, 0x27, 0x11, 0x27, 0x11, 0x27, 0x11, 0x27, 0x11, 0x27, 0x11,
    0x27, 0x11, 0x27, 0x11, 0x27, 0x11, 0x27, 0x11, 0x27, 0x11, 0x27, 0x11, 0x27, 0x11, 0x27, 0x11,
    0x27, 0x11, 0x27, 0x11, 0x27, 0x11, 0x27, 0x11, 0x27, 0x11, 0x27, 0x11, 0x27, 0x11, 0x27, 0x11,
    0x27, 0x11, 0x27, 0x11, 0x27, 0x11, 0x27, 0x11, 0x27, 0x11, 0x27, 0x11, 0x27, 0x11, 0x27, 0x11,
    0x27, 0x11, 0x27, 0x11, 0x27, 0x11, 0x27, 0x11, 0x27, 0x11, 0x27, 0x11, 0x27, 0x11, 0x27, 0x11,
    0x27, 0x11, 0x27, 0x11, 0x27, 0x11, 0x27, 0x11, 0x27, 0x11, 0x27, 0x11, 0x27, 0x11, 0x27, 0x11,
    0x27, 0x11, 0x27, 0x11, 0x27, 0x11, 0x27, 0x11, 0x27, 0x11, 0x27, 0x11, 0x27, 0x11, 0x27, 0x11,
    0x27, 0x11, 0x27, 0x11, 0x27, 0x11, 0x27, 0x11, 0x27, 0x11, 0x27, 0x11, 0x27, 0x11, 0x27, 0x11,
    0x27, 0x11, 0x27, 0x11, 0x27, 0x11, 0x07, 0x11, 0x07, 0x11, 0x07, 0x11, 0x07, 0x11, 0x07, 0x11,
    0x07, 0x11, 0x07, 0x11, 0x07, 0x11, 0x07, 0x11, 0x07, 0x11, 0x07, 0x11, 0x07, 0x11, 0x07, 0x11,
    0x07, 0x11, 0x07, 0x11, 0x07, 0x11, 0x07, 0x11, 0x07, 0x11, 0x07, 0x11, 0x07, 0x11, 0x07, 0x11,
    0x07, 0x11, 0x07, 0x11, 0x07, 0x11, 0x07, 0x11, 0x07, 0x11, 0x07, 0x11, 0x07, 0x11, 0x07, 0x11,
    0x07, 0x11, 0x07, 0x11, 0x07, 0x11, 0x07, 0x11, 0x07, 0x11, 0x07, 0x11, 0x07, 0x11, 0x07, 0x11,
    0x07, 0x11, 0x07, 0x11, 0x07, 0x11, 0x07, 0x11, 0x07, 0x11, 0x07, 0x11, 0x06, 0x11, 0x06, 0x11,
    0x06, 0x11, 0xE6, 0x10, 0xE6, 0x10, 0xE6, 0x10, 0xE6, 0x10, 0xE6, 0x10, 0xE6, 0x10, 0xE6, 0x10,
    0xE6, 0x10, 0xE6, 0x10, 0xE6, 0x10, 0xE6, 0x10, 0xE6, 0x10, 0xE6, 0x10, 0xE6, 0x10, 0xE6, 0x10,
    0xE6, 0x10, 0xE6, 0x10, 0xE6, 0x10, 0xE6, 0x10, 0xE6, 0x10, 0xE6, 0x10, 0xE6, 0x10, 0xE6, 0x10,
    0xE6, 0x10, 0xE6, 0x10, 0xE6, 0x10, 0xE6, 0x10, 0xE6, 0x10, 0xE6, 0x10, 0xE6, 0x10, 0xE6, 0x10,
    0xE6, 0x10, 0xE6, 0x10, 0xE6, 0x10, 0xE6, 0x10, 0xE6, 0x10, 0xE6, 0x10, 0xE6, 0x10, 0xE6, 0x10,
    0xE6, 0x10, 0xE6, 0x10, 0xE6, 0x10, 0xE6, 0x10, 0xE6, 0x10, 0xE6, 0x10, 0xE6, 0x10, 0xE6, 0x10,
    0xE6, 0x10, 0xE6, 0x10, 0xE6, 0x10, 0xE6, 0x10, 0xE6, 0x10, 0xE6, 0x10, 0xE6, 0x10, 0xE6, 0x10,
    0xE6, 0x10, 0xE6, 0x10, 0xE6, 0x10, 0xE6, 0x10, 0xE6, 0x10, 0xE6, 0x10, 0xE6, 0x10, 0xE6, 0x10,
    0xE6, 0x10, 0xE6, 0x10, 0x06, 0x11, 0x06, 0x11, 0x06, 0x11, 0x07, 0x11, 0x07, 0x11, 0x07, 0x11,
    0x07, 0x11, 0x07, 0x11, 0x07, 0x11, 0x07, 0x11, 0x07, 0x11, 0x07, 0x11, 0x07, 0x11, 0x07, 0x11,
    0x07, 0x11, 0x07, 0x11, 0x07, 0x11, 0x07, 0x11, 0x07, 0x11, 0x07, 0x11, 0x07, 0x11, 0x07, 0x11,
    0x07, 0x11, 0x07, 0x11, 0x07, 0x11, 0x07, 0x11, 0x07, 0x11, 0x07, 0x11, 0x07, 0x11, 0x07, 0x11,
    0x07, 0x11, 0x07, 0x11, 0x07, 0x11, 0x07, 0x11, 0x07, 0x11, 0x07, 0x11, 0x07, 0x11, 0x07, 0x11,
    0x07, 0x11, 0x07, 0x11, 0x07, 0x11, 0x07, 0x11, 0x07, 0x11, 0x07, 0x11, 0x07, 0x11, 0x07, 0x11,
    0x07, 0x11, 0x27, 0x11, 0x27, 0x11, 0x27, 0x11, 0x27, 0x11, 0x27, 0x11, 0x27, 0x11, 0x27, 0x11,
    0x27, 0x11, 0x27, 0x11, 0x27, 0x11, 0x27, 0x11, 0x27, 0x11, 0x27, 0x11, 0x27, 0x11, 0x27, 0x11,
    0x27, 0x11, 0x27, 0x11, 0x27, 0x11, 0x27, 0x11, 0x27, 0x11, 0x27, 0x11, 0x27, 0x11, 0x27, 0x11,
    0x27, 0x11, 0x27, 0x11, 0x27, 0x11, 0x27, 0x11, 0x27, 0x11, 0x27, 0x11, 0x27, 0x11, 0x27, 0x11,
    0x27, 0x11, 0x27, 0x11, 0x27, 0x11, 0x27, 0x11, 0x27, 0x11, 0x27, 0x11, 0x27, 0x11, 0x27, 0x11,
    0x27, 0x11, 0x27, 0x11, 0x27, 0x11, 0x27, 0x11, 0x27, 0x11, 0x27, 0x11, 0x27, 0x11, 0x27, 0x11,
    0x27, 0x11, 0x27, 0x11, 0x27, 0x11, 0x27, 0x11, 0x27, 0x11, 0x27, 0x11, 0x27, 0x11, 0x27, 0x11,
    0x27, 0x11, 0x27, 0x11, 0x27, 0x11, 0x27, 0x11, 0x27, 0x11, 0x27, 0x11, 0x27, 0x11, 0x27, 0x11,
    0x27, 0x11, 0x27, 0x11, 0x27, 0x11, 0x27, 0x11, 0x27, 0x11, 0x27, 0x11, 0x27, 0x11, 0x27, 0x11,
    0x27, 0x11, 0x27, 0x11, 0x27, 0x11, 0x27, 0x11, 0x27, 0x11, 0x27, 0x11, 0x27, 0x11, 0x27, 0x11,
    0x07, 0x11, 0x07, 0x11, 0x07, 0x11, 0x07, 0x11, 0x07, 0x11, 0x07, 0x11, 0x07, 0x11, 0x07, 0x11,
    0x07, 0x11, 0x07, 0x11, 0x07, 0x11, 0x07, 0x11, 0x07, 0x11, 0x07, 0x11, 0x07, 0x11, 0x07, 0x11,
    0x07, 0x11, 0x07, 0x11, 0x07, 0x11, 0x07, 0x11, 0x07, 0x11, 0x07, 0x11, 0x07, 0x11, 0x07, 0x11,
    0x07, 0x11, 0x07, 0x11, 0x07, 0x11, 0x07, 0x11, 0x07, 0x11, 0x07, 0x11, 0x07, 0x11, 0x07, 0x11,
    0x07, 0x11, 0x07, 0x11, 0x07, 0x11, 0x07, 0x11, 0x07, 0x11, 0x07, 0x11, 0x07, 0x11, 0x07, 0x11,
    0x07, 0x11, 0x07, 0x11, 0x07, 0x11, 0x07, 0x11, 0x06, 0x11, 0x06, 0x11, 0x06, 0x11, 0xE6, 0x10,
    0xE6, 0x10, 0xE6, 0x10, 0xE6, 0x10, 0xE6, 0x10, 0xE6, 0x10, 0xE6, 0x10, 0xE6, 0x10, 0xE6, 0x10,
    0xE6, 0x10, 0xE6, 0x10, 0xE6, 0x10, 0xE6, 0x10, 0xE6, 0x10, 0xE6, 0x10, 0xE6, 0x10, 0xE6, 0x10,
    0xE6, 0x10, 0xE6, 0x10, 0xE6, 0x10, 0xE6, 0x10, 0xE6, 0x10, 0xE6, 0x10, 0xE6, 0x10, 0xE6, 0x10,
    0xE6, 0x10, 0xE6, 0x10, 0xE6, 0x10, 0xE6, 0x10, 0xE6, 0x10, 0xE6, 0x10, 0xE6, 0x10, 0xE6, 0x10,
    0xE6, 0x10, 0xE6, 0x10, 0xE6, 0x10, 0xE6, 0x10, 0xE6, 0x10, 0xE6, 0x10, 0xE6, 0x10, 0xE6, 0x10,
    0xE6, 0x10, 0xE6, 0x10, 0xE6, 0x10, 0xE6, 0x10, 0xE6, 0x10, 0xE6, 0x10, 0xE6, 0x10, 0xE6, 0x10,
    0x07, 0x11, 0x07, 0x11, 0x07, 0x11, 0x07, 0x11, 0x07, 0x11, 0x07, 0x11, 0x07, 0x11, 0x07, 0x11,
    0x07, 0x11, 0x07, 0x11, 0x07, 0x11, 0x07, 0x11, 0x07, 0x11, 0x07, 0x11, 0x07, 0x11, 0x07, 0x11,
    0x07, 0x11, 0x07, 0x11, 0x07, 0x11, 0x07, 0x11, 0x07, 0x11, 0x07, 0x11, 0x07, 0x11, 0x07, 0x11,
    0x07, 0x11, 0x07, 0x11, 0x07, 0x11, 0x07, 0x11, 0x07, 0x11, 0x07, 0x11, 0x07, 0x11, 0x07, 0x11,
    0x07, 0x11, 0x07, 0x11, 0x07, 0x11, 0x07, 0x11, 0x07, 0x11, 0x27, 0x11, 0x27, 0x11, 0x27, 0x11,
    0x27, 0x11, 0x27, 0x11, 0x27, 0x11, 0x27, 0x11, 0x27, 0x11, 0x27, 0x11, 0x27, 0x11, 0x27, 0x11,
    0x27, 0x11, 0x27, 0x11, 0x27, 0x11, 0x27, 0x11, 0x27, 0x11, 0x28, 0x11, 0x28, 0x11, 0x28, 0x11,
    0x28, 0x11, 0x28, 0x11, 0x28, 0x11, 0x28, 0x11, 0x28, 0x11, 0x28, 0x11, 0x28, 0x11, 0x28, 0x11,
    0x28, 0x11, 0x28, 0x11, 0x28, 0x19, 0x28, 0x19, 0x28, 0x19, 0x28, 0x19, 0x28, 0x19, 0x28, 0x19,
    0x28, 0x19, 0x28, 0x19, 0x28, 0x19, 0x28, 0x19, 0x28, 0x19, 0x28, 0x19, 0x28, 0x19, 0x28, 0x19,
    0x28, 0x19, 0x28, 0x19, 0x28, 0x19, 0x28, 0x19, 0x28, 0x19, 0x28, 0x19, 0x28, 0x19, 0x28, 0x19,
    0x28, 0x19, 0x28, 0x19, 0x28, 0x19, 0x28, 0x19, 0x28, 0x19, 0x28, 0x19, 0x28, 0x19, 0x28, 0x19,
    0x28, 0x19, 0x28, 0x19, 0x28, 0x19, 0x28, 0x19, 0x28, 0x19, 0x28, 0x19, 0x28, 0x19, 0x28, 0x19,
    0x28, 0x19, 0x28, 0x19, 0x28, 0x19, 0x28, 0x19, 0x28, 0x19, 0x28, 0x19, 0x28, 0x19, 0x28, 0x19,
    0x28, 0x19, 0x28, 0x19, 0x28, 0x19, 0x28, 0x19, 0x28, 0x19, 0x28, 0x19, 0x28, 0x19, 0x28, 0x19,
    0x28, 0x19, 0x28, 0x19, 0x28, 0x19, 0x28, 0x19, 0x28, 0x19, 0x28, 0x19, 0x28, 0x19, 0x28, 0x19,
    0x28, 0x19, 0x28, 0x19, 0x28, 0x19, 0x28, 0x19, 0x28, 0x19, 0x28, 0x19, 0x28, 0x19, 0x28, 0x19,
    0x28, 0x19, 0x28, 0x19, 0x28, 0x19, 0x28, 0x19, 0x28, 0x19, 0x28, 0x19, 0x28, 0x19, 0x28, 0x11,
    0x28, 0x11, 0x28, 0x11, 0x28, 0x11, 0x28, 0x11, 0x28, 0x11, 0x28, 0x11, 0x28, 0x11, 0x28, 0x11,
    0x28, 0x11, 0x28, 0x11, 0x28, 0x11, 0x28, 0x11, 0x27, 0x11, 0x27, 0x11, 0x27, 0x11, 0x27, 0x11,
    0x27, 0x11, 0x27, 0x11, 0x27, 0x11, 0x27, 0x11, 0x27, 0x11, 0x27, 0x11, 0x27, 0x11, 0x27, 0x11,
    0x27, 0x11, 0x27, 0x11, 0x27, 0x11, 0x27, 0x11, 0x07, 0x11, 0x07, 0x11, 0x07, 0x11, 0x07, 0x11,
    0x07, 0x11, 0x07, 0x11, 0x07, 0x11, 0x07, 0x11, 0x07, 0x11, 0x07, 0x11, 0x07, 0x11, 0x07, 0x11,
    0x07, 0x11, 0x07, 0x11, 0x07, 0x11, 0x07, 0x11, 0x07, 0x11, 0x07, 0x11, 0x07, 0x11, 0x07, 0x11,
    0x07, 0x11, 0x07, 0x11, 0x07, 0x11, 0x07, 0x11, 0x07, 0x11, 0x07, 0x11, 0x07, 0x11, 0x07, 0x11,
    0x07, 0x11, 0x07, 0x11, 0x07, 0x11, 0x07, 0x11, 0x07, 0x11, 0x07, 0x11, 0x07, 0x11, 0x07, 0x11,
    0x07, 0x11, 0xE6, 0x10, 0xE6, 0x10, 0xE6, 0x10, 0xE6, 0x10, 0xE6, 0x10, 0xE6, 0x10, 0xE6, 0x10,
    0xE6, 0x10, 0xE6, 0x10, 0xE6, 0x10, 0xE6, 0x10, 0xE6, 0x10, 0xE6, 0x10, 0xE6, 0x10, 0xE6, 0x10,
    0xC6, 0x10, 0xE6, 0x10, 0xE6, 0x10, 0xE6, 0x10, 0xE6, 0x10, 0xE6, 0x10, 0xE6, 0x10, 0xE6, 0x10,
    0xE6, 0x10, 0xE6, 0x10, 0xE6, 0x10, 0xE6, 0x10, 0xE6, 0x10, 0xE6, 0x10, 0xE6, 0x10, 0xE6, 0x10,
    0xE6, 0x10, 0xE6, 0x10, 0xE6, 0x10, 0xE6, 0x10, 0xE6, 0x10, 0xE6, 0x10, 0xE6, 0x10, 0xE6, 0x10,
    0xE6, 0x10, 0xE6, 0x10, 0xE6, 0x10, 0xE6, 0x10, 0xE6, 0x10, 0xE6, 0x10, 0xE6, 0x10, 0xE6, 0x10,
    0xE6, 0x10, 0xE6, 0x10, 0xE6, 0x10, 0xE6, 0x10, 0xE6, 0x10, 0x06, 0x11, 0x06, 0x11, 0x06, 0x11,
    0x06, 0x11, 0x07, 0x11, 0x07, 0x11, 0x07, 0x11, 0x07, 0x11, 0x07, 0x11, 0x07, 0x11, 0x07, 0x11,
    0x07, 0x11, 0x07, 0x11, 0x07, 0x11, 0x07, 0x11, 0x07, 0x11, 0x07, 0x11, 0x07, 0x11, 0x07, 0x11,
    0x07, 0x11, 0x07, 0x11, 0x07, 0x11, 0x07, 0x11, 0x07, 0x11, 0x07, 0x11, 0x07, 0x11, 0x07, 0x11,
    0x07, 0x11, 0x07, 0x11, 0x07, 0x11, 0x07, 0x11, 0x07, 0x11, 0x07, 0x11, 0x07, 0x11, 0x07, 0x11,
    0x07, 0x11, 0x07, 0x11, 0x07, 0x11, 0x07, 0x11, 0x07, 0x11, 0x07, 0x11, 0x07, 0x11, 0x07, 0x11,
    0x07, 0x11, 0x07, 0x11, 0x07, 0x11, 0x07, 0x11, 0x07, 0x11, 0x07, 0x11, 0x07, 0x11, 0x07, 0x11,
    0x27, 0x11, 0x27, 0x11, 0x27, 0x11, 0x27, 0x11, 0x27, 0x11, 0x27, 0x11, 0x27, 0x11, 0x27, 0x11,
    0x27, 0x11, 0x27, 0x11, 0x27, 0x11, 0x27, 0x11, 0x27, 0x11, 0x27, 0x11, 0x27, 0x11, 0x27, 0x11,
    0x27, 0x11, 0x27, 0x11, 0x27, 0x11, 0x27, 0x11, 0x27, 0x11, 0x27, 0x11, 0x27, 0x11, 0x27, 0x11,
    0x27, 0x11, 0x27, 0x11, 0x27, 0x11, 0x27, 0x11, 0x27, 0x11, 0x27, 0x11, 0x27, 0x11, 0x27, 0x11,
    0x27, 0x11, 0x27, 0x11, 0x27, 0x11, 0x27, 0x11, 0x27, 0x11, 0x27, 0x11, 0x27, 0x11, 0x27, 0x11,
    0x27, 0x11, 0x27, 0x11, 0x27, 0x11, 0x27, 0x11, 0x27, 0x11, 0x27, 0x11, 0x27, 0x11, 0x27, 0x11,
    0x27, 0x11, 0x27, 0x11, 0x27, 0x11, 0x27, 0x11, 0x27, 0x11, 0x27, 0x11, 0x27, 0x11, 0x27, 0x11,
    0x27, 0x11, 0x27, 0x11, 0x27, 0x11, 0x27, 0x11, 0x27, 0x11, 0x27, 0x11, 0x27, 0x11, 0x27, 0x11,
    0x27, 0x11, 0x07, 0x11, 0x07, 0x11, 0x07, 0x11, 0x07, 0x11, 0x07, 0x11, 0x07, 0x11, 0x07, 0x11,
    0x07, 0x11, 0x07, 0x11, 0x07, 0x11, 0x07, 0x11, 0x07, 0x11, 0x07, 0x11, 0x07, 0x11, 0x07, 0x11,
    0x07, 0x11, 0x07, 0x11, 0x07, 0x11, 0x07, 0x11, 0x07, 0x11, 0x07, 0x11, 0x07, 0x11, 0x07, 0x11,
    0x07, 0x11, 0x07, 0x11, 0x07, 0x11, 0x07, 0x11, 0x07, 0x11, 0x07, 0x11, 0x07, 0x11, 0x07, 0x11,
    0x07, 0x11, 0x07, 0x11, 0x07, 0x11, 0x07, 0x11, 0x07, 0x11, 0x07, 0x11, 0x07, 0x11, 0x07, 0x11,
    0x07, 0x11, 0x07, 0x11, 0x07, 0x11, 0x07, 0x11, 0x07, 0x11, 0x07, 0x11, 0x07, 0x11, 0x07, 0x11,
    0x06, 0x11, 0x06, 0x11, 0x06, 0x11, 0x06, 0x11, 0xE6, 0x10, 0xE6, 0x10, 0xE6, 0x10, 0xE6, 0x10,
    0xE6, 0x10, 0xE6, 0x10, 0xE6, 0x10, 0xE6, 0x10, 0xE6, 0x10, 0xE6, 0x10, 0xE6, 0x10, 0xE6, 0x10,
    0xE6, 0x10, 0xE6, 0x10, 0xE6, 0x10, 0xE6, 0x10, 0xE6, 0x10, 0xE6, 0x10, 0xE6, 0x10, 0xE6, 0x10,
    0xE6, 0x10, 0xE6, 0x10, 0xE6, 0x10, 0xE6, 0x10, 0xE6, 0x10, 0xE6, 0x10, 0xE6, 0x10, 0xE6, 0x10,
    0xE6, 0x10, 0xE6, 0x10, 0xE6, 0x10, 0xE6, 0x10, 0xE6, 0x10, 0xE6, 0x10, 0xE6, 0x10, 0xE6, 0x10,
    0xC6, 0x10, 0xC6, 0x10, 0xE6, 0x10, 0xE6, 0x10, 0xE6, 0x10, 0xE6, 0x10, 0xE6, 0x10, 0xE6, 0x10,
    0xE6, 0x10, 0xE6, 0x10, 0xE6, 0x10, 0xE6, 0x10, 0xE6, 0x10, 0xE6, 0x10, 0xE6, 0x10, 0xE6, 0x10,
    0xE6, 0x10, 0xE6, 0x10, 0xE6, 0x10, 0xE6, 0x10, 0xE6, 0x10, 0xE6, 0x10, 0xE6, 0x10, 0xE6, 0x10,
    0xE6, 0x10, 0xE6, 0x10, 0xE6, 0x10, 0xE6, 0x10, 0xE6, 0x10, 0xE6, 0x10, 0xE6, 0x10, 0xE6, 0x10,
    0xE6, 0x10, 0xE6, 0x10, 0xE6, 0x10, 0xE6, 0x10, 0xE6, 0x10, 0xE6, 0x10, 0xE6, 0x10, 0x06, 0x11,
    0x06, 0x11, 0x06, 0x11, 0x06, 0x11, 0x07, 0x11, 0x07, 0x11, 0x07, 0x11, 0x07, 0x11, 0x07, 0x11,
    0x07, 0x11, 0x07, 0x11, 0x07, 0x11, 0x07, 0x11, 0x07, 0x11, 0x07, 0x11, 0x07, 0x11, 0x07, 0x11,
    0x07, 0x11, 0x07, 0x11, 0x07, 0x11, 0x07, 0x11, 0x07, 0x11, 0x07, 0x11, 0x07, 0x11, 0x07, 0x11,
    0x07, 0x11, 0x07, 0x11, 0x07, 0x11, 0x07, 0x11, 0x07, 0x11, 0x07, 0x11, 0x07, 0x11, 0x07, 0x11,
    0x07, 0x11, 0x07, 0x11, 0x07, 0x11, 0x07, 0x11, 0x07, 0x11, 0x07, 0x11, 0x07, 0x11, 0x07, 0x11,
    0x07, 0x11, 0x07, 0x11, 0x07, 0x11, 0x07, 0x11, 0x07, 0x11, 0x07, 0x11, 0x07, 0x11, 0x07, 0x11,
    0x07, 0x11, 0x07, 0x11, 0x07, 0x11, 0x07, 0x11, 0x07, 0x11, 0x27, 0x11, 0x27, 0x11, 0x27, 0x11,
    0x27, 0x11, 0x27, 0x11, 0x27, 0x11, 0x27, 0x11, 0x27, 0x11, 0x27, 0x11, 0x27, 0x11, 0x27, 0x11,
    0x27, 0x11, 0x27, 0x11, 0x27, 0x11, 0x27, 0x11, 0x27, 0x11, 0x27, 0x11, 0x27, 0x11, 0x27, 0x11,
    0x27, 0x11, 0x27, 0x11, 0x27, 0x11, 0x27, 0x11, 0x27, 0x11, 0x27, 0x11, 0x27, 0x11, 0x27, 0x11,
    0x27, 0x11, 0x27, 0x11, 0x27, 0x11, 0x27, 0x11, 0x27, 0x11, 0x27, 0x11, 0x27, 0x11, 0x27, 0x11,
    0x27, 0x11, 0x27, 0x11, 0x27, 0x11, 0x27, 0x11, 0x27, 0x11, 0x27, 0x11, 0x27, 0x11, 0x27, 0x11,
    0x27, 0x11, 0x27, 0x11, 0x27, 0x11, 0x27, 0x11, 0x27, 0x11, 0x27, 0x11, 0x27, 0x11, 0x27, 0x11,
    0x27, 0x11, 0x27, 0x11, 0x27, 0x11, 0x27, 0x11, 0x07, 0x11, 0x07, 0x11, 0x07, 0x11, 0x07, 0x11,
    0x07, 0x11, 0x07, 0x11, 0x07, 0x11, 0x07, 0x11, 0x07, 0x11, 0x07, 0x11, 0x07, 0x11, 0x07, 0x11,
    0x07, 0x11, 0x07, 0x11, 0x07, 0x11, 0x07, 0x11, 0x07, 0x11, 0x07, 0x11, 0x07, 0x11, 0x07, 0x11,
    0x07, 0x11, 0x07, 0x11, 0x07, 0x11, 0x07, 0x11, 0x07, 0x11, 0x07, 0x11, 0x07, 0x11, 0x07, 0x11,
    0x07, 0x11, 0x07, 0x11, 0x07, 0x11, 0x07, 0x11, 0x07, 0x11, 0x07, 0x11, 0x07, 0x11, 0x07, 0x11,
    0x07, 0x11, 0x07, 0x11, 0x07, 0x11, 0x07, 0x11, 0x07, 0x11, 0x07, 0x11, 0x07, 0x11, 0x07, 0x11,
    0x07, 0x11, 0x07, 0x11, 0x07, 0x11, 0x07, 0x11, 0x07, 0x11, 0x07, 0x11, 0x06, 0x11, 0x06, 0x11,
    0x06, 0x11, 0x06, 0x11, 0xE6, 0x10, 0xE6, 0x10, 0xE6, 0x10, 0xE6, 0x10, 0xE6, 0x10, 0xE6, 0x10,
    0xE6, 0x10, 0xE6, 0x10, 0xE6, 0x10, 0xE6, 0x10, 0xE6, 0x10, 0xE6, 0x10, 0xE6, 0x10, 0xE6, 0x10,
    0xE6, 0x10, 0xE6, 0x10, 0xE6, 0x10, 0xE6, 0x10, 0xE6, 0x10, 0xE6, 0x10, 0xE6, 0x10, 0xE6, 0x10,
    0xE6, 0x10, 0xE6, 0x10, 0xE6, 0x10, 0xE6, 0x10, 0xE6, 0x10, 0xE6, 0x10, 0xE6, 0x10, 0xE6, 0x10,
    0xE6, 0x10, 0xE6, 0x10, 0xE6, 0x10, 0xE6, 0x10, 0xE6, 0x10, 0xE6, 0x10, 0xE6, 0x10, 0xC6, 0x10,
    0xE6, 0x10, 0xE6, 0x10, 0xE6, 0x10, 0xE6, 0x10, 0xE6, 0x10, 0xE6, 0x10, 0xE6, 0x10, 0xE6, 0x10,
    0xE6, 0x10, 0xE6, 0x10, 0xE6, 0x10, 0xE6, 0x10, 0xE6, 0x10, 0xE6, 0x10, 0xE6, 0x10, 0xE6, 0x10,
    0xE6, 0x10, 0xE6, 0x10, 0xE6, 0x10, 0xE6, 0x10, 0xE6, 0x10, 0x07, 0x11, 0x07, 0x11, 0x07, 0x11,
    0x07, 0x11, 0x07, 0x11, 0x07, 0x11, 0x07, 0x11, 0x07, 0x11, 0x07, 0x11, 0x07, 0x11, 0x07, 0x11,
    0x07, 0x11, 0x07, 0x11, 0x07, 0x11, 0x07, 0x11, 0x07, 0x11, 0x07, 0x11, 0x07, 0x11, 0x07, 0x11,
    0x07, 0x11, 0x07, 0x11, 0x07, 0x11, 0x07, 0x11, 0x07, 0x11, 0x07, 0x11, 0x07, 0x11, 0x07, 0x11,
    0x07, 0x11, 0x07, 0x11, 0x07, 0x11, 0x07, 0x11, 0x07, 0x11, 0x07, 0x11, 0x07, 0x11, 0x07, 0x11,
    0x07, 0x11, 0x07, 0x11, 0x07, 0x11, 0x27, 0x11, 0x27, 0x11, 0x27, 0x11, 0x27, 0x11, 0x27, 0x11,
    0x27, 0x11, 0x27, 0x11, 0x27, 0x11, 0x27, 0x11, 0x27, 0x11, 0x27, 0x11, 0x27, 0x11, 0x27, 0x11,
    0x27, 0x11, 0x27, 0x11, 0x27, 0x11, 0x27, 0x11, 0x27, 0x11, 0x27, 0x11, 0x28, 0x11, 0x28, 0x11,
    0x28, 0x11, 0x28, 0x11, 0x28, 0x11, 0x28, 0x11, 0x28, 0x11, 0x28, 0x11, 0x28, 0x11, 0x28, 0x11,
    0x28, 0x11, 0x28, 0x11, 0x28, 0x19, 0x28, 0x19, 0x28, 0x19, 0x28, 0x19, 0x28, 0x19, 0x28, 0x19,
    0x28, 0x19, 0x28, 0x19, 0x28, 0x19, 0x28, 0x19, 0x28, 0x19, 0x28, 0x19, 0x28, 0x19, 0x28, 0x19,
    0x28, 0x19, 0x28, 0x19, 0x28, 0x19, 0x28, 0x19, 0x28, 0x19, 0x28, 0x19, 0x28, 0x19, 0x28, 0x19,
    0x28, 0x19, 0x28, 0x19, 0x28, 0x19, 0x28, 0x19, 0x28, 0x19, 0x28, 0x19, 0x28, 0x19, 0x28, 0x19,
    0x28, 0x19, 0x28, 0x19, 0x28, 0x19, 0x28, 0x19, 0x28, 0x19, 0x28, 0x19, 0x28, 0x19, 0x28, 0x19,
    0x28, 0x19, 0x28, 0x19, 0x28, 0x19, 0x28, 0x19, 0x28, 0x19, 0x28, 0x19, 0x28, 0x19, 0x28, 0x19,
    0x28, 0x19, 0x28, 0x19, 0x28, 0x19, 0x28, 0x19, 0x28, 0x19, 0x28, 0x19, 0x28, 0x19, 0x28, 0x19,
    0x28, 0x19, 0x28, 0x19, 0x28, 0x19, 0x28, 0x19, 0x28, 0x19, 0x28, 0x19, 0x28, 0x19, 0x28, 0x11,
    0x28, 0x11, 0x28, 0x11, 0x28, 0x11, 0x28, 0x11, 0x28, 0x11, 0x28, 0x11, 0x28, 0x11, 0x28, 0x11,
    0x28, 0x11, 0x28, 0x11, 0x28, 0x11, 0x27, 0x11, 0x27, 0x11, 0x27, 0x11, 0x27, 0x11, 0x27, 0x11,
    0x27, 0x11, 0x27, 0x11, 0x27, 0x11, 0x27, 0x11, 0x27, 0x11, 0x27, 0x11, 0x27, 0x11, 0x27, 0x11,
    0x27, 0x11, 0x27, 0x11, 0x27, 0x11, 0x27, 0x11, 0x27, 0x11, 0x27, 0x11, 0x07, 0x11, 0x07, 0x11,
    0x07, 0x11, 0x07, 0x11, 0x07, 0x11, 0x07, 0x11, 0x07, 0x11, 0x07, 0x11, 0x07, 0x11, 0x07, 0x11,
    0x07, 0x11, 0x07, 0x11, 0x07, 0x11, 0x07, 0x11, 0x07, 0x11, 0x07, 0x11, 0x07, 0x11, 0x07, 0x11,
    0x07, 0x11, 0x07, 0x11, 0x07, 0x11, 0x07, 0x11, 0x07, 0x11, 0x07, 0x11, 0x07, 0x11, 0x07, 0x11,
    0x07, 0x11, 0x07, 0x11, 0x07, 0x11, 0x07, 0x11, 0x07, 0x11, 0x07, 0x11, 0x07, 0x11, 0x07, 0x11,
    0x07, 0x11, 0x07, 0x11, 0x07, 0x11, 0x07, 0x11, 0xE6, 0x10, 0xE6, 0x10, 0xE6, 0x10, 0xE6, 0x10,
    0xE6, 0x10, 0xE6, 0x10, 0xE6, 0x10, 0xE6, 0x10, 0xE6, 0x10, 0xE6, 0x10, 0xE6, 0x10, 0xE6, 0x10,
    0xE6, 0x10, 0xE6, 0x10, 0xE6, 0x10, 0xE6, 0x10, 0xE6, 0x10, 0xE6, 0x10, 0xE6, 0x10, 0xE6, 0x10,
    0xC6, 0x08, 0xC6, 0x08, 0xC6, 0x10, 0xC6, 0x10, 0xC6, 0x10, 0xE6, 0x10, 0xE6, 0x10, 0xE6, 0x10,
    0xE6, 0x10, 0xE6, 0x10, 0xE6, 0x10, 0xE6, 0x10, 0xE6, 0x10, 0xE6, 0x10, 0xE6, 0x10, 0xE6, 0x10,
    0xE6, 0x10, 0xE6, 0x10, 0xE6, 0x10, 0xE6, 0x10, 0xE6, 0x10, 0xE6, 0x10, 0xE6, 0x10, 0xE6, 0x10,
    0xE6, 0x10, 0xE6, 0x10, 0xE6, 0x10, 0xE6, 0x10, 0xE6, 0x10, 0xE6, 0x10, 0xE6, 0x10, 0xE6, 0x10,
    0xE6, 0x10, 0xE6, 0x10, 0xE6, 0x10, 0xE6, 0x10, 0xE6, 0x10, 0xE6, 0x10, 0xE6, 0x10, 0xE6, 0x10,
    0xE6, 0x10, 0xE6, 0x10, 0xE6, 0x10, 0x06, 0x11, 0x06, 0x11, 0x06, 0x11, 0x06, 0x11, 0x07, 0x11,
    0x07, 0x11, 0x07, 0x11, 0x07, 0x11, 0x07, 0x11, 0x07, 0x11, 0x07, 0x11, 0x07, 0x11, 0x07, 0x11,
    0x07, 0x11, 0x07, 0x11, 0x07, 0x11, 0x07, 0x11, 0x07, 0x11, 0x07, 0x11, 0x07, 0x11, 0x07, 0x11,
    0x07, 0x11, 0x07, 0x11, 0x07, 0x11, 0x07, 0x11, 0x07, 0x11, 0x07, 0x11, 0x07, 0x11, 0x07, 0x11,
    0x07, 0x11, 0x07, 0x11, 0x07, 0x11, 0x07, 0x11, 0x07, 0x11, 0x07, 0x11, 0x07, 0x11, 0x07, 0x11,
    0x07, 0x11, 0x07, 0x11, 0x07, 0x11, 0x07, 0x11, 0x07, 0x11, 0x07, 0x11, 0x07, 0x11, 0x07, 0x11,
    0x07, 0x11, 0x07, 0x11, 0x07, 0x11, 0x07, 0x11, 0x07, 0x11, 0x07, 0x11, 0x07, 0x11, 0x07, 0x11,
    0x07, 0x11, 0x07, 0x11, 0x07, 0x11, 0x07, 0x11, 0x07, 0x11, 0x07, 0x11, 0x07, 0x11, 0x07, 0x11,
    0x07, 0x11, 0x27, 0x11, 0x27, 0x11, 0x27, 0x11, 0x27, 0x11, 0x27, 0x11, 0x27, 0x11, 0x27, 0x11,
    0x27, 0x11, 0x27, 0x11, 0x27, 0x11, 0x27, 0x11, 0x27, 0x11, 0x27, 0x11, 0x27, 0x11, 0x27, 0x11,
    0x27, 0x11, 0x27, 0x11, 0x27, 0x11, 0x27, 0x11, 0x27, 0x11, 0x27, 0x11, 0x27, 0x11, 0x27, 0x11,
    0x27, 0x11, 0x27, 0x11, 0x27, 0x11, 0x27, 0x11, 0x27, 0x11, 0x27, 0x11, 0x27, 0x11, 0x27, 0x11,
    0x07, 0x11, 0x07, 0x11, 0x07, 0x11, 0x07, 0x11, 0x07, 0x11, 0x07, 0x11, 0x07, 0x11, 0x07, 0x11,
    0x07, 0x11, 0x07, 0x11, 0x07, 0x11, 0x07, 0x11, 0x07, 0x11, 0x07, 0x11, 0x07, 0x11, 0x07, 0x11,
    0x07, 0x11, 0x07, 0x11, 0x07, 0x11, 0x07, 0x11, 0x07, 0x11, 0x07, 0x11, 0x07, 0x11, 0x07, 0x11,
    0x07, 0x11, 0x07, 0x11, 0x07, 0x11, 0x07, 0x11, 0x07, 0x11, 0x07, 0x11, 0x07, 0x11, 0x07, 0x11,
    0x07, 0x11, 0x07, 0x11, 0x07, 0x11, 0x07, 0x11, 0x07, 0x11, 0x07, 0x11, 0x07, 0x11, 0x07, 0x11,
    0x07, 0x11, 0x07, 0x11, 0x07, 0x11, 0x07, 0x11, 0x07, 0x11, 0x07, 0x11, 0x07, 0x11, 0x07, 0x11,
    0x07, 0x11, 0x07, 0x11, 0x07, 0x11, 0x07, 0x11, 0x07, 0x11, 0x07, 0x11, 0x07, 0x11, 0x07, 0x11,
    0x07, 0x11, 0x07, 0x11, 0x06, 0x11, 0x06, 0x11, 0x06, 0x11, 0x06, 0x11, 0xE6, 0x10, 0xE6, 0x10,
    0xE6, 0x10, 0xE6, 0x10, 0xE6, 0x10, 0xE6, 0x10, 0xE6, 0x10, 0xE6, 0x10, 0xE6, 0x10, 0xE6, 0x10,
    0xE6, 0x10, 0xE6, 0x10, 0xE6, 0x10, 0xE6, 0x10, 0xE6, 0x10, 0xE6, 0x10, 0xE6, 0x10, 0xE6, 0x10,
    0xE6, 0x10, 0xE6, 0x10, 0xE6, 0x10, 0xE6, 0x10, 0xE6, 0x10, 0xE6, 0x10, 0xE6, 0x10, 0xE6, 0x10,
    0xE6, 0x10, 0xE6, 0x10, 0xE6, 0x10, 0xE6, 0x10, 0xE6, 0x10, 0xE6, 0x10, 0xE6, 0x10, 0xE6, 0x10,
    0xE6, 0x10, 0xE6, 0x10, 0xE6, 0x10, 0xE6, 0x10, 0xC6, 0x10, 0xC6, 0x10, 0xC6, 0x10, 0xC6, 0x08,
    0xC6, 0x08, 0xC6, 0x08, 0xC6, 0x08, 0xC6, 0x10, 0xC6, 0x10, 0xC6, 0x10, 0xE6, 0x10, 0xE6, 0x10,
    0xE6, 0x10, 0xE6, 0x10, 0xE6, 0x10, 0xE6, 0x10, 0xE6, 0x10, 0xE6, 0x10, 0xE6, 0x10, 0xE6, 0x10,
    0xE6, 0x10, 0xE6, 0x10, 0xE6, 0x10, 0xE6, 0x10, 0xE6, 0x10, 0xE6, 0x10, 0xE6, 0x10, 0xE6, 0x10,
    0xE6, 0x10, 0xE6, 0x10, 0xE6, 0x10, 0xE6, 0x10, 0xE6, 0x10, 0xE6, 0x10, 0xE6, 0x10, 0xE6, 0x10,
    0xE6, 0x10, 0xE6, 0x10, 0xE6, 0x10, 0xE6, 0x10, 0xE6, 0x10, 0xE6, 0x10, 0xE6, 0x10, 0xE6, 0x10,
    0xE6, 0x10, 0xE6, 0x10, 0xE6, 0x10, 0xE6, 0x10, 0xE6, 0x10, 0x06, 0x11, 0x06, 0x11, 0x06, 0x11,
    0x06, 0x11, 0x06, 0x11, 0x07, 0x11, 0x07, 0x11, 0x07, 0x11, 0x07, 0x11, 0x07, 0x11, 0x07, 0x11,
    0x07, 0x11, 0x07, 0x11, 0x07, 0x11, 0x07, 0x11, 0x07, 0x11, 0x07, 0x11, 0x07, 0x11, 0x07, 0x11,
    0x07, 0x11, 0x07, 0x11, 0x07, 0x11, 0x07, 0x11, 0x07, 0x11, 0x07, 0x11, 0x07, 0x11, 0x07, 0x11,
    0x07, 0x11, 0x07, 0x11, 0x07, 0x11, 0x07, 0x11, 0x07, 0x11, 0x07, 0x11, 0x07, 0x11, 0x07, 0x11,
    0x07, 0x11, 0x07, 0x11, 0x07, 0x11, 0x07, 0x11, 0x07, 0x11, 0x07, 0x11, 0x07, 0x11, 0x07, 0x11,
    0x07, 0x11, 0x07, 0x11, 0x07, 0x11, 0x07, 0x11, 0x07, 0x11, 0x07, 0x11, 0x07, 0x11, 0x07, 0x11,
    0x07, 0x11, 0x07, 0x11, 0x07, 0x11, 0x07, 0x11, 0x07, 0x11, 0x07, 0x11, 0x07, 0x11, 0x07, 0x11,
    0x07, 0x11, 0x07, 0x11, 0x07, 0x11, 0x07, 0x11, 0x07, 0x11, 0x07, 0x11, 0x07, 0x11, 0x07, 0x11,
    0x07, 0x11, 0x07, 0x11, 0x07, 0x11, 0x07, 0x11, 0x07, 0x11, 0x07, 0x11, 0x07, 0x11, 0x07, 0x11,
    0x07, 0x11, 0x07, 0x11, 0x07, 0x11, 0x07, 0x11, 0x07, 0x11, 0x07, 0x11, 0x07, 0x11, 0x07, 0x11,
    0x07, 0x11, 0x07, 0x11, 0x07, 0x11, 0x07, 0x11, 0x07, 0x11, 0x07, 0x11, 0x07, 0x11, 0x07, 0x11,
    0x07, 0x11, 0x07, 0x11, 0x07, 0x11, 0x07, 0x11, 0x07, 0x11, 0x07, 0x11, 0x07, 0x11, 0x07, 0x11,
    0x07, 0x11, 0x07, 0x11, 0x07, 0x11, 0x07, 0x11, 0x07, 0x11, 0x07, 0x11, 0x07, 0x11, 0x07, 0x11,
    0x07, 0x11, 0x07, 0x11, 0x07, 0x11, 0x07, 0x11, 0x07, 0x11, 0x07, 0x11, 0x07, 0x11, 0x07, 0x11,
    0x07, 0x11, 0x07, 0x11, 0x07, 0x11, 0x07, 0x11, 0x07, 0x11, 0x07, 0x11, 0x07, 0x11, 0x07, 0x11,
    0x07, 0x11, 0x07, 0x11, 0x07, 0x11, 0x07, 0x11, 0x07, 0x11, 0x07, 0x11, 0x07, 0x11, 0x07, 0x11,
    0x07, 0x11, 0x07, 0x11, 0x07, 0x11, 0x07, 0x11, 0x07, 0x11, 0x07, 0x11, 0x07, 0x11, 0x07, 0x11,
    0x07, 0x11, 0x07, 0x11, 0x07, 0x11, 0x07, 0x11, 0x07, 0x11, 0x07, 0x11, 0x07, 0x11, 0x06, 0x11,
    0x06, 0x11, 0x06, 0x11, 0x06, 0x11, 0x06, 0x11, 0xE6, 0x10, 0xE6, 0x10, 0xE6, 0x10, 0xE6, 0x10,
    0xE6, 0x10, 0xE6, 0x10, 0xE6, 0x10, 0xE6, 0x10, 0xE6, 0x10, 0xE6, 0x10, 0xE6, 0x10, 0xE6, 0x10,
    0xE6, 0x10, 0xE6, 0x10, 0xE6, 0x10, 0xE6, 0x10, 0xE6, 0x10, 0xE6, 0x10, 0xE6, 0x10, 0xE6, 0x10,
    0xE6, 0x10, 0xE6, 0x10, 0xE6, 0x10, 0xE6, 0x10, 0xE6, 0x10, 0xE6, 0x10, 0xE6, 0x10, 0xE6, 0x10,
    0xE6, 0x10, 0xE6, 0x10, 0xE6, 0x10, 0xE6, 0x10, 0xE6, 0x10, 0xE6, 0x10, 0xE6, 0x10, 0xE6, 0x10,
    0xE6, 0x10, 0xE6, 0x10, 0xE6, 0x10, 0xC6, 0x10, 0xC6, 0x10, 0xC6, 0x10, 0xC6, 0x08, 0xC6, 0x08,
    0xE6, 0x10, 0xE6, 0x10, 0xE6, 0x10, 0xE6, 0x10, 0xE6, 0x10, 0xE6, 0x10, 0xE6, 0x10, 0xE6, 0x10,
    0xE6, 0x10, 0xE6, 0x10, 0xE6, 0x10, 0xE6, 0x10, 0xE6, 0x10, 0xE6, 0x10, 0xE6, 0x10, 0xE6, 0x10,
    0xE6, 0x10, 0xE6, 0x10, 0xE6, 0x10, 0xE6, 0x10, 0xE6, 0x10, 0xE6, 0x10, 0xE6, 0x10, 0xE6, 0x10,
    0xE6, 0x10, 0xE6, 0x10, 0x07, 0x11, 0x07, 0x11, 0x07, 0x11, 0x07, 0x11, 0x07, 0x11, 0x07, 0x11,
    0x07, 0x11, 0x07, 0x11, 0x07, 0x11, 0x07, 0x11, 0x07, 0x11, 0x07, 0x11, 0x07, 0x11, 0x07, 0x11,
    0x07, 0x11, 0x07, 0x11, 0x07, 0x11, 0x07, 0x11, 0x07, 0x11, 0x07, 0x11, 0x07, 0x11, 0x07, 0x11,
    0x07, 0x11, 0x07, 0x11, 0x07, 0x11, 0x07, 0x11, 0x07, 0x11, 0x07, 0x11, 0x07, 0x11, 0x07, 0x11,
    0x07, 0x11, 0x07, 0x11, 0x07, 0x11, 0x07, 0x11, 0x07, 0x11, 0x07, 0x11, 0x07, 0x11, 0x07, 0x11,
    0x07, 0x11, 0x07, 0x11, 0x07, 0x11, 0x27, 0x11, 0x27, 0x11, 0x27, 0x11, 0x27, 0x11, 0x27, 0x11,
    0x27, 0x11, 0x27, 0x11, 0x27, 0x11, 0x27, 0x11, 0x27, 0x11, 0x27, 0x11, 0x27, 0x11, 0x27, 0x11,
    0x27, 0x11, 0x27, 0x11, 0x27, 0x11, 0x27, 0x11, 0x27, 0x11, 0x27, 0x11, 0x27, 0x11, 0x27, 0x11,
    0x27, 0x11, 0x27, 0x11, 0x27, 0x11, 0x28, 0x11, 0x28, 0x11, 0x28, 0x11, 0x28, 0x11, 0x28, 0x11,
    0x28, 0x11, 0x28, 0x11, 0x28, 0x11, 0x28, 0x11, 0x28, 0x11, 0x28, 0x11, 0x28, 0x11, 0x28, 0x19,
    0x28, 0x19, 0x28, 0x19, 0x28, 0x19, 0x28, 0x19, 0x28, 0x19, 0x28, 0x19, 0x28, 0x19, 0x28, 0x19,
    0x28, 0x19, 0x28, 0x19, 0x28, 0x19, 0x28, 0x19, 0x28, 0x19, 0x28, 0x19, 0x28, 0x19, 0x28, 0x19,
    0x28, 0x19, 0x28, 0x19, 0x28, 0x19, 0x28, 0x19, 0x28, 0x19, 0x28, 0x19, 0x28, 0x19, 0x28, 0x19,
    0x28, 0x19, 0x28, 0x19, 0x28, 0x19, 0x28, 0x19, 0x28, 0x19, 0x28, 0x19, 0x28, 0x19, 0x28, 0x19,
    0x28, 0x19, 0x28, 0x19, 0x28, 0x11, 0x28, 0x11, 0x28, 0x11, 0x28, 0x11, 0x28, 0x11, 0x28, 0x11,
    0x28, 0x11, 0x28, 0x11, 0x28, 0x11, 0x28, 0x11, 0x28, 0x11, 0x28, 0x11, 0x27, 0x11, 0x27, 0x11,
    0x27, 0x11, 0x27, 0x11, 0x27, 0x11, 0x27, 0x11, 0x27, 0x11, 0x27, 0x11, 0x27, 0x11, 0x27, 0x11,
    0x27, 0x11, 0x27, 0x11, 0x27, 0x11, 0x27, 0x11, 0x27, 0x11, 0x27, 0x11, 0x27, 0x11, 0x27, 0x11,
    0x27, 0x11, 0x27, 0x11, 0x27, 0x11, 0x27, 0x11, 0x27, 0x11, 0x27, 0x11, 0x07, 0x11, 0x07, 0x11,
    0x07, 0x11, 0x07, 0x11, 0x07, 0x11, 0x07, 0x11, 0x07, 0x11, 0x07, 0x11, 0x07, 0x11, 0x07, 0x11,
    0x07, 0x11, 0x07, 0x11, 0x07, 0x11, 0x07, 0x11, 0x07, 0x11, 0x07, 0x11, 0x07, 0x11, 0x07, 0x11,
    0x07, 0x11, 0x07, 0x11, 0x07, 0x11, 0x07, 0x11, 0x07, 0x11, 0x07, 0x11, 0x07, 0x11, 0x07, 0x11,
    0x07, 0x11, 0x07, 0x11, 0x07, 0x11, 0x07, 0x11, 0x07, 0x11, 0x07, 0x11, 0x07, 0x11, 0x07, 0x11,
    0x07, 0x11, 0x07, 0x11, 0x07, 0x11, 0x07, 0x11, 0x07, 0x11, 0x07, 0x11, 0x07, 0x11, 0xE6, 0x10,
    0xE6, 0x10, 0xE6, 0x10, 0xE6, 0x10, 0xE6, 0x10, 0xE6, 0x10, 0xE6, 0x10, 0xE6, 0x10, 0xE6, 0x10,
    0xE6, 0x10, 0xE6, 0x10, 0xE6, 0x10, 0xE6, 0x10, 0xE6, 0x10, 0xE6, 0x10, 0xE6, 0x10, 0xE6, 0x10,
    0xE6, 0x10, 0xE6, 0x10, 0xE6, 0x10, 0xE6, 0x10, 0xE6, 0x10, 0xE6, 0x10, 0xE6, 0x10, 0xE6, 0x10,
    0xC5, 0x08, 0xC5, 0x08, 0xC6, 0x08, 0xC6, 0x08, 0xC6, 0x08, 0xC6, 0x10, 0xC6, 0x10, 0xC6, 0x10,
    0xC6, 0x10, 0xE6, 0x10, 0xE6, 0x10, 0xE6, 0x10, 0xE6, 0x10, 0xE6, 0x10, 0xE6, 0x10, 0xE6, 0x10,
    0xE6, 0x10, 0xE6, 0x10, 0xE6, 0x10, 0xE6, 0x10, 0xE6, 0x10, 0xE6, 0x10, 0xE6, 0x10, 0xE6, 0x10,
    0xE6, 0x10, 0xE6, 0x10, 0xE6, 0x10, 0xE6, 0x10, 0xE6, 0x10, 0xE6, 0x10, 0xE6, 0x10, 0xE6, 0x10,
    0xE6, 0x10, 0xE6, 0x10, 0xE6, 0x10, 0xE6, 0x10, 0xE6, 0x10, 0xE6, 0x10, 0xE6, 0x10, 0xE6, 0x10,
    0xE6, 0x10, 0xE6, 0x10, 0xE6, 0x10, 0xE6, 0x10, 0xE6, 0x10, 0xE6, 0x10, 0xE6, 0x10, 0xE6, 0x10,
    0xE6, 0x10, 0x06, 0x11, 0x06, 0x11, 0x06, 0x11, 0x06, 0x11, 0x06, 0x11, 0x06, 0x11, 0x07, 0x11,
    0x07, 0x11, 0x07, 0x11, 0x07, 0x11, 0x07, 0x11, 0x07, 0x11, 0x07, 0x11, 0x07, 0x11, 0x07, 0x11,
    0x07, 0x11, 0x07, 0x11, 0x07, 0x11, 0x07, 0x11, 0x07, 0x11, 0x07, 0x11, 0x07, 0x11, 0x07, 0x11,
    0x07, 0x11, 0x07, 0x11, 0x07, 0x11, 0x07, 0x11, 0x07, 0x11, 0x07, 0x11, 0x07, 0x11, 0x07, 0x11,
    0x07, 0x11, 0x07, 0x11, 0x07, 0x11, 0x07, 0x11, 0x07, 0x11, 0x07, 0x11, 0x07, 0x11, 0x07, 0x11,
    0x07, 0x11, 0x07, 0x11, 0x07, 0x11, 0x07, 0x11, 0x07, 0x11, 0x07, 0x11, 0x07, 0x11, 0x07, 0x11,
    0x07, 0x11, 0x07, 0x11, 0x07, 0x11, 0x07, 0x11, 0x07, 0x11, 0x07, 0x11, 0x07, 0x11, 0x07, 0x11,
    0x07, 0x11, 0x07, 0x11, 0x07, 0x11, 0x07, 0x11, 0x07, 0x11, 0x07, 0x11, 0x07, 0x11, 0x07, 0x11,
    0x07, 0x11, 0x07, 0x11, 0x07, 0x11, 0x07, 0x11, 0x07, 0x11, 0x07, 0x11, 0x07, 0x11, 0x07, 0x11,
    0x07, 0x11, 0x07, 0x11, 0x07, 0x11, 0x07, 0x11, 0x07, 0x11, 0x07, 0x11, 0x07, 0x11, 0x07, 0x11,
    0x07, 0x11, 0x07, 0x11, 0x07, 0x11, 0x07, 0x11, 0x07, 0x11, 0x07, 0x11, 0x07, 0x11, 0x07, 0x11,
    0x07, 0x11, 0x07, 0x11, 0x07, 0x11, 0x07, 0x11, 0x07, 0x11, 0x07, 0x11, 0x07, 0x11, 0x07, 0x11,
    0x07, 0x11, 0x07, 0x11, 0x07, 0x11, 0x07, 0x11, 0x07, 0x11, 0x07, 0x11, 0x07, 0x11, 0x07, 0x11,
    0x07, 0x11, 0x07, 0x11, 0x07, 0x11, 0x07, 0x11, 0x07, 0x11, 0x07, 0x11, 0x07, 0x11, 0x07, 0x11,
    0x07, 0x11, 0x07, 0x11, 0x07, 0x11, 0x07, 0x11, 0x07, 0x11, 0x07, 0x11, 0x07, 0x11, 0x07, 0x11,
    0x07, 0x11, 0x07, 0x11, 0x07, 0x11, 0x07, 0x11, 0x07, 0x11, 0x07, 0x11, 0x07, 0x11, 0x07, 0x11,
    0x07, 0x11, 0x07, 0x11, 0x07, 0x11, 0x07, 0x11, 0x07, 0x11, 0x07, 0x11, 0x07, 0x11, 0x07, 0x11,
    0x07, 0x11, 0x07, 0x11, 0x06, 0x11, 0x06, 0x11, 0x06, 0x11, 0x06, 0x11, 0x06, 0x11, 0x06, 0x11,
    0xE6, 0x10, 0xE6, 0x10, 0xE6, 0x10, 0xE6, 0x10, 0xE6, 0x10, 0xE6, 0x10, 0xE6, 0x10, 0xE6, 0x10,
    0xE6, 0x10, 0xE6, 0x10, 0xE6, 0x10, 0xE6, 0x10, 0xE6, 0x10, 0xE6, 0x10, 0xE6, 0x10, 0xE6, 0x10,
    0xE6, 0x10, 0xE6, 0x10, 0xE6, 0x10, 0xE6, 0x10, 0xE6, 0x10, 0xE6, 0x10, 0xE6, 0x10, 0xE6, 0x10,
    0xE6, 0x10, 0xE6, 0x10, 0xE6, 0x10, 0xE6, 0x10, 0xE6, 0x10, 0xE6, 0x10, 0xE6, 0x10, 0xE6, 0x10,
    0xE6, 0x10, 0xE6, 0x10, 0xE6, 0x10, 0xE6, 0x10, 0xE6, 0x10, 0xE6, 0x10, 0xE6, 0x10, 0xE6, 0x10,
    0xC6, 0x10, 0xC6, 0x10, 0xC6, 0x10, 0xC6, 0x10, 0xC6, 0x08, 0xC6, 0x08, 0xC6, 0x08, 0xC5, 0x08,
    0xC5, 0x08, 0xC5, 0x08, 0xC5, 0x08, 0xC6, 0x08, 0xC6, 0x08, 0xC6, 0x08, 0xC6, 0x10, 0xC6, 0x10,
    0xC6, 0x10, 0xC6, 0x10, 0xC6, 0x10, 0xE6, 0x10, 0xE6, 0x10, 0xE6, 0x10, 0xE6, 0x10, 0xE6, 0x10,
    0xE6, 0x10, 0xE6, 0x10, 0xE6, 0x10, 0xE6, 0x10, 0xE6, 0x10, 0xE6, 0x10, 0xE6, 0x10, 0xE6, 0x10,
    0xE6, 0x10, 0xE6, 0x10, 0xE6, 0x10, 0xE6, 0x10, 0xE6, 0x10, 0xE6, 0x10, 0xE6, 0x10, 0xE6, 0x10,
    0xE6, 0x10, 0xE6, 0x10, 0xE6, 0x10, 0xE6, 0x10, 0xE6, 0x10, 0xE6, 0x10, 0xE6, 0x10, 0xE6, 0x10,
    0xE6, 0x10, 0xE6, 0x10, 0xE6, 0x10, 0xE6, 0x10, 0xE6, 0x10, 0xE6, 0x10, 0xE6, 0x10, 0xE6, 0x10,
    0xE6, 0x10, 0xE6, 0x10, 0xE6, 0x10, 0x06, 0x11, 0x06, 0x11, 0x06, 0x11, 0x06, 0x11, 0x06, 0x11,
    0x06, 0x11, 0x07, 0x11, 0x07, 0x11, 0x07, 0x11, 0x07, 0x11, 0x07, 0x11, 0x07, 0x11, 0x07, 0x11,
    0x07, 0x11, 0x07, 0x11, 0x07, 0x11, 0x07, 0x11, 0x07, 0x11, 0x07, 0x11, 0x07, 0x11, 0x07, 0x11,
    0x07, 0x11, 0x07, 0x11, 0x07, 0x11, 0x07, 0x11, 0x07, 0x11, 0x07, 0x11, 0x07, 0x11, 0x07, 0x11,
    0x07, 0x11, 0x07, 0x11, 0x07, 0x11, 0x07, 0x11, 0x07, 0x11, 0x07, 0x11, 0x07, 0x11, 0x07, 0x11,
    0x07, 0x11, 0x07, 0x11, 0x07, 0x11, 0x07, 0x11, 0x07, 0x11, 0x07, 0x11, 0x07, 0x11, 0x07, 0x11,
    0x07, 0x11, 0x07, 0x11, 0x07, 0x11, 0x07, 0x11, 0x07, 0x11, 0x07, 0x11, 0x07, 0x11, 0x07, 0x11,
    0x07, 0x11, 0x07, 0x11, 0x07, 0x11, 0x07, 0x11, 0x07, 0x11, 0x07, 0x11, 0x07, 0x11, 0x07, 0x11,
    0x07, 0x11, 0x07, 0x11, 0x07, 0x11, 0x07, 0x11, 0x07, 0x11, 0x07, 0x11, 0x07, 0x11, 0x07, 0x11,
    0x07, 0x11, 0x07, 0x11, 0x07, 0x11, 0x07, 0x11, 0x07, 0x11, 0x07, 0x11, 0x07, 0x11, 0x07, 0x11,
    0x07, 0x11, 0x07, 0x11, 0x07, 0x11, 0x07, 0x11, 0x07, 0x11, 0x07, 0x11, 0x07, 0x11, 0x07, 0x11,
    0x07, 0x11, 0x07, 0x11, 0x07, 0x11, 0x07, 0x11, 0x07, 0x11, 0x07, 0x11, 0x07, 0x11, 0x07, 0x11,
    0x07, 0x11, 0x07, 0x11, 0x07, 0x11, 0x07, 0x11, 0x07, 0x11, 0x07, 0x11, 0x07, 0x11, 0x07, 0x11,
    0x07, 0x11, 0x07, 0x11, 0x07, 0x11, 0x07, 0x11, 0x07, 0x11, 0x07, 0x11, 0x07, 0x11, 0x07, 0x11,
    0x07, 0x11, 0x07, 0x11, 0x07, 0x11, 0x07, 0x11, 0x07, 0x11, 0x07, 0x11, 0x07, 0x11, 0x07, 0x11,
    0x07, 0x11, 0x07, 0x11, 0x07, 0x11, 0x07, 0x11, 0x07, 0x11, 0x07, 0x11, 0x07, 0x11, 0x07, 0x11,
    0x07, 0x11, 0x07, 0x11, 0x07, 0x11, 0x07, 0x11, 0x07, 0x11, 0x07, 0x11, 0x07, 0x11, 0x07, 0x11,
    0x06, 0x11, 0x06, 0x11, 0x06, 0x11, 0x06, 0x11, 0x06, 0x11, 0x06, 0x11, 0xE6, 0x10, 0xE6, 0x10,
    0xE6, 0x10, 0xE6, 0x10, 0xE6, 0x10, 0xE6, 0x10, 0xE6, 0x10, 0xE6, 0x10, 0xE6, 0x10, 0xE6, 0x10,
    0xE6, 0x10, 0xE6, 0x10, 0xE6, 0x10, 0xE6, 0x10, 0xE6, 0x10, 0xE6, 0x10, 0xE6, 0x10, 0xE6, 0x10,
    0xE6, 0x10, 0xE6, 0x10, 0xE6, 0x10, 0xE6, 0x10, 0xE6, 0x10, 0xE6, 0x10, 0xE6, 0x10, 0xE6, 0x10,
    0xE6, 0x10, 0xE6, 0x10, 0xE6, 0x10, 0xE6, 0x10, 0xE6, 0x10, 0xE6, 0x10, 0xE6, 0x10, 0xE6, 0x10,
    0xE6, 0x10, 0xE6, 0x10, 0xE6, 0x10, 0xE6, 0x10, 0xE6, 0x10, 0xE6, 0x10, 0xC6, 0x10, 0xC6, 0x10,
    0xC6, 0x10, 0xC6, 0x10, 0xC6, 0x10, 0xC6, 0x08, 0xC6, 0x08, 0xC6, 0x08, 0xC5, 0x08, 0xC5, 0x08,
    0xE6, 0x10, 0xE6, 0x10, 0xE6, 0x10, 0xE6, 0x10, 0xE6, 0x10, 0xE6, 0x10, 0xE6, 0x10, 0xE6, 0x10,
    0xE6, 0x10, 0xE6, 0x10, 0xE6, 0x10, 0xE6, 0x10, 0xE6, 0x10, 0xE6, 0x10, 0xE6, 0x10, 0xE6, 0x10,
    0xE6, 0x10, 0xE6, 0x10, 0xE6, 0x10, 0xE6, 0x10, 0xE6, 0x10, 0xE6, 0x10, 0xE6, 0x10, 0xE6, 0x10,
    0xE6, 0x10, 0xE6, 0x10, 0xE6, 0x10, 0xE6, 0x10, 0xE6, 0x10, 0xE6, 0x10, 0xE6, 0x10, 0x06, 0x11,
    0x07, 0x11, 0x07, 0x11, 0x07, 0x11, 0x07, 0x11, 0x07, 0x11, 0x07, 0x11, 0x07, 0x11, 0x07, 0x11,
    0x07, 0x11, 0x07, 0x11, 0x07, 0x11, 0x07, 0x11, 0x07, 0x11, 0x07, 0x11, 0x07, 0x11, 0x07, 0x11,
    0x07, 0x11, 0x07, 0x11, 0x07, 0x11, 0x07, 0x11, 0x07, 0x11, 0x07, 0x11, 0x07, 0x11, 0x07, 0x11,
    0x07, 0x11, 0x07, 0x11, 0x07, 0x11, 0x07, 0x11, 0x07, 0x11, 0x07, 0x11, 0x07, 0x11, 0x07, 0x11,
    0x07, 0x11, 0x07, 0x11, 0x07, 0x11, 0x07, 0x11, 0x07, 0x11, 0x07, 0x11, 0x07, 0x11, 0x07, 0x11,
    0x07, 0x11, 0x07, 0x11, 0x07, 0x11, 0x07, 0x11, 0x27, 0x11, 0x27, 0x11, 0x27, 0x11, 0x27, 0x11,
    0x27, 0x11, 0x27, 0x11, 0x27, 0x11, 0x27, 0x11, 0x27, 0x11, 0x27, 0x11, 0x27, 0x11, 0x27, 0x11,
    0x27, 0x11, 0x27, 0x11, 0x27, 0x11, 0x27, 0x11, 0x27, 0x11, 0x27, 0x11, 0x27, 0x11, 0x27, 0x11,
    0x27, 0x11, 0x27, 0x11, 0x27, 0x11, 0x27, 0x11, 0x27, 0x11, 0x27, 0x11, 0x27, 0x11, 0x27, 0x11,
    0x27, 0x11, 0x27, 0x11, 0x27, 0x11, 0x27, 0x11, 0x27, 0x11, 0x27, 0x11, 0x27, 0x11, 0x27, 0x11,
    0x27, 0x11, 0x27, 0x11, 0x27, 0x11, 0x27, 0x11, 0x27, 0x11, 0x27, 0x11, 0x27, 0x11, 0x27, 0x11,
    0x27, 0x11, 0x27, 0x11, 0x27, 0x11, 0x27, 0x11, 0x27, 0x11, 0x27, 0x11, 0x27, 0x11, 0x27, 0x11,
    0x27, 0x11, 0x27, 0x11, 0x27, 0x11, 0x27, 0x11, 0x27, 0x11, 0x27, 0x11, 0x27, 0x11, 0x27, 0x11,
    0x27, 0x11, 0x27, 0x11, 0x27, 0x11, 0x27, 0x11, 0x27, 0x11, 0x27, 0x11, 0x27, 0x11, 0x27, 0x11,
    0x27, 0x11, 0x27, 0x11, 0x27, 0x11, 0x27, 0x11, 0x27, 0x11, 0x27, 0x11, 0x27, 0x11, 0x27, 0x11,
    0x27, 0x11, 0x27, 0x11, 0x27, 0x11, 0x27, 0x11, 0x27, 0x11, 0x27, 0x11, 0x27, 0x11, 0x27, 0x11,
    0x27, 0x11, 0x27, 0x11, 0x27, 0x11, 0x27, 0x11, 0x27, 0x11, 0x07, 0x11, 0x07, 0x11, 0x07, 0x11,
    0x07, 0x11, 0x07, 0x11, 0x07, 0x11, 0x07, 0x11, 0x07, 0x11, 0x07, 0x11, 0x07, 0x11, 0x07, 0x11,
    0x07, 0x11, 0x07, 0x11, 0x07, 0x11, 0x07, 0x11, 0x07, 0x11, 0x07, 0x11, 0x07, 0x11, 0x07, 0x11,
    0x07, 0x11, 0x07, 0x11, 0x07, 0x11, 0x07, 0x11, 0x07, 0x11, 0x07, 0x11, 0x07, 0x11, 0x07, 0x11,
    0x07, 0x11, 0x07, 0x11, 0x07, 0x11, 0x07, 0x11, 0x07, 0x11, 0x07, 0x11, 0x07, 0x11, 0x07, 0x11,
    0x07, 0x11, 0x07, 0x11, 0x07, 0x11, 0x07, 0x11, 0x07, 0x11, 0x07, 0x11, 0x07, 0x11, 0x07, 0x11,
    0x07, 0x11, 0x06, 0x11, 0xE6, 0x10, 0xE6, 0x10, 0xE6, 0x10, 0xE6, 0x10, 0xE6, 0x10, 0xE6, 0x10,
    0xE6, 0x10, 0xE6, 0x10, 0xE6, 0x10, 0xE6, 0x10, 0xE6, 0x10, 0xE6, 0x10, 0xE6, 0x10, 0xE6, 0x10,
    0xE6, 0x10, 0xE6, 0x10, 0xE6, 0x10, 0xE6, 0x10, 0xE6, 0x10, 0xE6, 0x10, 0xE6, 0x10, 0xE6, 0x10,
    0xE6, 0x10, 0xE6, 0x10, 0xE6, 0x10, 0xE6, 0x10, 0xE6, 0x10, 0xE6, 0x10, 0xE6, 0x10, 0xE6, 0x10,
    0xC5, 0x08, 0xC5, 0x08, 0xC5, 0x08, 0xC5, 0x08, 0xC5, 0x08, 0xC5, 0x08, 0xC6, 0x08, 0xC6, 0x08,
    0xC6, 0x08, 0xC6, 0x10, 0xC6, 0x10, 0xC6, 0x10, 0xC6, 0x10, 0xC6, 0x10, 0xE6, 0x10, 0xE6, 0x10,
    0xE6, 0x10, 0xE6, 0x10, 0xE6, 0x10, 0xE6, 0x10, 0xE6, 0x10, 0xE6, 0x10, 0xE6, 0x10, 0xE6, 0x10,
    0xE6, 0x10, 0xE6, 0x10, 0xE6, 0x10, 0xE6, 0x10, 0xE6, 0x10, 0xE6, 0x10, 0xE6, 0x10, 0xE6, 0x10,
    0xE6, 0x10, 0xE6, 0x10, 0xE6, 0x10, 0xE6, 0x10, 0xE6, 0x10, 0xE6, 0x10, 0xE6, 0x10, 0xE6, 0x10,
    0xE6, 0x10, 0xE6, 0x10, 0xE6, 0x10, 0xE6, 0x10, 0xE6, 0x10, 0xE6, 0x10, 0xE6, 0x10, 0xE6, 0x10,
    0xE6, 0x10, 0xE6, 0x10, 0xE6, 0x10, 0xE6, 0x10, 0xE6, 0x10, 0xE6, 0x10, 0xE6, 0x10, 0xE6, 0x10,
    0x06, 0x11, 0x06, 0x11, 0x06, 0x11, 0x06, 0x11, 0x06, 0x11, 0x06, 0x11, 0x06, 0x11, 0x07, 0x11,
    0x07, 0x11, 0x07, 0x11, 0x07, 0x11, 0x07, 0x11, 0x07, 0x11, 0x07, 0x11, 0x07, 0x11, 0x07, 0x11,
    0x07, 0x11, 0x07, 0x11, 0x07, 0x11, 0x07, 0x11, 0x07, 0x11, 0x07, 0x11, 0x07, 0x11, 0x07, 0x11,
    0x07, 0x11, 0x07, 0x11, 0x07, 0x11, 0x07, 0x11, 0x07, 0x11, 0x07, 0x11, 0x07, 0x11, 0x07, 0x11,
    0x07, 0x11, 0x07, 0x11, 0x07, 0x11, 0x07, 0x11, 0x07, 0x11, 0x07, 0x11, 0x07, 0x11, 0x07, 0x11,
    0x07, 0x11, 0x07, 0x11, 0x07, 0x11, 0x07, 0x11, 0x07, 0x11, 0x07, 0x11, 0x07, 0x11, 0x07, 0x11,
    0x07, 0x11, 0x07, 0x11, 0x07, 0x11, 0x07, 0x11, 0x07, 0x11, 0x07, 0x11, 0x07, 0x11, 0x07, 0x11,
    0x07, 0x11, 0x07, 0x11, 0x07, 0x11, 0x07, 0x11, 0x07, 0x11, 0x07, 0x11, 0x07, 0x11, 0x07, 0x11,
    0x07, 0x11, 0x07, 0x11, 0x07, 0x11, 0x07, 0x11, 0x07, 0x11, 0x07, 0x11, 0x07, 0x11, 0x07, 0x11,
    0x07, 0x11, 0x07, 0x11, 0x07, 0x11, 0x07, 0x11, 0x07, 0x11, 0x07, 0x11, 0x07, 0x11, 0x07, 0x11,
    0x07, 0x11, 0x07, 0x11, 0x07, 0x11, 0x07, 0x11, 0x07, 0x11, 0x07, 0x11, 0x07, 0x11, 0x07, 0x11,
    0x07, 0x11, 0x07, 0x11, 0x07, 0x11, 0x07, 0x11, 0x07, 0x11, 0x07, 0x11, 0x07, 0x11, 0x07, 0x11,
    0x07, 0x11, 0x07, 0x11, 0x07, 0x11, 0x07, 0x11, 0x07, 0x11, 0x07, 0x11, 0x07, 0x11, 0x07, 0x11,
    0x07, 0x11, 0x07, 0x11, 0x07, 0x11, 0x07, 0x11, 0x07, 0x11, 0x07, 0x11, 0x07, 0x11, 0x07, 0x11,
    0x07, 0x11, 0x07, 0x11, 0x07, 0x11, 0x07, 0x11, 0x07, 0x11, 0x07, 0x11, 0x07, 0x11, 0x07, 0x11,
    0x07, 0x11, 0x07, 0x11, 0x06, 0x11, 0x06, 0x11, 0x06, 0x11, 0x06, 0x11, 0x06, 0x11, 0x06, 0x11,
    0x06, 0x11, 0xE6, 0x10, 0xE6, 0x10, 0xE6, 0x10, 0xE6, 0x10, 0xE6, 0x10, 0xE6, 0x10, 0xE6, 0x10,
    0xE6, 0x10, 0xE6, 0x10, 0xE6, 0x10, 0xE6, 0x10, 0xE6, 0x10, 0xE6, 0x10, 0xE6, 0x10, 0xE6, 0x10,
    0xE6, 0x10, 0xE6, 0x10, 0xE6, 0x10, 0xE6, 0x10, 0xE6, 0x10, 0xE6, 0x10, 0xE6, 0x10, 0xE6, 0x10,
    0xE6, 0x10, 0xE6, 0x10, 0xE6, 0x10, 0xE6, 0x10, 0xE6, 0x10, 0xE6, 0x10, 0xE6, 0x10, 0xE6, 0x10,
    0xE6, 0x10, 0xE6, 0x10, 0xE6, 0x10, 0xE6, 0x10, 0xE6, 0x10, 0xE6, 0x10, 0xE6, 0x10, 0xE6, 0x10,
    0xE6, 0x10, 0xE6, 0x10, 0xE6, 0x10, 0xC6, 0x10, 0xC6, 0x10, 0xC6, 0x10, 0xC6, 0x10, 0xC6, 0x10,
    0xC6, 0x08, 0xC6, 0x08, 0xC6, 0x08, 0xC5, 0x08, 0xC5, 0x08, 0xC5, 0x08, 0xC5, 0x08, 0xC5, 0x08,
    0xC5, 0x08, 0xC5, 0x08, 0xC5, 0x08, 0xC5, 0x08, 0xC5, 0x08, 0xC5, 0x08, 0xC5, 0x08, 0xC5, 0x08,
    0xC6, 0x08, 0xC6, 0x08, 0xC6, 0x10, 0xC6, 0x10, 0xC6, 0x10, 0xC6, 0x10, 0xC6, 0x10, 0xC6, 0x10,
    0xE6, 0x10, 0xE6, 0x10, 0xE6, 0x10, 0xE6, 0x10, 0xE6, 0x10, 0xE6, 0x10, 0xE6, 0x10, 0xE6, 0x10,
    0xE6, 0x10, 0xE6, 0x10, 0xE6, 0x10, 0xE6, 0x10, 0xE6, 0x10, 0xE6, 0x10, 0xE6, 0x10, 0xE6, 0x10,
    0xE6, 0x10, 0xE6, 0x10, 0xE6, 0x10, 0xE6, 0x10, 0xE6, 0x10, 0xE6, 0x10, 0xE6, 0x10, 0xE6, 0x10,
    0xE6, 0x10, 0xE6, 0x10, 0xE6, 0x10, 0xE6, 0x10, 0xE6, 0x10, 0xE6, 0x10, 0xE6, 0x10, 0xE6, 0x10,
    0xE6, 0x10, 0xE6, 0x10, 0xE6, 0x10, 0xE6, 0x10, 0xE6, 0x10, 0xE6, 0x10, 0xE6, 0x10, 0xE6, 0x10,
    0xE6, 0x10, 0xE6, 0x10, 0xE6, 0x10, 0x06, 0x11, 0x06, 0x11, 0x06, 0x11, 0x06, 0x11, 0x06, 0x11,
    0x06, 0x11, 0x06, 0x11, 0x07, 0x11, 0x07, 0x11, 0x07, 0x11, 0x07, 0x11, 0x07, 0x11, 0x07, 0x11,
    0x07, 0x11, 0x07, 0x11, 0x07, 0x11, 0x07, 0x11, 0x07, 0x11, 0x07, 0x11, 0x07, 0x11, 0x07, 0x11,
    0x07, 0x11, 0x07, 0x11, 0x07, 0x11, 0x07, 0x11, 0x07, 0x11, 0x07, 0x11, 0x07, 0x11, 0x07, 0x11,
    0x07, 0x11, 0x07, 0x11, 0x07, 0x11, 0x07, 0x11, 0x07, 0x11, 0x07, 0x11, 0x07, 0x11, 0x07, 0x11,
    0x07, 0x11, 0x07, 0x11, 0x07, 0x11, 0x07, 0x11, 0x07, 0x11, 0x07, 0x11, 0x07, 0x11, 0x07, 0x11,
    0x07, 0x11, 0x07, 0x11, 0x07, 0x11, 0x07, 0x11, 0x07, 0x11, 0x07, 0x11, 0x07, 0x11, 0x07, 0x11,
    0x07, 0x11, 0x07, 0x11, 0x07, 0x11, 0x07, 0x11, 0x07, 0x11, 0x07, 0x11, 0x07, 0x11, 0x07, 0x11,
    0x07, 0x11, 0x07, 0x11, 0x07, 0x11, 0x07, 0x11, 0x07, 0x11, 0x07, 0x11, 0x07, 0x11, 0x07, 0x11,
    0x07, 0x11, 0x07, 0x11, 0x07, 0x11, 0x07, 0x11, 0x07, 0x11, 0x07, 0x11, 0x07, 0x11, 0x07, 0x11,
    0x07, 0x11, 0x07, 0x11, 0x07, 0x11, 0x07, 0x11, 0x07, 0x11, 0x07, 0x11, 0x07, 0x11, 0x07, 0x11,
    0x07, 0x11, 0x07, 0x11, 0x07, 0x11, 0x07, 0x11, 0x07, 0x11, 0x07, 0x11, 0x07, 0x11, 0x07, 0x11,
    0x07, 0x11, 0x07, 0x11, 0x07, 0x11, 0x07, 0x11, 0x07, 0x11, 0x07, 0x11, 0x07, 0x11, 0x07, 0x11,
    0x07, 0x11, 0x07, 0x11, 0x07, 0x11, 0x07, 0x11, 0x07, 0x11, 0x07, 0x11, 0x07, 0x11, 0x07, 0x11,
    0x07, 0x11, 0x07, 0x11, 0x07, 0x11, 0x07, 0x11, 0x07, 0x11, 0x07, 0x11, 0x07, 0x11, 0x06, 0x11,
    0x06, 0x11, 0x06, 0x11, 0x06, 0x11, 0x06, 0x11, 0x06, 0x11, 0x06, 0x11, 0xE6, 0x10, 0xE6, 0x10,
    0xE6, 0x10, 0xE6, 0x10, 0xE6, 0x10, 0xE6, 0x10, 0xE6, 0x10, 0xE6, 0x10, 0xE6, 0x10, 0xE6, 0x10,
    0xE6, 0x10, 0xE6, 0x10, 0xE6, 0x10, 0xE6, 0x10, 0xE6, 0x10, 0xE6, 0x10, 0xE6, 0x10, 0xE6, 0x10,
    0xE6, 0x10, 0xE6, 0x10, 0xE6, 0x10, 0xE6, 0x10, 0xE6, 0x10, 0xE6, 0x10, 0xE6, 0x10, 0xE6, 0x10,
    0xE6, 0x10, 0xE6, 0x10, 0xE6, 0x10, 0xE6, 0x10, 0xE6, 0x10, 0xE6, 0x10, 0xE6, 0x10, 0xE6, 0x10,
    0xE6, 0x10, 0xE6, 0x10, 0xE6, 0x10, 0xE6, 0x10, 0xE6, 0x10, 0xE6, 0x10, 0xE6, 0x10, 0xE6, 0x10,
    0xE6, 0x10, 0xC6, 0x10, 0xC6, 0x10, 0xC6, 0x10, 0xC6, 0x10, 0xC6, 0x10, 0xC6, 0x10, 0xC6, 0x08,
    0xC6, 0x08, 0xC5, 0x08, 0xC5, 0x08, 0xC5, 0x08, 0xC5, 0x08, 0xC5, 0x08, 0xC5, 0x08, 0xC5, 0x08,
    0xC6, 0x10, 0xE6, 0x10, 0xE6, 0x10, 0xE6, 0x10, 0xE6, 0x10, 0xE6, 0x10, 0xE6, 0x10, 0xE6, 0x10,
    0xE6, 0x10, 0xE6, 0x10, 0xE6, 0x10, 0xE6, 0x10, 0xE6, 0x10, 0xE6, 0x10, 0xE6, 0x10, 0xE6, 0x10,
    0xE6, 0x10, 0xE6, 0x10, 0xE6, 0x10, 0xE6, 0x10, 0xE6, 0x10, 0xE6, 0x10, 0xE6, 0x10, 0xE6, 0x10,
    0xE6, 0x10, 0xE6, 0x10, 0xE6, 0x10, 0xE6, 0x10, 0xE6, 0x10, 0xE6, 0x10, 0xE6, 0x10, 0xE6, 0x10,
    0xE6, 0x10, 0xE6, 0x10, 0xE6, 0x10, 0xE6, 0x10, 0xE6, 0x10, 0x06, 0x11, 0x07, 0x11, 0x07, 0x11,
    0x07, 0x11, 0x07, 0x11, 0x07, 0x11, 0x07, 0x11, 0x07, 0x11, 0x07, 0x11, 0x07, 0x11, 0x07, 0x11,
    0x07, 0x11, 0x07, 0x11, 0x07, 0x11, 0x07, 0x11, 0x07, 0x11, 0x07, 0x11, 0x07, 0x11, 0x07, 0x11,
    0x07, 0x11, 0x07, 0x11, 0x07, 0x11, 0x07, 0x11, 0x07, 0x11, 0x07, 0x11, 0x07, 0x11, 0x07, 0x11,
    0x07, 0x11, 0x07, 0x11, 0x07, 0x11, 0x07, 0x11, 0x07, 0x11, 0x07, 0x11, 0x07, 0x11, 0x07, 0x11,
    0x07, 0x11, 0x07, 0x11, 0x07, 0x11, 0x07, 0x11, 0x07, 0x11, 0x07, 0x11, 0x07, 0x11, 0x07, 0x11,
    0x07, 0x11, 0x07, 0x11, 0x07, 0x11, 0x07, 0x11, 0x07, 0x11, 0x07, 0x11, 0x07, 0x11, 0x07, 0x11,
    0x27, 0x11, 0x27, 0x11, 0x27, 0x11, 0x27, 0x11, 0x27, 0x11, 0x27, 0x11, 0x27, 0x11, 0x27, 0x11,
    0x27, 0x11, 0x27, 0x11, 0x27, 0x11, 0x27, 0x11, 0x27, 0x11, 0x27, 0x11, 0x27, 0x11, 0x27, 0x11,
    0x27, 0x11, 0x27, 0x11, 0x27, 0x11, 0x27, 0x11, 0x27, 0x11, 0x27, 0x11, 0x27, 0x11, 0x27, 0x11,
    0x27, 0x11, 0x27, 0x11, 0x27, 0x11, 0x27, 0x11, 0x27, 0x11, 0x27, 0x11, 0x27, 0x11, 0x27, 0x11,
    0x27, 0x11, 0x27, 0x11, 0x27, 0x11, 0x27, 0x11, 0x27, 0x11, 0x27, 0x11, 0x27, 0x11, 0x27, 0x11,
    0x27, 0x11, 0x27, 0x11, 0x27, 0x11, 0x27, 0x11, 0x27, 0x11, 0x27, 0x11, 0x27, 0x11, 0x27, 0x11,
    0x27, 0x11, 0x27, 0x11, 0x27, 0x11, 0x27, 0x11, 0x27, 0x11, 0x27, 0x11, 0x27, 0x11, 0x27, 0x11,
    0x27, 0x11, 0x27, 0x11, 0x27, 0x11, 0x27, 0x11, 0x27, 0x11, 0x27, 0x11, 0x27, 0x11, 0x27, 0x11,
    0x27, 0x11, 0x07, 0x11, 0x07, 0x11, 0x07, 0x11, 0x07, 0x11, 0x07, 0x11, 0x07, 0x11, 0x07, 0x11,
    0x07, 0x11, 0x07, 0x11, 0x07, 0x11, 0x07, 0x11, 0x07, 0x11, 0x07, 0x11, 0x07, 0x11, 0x07, 0x11,
    0x07, 0x11, 0x07, 0x11, 0x07, 0x11, 0x07, 0x11, 0x07, 0x11, 0x07, 0x11, 0x07, 0x11, 0x07, 0x11,
    0x07, 0x11, 0x07, 0x11, 0x07, 0x11, 0x07, 0x11, 0x07, 0x11, 0x07, 0x11, 0x07, 0x11, 0x07, 0x11,
    0x07, 0x11, 0x07, 0x11, 0x07, 0x11, 0x07, 0x11, 0x07, 0x11, 0x07, 0x11, 0x07, 0x11, 0x07, 0x11,
    0x07, 0x11, 0x07, 0x11, 0x07, 0x11, 0x07, 0x11, 0x07, 0x11, 0x07, 0x11, 0x07, 0x11, 0x07, 0x11,
    0x07, 0x11, 0x07, 0x11, 0x07, 0x11, 0x06, 0x11, 0xE6, 0x10, 0xE6, 0x10, 0xE6, 0x10, 0xE6, 0x10,
    0xE6, 0x10, 0xE6, 0x10, 0xE6, 0x10, 0xE6, 0x10, 0xE6, 0x10, 0xE6, 0x10, 0xE6, 0x10, 0xE6, 0x10,
    0xE6, 0x10, 0xE6, 0x10, 0xE6, 0x10, 0xE6, 0x10, 0xE6, 0x10, 0xE6, 0x10, 0xE6, 0x10, 0xE6, 0x10,
    0xE6, 0x10, 0xE6, 0x10, 0xE6, 0x10, 0xE6, 0x10, 0xE6, 0x10, 0xE6, 0x10, 0xE6, 0x10, 0xE6, 0x10,
    0xE6, 0x10, 0xE6, 0x10, 0xE6, 0x10, 0xE6, 0x10, 0xE6, 0x10, 0xE6, 0x10, 0xE6, 0x10, 0xE6, 0x10,
    0xC5, 0x08, 0xC5, 0x08, 0xC5, 0x08, 0xC5, 0x08, 0xC5, 0x08, 0xC5, 0x08, 0xC5, 0x08, 0xC5, 0x08,
    0xC5, 0x08, 0xC5, 0x08, 0xC5, 0x08, 0xC6, 0x08, 0xC6, 0x10, 0xC6, 0x10, 0xC6, 0x10, 0xC6, 0x10,
    0xC6, 0x10, 0xC6, 0x10, 0xC6, 0x10, 0xE6, 0x10, 0xE6, 0x10, 0xE6, 0x10, 0xE6, 0x10, 0xE6, 0x10,
    0xE6, 0x10, 0xE6, 0x10, 0xE6, 0x10, 0xE6, 0x10, 0xE6, 0x10, 0xE6, 0x10, 0xE6, 0x10, 0xE6, 0x10,
    0xE6, 0x10, 0xE6, 0x10, 0xE6, 0x10, 0xE6, 0x10, 0xE6, 0x10, 0xE6, 0x10, 0xE6, 0x10, 0xE6, 0x10,
    0xE6, 0x10, 0xE6, 0x10, 0xE6, 0x10, 0xE6, 0x10, 0xE6, 0x10, 0xE6, 0x10, 0xE6, 0x10, 0xE6, 0x10,
    0xE6, 0x10, 0xE6, 0x10, 0xE6, 0x10, 0xE6, 0x10, 0xE6, 0x10, 0xE6, 0x10, 0xE6, 0x10, 0xE6, 0x10,
    0xE6, 0x10, 0xE6, 0x10, 0xE6, 0x10, 0xE6, 0x10, 0xE6, 0x10, 0xE6, 0x10, 0xE6, 0x10, 0xE6, 0x10,
    0x06, 0x11, 0x06, 0x11, 0x06, 0x11, 0x06, 0x11, 0x06, 0x11, 0x06, 0x11, 0x06, 0x11, 0x06, 0x11,
    0x06, 0x11, 0x07, 0x11, 0x07, 0x11, 0x07, 0x11, 0x07, 0x11, 0x07, 0x11, 0x07, 0x11, 0x07, 0x11,
    0x07, 0x11, 0x07, 0x11, 0x07, 0x11, 0x07, 0x11, 0x07, 0x11, 0x07, 0x11, 0x07, 0x11, 0x07, 0x11,
    0x07, 0x11, 0x07, 0x11, 0x07, 0x11, 0x07, 0x11, 0x07, 0x11, 0x07, 0x11, 0x07, 0x11, 0x07, 0x11,
    0x07, 0x11, 0x07, 0x11, 0x07, 0x11, 0x07, 0x11, 0x07, 0x11, 0x07, 0x11, 0x07, 0x11, 0x07, 0x11,
    0x07, 0x11, 0x07, 0x11, 0x07, 0x11, 0x07, 0x11, 0x07, 0x11, 0x07, 0x11, 0x07, 0x11, 0x07, 0x11,
    0x07, 0x11, 0x07, 0x11, 0x07, 0x11, 0x07, 0x11, 0x07, 0x11, 0x07, 0x11, 0x07, 0x11, 0x07, 0x11,
    0x07, 0x11, 0x07, 0x11, 0x07, 0x11, 0x07, 0x11, 0x07, 0x11, 0x07, 0x11, 0x07, 0x11, 0x07, 0x11,
    0x07, 0x11, 0x07, 0x11, 0x07, 0x11, 0x07, 0x11, 0x07, 0x11, 0x07, 0x11, 0x07, 0x11, 0x07, 0x11,
    0x07, 0x11, 0x07, 0x11, 0x07, 0x11, 0x07, 0x11, 0x07, 0x11, 0x07, 0x11, 0x07, 0x11, 0x07, 0x11,
    0x07, 0x11, 0x07, 0x11, 0x07, 0x11, 0x07, 0x11, 0x07, 0x11, 0x07, 0x11, 0x07, 0x11, 0x07, 0x11,
    0x07, 0x11, 0x07, 0x11, 0x07, 0x11, 0x07, 0x11, 0x07, 0x11, 0x07, 0x11, 0x07, 0x11, 0x07, 0x11,
    0x07, 0x11, 0x07, 0x11, 0x07, 0x11, 0x07, 0x11, 0x07, 0x11, 0x07, 0x11, 0x07, 0x11, 0x07, 0x11,
    0x06, 0x11, 0x06, 0x11, 0x06, 0x11, 0x06, 0x11, 0x06, 0x11, 0x06, 0x11, 0x06, 0x11, 0x06, 0x11,
    0x06, 0x11, 0xE6, 0x10, 0xE6, 0x10, 0xE6, 0x10, 0xE6, 0x10, 0xE6, 0x10, 0xE6, 0x10, 0xE6, 0x10,
    0xE6, 0x10, 0xE6, 0x10, 0xE6, 0x10, 0xE6, 0x10, 0xE6, 0x10, 0xE6, 0x10, 0xE6, 0x10, 0xE6, 0x10,
    0xE6, 0x10, 0xE6, 0x10, 0xE6, 0x10, 0xE6, 0x10, 0xE6, 0x10, 0xE6, 0x10, 0xE6, 0x10, 0xE6, 0x10,
    0xE6, 0x10, 0xE6, 0x10, 0xE6, 0x10, 0xE6, 0x10, 0xE6, 0x10, 0xE6, 0x10, 0xE6, 0x10, 0xE6, 0x10,
    0xE6, 0x10, 0xE6, 0x10, 0xE6, 0x10, 0xE6, 0x10, 0xE6, 0x10, 0xE6, 0x10, 0xE6, 0x10, 0xE6, 0x10,
    0xE6, 0x10, 0xE6, 0x10, 0xE6, 0x10, 0xE6, 0x10, 0xE6, 0x10, 0xE6, 0x10, 0xC6, 0x10, 0xC6, 0x10,
    0xC6, 0x10, 0xC6, 0x10, 0xC6, 0x10, 0xC6, 0x10, 0xC6, 0x10, 0xC6, 0x08, 0xC5, 0x08, 0xC5, 0x08,
    0xC5, 0x08, 0xC5, 0x08, 0xC5, 0x08, 0xC5, 0x08, 0xC5, 0x08, 0xC5, 0x08, 0xC5, 0x08, 0xC5, 0x08,
    0xC5, 0x08, 0xC5, 0x08, 0xC5, 0x08, 0xC5, 0x08, 0xC5, 0x08, 0xC5, 0x08, 0xC5, 0x08, 0xC5, 0x08,
    0xC5, 0x08, 0xC5, 0x08, 0xC5, 0x08, 0xC5, 0x08, 0xC5, 0x08, 0xC6, 0x10, 0xC6, 0x10, 0xC6, 0x10,
    0xC6, 0x10, 0xC6, 0x10, 0xC6, 0x10, 0xC6, 0x10, 0xC6, 0x10, 0xE6, 0x10, 0xE6, 0x10, 0xE6, 0x10,
    0xE6, 0x10, 0xE6, 0x10, 0xE6, 0x10, 0xE6, 0x10, 0xE6, 0x10, 0xE6, 0x10, 0xE6, 0x10, 0xE6, 0x10,
    0xE6, 0x10, 0xE6, 0x10, 0xE6, 0x10, 0xE6, 0x10, 0xE6, 0x10, 0xE6, 0x10, 0xE6, 0x10, 0xE6, 0x10,
    0xE6, 0x10, 0xE6, 0x10, 0xE6, 0x10, 0xE6, 0x10, 0xE6, 0x10, 0xE6, 0x10, 0xE6, 0x10, 0xE6, 0x10,
    0xE6, 0x10, 0xE6, 0x10, 0xE6, 0x10, 0xE6, 0x10, 0xE6, 0x10, 0xE6, 0x10, 0xE6, 0x10, 0xE6, 0x10,
    0xE6, 0x10, 0xE6, 0x10, 0xE6, 0x10, 0xE6, 0x10, 0xE6, 0x10, 0xE6, 0x10, 0xE6, 0x10, 0xE6, 0x10,
    0xE6, 0x10, 0xE6, 0x10, 0xE6, 0x10, 0x06, 0x11, 0x06, 0x11, 0x06, 0x11, 0x06, 0x11, 0x06, 0x11,
    0x06, 0x11, 0x06, 0x11, 0x06, 0x11, 0x06, 0x11, 0x07, 0x11, 0x07, 0x11, 0x07, 0x11, 0x07, 0x11,
    0x07, 0x11, 0x07, 0x11, 0x07, 0x11, 0x07, 0x11, 0x07, 0x11, 0x07, 0x11, 0x07, 0x11, 0x07, 0x11,
    0x07, 0x11, 0x07, 0x11, 0x07, 0x11, 0x07, 0x11, 0x07, 0x11, 0x07, 0x11, 0x07, 0x11, 0x07, 0x11,
    0x07, 0x11, 0x07, 0x11, 0x07, 0x11, 0x07, 0x11, 0x07, 0x11, 0x07, 0x11, 0x07, 0x11, 0x07, 0x11,
    0x07, 0x11, 0x07, 0x11, 0x07, 0x11, 0x07, 0x11, 0x07, 0x11, 0x07, 0x11, 0x07, 0x11, 0x07, 0x11,
    0x07, 0x11, 0x07, 0x11, 0x07, 0x11, 0x07, 0x11, 0x07, 0x11, 0x07, 0x11, 0x07, 0x11, 0x07, 0x11,
    0x07, 0x11, 0x07, 0x11, 0x07, 0x11, 0x07, 0x11, 0x07, 0x11, 0x07, 0x11, 0x07, 0x11, 0x07, 0x11,
    0x07, 0x11, 0x07, 0x11, 0x07, 0x11, 0x07, 0x11, 0x07, 0x11, 0x07, 0x11, 0x07, 0x11, 0x07, 0x11,
    0x07, 0x11, 0x07, 0x11, 0x07, 0x11, 0x07, 0x11, 0x07, 0x11, 0x07, 0x11, 0x07, 0x11, 0x07, 0x11,
    0x07, 0x11, 0x07, 0x11, 0x07, 0x11, 0x07, 0x11, 0x07, 0x11, 0x07, 0x11, 0x07, 0x11, 0x07, 0x11,
    0x07, 0x11, 0x07, 0x11, 0x07, 0x11, 0x07, 0x11, 0x07, 0x11, 0x07, 0x11, 0x07, 0x11, 0x07, 0x11,
    0x07, 0x11, 0x07, 0x11, 0x07, 0x11, 0x07, 0x11, 0x07, 0x11, 0x06, 0x11, 0x06, 0x11, 0x06, 0x11,
    0x06, 0x11, 0x06, 0x11, 0x06, 0x11, 0x06, 0x11, 0x06, 0x11, 0x06, 0x11, 0xE6, 0x10, 0xE6, 0x10,
    0xE6, 0x10, 0xE6, 0x10, 0xE6, 0x10, 0xE6, 0x10, 0xE6, 0x10, 0xE6, 0x10, 0xE6, 0x10, 0xE6, 0x10,
    0xE6, 0x10, 0xE6, 0x10, 0xE6, 0x10, 0xE6, 0x10, 0xE6, 0x10, 0xE6, 0x10, 0xE6, 0x10, 0xE6, 0x10,
    0xE6, 0x10, 0xE6, 0x10, 0xE6, 0x10, 0xE6, 0x10, 0xE6, 0x10, 0xE6, 0x10, 0xE6, 0x10, 0xE6, 0x10,
    0xE6, 0x10, 0xE6, 0x10, 0xE6, 0x10, 0xE6, 0x10, 0xE6, 0x10, 0xE6, 0x10, 0xE6, 0x10, 0xE6, 0x10,
    0xE6, 0x10, 0xE6, 0x10, 0xE6, 0x10, 0xE6, 0x10, 0xE6, 0x10, 0xE6, 0x10, 0xE6, 0x10, 0xE6, 0x10,
    0xE6, 0x10, 0xE6, 0x10, 0xE6, 0x10, 0xE6, 0x10, 0xC6, 0x10, 0xC6, 0x10, 0xC6, 0x10, 0xC6, 0x10,
    0xC6, 0x10, 0xC6, 0x10, 0xC6, 0x10, 0xC6, 0x10, 0xC5, 0x08, 0xC5, 0x08, 0xC5, 0x08, 0xC5, 0x08,
    0xC5, 0x08, 0xC5, 0x08, 0xC5, 0x08, 0xC5, 0x08, 0xC5, 0x08, 0xC5, 0x08, 0xC5, 0x08, 0xC5, 0x08,
    0xC6, 0x08, 0xC6, 0x08, 0xC6, 0x10, 0xC6, 0x10, 0xC6, 0x10, 0xE6, 0x10, 0xE6, 0x10, 0xE6, 0x10,
    0xE6, 0x10, 0xE6, 0x10, 0xE6, 0x10, 0xE6, 0x10, 0xE6, 0x10, 0xE6, 0x10, 0xE6, 0x10, 0xE6, 0x10,
    0xE6, 0x10, 0xE6, 0x10, 0xE6, 0x10, 0xE6, 0x10, 0xE6, 0x10, 0xE6, 0x10, 0xE6, 0x10, 0xE6, 0x10,
    0xE6, 0x10, 0xE6, 0x10, 0xE6, 0x10, 0xE6, 0x10, 0xE6, 0x10, 0xE6, 0x10, 0xE6, 0x10, 0xE6, 0x10,
    0xE6, 0x10, 0xE6, 0x10, 0xE6, 0x10, 0xE6, 0x10, 0xE6, 0x10, 0xE6, 0x10, 0xE6, 0x10, 0xE6, 0x10,
    0xE6, 0x10, 0xE6, 0x10, 0xE6, 0x10, 0x06, 0x11, 0x06, 0x11, 0x07, 0x11, 0x07, 0x11, 0x07, 0x11,
    0x07, 0x11, 0x07, 0x11, 0x07, 0x11, 0x07, 0x11, 0x07, 0x11, 0x07, 0x11, 0x07, 0x11, 0x07, 0x11,
    0x07, 0x11, 0x07, 0x11, 0x07, 0x11, 0x07, 0x11, 0x07, 0x11, 0x07, 0x11, 0x07, 0x11, 0x07, 0x11,
    0x07, 0x11, 0x07, 0x11, 0x07, 0x11, 0x07, 0x11, 0x07, 0x11, 0x07, 0x11, 0x07, 0x11, 0x07, 0x11,
    0x07, 0x11, 0x07, 0x11, 0x07, 0x11, 0x07, 0x11, 0x07, 0x11, 0x07, 0x11, 0x07, 0x11, 0x07, 0x11,
    0x07, 0x11, 0x07, 0x11, 0x07, 0x11, 0x07, 0x11, 0x07, 0x11, 0x07, 0x11, 0x07, 0x11, 0x07, 0x11,
    0x07, 0x11, 0x07, 0x11, 0x07, 0x11, 0x07, 0x11, 0x07, 0x11, 0x07, 0x11, 0x07, 0x11, 0x07, 0x11,
    0x07, 0x11, 0x07, 0x11, 0x07, 0x11, 0x07, 0x11, 0x07, 0x11, 0x07, 0x11, 0x07, 0x11, 0x07, 0x11,
    0x07, 0x11, 0x07, 0x11, 0x07, 0x11, 0x07, 0x11, 0x07, 0x11, 0x07, 0x11, 0x27, 0x11, 0x27, 0x11,
    0x27, 0x11, 0x27, 0x11, 0x27, 0x11, 0x27, 0x11, 0x27, 0x11, 0x27, 0x11, 0x27, 0x11, 0x27, 0x11,
    0x27, 0x11, 0x27, 0x11, 0x27, 0x11, 0x27, 0x11, 0x27, 0x11, 0x27, 0x11, 0x27, 0x11, 0x27, 0x11,
    0x27, 0x11, 0x27, 0x11, 0x27, 0x11, 0x07, 0x11, 0x07, 0x11, 0x07, 0x11, 0x07, 0x11, 0x07, 0x11,
    0x07, 0x11, 0x07, 0x11, 0x07, 0x11, 0x07, 0x11, 0x07, 0x11, 0x07, 0x11, 0x07, 0x11, 0x07, 0x11,
    0x07, 0x11, 0x07, 0x11, 0x07, 0x11, 0x07, 0x11, 0x07, 0x11, 0x07, 0x11, 0x07, 0x11, 0x07, 0x11,
    0x07, 0x11, 0x07, 0x11, 0x07, 0x11, 0x07, 0x11, 0x07, 0x11, 0x07, 0x11, 0x07, 0x11, 0x07, 0x11,
    0x07, 0x11, 0x07, 0x11, 0x07, 0x11, 0x07, 0x11, 0x07, 0x11, 0x07, 0x11, 0x07, 0x11, 0x07, 0x11,
    0x07, 0x11, 0x07, 0x11, 0x07, 0x11, 0x07, 0x11, 0x07, 0x11, 0x07, 0x11, 0x07, 0x11, 0x07, 0x11,
    0x07, 0x11, 0x07, 0x11, 0x07, 0x11, 0x07, 0x11, 0x07, 0x11, 0x07, 0x11, 0x07, 0x11, 0x07, 0x11,
    0x07, 0x11, 0x07, 0x11, 0x07, 0x11, 0x07, 0x11, 0x07, 0x11, 0x07, 0x11, 0x07, 0x11, 0x07, 0x11,
    0x07, 0x11, 0x07, 0x11, 0x07, 0x11, 0x07, 0x11, 0x06, 0x11, 0x06, 0x11, 0xE6, 0x10, 0xE6, 0x10,
    0xE6, 0x10, 0xE6, 0x10, 0xE6, 0x10, 0xE6, 0x10, 0xE6, 0x10, 0xE6, 0x10, 0xE6, 0x10, 0xE6, 0x10,
    0xE6, 0x10, 0xE6, 0x10, 0xE6, 0x10, 0xE6, 0x10, 0xE6, 0x10, 0xE6, 0x10, 0xE6, 0x10, 0xE6, 0x10,
    0xE6, 0x10, 0xE6, 0x10, 0xE6, 0x10, 0xE6, 0x10, 0xE6, 0x10, 0xE6, 0x10, 0xE6, 0x10, 0xE6, 0x10,
    0xE6, 0x10, 0xE6, 0x10, 0xE6, 0x10, 0xE6, 0x10, 0xE6, 0x10, 0xE6, 0x10, 0xE6, 0x10, 0xE6, 0x10,
    0xE6, 0x10, 0xE6, 0x10, 0xE6, 0x10, 0xE6, 0x10, 0xC6, 0x10, 0xC6, 0x10, 0xC6, 0x10, 0xC6, 0x08,
    0xC5, 0x08, 0xC5, 0x08, 0xC5, 0x08, 0xC5, 0x08, 0xC5, 0x08, 0xC5, 0x08, 0xC5, 0x08, 0xC5, 0x08,
    0xC5, 0x08, 0xC5, 0x08, 0xC5, 0x08, 0xC5, 0x08, 0xC5, 0x08, 0xC5, 0x08, 0xC5, 0x08, 0xC5, 0x08,
    0xC5, 0x10, 0xC6, 0x10, 0xC6, 0x10, 0xC6, 0x10, 0xC6, 0x10, 0xC6, 0x10, 0xC6, 0x10, 0xC6, 0x10,
    0xC6, 0x10, 0xE6, 0x10, 0xE6, 0x10, 0xE6, 0x10, 0xE6, 0x10, 0xE6, 0x10, 0xE6, 0x10, 0xE6, 0x10,
    0xE6, 0x10, 0xE6, 0x10, 0xE6, 0x10, 0xE6, 0x10, 0xE6, 0x10, 0xE6, 0x10, 0xE6, 0x10, 0xE6, 0x10,
    0xE6, 0x10, 0xE6, 0x10, 0xE6, 0x10, 0xE6, 0x10, 0xE6, 0x10, 0xE6, 0x10, 0xE6, 0x10, 0xE6, 0x10,
    0xE6, 0x10, 0xE6, 0x10, 0xE6, 0x10, 0xE6, 0x10, 0xE6, 0x10, 0xE6, 0x10, 0xE6, 0x10, 0xE6, 0x10,
    0xE6, 0x10, 0xE6, 0x10, 0xE6, 0x10, 0xE6, 0x10, 0xE6, 0x10, 0xE6, 0x10, 0xE6, 0x10, 0xE6, 0x10,
    0xE6, 0x10, 0xE6, 0x10, 0xE6, 0x10, 0xE6, 0x10, 0xE6, 0x10, 0xE6, 0x10, 0xE6, 0x10, 0xE6, 0x10,
    0xE6, 0x10, 0xE6, 0x10, 0x06, 0x11, 0x06, 0x11, 0x06, 0x11, 0x06, 0x11, 0x06, 0x11, 0x06, 0x11,
    0x06, 0x11, 0x06, 0x11, 0x06, 0x11, 0x06, 0x11, 0x06, 0x11, 0x07, 0x11, 0x07, 0x11, 0x07, 0x11,
    0x07, 0x11, 0x07, 0x11, 0x07, 0x11, 0x07, 0x11, 0x07, 0x11, 0x07, 0x11, 0x07, 0x11, 0x07, 0x11,
    0x07, 0x11, 0x07, 0x11, 0x07, 0x11, 0x07, 0x11, 0x07, 0x11, 0x07, 0x11, 0x07, 0x11, 0x07, 0x11,
    0x07, 0x11, 0x07, 0x11, 0x07, 0x11, 0x07, 0x11, 0x07, 0x11, 0x07, 0x11, 0x07, 0x11, 0x07, 0x11,
    0x07, 0x11, 0x07, 0x11, 0x07, 0x11, 0x07, 0x11, 0x07, 0x11, 0x07, 0x11, 0x07, 0x11, 0x07, 0x11,
    0x07, 0x11, 0x07, 0x11, 0x07, 0x11, 0x07, 0x11, 0x07, 0x11, 0x07, 0x11, 0x07, 0x11, 0x07, 0x11,
    0x07, 0x11, 0x07, 0x11, 0x07, 0x11, 0x07, 0x11, 0x07, 0x11, 0x07, 0x11, 0x07, 0x11, 0x07, 0x11,
    0x07, 0x11, 0x07, 0x11, 0x07, 0x11, 0x07, 0x11, 0x07, 0x11, 0x07, 0x11, 0x07, 0x11, 0x07, 0x11,
    0x07, 0x11, 0x07, 0x11, 0x07, 0x11, 0x07, 0x11, 0x07, 0x11, 0x07, 0x11, 0x07, 0x11, 0x07, 0x11,
    0x07, 0x11, 0x07, 0x11, 0x07, 0x11, 0x07, 0x11, 0x06, 0x11, 0x06, 0x11, 0x06, 0x11, 0x06, 0x11,
    0x06, 0x11, 0x06, 0x11, 0x06, 0x11, 0x06, 0x11, 0x06, 0x11, 0x06, 0x11, 0x06, 0x11, 0xE6, 0x10,
    0xE6, 0x10, 0xE6, 0x10, 0xE6, 0x10, 0xE6, 0x10, 0xE6, 0x10, 0xE6, 0x10, 0xE6, 0x10, 0xE6, 0x10,
    0xE6, 0x10, 0xE6, 0x10, 0xE6, 0x10, 0xE6, 0x10, 0xE6, 0x10, 0xE6, 0x10, 0xE6, 0x10, 0xE6, 0x10,
    0xE6, 0x10, 0xE6, 0x10, 0xE6, 0x10, 0xE6, 0x10, 0xE6, 0x10, 0xE6, 0x10, 0xE6, 0x10, 0xE6, 0x10,
    0xE6, 0x10, 0xE6, 0x10, 0xE6, 0x10, 0xE6, 0x10, 0xE6, 0x10, 0xE6, 0x10, 0xE6, 0x10, 0xE6, 0x10,
    0xE6, 0x10, 0xE6, 0x10, 0xE6, 0x10, 0xE6, 0x10, 0xE6, 0x10, 0xE6, 0x10, 0xE6, 0x10, 0xE6, 0x10,
    0xE6, 0x10, 0xE6, 0x10, 0xE6, 0x10, 0xE6, 0x10, 0xE6, 0x10, 0xE6, 0x10, 0xE6, 0x10, 0xE6, 0x10,
    0xC6, 0x10, 0xC6, 0x10, 0xC6, 0x10, 0xC6, 0x10, 0xC6, 0x10, 0xC6, 0x10, 0xC6, 0x10, 0xC6, 0x10,
    0xC5, 0x10, 0xC5, 0x08, 0xC5, 0x08, 0xC5, 0x08, 0xC5, 0x08, 0xC5, 0x08, 0xC5, 0x08, 0xC5, 0x08,
    0xC5, 0x08, 0xC5, 0x08, 0xC5, 0x08, 0xC5, 0x08, 0xC5, 0x08, 0xC5, 0x08, 0xC5, 0x08, 0xC5, 0x08,
    0xC5, 0x08, 0xC5, 0x08, 0xC5, 0x08, 0xC5, 0x08, 0xC5, 0x08, 0xC5, 0x08, 0xC5, 0x08, 0xC5, 0x08,
    0xC5, 0x08, 0xC5, 0x08, 0xC5, 0x08, 0xC5, 0x08, 0xC5, 0x08, 0xC5, 0x08, 0xC5, 0x08, 0xC5, 0x08,
    0xC5, 0x08, 0xC5, 0x10, 0xC5, 0x10, 0xC6, 0x10, 0xC6, 0x10, 0xC6, 0x10, 0xC6, 0x10, 0xC6, 0x10,
    0xC6, 0x10, 0xC6, 0x10, 0xE6, 0x10, 0xE6, 0x10, 0xE6, 0x10, 0xE6, 0x10, 0xE6, 0x10, 0xE6, 0x10,
    0xE6, 0x10, 0xE6, 0x10, 0xE6, 0x10, 0xE6, 0x10, 0xE6, 0x10, 0xE6, 0x10, 0xE6, 0x10, 0xE6, 0x10,
    0xE6, 0x10, 0xE6, 0x10, 0xE6, 0x10, 0xE6, 0x10, 0xE6, 0x10, 0xE6, 0x10, 0xE6, 0x10, 0xE6, 0x10,
    0xE6, 0x10, 0xE6, 0x10, 0xE6, 0x10, 0xE6, 0x10, 0xE6, 0x10, 0xE6, 0x10, 0xE6, 0x10, 0xE6, 0x10,
    0xE6, 0x10, 0xE6, 0x10, 0xE6, 0x10, 0xE6, 0x10, 0xE6, 0x10, 0xE6, 0x10, 0xE6, 0x10, 0xE6, 0x10,
    0xE6, 0x10, 0xE6, 0x10, 0xE6, 0x10, 0xE6, 0x10, 0xE6, 0x10, 0xE6, 0x10, 0xE6, 0x10, 0xE6, 0x10,
    0xE6, 0x10, 0xE6, 0x10, 0xE6, 0x10, 0xE6, 0x10, 0xE6, 0x10, 0x06, 0x11, 0x06, 0x11, 0x06, 0x11,
    0x06, 0x11, 0x06, 0x11, 0x06, 0x11, 0x06, 0x11, 0x06, 0x11, 0x06, 0x11, 0x06, 0x11, 0x06, 0x11,
    0x06, 0x11, 0x06, 0x11, 0x07, 0x11, 0x07, 0x11, 0x07, 0x11, 0x07, 0x11, 0x07, 0x11, 0x07, 0x11,
    0x07, 0x11, 0x07, 0x11, 0x07, 0x11, 0x07, 0x11, 0x07, 0x11, 0x07, 0x11, 0x07, 0x11, 0x07, 0x11,
    0x07, 0x11, 0x07, 0x11, 0x07, 0x11, 0x07, 0x11, 0x07, 0x11, 0x07, 0x11, 0x07, 0x11, 0x07, 0x11,
    0x07, 0x11, 0x07, 0x11, 0x07, 0x11, 0x07, 0x11, 0x07, 0x11, 0x07, 0x11, 0x07, 0x11, 0x07, 0x11,
    0x07, 0x11, 0x07, 0x11, 0x07, 0x11, 0x07, 0x11, 0x07, 0x11, 0x07, 0x11, 0x07, 0x11, 0x07, 0x11,
    0x07, 0x11, 0x07, 0x11, 0x07, 0x11, 0x07, 0x11, 0x07, 0x11, 0x07, 0x11, 0x07, 0x11, 0x07, 0x11,
    0x07, 0x11, 0x07, 0x11, 0x07, 0x11, 0x07, 0x11, 0x07, 0x11, 0x07, 0x11, 0x07, 0x11, 0x07, 0x11,
    0x07, 0x11, 0x07, 0x11, 0x07, 0x11, 0x07, 0x11, 0x07, 0x11, 0x07, 0x11, 0x07, 0x11, 0x06, 0x11,
    0x06, 0x11, 0x06, 0x11, 0x06, 0x11, 0x06, 0x11, 0x06, 0x11, 0x06, 0x11, 0x06, 0x11, 0x06, 0x11,
    0x06, 0x11, 0x06, 0x11, 0x06, 0x11, 0x06, 0x11, 0xE6, 0x10, 0xE6, 0x10, 0xE6, 0x10, 0xE6, 0x10,
    0xE6, 0x10, 0xE6, 0x10, 0xE6, 0x10, 0xE6, 0x10, 0xE6, 0x10, 0xE6, 0x10, 0xE6, 0x10, 0xE6, 0x10,
    0xE6, 0x10, 0xE6, 0x10, 0xE6, 0x10, 0xE6, 0x10, 0xE6, 0x10, 0xE6, 0x10, 0xE6, 0x10, 0xE6, 0x10,
    0xE6, 0x10, 0xE6, 0x10, 0xE6, 0x10, 0xE6, 0x10, 0xE6, 0x10, 0xE6, 0x10, 0xE6, 0x10, 0xE6, 0x10,
    0xE6, 0x10, 0xE6, 0x10, 0xE6, 0x10, 0xE6, 0x10, 0xE6, 0x10, 0xE6, 0x10, 0xE6, 0x10, 0xE6, 0x10,
    0xE6, 0x10, 0xE6, 0x10, 0xE6, 0x10, 0xE6, 0x10, 0xE6, 0x10, 0xE6, 0x10, 0xE6, 0x10, 0xE6, 0x10,
    0xE6, 0x10, 0xE6, 0x10, 0xE6, 0x10, 0xE6, 0x10, 0xE6, 0x10, 0xE6, 0x10, 0xE6, 0x10, 0xC6, 0x10,
    0xC6, 0x10, 0xC6, 0x10, 0xC6, 0x10, 0xC6, 0x10, 0xC6, 0x10, 0xC6, 0x10, 0xC5, 0x10, 0xC5, 0x10,
    0xC5, 0x08, 0xC5, 0x08, 0xC5, 0x08, 0xC5, 0x08, 0xC5, 0x08, 0xC5, 0x08, 0xC5, 0x08, 0xC5, 0x08,
    0xC5, 0x08, 0xC5, 0x08, 0xC5, 0x08, 0xC5, 0x08, 0xC5, 0x08, 0xC5, 0x08, 0xC5, 0x08, 0xC5, 0x08,
    0xC5, 0x08, 0xC6, 0x08, 0xC6, 0x08, 0xC6, 0x08, 0xC6, 0x08, 0xC6, 0x10, 0xC6, 0x10, 0xC6, 0x10,
    0xC6, 0x10, 0xC6, 0x10, 0xE6, 0x10, 0xE6, 0x10, 0xE6, 0x10, 0xE6, 0x10, 0xE6, 0x10, 0xE6, 0x10,
    0xE6, 0x10, 0xE6, 0x10, 0xE6, 0x10, 0xE6, 0x10, 0xE6, 0x10, 0xE6, 0x10, 0xE6, 0x10, 0xE6, 0x10,
    0xE6, 0x10, 0xE6, 0x10, 0xE6, 0x10, 0xE6, 0x10, 0xE6, 0x10, 0xE6, 0x10, 0xE6, 0x10, 0xE6, 0x10,
    0xE6, 0x10, 0xE6, 0x10, 0xE6, 0x10, 0xE6, 0x10, 0xE6, 0x10, 0xE6, 0x10, 0xE6, 0x10, 0xE6, 0x10,
    0xE6, 0x10, 0xE6, 0x10, 0xE6, 0x10, 0xE6, 0x10, 0xE6, 0x10, 0xE6, 0x10, 0xE6, 0x10, 0xE6, 0x10,
    0xE6, 0x10, 0xE6, 0x10, 0x06, 0x11, 0x06, 0x11, 0x06, 0x11, 0x07, 0x11, 0x07, 0x11, 0x07, 0x11,
    0x07, 0x11, 0x07, 0x11, 0x07, 0x11, 0x07, 0x11, 0x07, 0x11, 0x07, 0x11, 0x07, 0x11, 0x07, 0x11,
    0x07, 0x11, 0x07, 0x11, 0x07, 0x11, 0x07, 0x11, 0x07, 0x11, 0x07, 0x11, 0x07, 0x11, 0x07, 0x11,
    0x07, 0x11, 0x07, 0x11, 0x07, 0x11, 0x07, 0x11, 0x07, 0x11, 0x07, 0x11, 0x07, 0x11, 0x07, 0x11,
    0x07, 0x11, 0x07, 0x11, 0x07, 0x11, 0x07, 0x11, 0x07, 0x11, 0x07, 0x11, 0x07, 0x11, 0x07, 0x11,
    0x07, 0x11, 0x07, 0x11, 0x07, 0x11, 0x07, 0x11, 0x07, 0x11, 0x07, 0x11, 0x07, 0x11, 0x07, 0x11,
    0x07, 0x11, 0x07, 0x11, 0x07, 0x11, 0x07, 0x11, 0x07, 0x11, 0x07, 0x11, 0x07, 0x11, 0x07, 0x11,
    0x07, 0x11, 0x07, 0x11, 0x07, 0x11, 0x07, 0x11, 0x07, 0x11, 0x07, 0x11, 0x07, 0x11, 0x07, 0x11,
    0x07, 0x11, 0x07, 0x11, 0x07, 0x11, 0x07, 0x11, 0x07, 0x11, 0x07, 0x11, 0x07, 0x11, 0x07, 0x11,
    0x07, 0x11, 0x07, 0x11, 0x07, 0x11, 0x07, 0x11, 0x07, 0x11, 0x07, 0x11, 0x07, 0x11, 0x07, 0x11,
    0x07, 0x11, 0x07, 0x11, 0x07, 0x11, 0x07, 0x11, 0x07, 0x11, 0x07, 0x11, 0x07, 0x11, 0x07, 0x11,
    0x07, 0x11, 0x07, 0x11, 0x07, 0x11, 0x07, 0x11, 0x07, 0x11, 0x07, 0x11, 0x07, 0x11, 0x07, 0x11,
    0x07, 0x11, 0x07, 0x11, 0x07, 0x11, 0x07, 0x11, 0x07, 0x11, 0x07, 0x11, 0x07, 0x11, 0x07, 0x11,
    0x07, 0x11, 0x07, 0x11, 0x07, 0x11, 0x07, 0x11, 0x07, 0x11, 0x07, 0x11, 0x07, 0x11, 0x07, 0x11,
    0x07, 0x11, 0x07, 0x11, 0x07, 0x11, 0x07, 0x11, 0x07, 0x11, 0x07, 0x11, 0x07, 0x11, 0x07, 0x11,
    0x07, 0x11, 0x07, 0x11, 0x07, 0x11, 0x07, 0x11, 0x07, 0x11, 0x07, 0x11, 0x07, 0x11, 0x07, 0x11,
    0x07, 0x11, 0x07, 0x11, 0x07, 0x11, 0x07, 0x11, 0x07, 0x11, 0x07, 0x11, 0x07, 0x11, 0x07, 0x11,
    0x07, 0x11, 0x07, 0x11, 0x07, 0x11, 0x07, 0x11, 0x06, 0x11, 0x06, 0x11, 0x06, 0x11, 0xE6, 0x10,
    0xE6, 0x10, 0xE6, 0x10, 0xE6, 0x10, 0xE6, 0x10, 0xE6, 0x10, 0xE6, 0x10, 0xE6, 0x10, 0xE6, 0x10,
    0xE6, 0x10, 0xE6, 0x10, 0xE6, 0x10, 0xE6, 0x10, 0xE6, 0x10, 0xE6, 0x10, 0xE6, 0x10, 0xE6, 0x10,
    0xE6, 0x10, 0xE6, 0x10, 0xE6, 0x10, 0xE6, 0x10, 0xE6, 0x10, 0xE6, 0x10, 0xE6, 0x10, 0xE6, 0x10,
    0xE6, 0x10, 0xE6, 0x10, 0xE6, 0x10, 0xE6, 0x10, 0xE6, 0x10, 0xE6, 0x10, 0xE6, 0x10, 0xE6, 0x10,
    0xE6, 0x10, 0xE6, 0x10, 0xE6, 0x10, 0xE6, 0x10, 0xE6, 0x10, 0xE6, 0x10, 0xE6, 0x10, 0xC6, 0x10,
    0xC6, 0x10, 0xC6, 0x10, 0xC6, 0x10, 0xC6, 0x10, 0xC6, 0x08, 0xC6, 0x08, 0xC6, 0x08, 0xC6, 0x08,
    0xC5, 0x08, 0xC5, 0x08, 0xC5, 0x08, 0xC5, 0x08, 0xC5, 0x08, 0xC5, 0x08, 0xC5, 0x08, 0xC5, 0x08,
    0xC5, 0x08, 0xC5, 0x08, 0xC5, 0x08, 0xC5, 0x08, 0xC5, 0x08, 0xC5, 0x08, 0xC5, 0x08, 0xC5, 0x08,
    0xC5, 0x08, 0xC5, 0x08, 0xC5, 0x08, 0xC5, 0x08, 0xC5, 0x10, 0xC5, 0x10, 0xC5, 0x10, 0xC6, 0x10,
    0xC6, 0x10, 0xC6, 0x10, 0xC6, 0x10, 0xC6, 0x10, 0xC6, 0x10, 0xC6, 0x10, 0xE6, 0x10, 0xE6, 0x10,
    0xE6, 0x10, 0xE6, 0x10, 0xE6, 0x10, 0xE6, 0x10, 0xE6, 0x10, 0xE6, 0x10, 0xE6, 0x10, 0xE6, 0x10,
    0xE6, 0x10, 0xE6, 0x10, 0xE6, 0x10, 0xE6, 0x10, 0xE6, 0x10, 0xE6, 0x10, 0xE6, 0x10, 0xE6, 0x10,
    0xE6, 0x10, 0xE6, 0x10, 0xE6, 0x10, 0xE6, 0x10, 0xE6, 0x10, 0xE6, 0x10, 0xE6, 0x10, 0xE6, 0x10,
    0xE6, 0x10, 0xE6, 0x10, 0xE6, 0x10, 0xE6, 0x10, 0xE6, 0x10, 0xE6, 0x10, 0xE6, 0x10, 0xE6, 0x10,
    0xE6, 0x10, 0xE6, 0x10, 0xE6, 0x10, 0xE6, 0x10, 0xE6, 0x10, 0xE6, 0x10, 0xE6, 0x10, 0xE6, 0x10,
    0xE6, 0x10, 0xE6, 0x10, 0xE6, 0x10, 0xE6, 0x10, 0xE6, 0x10, 0xE6, 0x10, 0xE6, 0x10, 0xE6, 0x10,
    0xE6, 0x10, 0xE6, 0x10, 0xE6, 0x10, 0xE6, 0x10, 0xE6, 0x10, 0xE6, 0x10, 0x06, 0x11, 0x06, 0x11,
    0x06, 0x11, 0x06, 0x11, 0x06, 0x11, 0x06, 0x11, 0x06, 0x11, 0x06, 0x11, 0x06, 0x11, 0x06, 0x11,
    0x06, 0x11, 0x06, 0x11, 0x06, 0x11, 0x06, 0x11, 0x06, 0x11, 0x06, 0x11, 0x06, 0x11, 0x06, 0x11,
    0x06, 0x11, 0x06, 0x11, 0x07, 0x11, 0x07, 0x11, 0x07, 0x11, 0x07, 0x11, 0x07, 0x11, 0x07, 0x11,
    0x07, 0x11, 0x07, 0x11, 0x07, 0x11, 0x07, 0x11, 0x07, 0x11, 0x07, 0x11, 0x07, 0x11, 0x07, 0x11,
    0x07, 0x11, 0x07, 0x11, 0x07, 0x11, 0x07, 0x11, 0x07, 0x11, 0x07, 0x11, 0x07, 0x11, 0x07, 0x11,
    0x07, 0x11, 0x07, 0x11, 0x07, 0x11, 0x07, 0x11, 0x07, 0x11, 0x07, 0x11, 0x07, 0x11, 0x06, 0x11,
    0x06, 0x11, 0x06, 0x11, 0x06, 0x11, 0x06, 0x11, 0x06, 0x11, 0x06, 0x11, 0x06, 0x11, 0x06, 0x11,
    0x06, 0x11, 0x06, 0x11, 0x06, 0x11, 0x06, 0x11, 0x06, 0x11, 0x06, 0x11, 0x06, 0x11, 0x06, 0x11,
    0x06, 0x11, 0x06, 0x11, 0x06, 0x11, 0xE6, 0x10, 0xE6, 0x10, 0xE6, 0x10, 0xE6, 0x10, 0xE6, 0x10,
    0xE6, 0x10, 0xE6, 0x10, 0xE6, 0x10, 0xE6, 0x10, 0xE6, 0x10, 0xE6, 0x10, 0xE6, 0x10, 0xE6, 0x10,
    0xE6, 0x10, 0xE6, 0x10, 0xE6, 0x10, 0xE6, 0x10, 0xE6, 0x10, 0xE6, 0x10, 0xE6, 0x10, 0xE6, 0x10,
    0xE6, 0x10, 0xE6, 0x10, 0xE6, 0x10, 0xE6, 0x10, 0xE6, 0x10, 0xE6, 0x10, 0xE6, 0x10, 0xE6, 0x10,
    0xE6, 0x10, 0xE6, 0x10, 0xE6, 0x10, 0xE6, 0x10, 0xE6, 0x10, 0xE6, 0x10, 0xE6, 0x10, 0xE6, 0x10,
    0xE6, 0x10, 0xE6, 0x10, 0xE6, 0x10, 0xE6, 0x10, 0xE6, 0x10, 0xE6, 0x10, 0xE6, 0x10, 0xE6, 0x10,
    0xE6, 0x10, 0xE6, 0x10, 0xE6, 0x10, 0xE6, 0x10, 0xE6, 0x10, 0xE6, 0x10, 0xE6, 0x10, 0xE6, 0x10,
    0xE6, 0x10, 0xE6, 0x10, 0xE6, 0x10, 0xC6, 0x10, 0xC6, 0x10, 0xC6, 0x10, 0xC6, 0x10, 0xC6, 0x10,
    0xC6, 0x10, 0xC6, 0x10, 0xC5, 0x10, 0xC5, 0x10, 0xC5, 0x10, 0xC5, 0x08, 0xC5, 0x08, 0xC5, 0x08,
    0xC5, 0x08, 0xC5, 0x08, 0xC5, 0x08, 0xC5, 0x08, 0xC5, 0x08, 0xC5, 0x08, 0xC5, 0x08, 0xC5, 0x08,
    0xC5, 0x08, 0xC5, 0x08, 0xC5, 0x08, 0xC5, 0x08, 0xC5, 0x08, 0xC5, 0x08, 0xC5, 0x08, 0xC5, 0x08,
    0xC5, 0x08, 0xC5, 0x08, 0xC5, 0x08, 0xC5, 0x08, 0xC5, 0x08, 0xC5, 0x08, 0xC5, 0x08, 0xC5, 0x08,
    0xC5, 0x08, 0xC5, 0x08, 0xC5, 0x08, 0xC5, 0x08, 0xC5, 0x08, 0xC5, 0x08, 0xC5, 0x08, 0xC5, 0x08,
    0xC5, 0x08, 0xC5, 0x08, 0xC5, 0x08, 0xC5, 0x08, 0xC5, 0x08, 0xC5, 0x10, 0xC5, 0x10, 0xC5, 0x10,
    0xC5, 0x10, 0xC6, 0x10, 0xC6, 0x10, 0xC6, 0x10, 0xC6, 0x10, 0xC6, 0x10, 0xC6, 0x10, 0xC6, 0x10,
    0xE6, 0x10, 0xE6, 0x10, 0xE6, 0x10, 0xE6, 0x10, 0xE6, 0x10, 0xE6, 0x10, 0xE6, 0x10, 0xE6, 0x10,
    0xE6, 0x10, 0xE6, 0x10, 0xE6, 0x10, 0xE6, 0x10, 0xE6, 0x10, 0xE6, 0x10, 0xE6, 0x10, 0xE6, 0x10,
    0xE6, 0x10, 0xE6, 0x10, 0xE6, 0x10, 0xE6, 0x10, 0xE6, 0x10, 0xE6, 0x10, 0xE6, 0x10, 0xE6, 0x10,
    0xE6, 0x10, 0xE6, 0x10, 0xE6, 0x10, 0xE6, 0x10, 0xE6, 0x10, 0xE6, 0x10, 0xE6, 0x10, 0xE6, 0x10,
    0xE6, 0x10, 0xE6, 0x10, 0xE6, 0x10, 0xE6, 0x10, 0xE6, 0x10, 0xE6, 0x10, 0xE6, 0x10, 0xE6, 0x10,
    0xE6, 0x10, 0xE6, 0x10, 0xE6, 0x10, 0xE6, 0x10, 0xE6, 0x10, 0xE6, 0x10, 0xE6, 0x10, 0xE6, 0x10,
    0xE6, 0x10, 0xE6, 0x10, 0xE6, 0x10, 0xE6, 0x10, 0xE6, 0x10, 0xE6, 0x10, 0xE6, 0x10, 0xE6, 0x10,
    0xE6, 0x10, 0xE6, 0x10, 0xE6, 0x10, 0x06, 0x11, 0x06, 0x11, 0x06, 0x11, 0x06, 0x11, 0x06, 0x11,
    0x06, 0x11, 0x06, 0x11, 0x06, 0x11, 0x06, 0x11, 0x06, 0x11, 0x06, 0x11, 0x06, 0x11, 0x06, 0x11,
    0x06, 0x11, 0x06, 0x11, 0x06, 0x11, 0x06, 0x11, 0x06, 0x11, 0x06, 0x11, 0x06, 0x11, 0x06, 0x11,
    0x06, 0x11, 0x06, 0x11, 0x06, 0x11, 0x06, 0x11, 0x06, 0x11, 0x06, 0x11, 0x06, 0x11, 0x06, 0x11,
    0x06, 0x11, 0x06, 0x11, 0x06, 0x11, 0x06, 0x11, 0x06, 0x11, 0x06, 0x11, 0x06, 0x11, 0x06, 0x11,
    0x06, 0x11, 0x06, 0x11, 0x06, 0x11, 0x06, 0x11, 0x06, 0x11, 0x06, 0x11, 0x06, 0x11, 0x06, 0x11,
    0x06, 0x11, 0x06, 0x11, 0x06, 0x11, 0x06, 0x11, 0x06, 0x11, 0x06, 0x11, 0x06, 0x11, 0x06, 0x11,
    0x06, 0x11, 0x06, 0x11, 0x06, 0x11, 0x06, 0x11, 0x06, 0x11, 0x06, 0x11, 0xE6, 0x10, 0xE6, 0x10,
    0xE6, 0x10, 0xE6, 0x10, 0xE6, 0x10, 0xE6, 0x10, 0xE6, 0x10, 0xE6, 0x10, 0xE6, 0x10, 0xE6, 0x10,
    0xE6, 0x10, 0xE6, 0x10, 0xE6, 0x10, 0xE6, 0x10, 0xE6, 0x10, 0xE6, 0x10, 0xE6, 0x10, 0xE6, 0x10,
    0xE6, 0x10, 0xE6, 0x10, 0xE6, 0x10, 0xE6, 0x10, 0xE6, 0x10, 0xE6, 0x10, 0xE6, 0x10, 0xE6, 0x10,
    0xE6, 0x10, 0xE6, 0x10, 0xE6, 0x10, 0xE6, 0x10, 0xE6, 0x10, 0xE6, 0x10, 0xE6, 0x10, 0xE6, 0x10,
    0xE6, 0x10, 0xE6, 0x10, 0xE6, 0x10, 0xE6, 0x10, 0xE6, 0x10, 0xE6, 0x10, 0xE6, 0x10, 0xE6, 0x10,
    0xE6, 0x10, 0xE6, 0x10, 0xE6, 0x10, 0xE6, 0x10, 0xE6, 0x10, 0xE6, 0x10, 0xE6, 0x10, 0xE6, 0x10,
    0xE6, 0x10, 0xE6, 0x10, 0xE6, 0x10, 0xE6, 0x10, 0xE6, 0x10, 0xE6, 0x10, 0xE6, 0x10, 0xE6, 0x10,
    0xE6, 0x10, 0xC6, 0x10, 0xC6, 0x10, 0xC6, 0x10, 0xC6, 0x10, 0xC6, 0x10, 0xC6, 0x10, 0xC6, 0x10,
    0xC5, 0x10, 0xC5, 0x10, 0xC5, 0x10, 0xC5, 0x10, 0xC5, 0x08, 0xC5, 0x08, 0xC5, 0x08, 0xC5, 0x08,
    0xC5, 0x08, 0xC5, 0x08, 0xC5, 0x08, 0xC5, 0x08, 0xC5, 0x08, 0xC5, 0x08, 0xC5, 0x08, 0xC5, 0x08,
    0xC5, 0x08, 0xC5, 0x08, 0xC5, 0x08, 0xC5, 0x08, 0xC5, 0x08, 0xC5, 0x08, 0xC5, 0x08, 0xC5, 0x08,
    0xC5, 0x08, 0xC5, 0x08, 0xC5, 0x08, 0xC5, 0x08, 0xC5, 0x08, 0xC5, 0x08, 0xC6, 0x08, 0xC6, 0x08,
    0xC6, 0x08, 0xC6, 0x10, 0xC6, 0x10, 0xC6, 0x10, 0xC6, 0x10, 0xC6, 0x10, 0xC6, 0x10, 0xE6, 0x10,
    0xE6, 0x10, 0xE6, 0x10, 0xE6, 0x10, 0xE6, 0x10, 0xE6, 0x10, 0xE6, 0x10, 0xE6, 0x10, 0xE6, 0x10,
    0xE6, 0x10, 0xE6, 0x10, 0xE6, 0x10, 0xE6, 0x10, 0xE6, 0x10, 0xE6, 0x10, 0xE6, 0x10, 0xE6, 0x10,
    0xE6, 0x10, 0xE6, 0x10, 0xE6, 0x10, 0xE6, 0x10, 0xE6, 0x10, 0xE6, 0x10, 0xE6, 0x10, 0xE6, 0x10,
    0xE6, 0x10, 0xE6, 0x10, 0xE6, 0x10, 0xE6, 0x10, 0xE6, 0x10, 0xE6, 0x10, 0xE6, 0x10, 0xE6, 0x10,
    0xE6, 0x10, 0xE6, 0x10, 0xE6, 0x10, 0xE6, 0x10, 0xE6, 0x10, 0xE6, 0x10, 0xE6, 0x10, 0xE6, 0x10,
    0xE6, 0x10, 0xE6, 0x10, 0x06, 0x11, 0x06, 0x11, 0x06, 0x11, 0x06, 0x11, 0x07, 0x11, 0x07, 0x11,
    0x07, 0x11, 0x07, 0x11, 0x07, 0x11, 0x07, 0x11, 0x07, 0x11, 0x07, 0x11, 0x07, 0x11, 0x07, 0x11,
    0x07, 0x11, 0x07, 0x11, 0x07, 0x11, 0x07, 0x11, 0x07, 0x11, 0x07, 0x11, 0x07, 0x11, 0x07, 0x11,
    0x07, 0x11, 0x07, 0x11, 0x07, 0x11, 0x07, 0x11, 0x07, 0x11, 0x07, 0x11, 0x07, 0x11, 0x07, 0x11,
    0x07, 0x11, 0x07, 0x11, 0x07, 0x11, 0x07, 0x11, 0x07, 0x11, 0x07, 0x11, 0x07, 0x11, 0x07, 0x11,
    0x07, 0x11, 0x07, 0x11, 0x07, 0x11, 0x07, 0x11, 0x07, 0x11, 0x07, 0x11, 0x07, 0x11, 0x07, 0x11,
    0x07, 0x11, 0x07, 0x11, 0x07, 0x11, 0x07, 0x11, 0x07, 0x11, 0x07, 0x11, 0x07, 0x11, 0x07, 0x11,
    0x07, 0x11, 0x07, 0x11, 0x07, 0x11, 0x07, 0x11, 0x07, 0x11, 0x07, 0x11, 0x07, 0x11, 0x07, 0x11,
    0x07, 0x11, 0x07, 0x11, 0x07, 0x11, 0x07, 0x11, 0x07, 0x11, 0x07, 0x11, 0x07, 0x11, 0x07, 0x11,
    0x07, 0x11, 0x07, 0x11, 0x07, 0x11, 0x07, 0x11, 0x07, 0x11, 0x07, 0x11, 0x07, 0x11, 0x07, 0x11,
    0x07, 0x11, 0x07, 0x11, 0x07, 0x11, 0x07, 0x11, 0x07, 0x11, 0x07, 0x11, 0x07, 0x11, 0x07, 0x11,
    0x07, 0x11, 0x07, 0x11, 0x07, 0x11, 0x07, 0x11, 0x07, 0x11, 0x07, 0x11, 0x07, 0x11, 0x07, 0x11,
    0x07, 0x11, 0x07, 0x11, 0x07, 0x11, 0x07, 0x11, 0x07, 0x11, 0x07, 0x11, 0x07, 0x11, 0x07, 0x11,
    0x07, 0x11, 0x07, 0x11, 0x07, 0x11, 0x07, 0x11, 0x07, 0x11, 0x07, 0x11, 0x07, 0x11, 0x07, 0x11,
    0x07, 0x11, 0x07, 0x11, 0x07, 0x11, 0x07, 0x11, 0x07, 0x11, 0x07, 0x11, 0x07, 0x11, 0x07, 0x11,
    0x07, 0x11, 0x07, 0x11, 0x07, 0x11, 0x06, 0x11, 0x06, 0x11, 0x06, 0x11, 0x06, 0x11, 0xE6, 0x10,
    0xE6, 0x10, 0xE6, 0x10, 0xE6, 0x10, 0xE6, 0x10, 0xE6, 0x10, 0xE6, 0x10, 0xE6, 0x10, 0xE6, 0x10,
    0xE6, 0x10, 0xE6, 0x10, 0xE6, 0x10, 0xE6, 0x10, 0xE6, 0x10, 0xE6, 0x10, 0xE6, 0x10, 0xE6, 0x10,
    0xE6, 0x10, 0xE6, 0x10, 0xE6, 0x10, 0xE6, 0x10, 0xE6, 0x10, 0xE6, 0x10, 0xE6, 0x10, 0xE6, 0x10,
    0xE6, 0x10, 0xE6, 0x10, 0xE6, 0x10, 0xE6, 0x10, 0xE6, 0x10, 0xE6, 0x10, 0xE6, 0x10, 0xE6, 0x10,
    0xE6, 0x10, 0xE6, 0x10, 0xE6, 0x10, 0xE6, 0x10, 0xE6, 0x10, 0xE6, 0x10, 0xE6, 0x10, 0xE6, 0x10,
    0xE6, 0x10, 0xE6, 0x10, 0xC6, 0x10, 0xC6, 0x10, 0xC6, 0x10, 0xC6, 0x10, 0xC6, 0x10, 0xC6, 0x10,
    0xC6, 0x08, 0xC6, 0x08, 0xC6, 0x08, 0xC5, 0x08, 0xC5, 0x08, 0xC5, 0x08, 0xC5, 0x08, 0xC5, 0x08,
    0xC5, 0x08, 0xC5, 0x08, 0xC5, 0x08, 0xC5, 0x08, 0xC5, 0x08, 0xC5, 0x08, 0xC5, 0x08, 0xC5, 0x08,
    0xC5, 0x08, 0xC5, 0x08, 0xC5, 0x08, 0xC5, 0x08, 0xC5, 0x08, 0xC5, 0x08, 0xC5, 0x08, 0xC5, 0x08,
    0xC5, 0x08, 0xC5, 0x08, 0xC5, 0x08, 0xC5, 0x08, 0xC5, 0x08, 0xC5, 0x08, 0xC5, 0x08, 0xC5, 0x08,
    0xC5, 0x10, 0xC5, 0x10, 0xC5, 0x10, 0xC5, 0x10, 0xC5, 0x10, 0xC6, 0x10, 0xC6, 0x10, 0xC6, 0x10,
    0xC6, 0x10, 0xC6, 0x10, 0xC6, 0x10, 0xC6, 0x10, 0xC6, 0x10, 0xE6, 0x10, 0xE6, 0x10, 0xE6, 0x10,
    0xE6, 0x10, 0xE6, 0x10, 0xE6, 0x10, 0xE6, 0x10, 0xE6, 0x10, 0xE6, 0x10, 0xE6, 0x10, 0xE6, 0x10,
    0xE6, 0x10, 0xE6, 0x10, 0xE6, 0x10, 0xE6, 0x10, 0xE6, 0x10, 0xE6, 0x10, 0xE6, 0x10, 0xE6, 0x10,
    0xE6, 0x10, 0xE6, 0x10, 0xE6, 0x10, 0xE6, 0x10, 0xE6, 0x10, 0xE6, 0x10, 0xE6, 0x10, 0xE6, 0x10,
    0xE6, 0x10, 0xE6, 0x10, 0xE6, 0x10, 0xE6, 0x10, 0xE6, 0x10, 0xE6, 0x10, 0xE6, 0x10, 0xE6, 0x10,
    0xE6, 0x10, 0xE6, 0x10, 0xE6, 0x10, 0xE6, 0x10, 0xE6, 0x10, 0xE6, 0x10, 0xE6, 0x10, 0xE6, 0x10,
    0xE6, 0x10, 0xE6, 0x10, 0xE6, 0x10, 0xE6, 0x10, 0xE6, 0x10, 0xE6, 0x10, 0xE6, 0x10, 0xE6, 0x10,
    0xE6, 0x10, 0xE6, 0x10, 0xE6, 0x10, 0xE6, 0x10, 0xE6, 0x10, 0xE6, 0x10, 0xE6, 0x10, 0xE6, 0x10,
    0xE6, 0x10, 0xE6, 0x10, 0xE6, 0x10, 0xE6, 0x10, 0xE6, 0x10, 0xE6, 0x10, 0xE6, 0x10, 0xE6, 0x10,
    0xE6, 0x10, 0x06, 0x11, 0x06, 0x11, 0x06, 0x11, 0x06, 0x11, 0x06, 0x11, 0x06, 0x11, 0x06, 0x11,
    0x06, 0x11, 0x06, 0x11, 0x06, 0x11, 0x06, 0x11, 0x06, 0x11, 0x06, 0x11, 0x06, 0x11, 0x06, 0x11,
    0x06, 0x11, 0x06, 0x11, 0x06, 0x11, 0x06, 0x11, 0x06, 0x11, 0x06, 0x11, 0x06, 0x11, 0x06, 0x11,
    0x06, 0x11, 0x06, 0x11, 0x06, 0x11, 0x06, 0x11, 0x06, 0x11, 0x06, 0x11, 0x06, 0x11, 0x06, 0x11,
    0xE6, 0x10, 0xE6, 0x10, 0xE6, 0x10, 0xE6, 0x10, 0xE6, 0x10, 0xE6, 0x10, 0xE6, 0x10, 0xE6, 0x10,
    0xE6, 0x10, 0xE6, 0x10, 0xE6, 0x10, 0xE6, 0x10, 0xE6, 0x10, 0xE6, 0x10, 0xE6, 0x10, 0xE6, 0x10,
    0xE6, 0x10, 0xE6, 0x10, 0xE6, 0x10, 0xE6, 0x10, 0xE6, 0x10, 0xE6, 0x10, 0xE6, 0x10, 0xE6, 0x10,
    0xE6, 0x10, 0xE6, 0x10, 0xE6, 0x10, 0xE6, 0x10, 0xE6, 0x10, 0xE6, 0x10, 0xE6, 0x10, 0xE6, 0x10,
    0xE6, 0x10, 0xE6, 0x10, 0xE6, 0x10, 0xE6, 0x10, 0xE6, 0x10, 0xE6, 0x10, 0xE6, 0x10, 0xE6, 0x10,
    0xE6, 0x10, 0xE6, 0x10, 0xE6, 0x10, 0xE6, 0x10, 0xE6, 0x10, 0xE6, 0x10, 0xE6, 0x10, 0xE6, 0x10,
    0xE6, 0x10, 0xE6, 0x10, 0xE6, 0x10, 0xE6, 0x10, 0xE6, 0x10, 0xE6, 0x10, 0xE6, 0x10, 0xE6, 0x10,
    0xE6, 0x10, 0xE6, 0x10, 0xE6, 0x10, 0xE6, 0x10, 0xE6, 0x10, 0xE6, 0x10, 0xE6, 0x10, 0xE6, 0x10,
    0xE6, 0x10, 0xE6, 0x10, 0xE6, 0x10, 0xE6, 0x10, 0xC6, 0x10, 0xC6, 0x10, 0xC6, 0x10, 0xC6, 0x10,
    0xC6, 0x10, 0xC6, 0x10, 0xC6, 0x10, 0xC6, 0x10, 0xC5, 0x10, 0xC5, 0x10, 0xC5, 0x10, 0xC5, 0x10,
    0xC5, 0x10, 0xC5, 0x08, 0xC5, 0x08, 0xC5, 0x08, 0xC5, 0x08, 0xC5, 0x08, 0xC5, 0x08, 0xC5, 0x08,
    0xC5, 0x08, 0xC5, 0x08, 0xC5, 0x08, 0xC5, 0x08, 0xC5, 0x08, 0xC5, 0x08, 0xC5, 0x08, 0xC5, 0x08,
    0xC5, 0x08, 0xC5, 0x08, 0xC5, 0x08, 0xC5, 0x08, 0xC5, 0x08, 0xC5, 0x08, 0xC5, 0x08, 0xC5, 0x08,
    0xC5, 0x08, 0xC5, 0x08, 0xC5, 0x08, 0xC5, 0x08, 0xC5, 0x08, 0xC5, 0x08, 0xC5, 0x08, 0xC5, 0x08,
    0xC5, 0x08, 0xC5, 0x08, 0xC5, 0x08, 0xC5, 0x08, 0xC5, 0x08, 0xC5, 0x08, 0xC5, 0x08, 0xC5, 0x08,
    0xC5, 0x08, 0xC5, 0x08, 0xC5, 0x08, 0xC5, 0x08, 0xC5, 0x08, 0xC5, 0x08, 0xC5, 0x08, 0xC5, 0x08,
    0xC5, 0x08, 0xC5, 0x10, 0xC5, 0x10, 0xC5, 0x10, 0xC5, 0x10, 0xC5, 0x10, 0xC5, 0x10, 0xC6, 0x10,
    0xC6, 0x10, 0xC6, 0x10, 0xC6, 0x10, 0xC6, 0x10, 0xC6, 0x10, 0xC6, 0x10, 0xC6, 0x10, 0xE6, 0x10,
    0xE6, 0x10, 0xE6, 0x10, 0xE6, 0x10, 0xE6, 0x10, 0xE6, 0x10, 0xE6, 0x10, 0xE6, 0x10, 0xE6, 0x10,
    0xE6, 0x10, 0xE6, 0x10, 0xE6, 0x10, 0xE6, 0x10, 0xE6, 0x10, 0xE6, 0x10, 0xE6, 0x10, 0xE6, 0x10,
    0xE6, 0x10, 0xE6, 0x10, 0xE6, 0x10, 0xE6, 0x10, 0xE6, 0x10, 0xE6, 0x10, 0xE6, 0x10, 0xE6, 0x10,
    0xE6, 0x10, 0xE6, 0x10, 0xE6, 0x10, 0xE6, 0x10, 0xE6, 0x10, 0xE6, 0x10, 0xE6, 0x10, 0xE6, 0x10,
    0xE6, 0x10, 0xE6, 0x10, 0xE6, 0x10, 0xE6, 0x10, 0xE6, 0x10, 0xE6, 0x10, 0xE6, 0x10, 0xE6, 0x10,
    0xE6, 0x10, 0xE6, 0x10, 0xE6, 0x10, 0xE6, 0x10, 0xE6, 0x10, 0xE6, 0x10, 0xE6, 0x10, 0xE6, 0x10,
    0xE6, 0x10, 0xE6, 0x10, 0xE6, 0x10, 0xE6, 0x10, 0xE6, 0x10, 0xE6, 0x10, 0xE6, 0x10, 0xE6, 0x10,
    0xE6, 0x10, 0xE6, 0x10, 0xE6, 0x10, 0xE6, 0x10, 0xE6, 0x10, 0xE6, 0x10, 0xE6, 0x10, 0xE6, 0x10,
    0xE6, 0x10, 0xE6, 0x10, 0xE6, 0x10, 0xE6, 0x10, 0xE6, 0x10, 0xE6, 0x10, 0xE6, 0x10, 0xE6, 0x10,
    0xE6, 0x10, 0xE6, 0x10, 0xE6, 0x10, 0xE6, 0x10, 0xE6, 0x10, 0xE6, 0x10, 0xE6, 0x10, 0xE6, 0x10,
    0xE6, 0x10, 0xE6, 0x10, 0xE6, 0x10, 0xE6, 0x10, 0xE6, 0x10, 0xE6, 0x10, 0xE6, 0x10, 0xE6, 0x10,
    0xE6, 0x10, 0xE6, 0x10, 0xE6, 0x10, 0xE6, 0x10, 0xE6, 0x10, 0xE6, 0x10, 0xE6, 0x10, 0xE6, 0x10,
    0xE6, 0x10, 0xE6, 0x10, 0xE6, 0x10, 0xE6, 0x10, 0xE6, 0x10, 0xE6, 0x10, 0xE6, 0x10, 0xE6, 0x10,
    0xE6, 0x10, 0xE6, 0x10, 0xE6, 0x10, 0xE6, 0x10, 0xE6, 0x10, 0xE6, 0x10, 0xE6, 0x10, 0xE6, 0x10,
    0xE6, 0x10, 0xE6, 0x10, 0xE6, 0x10, 0xE6, 0x10, 0xE6, 0x10, 0xE6, 0x10, 0xE6, 0x10, 0xE6, 0x10,
    0xE6, 0x10, 0xE6, 0x10, 0xE6, 0x10, 0xE6, 0x10, 0xE6, 0x10, 0xE6, 0x10, 0xE6, 0x10, 0xE6, 0x10,
    0xE6, 0x10, 0xE6, 0x10, 0xE6, 0x10, 0xE6, 0x10, 0xE6, 0x10, 0xE6, 0x10, 0xE6, 0x10, 0xE6, 0x10,
    0xE6, 0x10, 0xE6, 0x10, 0xE6, 0x10, 0xE6, 0x10, 0xE6, 0x10, 0xE6, 0x10, 0xE6, 0x10, 0xE6, 0x10,
    0xE6, 0x10, 0xE6, 0x10, 0xE6, 0x10, 0xE6, 0x10, 0xE6, 0x10, 0xE6, 0x10, 0xE6, 0x10, 0xE6, 0x10,
    0xE6, 0x10, 0xE6, 0x10, 0xE6, 0x10, 0xE6, 0x10, 0xE6, 0x10, 0xE6, 0x10, 0xE6, 0x10, 0xE6, 0x10,
    0xE6, 0x10, 0xE6, 0x10, 0xC6, 0x10, 0xC6, 0x10, 0xC6, 0x10, 0xC6, 0x10, 0xC6, 0x10, 0xC6, 0x10,
    0xC6, 0x10, 0xC6, 0x10, 0xC5, 0x10, 0xC5, 0x10, 0xC5, 0x10, 0xC5, 0x10, 0xC5, 0x10, 0xC5, 0x10,
    0xC5, 0x08, 0xC5, 0x08, 0xC5, 0x08, 0xC5, 0x08, 0xC5, 0x08, 0xC5, 0x08, 0xC5, 0x08, 0xC5, 0x08,
    0xC5, 0x08, 0xC5, 0x08, 0xC5, 0x08, 0xC5, 0x08, 0xC5, 0x08, 0xC5, 0x08, 0xC5, 0x08, 0xC5, 0x08,
    0xC5, 0x08, 0xC5, 0x08, 0xC5, 0x08, 0xC5, 0x08, 0xC5, 0x08, 0xC5, 0x08, 0xC5, 0x08, 0xC5, 0x08,
    0xC5, 0x08, 0xC5, 0x08, 0xC5, 0x08, 0xC5, 0x08, 0xC5, 0x08, 0xC5, 0x08, 0xC5, 0x08, 0xC5, 0x08,
    0xC5, 0x08, 0xC5, 0x08, 0xC5, 0x08, 0xC6, 0x08, 0xC6, 0x08, 0xC6, 0x10, 0xC6, 0x10, 0xC6, 0x10,
    0xC6, 0x10, 0xC6, 0x10, 0xC6, 0x10, 0xC6, 0x10, 0xC6, 0x10, 0xE6, 0x10, 0xE6, 0x10, 0xE6, 0x10,
    0xE6, 0x10, 0xE6, 0x10, 0xE6, 0x10, 0xE6, 0x10, 0xE6, 0x10, 0xE6, 0x10, 0xE6, 0x10, 0xE6, 0x10,
    0xE6, 0x10, 0xE6, 0x10, 0xE6, 0x10, 0xE6, 0x10, 0xE6, 0x10, 0xE6, 0x10, 0xE6, 0x10, 0xE6, 0x10,
    0xE6, 0x10, 0xE6, 0x10, 0xE6, 0x10, 0xE6, 0x10, 0xE6, 0x10, 0xE6, 0x10, 0xE6, 0x10, 0xE6, 0x10,
    0xE6, 0x10, 0xE6, 0x10, 0xE6, 0x10, 0xE6, 0x10, 0xE6, 0x10, 0xE6, 0x10, 0xE6, 0x10, 0xE6, 0x10,
    0xE6, 0x10, 0xE6, 0x10, 0xE6, 0x10, 0xE6, 0x10, 0xE6, 0x10, 0xE6, 0x10, 0xE6, 0x10, 0xE6, 0x10,
    0xE6, 0x10, 0xE6, 0x10, 0xE6, 0x10, 0x06, 0x11, 0x06, 0x11, 0x06, 0x11, 0x06, 0x11, 0x06, 0x11,
    0x07, 0x11, 0x07, 0x11, 0x07, 0x11, 0x07, 0x11, 0x07, 0x11, 0x07, 0x11, 0x07, 0x11, 0x07, 0x11,
    0x07, 0x11, 0x07, 0x11, 0x07, 0x11, 0x07, 0x11, 0x07, 0x11, 0x07, 0x11, 0x07, 0x11, 0x07, 0x11,
    0x07, 0x11, 0x07, 0x11, 0x07, 0x11, 0x07, 0x11, 0x07, 0x11, 0x07, 0x11, 0x07, 0x11, 0x07, 0x11,
    0x07, 0x11, 0x07, 0x11, 0x07, 0x11, 0x07, 0x11, 0x07, 0x11, 0x07, 0x11, 0x07, 0x11, 0x07, 0x11,
    0x07, 0x11, 0x07, 0x11, 0x07, 0x11, 0x07, 0x11, 0x07, 0x11, 0x07, 0x11, 0x07, 0x11, 0x07, 0x11,
    0x07, 0x11, 0x07, 0x11, 0x07, 0x11, 0x07, 0x11, 0x07, 0x11, 0x07, 0x11, 0x07, 0x11, 0x07, 0x11,
    0x07, 0x11, 0x07, 0x11, 0x07, 0x11, 0x07, 0x11, 0x07, 0x11, 0x07, 0x11, 0x07, 0x11, 0x07, 0x11,
    0x07, 0x11, 0x07, 0x11, 0x07, 0x11, 0x07, 0x11, 0x07, 0x11, 0x07, 0x11, 0x07, 0x11, 0x07, 0x11,
    0x07, 0x11, 0x07, 0x11, 0x07, 0x11, 0x07, 0x11, 0x07, 0x11, 0x07, 0x11, 0x07, 0x11, 0x07, 0x11,
    0x07, 0x11, 0x07, 0x11, 0x07, 0x11, 0x07, 0x11, 0x07, 0x11, 0x07, 0x11, 0x07, 0x11, 0x07, 0x11,
    0x07, 0x11, 0x07, 0x11, 0x07, 0x11, 0x07, 0x11, 0x07, 0x11, 0x07, 0x11, 0x07, 0x11, 0x07, 0x11,
    0x07, 0x11, 0x07, 0x11, 0x07, 0x11, 0x07, 0x11, 0x07, 0x11, 0x07, 0x11, 0x07, 0x11, 0x07, 0x11,
    0x07, 0x11, 0x06, 0x11, 0x06, 0x11, 0x06, 0x11, 0x06, 0x11, 0x06, 0x11, 0xE6, 0x10, 0xE6, 0x10,
    0xE6, 0x10, 0xE6, 0x10, 0xE6, 0x10, 0xE6, 0x10, 0xE6, 0x10, 0xE6, 0x10, 0xE6, 0x10, 0xE6, 0x10,
    0xE6, 0x10, 0xE6, 0x10, 0xE6, 0x10, 0xE6, 0x10, 0xE6, 0x10, 0xE6, 0x10, 0xE6, 0x10, 0xE6, 0x10,
    0xE6, 0x10, 0xE6, 0x10, 0xE6, 0x10, 0xE6, 0x10, 0xE6, 0x10, 0xE6, 0x10, 0xE6, 0x10, 0xE6, 0x10,
    0xE6, 0x10, 0xE6, 0x10, 0xE6, 0x10, 0xE6, 0x10, 0xE6, 0x10, 0xE6, 0x10, 0xE6, 0x10, 0xE6, 0x10,
    0xE6, 0x10, 0xE6, 0x10, 0xE6, 0x10, 0xE6, 0x10, 0xE6, 0x10, 0xE6, 0x10, 0xE6, 0x10, 0xE6, 0x10,
    0xE6, 0x10, 0xE6, 0x10, 0xE6, 0x10, 0xE6, 0x10, 0xC6, 0x10, 0xC6, 0x10, 0xC6, 0x10, 0xC6, 0x10,
    0xC6, 0x10, 0xC6, 0x10, 0xC6, 0x10, 0xC6, 0x10, 0xC6, 0x08, 0xC6, 0x08, 0xC5, 0x08, 0xC5, 0x08,
    0xC5, 0x08, 0xC5, 0x08, 0xC5, 0x08, 0xC5, 0x08, 0xC5, 0x08, 0xC5, 0x08, 0xC5, 0x08, 0xC5, 0x08,
    0xA5, 0x08, 0xC5, 0x08, 0xC5, 0x08, 0xC5, 0x08, 0xC5, 0x08, 0xC5, 0x08, 0xC5, 0x08, 0xC5, 0x08,
    0xC5, 0x08, 0xC5, 0x08, 0xC5, 0x08, 0xC5, 0x08, 0xC5, 0x08, 0xC5, 0x08, 0xC5, 0x08, 0xC5, 0x08,
    0xC5, 0x08, 0xC5, 0x08, 0xC5, 0x08, 0xC5, 0x08, 0xC5, 0x08, 0xC5, 0x08, 0xC5, 0x08, 0xC5, 0x08,
    0xC5, 0x08, 0xC5, 0x08, 0xC5, 0x08, 0xC5, 0x08, 0xC5, 0x10, 0xC5, 0x10, 0xC5, 0x10, 0xC5, 0x10,
    0xC5, 0x10, 0xC5, 0x10, 0xC5, 0x10, 0xC5, 0x10, 0xC6, 0x10, 0xC6, 0x10, 0xC6, 0x10, 0xC6, 0x10,
    0xC6, 0x10, 0xC6, 0x10, 0xC6, 0x10, 0xC6, 0x10, 0xE6, 0x10, 0xE6, 0x10, 0xE6, 0x10, 0xE6, 0x10,
    0xE6, 0x10, 0xE6, 0x10, 0xE6, 0x10, 0xE6, 0x10, 0xE6, 0x10, 0xE6, 0x10, 0xE6, 0x10, 0xE6, 0x10,
    0xE6, 0x10, 0xE6, 0x10, 0xE6, 0x10, 0xE6, 0x10, 0xE6, 0x10, 0xE6, 0x10, 0xE6, 0x10, 0xE6, 0x10,
    0xE6, 0x10, 0xE6, 0x10, 0xE6, 0x10, 0xE6, 0x10, 0xE6, 0x10, 0xE6, 0x10, 0xE6, 0x10, 0xE6, 0x10,
    0xE6, 0x10, 0xE6, 0x10, 0xE6, 0x10, 0xE6, 0x10, 0xE6, 0x10, 0xE6, 0x10, 0xE6, 0x10, 0xE6, 0x10,
    0xE6, 0x10, 0xE6, 0x10, 0xE6, 0x10, 0xE6, 0x10, 0xE6, 0x10, 0xE6, 0x10, 0xE6, 0x10, 0xE6, 0x10,
    0xE6, 0x10, 0xE6, 0x10, 0xE6, 0x10, 0xE6, 0x10, 0xE6, 0x10, 0xE6, 0x10, 0xE6, 0x10, 0xE6, 0x10,
    0xE6, 0x10, 0xE6, 0x10, 0xE6, 0x10, 0xE6, 0x10, 0xE6, 0x10, 0xE6, 0x10, 0xE6, 0x10, 0xE6, 0x10,
    0xE6, 0x10, 0xE6, 0x10, 0xE6, 0x10, 0xE6, 0x10, 0xE6, 0x10, 0xE6, 0x10, 0xE6, 0x10, 0xE6, 0x10,
    0xE6, 0x10, 0xE6, 0x10, 0xE6, 0x10, 0xE6, 0x10, 0xE6, 0x10, 0xE6, 0x10, 0xE6, 0x10, 0xE6, 0x10,
    0xE6, 0x10, 0xE6, 0x10, 0xE6, 0x10, 0xE6, 0x10, 0xE6, 0x10, 0xE6, 0x10, 0xE6, 0x10, 0xE6, 0x10,
    0xE6, 0x10, 0xE6, 0x10, 0xE6, 0x10, 0xE6, 0x10, 0xE6, 0x10, 0xE6, 0x10, 0xE6, 0x10, 0xE6, 0x10,
    0xE6, 0x10, 0xE6, 0x10, 0xE6, 0x10, 0xE6, 0x10, 0xE6, 0x10, 0xE6, 0x10, 0xE6, 0x10, 0xE6, 0x10,
    0xE6, 0x10, 0xE6, 0x10, 0xE6, 0x10, 0xE6, 0x10, 0xE6, 0x10, 0xE6, 0x10, 0xE6, 0x10, 0xE6, 0x10,
    0xE6, 0x10, 0xE6, 0x10, 0xE6, 0x10, 0xE6, 0x10, 0xE6, 0x10, 0xE6, 0x10, 0xE6, 0x10, 0xE6, 0x10,
    0xE6, 0x10, 0xE6, 0x10, 0xE6, 0x10, 0xE6, 0x10, 0xE6, 0x10, 0xE6, 0x10, 0xE6, 0x10, 0xE6, 0x10,
    0xE6, 0x10, 0xE6, 0x10, 0xE6, 0x10, 0xE6, 0x10, 0xE6, 0x10, 0xE6, 0x10, 0xE6, 0x10, 0xE6, 0x10,
    0xE6, 0x10, 0xE6, 0x10, 0xE6, 0x10, 0xE6, 0x10, 0xE6, 0x10, 0xE6, 0x10, 0xE6, 0x10, 0xE6, 0x10,
    0xE6, 0x10, 0xE6, 0x10, 0xE6, 0x10, 0xE6, 0x10, 0xE6, 0x10, 0xE6, 0x10, 0xE6, 0x10, 0xE6, 0x10,
    0xE6, 0x10, 0xE6, 0x10, 0xE6, 0x10, 0xE6, 0x10, 0xE6, 0x10, 0xC6, 0x10, 0xC6, 0x10, 0xC6, 0x10,
    0xC6, 0x10, 0xC6, 0x10, 0xC6, 0x10, 0xC6, 0x10, 0xC6, 0x10, 0xC5, 0x10, 0xC5, 0x10, 0xC5, 0x10,
    0xC5, 0x10, 0xC5, 0x10, 0xC5, 0x10, 0xC5, 0x10, 0xC5, 0x10, 0xC5, 0x08, 0xC5, 0x08, 0xC5, 0x08,
    0xC5, 0x08, 0xC5, 0x08, 0xC5, 0x08, 0xC5, 0x08, 0xC5, 0x08, 0xC5, 0x08, 0xC5, 0x08, 0xC5, 0x08,
    0xC5, 0x08, 0xC5, 0x08, 0xC5, 0x08, 0xC5, 0x08, 0xC5, 0x08, 0xC5, 0x08, 0xC5, 0x08, 0xC5, 0x08,
    0xC5, 0x08, 0xC5, 0x08, 0xC5, 0x08, 0xC5, 0x08, 0xC5, 0x08, 0xC5, 0x08, 0xC5, 0x08, 0xC5, 0x08,
    0xA5, 0x08, 0xA5, 0x08, 0xA5, 0x08, 0xC5, 0x08, 0xC5, 0x08, 0xC5, 0x08, 0xC5, 0x08, 0xC5, 0x08,
    0xC5, 0x08, 0xC5, 0x08, 0xC5, 0x08, 0xC5, 0x08, 0xC5, 0x08, 0xC5, 0x08, 0xC5, 0x08, 0xC5, 0x08,
    0xC5, 0x08, 0xC5, 0x08, 0xC5, 0x08, 0xC5, 0x08, 0xC5, 0x08, 0xC5, 0x08, 0xC5, 0x08, 0xC5, 0x08,
    0xC5, 0x08, 0xC5, 0x08, 0xC5, 0x08, 0xC5, 0x08, 0xC5, 0x08, 0xC5, 0x08, 0xC5, 0x10, 0xC5, 0x10,
    0xC5, 0x10, 0xC5, 0x10, 0xC5, 0x10, 0xC5, 0x10, 0xC5, 0x10, 0xC5, 0x10, 0xC6, 0x10, 0xC6, 0x10,
    0xC6, 0x10, 0xC6, 0x10, 0xC6, 0x10, 0xC6, 0x10, 0xC6, 0x10, 0xC6, 0x10, 0xE6, 0x10, 0xE6, 0x10,
    0xE6, 0x10, 0xE6, 0x10, 0xE6, 0x10, 0xE6, 0x10, 0xE6, 0x10, 0xE6, 0x10, 0xE6, 0x10, 0xE6, 0x10,
    0xE6, 0x10, 0xE6, 0x10, 0xE6, 0x10, 0xE6, 0x10, 0xE6, 0x10, 0xE6, 0x10, 0xE6, 0x10, 0xE6, 0x10,
    0xE6, 0x10, 0xE6, 0x10, 0xE6, 0x10, 0xE6, 0x10, 0xE6, 0x10, 0xE6, 0x10, 0xE6, 0x10, 0xE6, 0x10,
    0xE6, 0x10, 0xE6, 0x10, 0xE6, 0x10, 0xE6, 0x10, 0xE6, 0x10, 0xE6, 0x10, 0xE6, 0x10, 0xE6, 0x10,
    0xE6, 0x10, 0xE6, 0x10, 0xE6, 0x10, 0xE6, 0x10, 0xE6, 0x10, 0xE6, 0x10, 0xE6, 0x10, 0xE6, 0x10,
    0xE6, 0x10, 0xE6, 0x10, 0xE6, 0x10, 0xE6, 0x10, 0xE6, 0x10, 0xE6, 0x10, 0xE6, 0x10, 0xE6, 0x10,
    0xE6, 0x10, 0xE6, 0x10, 0xE6, 0x10, 0xE6, 0x10, 0xE6, 0x10, 0xE6, 0x10, 0xE6, 0x10, 0xE6, 0x10,
    0xE6, 0x10, 0xE6, 0x10, 0xE6, 0x10, 0xE6, 0x10, 0xE6, 0x10, 0xE6, 0x10, 0xE6, 0x10, 0xE6, 0x10,
    0xE6, 0x10, 0xE6, 0x10, 0xE6, 0x10, 0xE6, 0x10, 0xE6, 0x10, 0xE6, 0x10, 0xE6, 0x10, 0xE6, 0x10,
    0xE6, 0x10, 0xE6, 0x10, 0xE6, 0x10, 0xE6, 0x10, 0xE6, 0x10, 0xE6, 0x10, 0xE6, 0x10, 0xE6, 0x10,
    0xE6, 0x10, 0xE6, 0x10, 0xE6, 0x10, 0xE6, 0x10, 0xE6, 0x10, 0xE6, 0x10, 0xE6, 0x10, 0xE6, 0x10,
    0xE6, 0x10, 0xE6, 0x10, 0xE6, 0x10, 0xE6, 0x10, 0xE6, 0x10, 0xE6, 0x10, 0xE6, 0x10, 0xE6, 0x10,
    0xE6, 0x10, 0xE6, 0x10, 0xE6, 0x10, 0xE6, 0x10, 0xE6, 0x10, 0xE6, 0x10, 0xE6, 0x10, 0xE6, 0x10,
    0xE6, 0x10, 0xE6, 0x10, 0xE6, 0x10, 0xE6, 0x10, 0xE6, 0x10, 0xE6, 0x10, 0xE6, 0x10, 0xE6, 0x10,
    0xE6, 0x10, 0xE6, 0x10, 0xE6, 0x10, 0xE6, 0x10, 0xE6, 0x10, 0xE6, 0x10, 0xE6, 0x10, 0xE6, 0x10,
    0xE6, 0x10, 0xE6, 0x10, 0xE6, 0x10, 0xE6, 0x10, 0xE6, 0x10, 0xE6, 0x10, 0xE6, 0x10, 0xE6, 0x10,
    0xE6, 0x10, 0xE6, 0x10, 0xE6, 0x10, 0xE6, 0x10, 0xE6, 0x10, 0xE6, 0x10, 0xE6, 0x10, 0xE6, 0x10,
    0xE6, 0x10, 0xE6, 0x10, 0xE6, 0x10, 0xE6, 0x10, 0xE6, 0x10, 0xE6, 0x10, 0xE6, 0x10, 0xE6, 0x10,
    0xE6, 0x10, 0xE6, 0x10, 0xE6, 0x10, 0xC6, 0x10, 0xC6, 0x10, 0xC6, 0x10, 0xC6, 0x10, 0xC6, 0x10,
    0xC6, 0x10, 0xC6, 0x10, 0xC6, 0x10, 0xC5, 0x10, 0xC5, 0x10, 0xC5, 0x10, 0xC5, 0x10, 0xC5, 0x10,
    0xC5, 0x10, 0xC5, 0x10, 0xC5, 0x10, 0xC5, 0x08, 0xC5, 0x08, 0xC5, 0x08, 0xC5, 0x08, 0xC5, 0x08,
    0xC5, 0x08, 0xC5, 0x08, 0xC5, 0x08, 0xC5, 0x08, 0xC5, 0x08, 0xC5, 0x08, 0xC5, 0x08, 0xC5, 0x08,
    0xC5, 0x08, 0xC5, 0x08, 0xC5, 0x08, 0xC5, 0x08, 0xC5, 0x08, 0xC5, 0x08, 0xC5, 0x08, 0xC5, 0x08,
    0xC5, 0x08, 0xC5, 0x08, 0xC5, 0x08, 0xC5, 0x08, 0xC5, 0x08, 0xC5, 0x08, 0xA5, 0x08, 0xA5, 0x08,
    0xC5, 0x08, 0xC5, 0x08, 0xC5, 0x08, 0xC5, 0x08, 0xC5, 0x08, 0xC5, 0x08, 0xC5, 0x08, 0xC5, 0x08,
    0xC5, 0x08, 0xC5, 0x08, 0xC5, 0x08, 0xC5, 0x08, 0xC5, 0x08, 0xC5, 0x08, 0xC5, 0x08, 0xC5, 0x08,
    0xC5, 0x08, 0xC6, 0x10, 0xC6, 0x10, 0xC6, 0x10, 0xC6, 0x10, 0xC6, 0x10, 0xC6, 0x10, 0xC6, 0x10,
    0xC6, 0x10, 0xC6, 0x10, 0xC6, 0x10, 0xE6, 0x10, 0xE6, 0x10, 0xE6, 0x10, 0xE6, 0x10, 0xE6, 0x10,
    0xE6, 0x10, 0xE6, 0x10, 0xE6, 0x10, 0xE6, 0x10, 0xE6, 0x10, 0xE6, 0x10, 0xE6, 0x10, 0xE6, 0x10,
    0xE6, 0x10, 0xE6, 0x10, 0xE6, 0x10, 0xE6, 0x10, 0xE6, 0x10, 0xE6, 0x10, 0xE6, 0x10, 0xE6, 0x10,
    0xE6, 0x10, 0xE6, 0x10, 0xE6, 0x10, 0xE6, 0x10, 0xE6, 0x10, 0xE6, 0x10, 0xE6, 0x10, 0xE6, 0x10,
    0xE6, 0x10, 0xE6, 0x10, 0xE6, 0x10, 0xE6, 0x10, 0xE6, 0x10, 0xE6, 0x10, 0xE6, 0x10, 0xE6, 0x10,
    0xE6, 0x10, 0xE6, 0x10, 0xE6, 0x10, 0xE6, 0x10, 0xE6, 0x10, 0xE6, 0x10, 0xE6, 0x10, 0xE6, 0x10,
    0xE6, 0x10, 0xE6, 0x10, 0xE6, 0x10, 0xE6, 0x10, 0xE6, 0x10, 0xE6, 0x10, 0x06, 0x11, 0x06, 0x11,
    0x06, 0x11, 0x06, 0x11, 0x06, 0x11, 0x06, 0x11, 0x06, 0x11, 0x06, 0x11, 0x07, 0x11, 0x07, 0x11,
    0x07, 0x11, 0x07, 0x11, 0x07, 0x11, 0x07, 0x11, 0x07, 0x11, 0x07, 0x11, 0x07, 0x11, 0x07, 0x11,
    0x07, 0x11, 0x07, 0x11, 0x07, 0x11, 0x07, 0x11, 0x07, 0x11, 0x07, 0x11, 0x07, 0x11, 0x07, 0x11,
    0x07, 0x11, 0x07, 0x11, 0x07, 0x11, 0x07, 0x11, 0x07, 0x11, 0x07, 0x11, 0x07, 0x11, 0x07, 0x11,
    0x07, 0x11, 0x07, 0x11, 0x07, 0x11, 0x07, 0x11, 0x07, 0x11, 0x07, 0x11, 0x07, 0x11, 0x07, 0x11,
    0x07, 0x11, 0x07, 0x11, 0x07, 0x11, 0x07, 0x11, 0x07, 0x11, 0x07, 0x11, 0x07, 0x11, 0x07, 0x11,
    0x07, 0x11, 0x07, 0x11, 0x07, 0x11, 0x07, 0x11, 0x07, 0x11, 0x07, 0x11, 0x07, 0x11, 0x07, 0x11,
    0x07, 0x11, 0x07, 0x11, 0x07, 0x11, 0x07, 0x11, 0x07, 0x11, 0x07, 0x11, 0x07, 0x11, 0x07, 0x11,
    0x07, 0x11, 0x07, 0x11, 0x07, 0x11, 0x07, 0x11, 0x07, 0x11, 0x07, 0x11, 0x07, 0x11, 0x07, 0x11,
    0x07, 0x11, 0x07, 0x11, 0x07, 0x11, 0x06, 0x11, 0x06, 0x11, 0x06, 0x11, 0x06, 0x11, 0x06, 0x11,
    0x06, 0x11, 0x06, 0x11, 0x06, 0x11, 0xE6, 0x10, 0xE6, 0x10, 0xE6, 0x10, 0xE6, 0x10, 0xE6, 0x10,
    0xE6, 0x10, 0xE6, 0x10, 0xE6, 0x10, 0xE6, 0x10, 0xE6, 0x10, 0xE6, 0x10, 0xE6, 0x10, 0xE6, 0x10,
    0xE6, 0x10, 0xE6, 0x10, 0xE6, 0x10, 0xE6, 0x10, 0xE6, 0x10, 0xE6, 0x10, 0xE6, 0x10, 0xE6, 0x10,
    0xE6, 0x10, 0xE6, 0x10, 0xE6, 0x10, 0xE6, 0x10, 0xE6, 0x10, 0xE6, 0x10, 0xE6, 0x10, 0xE6, 0x10,
    0xE6, 0x10, 0xE6, 0x10, 0xE6, 0x10, 0xE6, 0x10, 0xE6, 0x10, 0xE6, 0x10, 0xE6, 0x10, 0xE6, 0x10,
    0xE6, 0x10, 0xE6, 0x10, 0xE6, 0x10, 0xE6, 0x10, 0xE6, 0x10, 0xE6, 0x10, 0xE6, 0x10, 0xE6, 0x10,
    0xE6, 0x10, 0xE6, 0x10, 0xE6, 0x10, 0xE6, 0x10, 0xE6, 0x10, 0xE6, 0x10, 0xC6, 0x10, 0xC6, 0x10,
    0xC6, 0x10, 0xC6, 0x10, 0xC6, 0x10, 0xC6, 0x10, 0xC6, 0x10, 0xC6, 0x10, 0xC6, 0x10, 0xC6, 0x10,
    0xC5, 0x08, 0xC5, 0x08, 0xC5, 0x08, 0xC5, 0x08, 0xC5, 0x08, 0xC5, 0x08, 0xC5, 0x08, 0xC5, 0x08,
    0xC5, 0x08, 0xC5, 0x08, 0xC5, 0x08, 0xC5, 0x08, 0xC5, 0x08, 0xC5, 0x08, 0xC5, 0x08, 0xC5, 0x08,
    0xA5, 0x08, 0xA5, 0x08, 0xA5, 0x08, 0xA5, 0x08, 0xA5, 0x08, 0xA5, 0x08, 0xC5, 0x08, 0xC5, 0x08,
    0xC5, 0x08, 0xC5, 0x08, 0xC5, 0x08, 0xC5, 0x08, 0xC5, 0x08, 0xC5, 0x08, 0xC5, 0x08, 0xC5, 0x08,
    0xC5, 0x08, 0xC5, 0x08, 0xC5, 0x08, 0xC5, 0x08, 0xC5, 0x08, 0xC5, 0x08, 0xC5, 0x08, 0xC5, 0x08,
    0xC5, 0x08, 0xC5, 0x08, 0xC5, 0x08, 0xC5, 0x08, 0xC5, 0x08, 0xC5, 0x08, 0xC5, 0x08, 0xC5, 0x08,
    0xC5, 0x08, 0xC5, 0x10, 0xC5, 0x10, 0xC5, 0x10, 0xC5, 0x10, 0xC5, 0x10, 0xC5, 0x10, 0xC5, 0x10,
    0xC5, 0x10, 0xC5, 0x10, 0xC5, 0x10, 0xC6, 0x10, 0xC6, 0x10, 0xC6, 0x10, 0xC6, 0x10, 0xC6, 0x10,
    0xC6, 0x10, 0xC6, 0x10, 0xC6, 0x10, 0xE6, 0x10, 0xE6, 0x10, 0xE6, 0x10, 0xE6, 0x10, 0xE6, 0x10,
    0xE6, 0x10, 0xE6, 0x10, 0xE6, 0x10, 0xE6, 0x10, 0xE6, 0x10, 0xE6, 0x10, 0xE6, 0x10, 0xE6, 0x10,
    0xE6, 0x10, 0xE6, 0x10, 0xE6, 0x10, 0xE6, 0x10, 0xE6, 0x10, 0xE6, 0x10, 0xE6, 0x10, 0xE6, 0x10,
    0xE6, 0x10, 0xE6, 0x10, 0xE6, 0x10, 0xE6, 0x10, 0xE6, 0x10, 0xE6, 0x10, 0xE6, 0x10, 0xE6, 0x10,
    0xE6, 0x10, 0xE6, 0x10, 0xE6, 0x10, 0xE6, 0x10, 0xE6, 0x10, 0xE6, 0x10, 0xE6, 0x10, 0xE6, 0x10,
    0xE6, 0x10, 0xE6, 0x10, 0xE6, 0x10, 0xE6, 0x10, 0xE6, 0x10, 0xE6, 0x10, 0xE6, 0x10, 0xE6, 0x10,
    0xE6, 0x10, 0xE6, 0x10, 0xE6, 0x10, 0xE6, 0x10, 0xE6, 0x10, 0xE6, 0x10, 0xE6, 0x10, 0xE6, 0x10,
    0xE6, 0x10, 0xE6, 0x10, 0xE6, 0x10, 0xE6, 0x10, 0xE6, 0x10, 0xE6, 0x10, 0xE6, 0x10, 0xE6, 0x10,
    0xE6, 0x10, 0xE6, 0x10, 0xE6, 0x10, 0xE6, 0x10, 0xE6, 0x10, 0xE6, 0x10, 0xE6, 0x10, 0xE6, 0x10,
    0xE6, 0x10, 0xE6, 0x10, 0xE6, 0x10, 0xE6, 0x10, 0xE6, 0x10, 0xE6, 0x10, 0xE6, 0x10, 0xE6, 0x10,
    0xE6, 0x10, 0xE6, 0x10, 0xE6, 0x10, 0xE6, 0x10, 0xE6, 0x10, 0xE6, 0x10, 0xE6, 0x10, 0xE6, 0x10,
    0xE6, 0x10, 0xE6, 0x10, 0xE6, 0x10, 0xE6, 0x10, 0xE6, 0x10, 0xE6, 0x10, 0xE6, 0x10, 0xE6, 0x10,
    0xE6, 0x10, 0xE6, 0x10, 0xE6, 0x10, 0xE6, 0x10, 0xE6, 0x10, 0xE6, 0x10, 0xE6, 0x10, 0xE6, 0x10,
    0xE6, 0x10, 0xE6, 0x10, 0xE6, 0x10, 0xE6, 0x10, 0xE6, 0x10, 0xE6, 0x10, 0xE6, 0x10, 0xE6, 0x10,
    0xE6, 0x10, 0xE6, 0x10, 0xE6, 0x10, 0xE6, 0x10, 0xE6, 0x10, 0xE6, 0x10, 0xE6, 0x10, 0xE6, 0x10,
    0xE6, 0x10, 0xE6, 0x10, 0xE6, 0x10, 0xE6, 0x10, 0xE6, 0x10, 0xE6, 0x10, 0xE6, 0x10, 0xE6, 0x10,
    0xE6, 0x10, 0xE6, 0x10, 0xE6, 0x10, 0xE6, 0x10, 0xE6, 0x10, 0xE6, 0x10, 0xE6, 0x10, 0xE6, 0x10,
    0xE6, 0x10, 0xE6, 0x10, 0xE6, 0x10, 0xE6, 0x10, 0xE6, 0x10, 0xE6, 0x10, 0xC6, 0x10, 0xC6, 0x10,
    0xC6, 0x10, 0xC6, 0x10, 0xC6, 0x10, 0xC6, 0x10, 0xC6, 0x10, 0xC6, 0x10, 0xC5, 0x10, 0xC5, 0x10,
    0xC5, 0x10, 0xC5, 0x10, 0xC5, 0x10, 0xC5, 0x10, 0xC5, 0x10, 0xC5, 0x10, 0xC5, 0x10, 0xC5, 0x10,
    0xC5, 0x08, 0xC5, 0x08, 0xC5, 0x08, 0xC5, 0x08, 0xC5, 0x08, 0xC5, 0x08, 0xC5, 0x08, 0xC5, 0x08,
    0xC5, 0x08, 0xC5, 0x08, 0xC5, 0x08, 0xC5, 0x08, 0xC5, 0x08, 0xC5, 0x08, 0xC5, 0x08, 0xC5, 0x08,
    0xC5, 0x08, 0xC5, 0x08, 0xC5, 0x08, 0xC5, 0x08, 0xC5, 0x08, 0xC5, 0x08, 0xC5, 0x08, 0xC5, 0x08,
    0xC5, 0x08, 0xC5, 0x08, 0xC5, 0x08, 0xA5, 0x08, 0xA5, 0x08, 0xA5, 0x08, 0xA5, 0x08, 0xA5, 0x08,
    0xA5, 0x08, 0xA5, 0x08, 0xA5, 0x08, 0xA5, 0x08, 0xA5, 0x08, 0xA5, 0x08, 0xA5, 0x08, 0xA5, 0x08,
    0xC5, 0x08, 0xC5, 0x08, 0xC5, 0x08, 0xC5, 0x08, 0xC5, 0x08, 0xC5, 0x08, 0xC5, 0x08, 0xC5, 0x08,
    0xC5, 0x08, 0xC5, 0x08, 0xC5, 0x08, 0xC5, 0x08, 0xC5, 0x08, 0xC5, 0x08, 0xC5, 0x08, 0xC5, 0x08,
    0xC5, 0x08, 0xC5, 0x08, 0xC5, 0x08, 0xC5, 0x08, 0xC5, 0x08, 0xC5, 0x08, 0xC5, 0x08, 0xC5, 0x08,
    0xC5, 0x08, 0xC5, 0x08, 0xC5, 0x08, 0xC5, 0x10, 0xC5, 0x10, 0xC5, 0x10, 0xC5, 0x10, 0xC5, 0x10,
    0xC5, 0x10, 0xC5, 0x10, 0xC5, 0x10, 0xC5, 0x10, 0xC5, 0x10, 0xC5, 0x10, 0xC6, 0x10, 0xC6, 0x10,
    0xC6, 0x10, 0xC6, 0x10, 0xC6, 0x10, 0xC6, 0x10, 0xC6, 0x10, 0xC6, 0x10, 0xE6, 0x10, 0xE6, 0x10,
    0xE6, 0x10, 0xE6, 0x10, 0xE6, 0x10, 0xE6, 0x10, 0xE6, 0x10, 0xE6, 0x10, 0xE6, 0x10, 0xE6, 0x10,
    0xE6, 0x10, 0xE6, 0x10, 0xE6, 0x10, 0xE6, 0x10, 0xE6, 0x10, 0xE6, 0x10, 0xE6, 0x10, 0xE6, 0x10,
    0xE6, 0x10, 0xE6, 0x10, 0xE6, 0x10, 0xE6, 0x10, 0xE6, 0x10, 0xE6, 0x10, 0xE6, 0x10, 0xE6, 0x10,
    0xE6, 0x10, 0xE6, 0x10, 0xE6, 0x10, 0xE6, 0x10, 0xE6, 0x10, 0xE6, 0x10, 0xE6, 0x10, 0xE6, 0x10,
    0xE6, 0x10, 0xE6, 0x10, 0xE6, 0x10, 0xE6, 0x10, 0xE6, 0x10, 0xE6, 0x10, 0xE6, 0x10, 0xE6, 0x10,
    0xE6, 0x10, 0xE6, 0x10, 0xE6, 0x10, 0xE6, 0x10, 0xE6, 0x10, 0xE6, 0x10, 0xE6, 0x10, 0xE6, 0x10,
    0xE6, 0x10, 0xE6, 0x10, 0xE6, 0x10, 0xE6, 0x10, 0xE6, 0x10, 0xE6, 0x10, 0xE6, 0x10, 0xE6, 0x10,
    0xE6, 0x10, 0xE6, 0x10, 0xE6, 0x10, 0xE6, 0x10, 0xE6, 0x10, 0xE6, 0x10, 0xE6, 0x10, 0xE6, 0x10,
    0xE6, 0x10, 0xE6, 0x10, 0xE6, 0x10, 0xE6, 0x10, 0xE6, 0x10, 0xE6, 0x10, 0xE6, 0x10, 0xE6, 0x10,
    0xE6, 0x10, 0xE6, 0x10, 0xE6, 0x10, 0xE6, 0x10, 0xE6, 0x10, 0xE6, 0x10, 0xE6, 0x10, 0xE6, 0x10,
    0xE6, 0x10, 0xE6, 0x10, 0xE6, 0x10, 0xE6, 0x10, 0xE6, 0x10, 0xE6, 0x10, 0xE6, 0x10, 0xE6, 0x10,
    0xE6, 0x10, 0xE6, 0x10, 0xE6, 0x10, 0xE6, 0x10, 0xE6, 0x10, 0xE6, 0x10, 0xE6, 0x10, 0xE6, 0x10,
    0xE6, 0x10, 0xE6, 0x10, 0xE6, 0x10, 0xE6, 0x10, 0xE6, 0x10, 0xE6, 0x10, 0xE6, 0x10, 0xE6, 0x10,
    0xE6, 0x10, 0xE6, 0x10, 0xE6, 0x10, 0xE6, 0x10, 0xE6, 0x10, 0xE6, 0x10, 0xE6, 0x10, 0xE6, 0x10,
    0xE6, 0x10, 0xE6, 0x10, 0xE6, 0x10, 0xE6, 0x10, 0xE6, 0x10, 0xE6, 0x10, 0xE6, 0x10, 0xE6, 0x10,
    0xE6, 0x10, 0xE6, 0x10, 0xE6, 0x10, 0xE6, 0x10, 0xE6, 0x10, 0xE6, 0x10, 0xE6, 0x10, 0xE6, 0x10,
    0xE6, 0x10, 0xE6, 0x10, 0xE6, 0x10, 0xC6, 0x10, 0xC6, 0x10, 0xC6, 0x10, 0xC6, 0x10, 0xC6, 0x10,
    0xC6, 0x10, 0xC6, 0x10, 0xC6, 0x10, 0xC5, 0x10, 0xC5, 0x10, 0xC5, 0x10, 0xC5, 0x10, 0xC5, 0x10,
    0xC5, 0x10, 0xC5, 0x10, 0xC5, 0x10, 0xC5, 0x10, 0xC5, 0x10, 0xC5, 0x10, 0xC5, 0x08, 0xC5, 0x08,
    0xC5, 0x08, 0xC5, 0x08, 0xC5, 0x08, 0xC5, 0x08, 0xC5, 0x08, 0xC5, 0x08, 0xC5, 0x08, 0xC5, 0x08,
    0xC5, 0x08, 0xC5, 0x08, 0xC5, 0x08, 0xC5, 0x08, 0xC5, 0x08, 0xC5, 0x08, 0xC5, 0x08, 0xC5, 0x08,
    0xC5, 0x08, 0xC5, 0x08, 0xC5, 0x08, 0xC5, 0x08, 0xC5, 0x08, 0xC5, 0x08, 0xC5, 0x08, 0xC5, 0x08,
    0xC5, 0x08, 0xA5, 0x08, 0xA5, 0x08, 0xA5, 0x08, 0xA5, 0x08, 0xA5, 0x08, 0xA5, 0x08, 0xA5, 0x08,
    0xC5, 0x08, 0xC5, 0x08, 0xC5, 0x08, 0xC5, 0x08, 0xC5, 0x08, 0xC5, 0x08, 0xC5, 0x08, 0xC5, 0x08,
    0xC5, 0x08, 0xC5, 0x08, 0xC5, 0x08, 0xC5, 0x08, 0xC5, 0x08, 0xC5, 0x08, 0xC5, 0x08, 0xC5, 0x08,
    0xC5, 0x08, 0xC5, 0x08, 0xC5, 0x08, 0xC5, 0x08, 0xC5, 0x08, 0xC5, 0x08, 0xC5, 0x10, 0xC5, 0x10,
    0xC6, 0x10, 0xC6, 0x10, 0xC6, 0x10, 0xC6, 0x10, 0xC6, 0x10, 0xC6, 0x10, 0xC6, 0x10, 0xC6, 0x10,
    0xC6, 0x10, 0xE6, 0x10, 0xE6, 0x10, 0xE6, 0x10, 0xE6, 0x10, 0xE6, 0x10, 0xE6, 0x10, 0xE6, 0x10,
    0xE6, 0x10, 0xE6, 0x10, 0xE6, 0x10, 0xE6, 0x10, 0xE6, 0x10, 0xE6, 0x10, 0xE6, 0x10, 0xE6, 0x10,
    0xE6, 0x10, 0xE6, 0x10, 0xE6, 0x10, 0xE6, 0x10, 0xE6, 0x10, 0xE6, 0x10, 0xE6, 0x10, 0xE6, 0x10,
    0xE6, 0x10, 0xE6, 0x10, 0xE6, 0x10, 0xE6, 0x10, 0xE6, 0x10, 0xE6, 0x10, 0xE6, 0x10, 0xE6, 0x10,
    0xE6, 0x10, 0xE6, 0x10, 0xE6, 0x10, 0xE6, 0x10, 0xE6, 0x10, 0xE6, 0x10, 0xE6, 0x10, 0xE6, 0x10,
    0xE6, 0x10, 0xE6, 0x10, 0xE6, 0x10, 0xE6, 0x10, 0xE6, 0x10, 0xE6, 0x10, 0xE6, 0x10, 0xE6, 0x10,
    0xE6, 0x10, 0xE6, 0x10, 0xE6, 0x10, 0xE6, 0x10, 0xE6, 0x10, 0xE6, 0x10, 0xE6, 0x10, 0xE6, 0x10,
    0xE6, 0x10, 0xE6, 0x10, 0xE6, 0x10, 0xE6, 0x10, 0xE6, 0x10, 0xE6, 0x10, 0x06, 0x11, 0x06, 0x11,
    0x06, 0x11, 0x06, 0x11, 0x06, 0x11, 0x06, 0x11, 0x06, 0x11, 0x06, 0x11, 0x06, 0x11, 0x06, 0x11,
    0x06, 0x11, 0x06, 0x11, 0x06, 0x11, 0x06, 0x11, 0x06, 0x11, 0x06, 0x11, 0x06, 0x11, 0x06, 0x11,
    0x06, 0x11, 0x06, 0x11, 0x06, 0x11, 0x06, 0x11, 0x07, 0x11, 0x07, 0x11, 0x07, 0x11, 0x07, 0x11,
    0x07, 0x11, 0x07, 0x11, 0x07, 0x11, 0x07, 0x11, 0x07, 0x11, 0x06, 0x11, 0x06, 0x11, 0x06, 0x11,
    0x06, 0x11, 0x06, 0x11, 0x06, 0x11, 0x06, 0x11, 0x06, 0x11, 0x06, 0x11, 0x06, 0x11, 0x06, 0x11,
    0x06, 0x11, 0x06, 0x11, 0x06, 0x11, 0x06, 0x11, 0x06, 0x11, 0x06, 0x11, 0x06, 0x11, 0x06, 0x11,
    0x06, 0x11, 0x06, 0x11, 0x06, 0x11, 0xE6, 0x10, 0xE6, 0x10, 0xE6, 0x10, 0xE6, 0x10, 0xE6, 0x10,
    0xE6, 0x10, 0xE6, 0x10, 0xE6, 0x10, 0xE6, 0x10, 0xE6, 0x10, 0xE6, 0x10, 0xE6, 0x10, 0xE6, 0x10,
    0xE6, 0x10, 0xE6, 0x10, 0xE6, 0x10, 0xE6, 0x10, 0xE6, 0x10, 0xE6, 0x10, 0xE6, 0x10, 0xE6, 0x10,
    0xE6, 0x10, 0xE6, 0x10, 0xE6, 0x10, 0xE6, 0x10, 0xE6, 0x10, 0xE6, 0x10, 0xE6, 0x10, 0xE6, 0x10,
    0xE6, 0x10, 0xE6, 0x10, 0xE6, 0x10, 0xE6, 0x10, 0xE6, 0x10, 0xE6, 0x10, 0xE6, 0x10, 0xE6, 0x10,
    0xE6, 0x10, 0xE6, 0x10, 0xE6, 0x10, 0xE6, 0x10, 0xE6, 0x10, 0xE6, 0x10, 0xE6, 0x10, 0xE6, 0x10,
    0xE6, 0x10, 0xE6, 0x10, 0xE6, 0x10, 0xE6, 0x10, 0xE6, 0x10, 0xE6, 0x10, 0xE6, 0x10, 0xE6, 0x10,
    0xE6, 0x10, 0xE6, 0x10, 0xE6, 0x10, 0xE6, 0x10, 0xE6, 0x10, 0xE6, 0x10, 0xE6, 0x10, 0xE6, 0x10,
    0xC6, 0x10, 0xC6, 0x10, 0xC6, 0x10, 0xC6, 0x10, 0xC6, 0x10, 0xC6, 0x10, 0xC6, 0x10, 0xC6, 0x10,
    0xC6, 0x10, 0xC5, 0x10, 0xC5, 0x10, 0xC5, 0x08, 0xC5, 0x08, 0xC5, 0x08, 0xC5, 0x08, 0xC5, 0x08,
    0xC5, 0x08, 0xC5, 0x08, 0xC5, 0x08, 0xC5, 0x08, 0xC5, 0x08, 0xC5, 0x08, 0xC5, 0x08, 0xC5, 0x08,
    0xC5, 0x08, 0xC5, 0x08, 0xC5, 0x08, 0xC5, 0x08, 0xC5, 0x08, 0xC5, 0x08, 0xC5, 0x08, 0xC5, 0x08,
    0xA5, 0x08, 0xA5, 0x08, 0xA5, 0x08, 0xA5, 0x08, 0xA5, 0x08, 0xA5, 0x08, 0xA5, 0x08, 0xA5, 0x08,
    0xA5, 0x08, 0xA5, 0x08, 0xA5, 0x08, 0xA5, 0x08, 0xC5, 0x08, 0xC5, 0x08, 0xC5, 0x08, 0xC5, 0x08,
    0xC5, 0x08, 0xC5, 0x08, 0xC5, 0x08, 0xC5, 0x08, 0xC5, 0x08, 0xC5, 0x08, 0xC5, 0x08, 0xC5, 0x08,
    0xC5, 0x08, 0xC5, 0x08, 0xC5, 0x08, 0xC5, 0x08, 0xC5, 0x08, 0xC5, 0x08, 0xC5, 0x08, 0xC5, 0x08,
    0xC5, 0x08, 0xC5, 0x08, 0xC5, 0x08, 0xC5, 0x08, 0xC5, 0x08, 0xC5, 0x08, 0xC5, 0x10, 0xC5, 0x10,
    0xC5, 0x10, 0xC5, 0x10, 0xC5, 0x10, 0xC5, 0x10, 0xC5, 0x10, 0xC5, 0x10, 0xC5, 0x10, 0xC5, 0x10,
    0xC5, 0x10, 0xC5, 0x10, 0xC5, 0x10, 0xC6, 0x10, 0xC6, 0x10, 0xC6, 0x10, 0xC6, 0x10, 0xC6, 0x10,
    0xC6, 0x10, 0xC6, 0x10, 0xC6, 0x10, 0xC6, 0x10, 0xE6, 0x10, 0xE6, 0x10, 0xE6, 0x10, 0xE6, 0x10,
    0xE6, 0x10, 0xE6, 0x10, 0xE6, 0x10, 0xE6, 0x10, 0xE6, 0x10, 0xE6, 0x10, 0xE6, 0x10, 0xE6, 0x10,
    0xE6, 0x10, 0xE6, 0x10, 0xE6, 0x10, 0xE6, 0x10, 0xE6, 0x10, 0xE6, 0x10, 0xE6, 0x10, 0xE6, 0x10,
    0xE6, 0x10, 0xE6, 0x10, 0xE6, 0x10, 0xE6, 0x10, 0xE6, 0x10, 0xE6, 0x10, 0xE6, 0x10, 0xE6, 0x10,
    0xE6, 0x10, 0xE6, 0x10, 0xE6, 0x10, 0xE6, 0x10, 0xE6, 0x10, 0xE6, 0x10, 0xE6, 0x10, 0xE6, 0x10,
    0xE6, 0x10, 0xE6, 0x10, 0xE6, 0x10, 0xE6, 0x10, 0xE6, 0x10, 0xE6, 0x10, 0xE6, 0x10, 0xE6, 0x10,
    0xE6, 0x10, 0xE6, 0x10, 0xE6, 0x10, 0xE6, 0x10, 0xE6, 0x10, 0xE6, 0x10, 0xE6, 0x10, 0xE6, 0x10,
    0xE6, 0x10, 0xE6, 0x10, 0xE6, 0x10, 0xE6, 0x10, 0xE6, 0x10, 0xE6, 0x10, 0xE6, 0x10, 0xE6, 0x10,
    0xE6, 0x10, 0xE6, 0x10, 0xE6, 0x10, 0xE6, 0x10, 0xE6, 0x10, 0xE6, 0x10, 0xE6, 0x10, 0xE6, 0x10,
    0xE6, 0x10, 0xE6, 0x10, 0xE6, 0x10, 0xE6, 0x10, 0xE6, 0x10, 0xE6, 0x10, 0xE6, 0x10, 0xE6, 0x10,
    0xE6, 0x10, 0xE6, 0x10, 0xE6, 0x10, 0xE6, 0x10, 0xE6, 0x10, 0xE6, 0x10, 0xE6, 0x10, 0xE6, 0x10,
    0xE6, 0x10, 0xE6, 0x10, 0xE6, 0x10, 0xE6, 0x10, 0xE6, 0x10, 0xE6, 0x10, 0xE6, 0x10, 0xE6, 0x10,
    0xE6, 0x10, 0xE6, 0x10, 0xE6, 0x10, 0xE6, 0x10, 0xE6, 0x10, 0xE6, 0x10, 0xE6, 0x10, 0xE6, 0x10,
    0xE6, 0x10, 0xE6, 0x10, 0xE6, 0x10, 0xE6, 0x10, 0xE6, 0x10, 0xE6, 0x10, 0xE6, 0x10, 0xE6, 0x10,
    0xE6, 0x10, 0xE6, 0x10, 0xE6, 0x10, 0xE6, 0x10, 0xE6, 0x10, 0xE6, 0x10, 0xE6, 0x10, 0xE6, 0x10,
    0xE6, 0x10, 0xE6, 0x10, 0xE6, 0x10, 0xE6, 0x10, 0xE6, 0x10, 0xC6, 0x10, 0xC6, 0x10, 0xC6, 0x10,
    0xC6, 0x10, 0xC6, 0x10, 0xC6, 0x10, 0xC6, 0x10, 0xC6, 0x10, 0xC6, 0x10, 0xC5, 0x10, 0xC5, 0x10,
    0xC5, 0x10, 0xC5, 0x10, 0xC5, 0x10, 0xC5, 0x10, 0xC5, 0x10, 0xC5, 0x10, 0xC5, 0x10, 0xC5, 0x10,
    0xC5, 0x10, 0xC5, 0x10, 0xC5, 0x10, 0xC5, 0x08, 0xC5, 0x08, 0xC5, 0x08, 0xC5, 0x08, 0xC5, 0x08,
    0xC5, 0x08, 0xC5, 0x08, 0xC5, 0x08, 0xC5, 0x08, 0xC5, 0x08, 0xC5, 0x08, 0xC5, 0x08, 0xC5, 0x08,
    0xC5, 0x08, 0xC5, 0x08, 0xC5, 0x08, 0xC5, 0x08, 0xC5, 0x08, 0xC5, 0x08, 0xC5, 0x08, 0xC5, 0x08,
    0xC5, 0x08, 0xC5, 0x08, 0xC5, 0x08, 0xC5, 0x08, 0xC5, 0x08, 0xA5, 0x08, 0xA5, 0x08, 0xA5, 0x08,
    0xA5, 0x08, 0xA5, 0x08, 0xA5, 0x08, 0xA5, 0x08, 0xA5, 0x08, 0xA5, 0x08, 0xA5, 0x08, 0xA5, 0x08,
    0xA5, 0x08, 0xA5, 0x08, 0xA5, 0x08, 0xA5, 0x08, 0xA5, 0x08, 0xA5, 0x08, 0xA5, 0x08, 0xA5, 0x08,
    0xA5, 0x08, 0xA5, 0x08, 0xA5, 0x08, 0xA5, 0x08, 0xA5, 0x08, 0xC5, 0x08, 0xC5, 0x08, 0xC5, 0x08,
    0xC5, 0x08, 0xC5, 0x08, 0xC5, 0x08, 0xC5, 0x08, 0xC5, 0x08, 0xC5, 0x08, 0xC5, 0x08, 0xC5, 0x08,
    0xC5, 0x08, 0xC5, 0x08, 0xC5, 0x08, 0xC5, 0x08, 0xC5, 0x08, 0xC5, 0x08, 0xC5, 0x08, 0xC5, 0x08,
    0xC5, 0x08, 0xC5, 0x08, 0xC5, 0x08, 0xC5, 0x08, 0xC5, 0x08, 0xC5, 0x08, 0xC5, 0x08, 0xC5, 0x08,
    0xC5, 0x10, 0xC5, 0x10, 0xC5, 0x10, 0xC5, 0x10, 0xC5, 0x10, 0xC5, 0x10, 0xC5, 0x10, 0xC5, 0x10,
    0xC5, 0x10, 0xC5, 0x10, 0xC5, 0x10, 0xC5, 0x10, 0xC5, 0x10, 0xC5, 0x10, 0xC6, 0x10, 0xC6, 0x10,
    0xC6, 0x10, 0xC6, 0x10, 0xC6, 0x10, 0xC6, 0x10, 0xC6, 0x10, 0xC6, 0x10, 0xC6, 0x10, 0xE6, 0x10,
    0xE6, 0x10, 0xE6, 0x10, 0xE6, 0x10, 0xE6, 0x10, 0xE6, 0x10, 0xE6, 0x10, 0xE6, 0x10, 0xE6, 0x10,
    0xE6, 0x10, 0xE6, 0x10, 0xE6, 0x10, 0xE6, 0x10, 0xE6, 0x10, 0xE6, 0x10, 0xE6, 0x10, 0xE6, 0x10,
    0xE6, 0x10, 0xE6, 0x10, 0xE6, 0x10, 0xE6, 0x10, 0xE6, 0x10, 0xE6, 0x10, 0xE6, 0x10, 0xE6, 0x10,
    0xE6, 0x10, 0xE6, 0x10, 0xE6, 0x10, 0xE6, 0x10, 0xE6, 0x10, 0xE6, 0x10, 0xE6, 0x10, 0xE6, 0x10,
    0xE6, 0x10, 0xE6, 0x10, 0xE6, 0x10, 0xE6, 0x10, 0xE6, 0x10, 0xE6, 0x10, 0xE6, 0x10, 0xE6, 0x10,
    0xE6, 0x10, 0xE6, 0x10, 0xE6, 0x10, 0xE6, 0x10, 0xE6, 0x10, 0xE6, 0x10, 0xE6, 0x10, 0xE6, 0x10,
    0xE6, 0x10, 0xE6, 0x10, 0xE6, 0x10, 0xE6, 0x10, 0xE6, 0x10, 0xE6, 0x10, 0xE6, 0x10, 0xE6, 0x10,
    0xE6, 0x10, 0xE6, 0x10, 0xE6, 0x10, 0xE6, 0x10, 0xE6, 0x10, 0xE6, 0x10, 0xE6, 0x10, 0xE6, 0x10,
    0xE6, 0x10, 0xE6, 0x10, 0xE6, 0x10, 0xE6, 0x10, 0xE6, 0x10, 0xE6, 0x10, 0xE6, 0x10, 0xE6, 0x10,
    0xE6, 0x10, 0xE6, 0x10, 0xE6, 0x10, 0xE6, 0x10, 0xE6, 0x10, 0xE6, 0x10, 0xE6, 0x10, 0xE6, 0x10,
    0xE6, 0x10, 0xE6, 0x10, 0xE6, 0x10, 0xE6, 0x10, 0xE6, 0x10, 0xE6, 0x10, 0xE6, 0x10, 0xE6, 0x10,
    0xE6, 0x10, 0xE6, 0x10, 0xE6, 0x10, 0xE6, 0x10, 0xE6, 0x10, 0xE6, 0x10, 0xE6, 0x10, 0xE6, 0x10,
    0xE6, 0x10, 0xE6, 0x10, 0xE6, 0x10, 0xE6, 0x10, 0xE6, 0x10, 0xE6, 0x10, 0xE6, 0x10, 0xE6, 0x10,
    0xE6, 0x10, 0xE6, 0x10, 0xE6, 0x10, 0xE6, 0x10, 0xE6, 0x10, 0xE6, 0x10, 0xE6, 0x10, 0xE6, 0x10,
    0xE6, 0x10, 0xE6, 0x10, 0xC6, 0x10, 0xC6, 0x10, 0xC6, 0x10, 0xC6, 0x10, 0xC6, 0x10, 0xC6, 0x10,
    0xC6, 0x10, 0xC6, 0x10, 0xC6, 0x10, 0xC5, 0x10, 0xC5, 0x10, 0xC5, 0x10, 0xC5, 0x10, 0xC5, 0x10,
    0xC5, 0x10, 0xC5, 0x10, 0xC5, 0x10, 0xC5, 0x10, 0xC5, 0x10, 0xC5, 0x10, 0xC5, 0x10, 0xC5, 0x10,
    0xC5, 0x10, 0xC5, 0x08, 0xC5, 0x08, 0xC5, 0x08, 0xC5, 0x08, 0xC5, 0x08, 0xC5, 0x08, 0xC5, 0x08,
    0xC5, 0x08, 0xC5, 0x08, 0xC5, 0x08, 0xC5, 0x08, 0xC5, 0x08, 0xC5, 0x08, 0xC5, 0x08, 0xC5, 0x08,
    0xC5, 0x08, 0xC5, 0x08, 0xC5, 0x08, 0xC5, 0x08, 0xC5, 0x08, 0xC5, 0x08, 0xC5, 0x08, 0xC5, 0x08,
    0xC5, 0x08, 0xC5, 0x08, 0xC5, 0x08, 0xC5, 0x08, 0xA5, 0x08, 0xA5, 0x08, 0xA5, 0x08, 0xA5, 0x08,
    0xA5, 0x08, 0xA5, 0x08, 0xA5, 0x08, 0xA5, 0x08, 0xA5, 0x08, 0xA5, 0x08, 0xA5, 0x08, 0xA5, 0x08,
    0xC5, 0x08, 0xC5, 0x08, 0xC5, 0x08, 0xC5, 0x08, 0xC5, 0x08, 0xC5, 0x08, 0xC5, 0x08, 0xC5, 0x08,
    0xC5, 0x08, 0xC5, 0x08, 0xC5, 0x08, 0xC5, 0x08, 0xC5, 0x08, 0xC5, 0x08, 0xC5, 0x08, 0xC5, 0x08,
    0xC5, 0x08, 0xC5, 0x08, 0xC5, 0x08, 0xC5, 0x08, 0xC5, 0x08, 0xC5, 0x08, 0xC5, 0x08, 0xC5, 0x08,
    0xC5, 0x08, 0xC5, 0x08, 0xC5, 0x10, 0xC5, 0x10, 0xC5, 0x10, 0xC5, 0x10, 0xC6, 0x10, 0xC6, 0x10,
    0xC6, 0x10, 0xC6, 0x10, 0xC6, 0x10, 0xC6, 0x10, 0xC6, 0x10, 0xC6, 0x10, 0xC6, 0x10, 0xC6, 0x10,
    0xE6, 0x10, 0xE6, 0x10, 0xE6, 0x10, 0xE6, 0x10, 0xE6, 0x10, 0xE6, 0x10, 0xE6, 0x10, 0xE6, 0x10,
    0xE6, 0x10, 0xE6, 0x10, 0xE6, 0x10, 0xE6, 0x10, 0xE6, 0x10, 0xE6, 0x10, 0xE6, 0x10, 0xE6, 0x10,
    0xE6, 0x10, 0xE6, 0x10, 0xE6, 0x10, 0xE6, 0x10, 0xE6, 0x10, 0xE6, 0x10, 0xE6, 0x10, 0xE6, 0x10,
    0xE6, 0x10, 0xE6, 0x10, 0xE6, 0x10, 0xE6, 0x10, 0xE6, 0x10, 0xE6, 0x10, 0xE6, 0x10, 0xE6, 0x10,
    0xE6, 0x10, 0xE6, 0x10, 0xE6, 0x10, 0xE6, 0x10, 0xE6, 0x10, 0xE6, 0x10, 0xE6, 0x10, 0xE6, 0x10,
    0xE6, 0x10, 0xE6, 0x10, 0xE6, 0x10, 0xE6, 0x10, 0xE6, 0x10, 0xE6, 0x10, 0xE6, 0x10, 0xE6, 0x10,
    0xE6, 0x10, 0xE6, 0x10, 0xE6, 0x10, 0xE6, 0x10, 0xE6, 0x10, 0xE6, 0x10, 0xE6, 0x10, 0xE6, 0x10,
    0xE6, 0x10, 0xE6, 0x10, 0xE6, 0x10, 0xE6, 0x10, 0xE6, 0x10, 0xE6, 0x10, 0xE6, 0x10, 0xE6, 0x10,
    0xE6, 0x10, 0xE6, 0x10, 0xE6, 0x10, 0xE6, 0x10, 0xE6, 0x10, 0xE6, 0x10, 0xE6, 0x10, 0xE6, 0x10,
    0xE6, 0x10, 0xE6, 0x10, 0xE6, 0x10, 0xE6, 0x10, 0xE6, 0x10, 0xE6, 0x10, 0xE6, 0x10, 0xE6, 0x10,
    0xE6, 0x10, 0xE6, 0x10, 0xE6, 0x10, 0xE6, 0x10, 0xE6, 0x10, 0xE6, 0x10, 0xE6, 0x10, 0xE6, 0x10,
    0xE6, 0x10, 0xE6, 0x10, 0xE6, 0x10, 0xE6, 0x10, 0xE6, 0x10, 0xE6, 0x10, 0xE6, 0x10, 0xE6, 0x10,
    0xE6, 0x10, 0xE6, 0x10, 0xE6, 0x10, 0xE6, 0x10, 0xE6, 0x10, 0xE6, 0x10, 0xE6, 0x10, 0xE6, 0x10,
    0xE6, 0x10, 0xE6, 0x10, 0xE6, 0x10, 0xE6, 0x10, 0xE6, 0x10, 0xE6, 0x10, 0xE6, 0x10, 0xE6, 0x10,
    0xE6, 0x10, 0xE6, 0x10, 0xE6, 0x10, 0xE6, 0x10, 0xE6, 0x10, 0xE6, 0x10, 0xE6, 0x10, 0xE6, 0x10,
    0xE6, 0x10, 0xE6, 0x10, 0xE6, 0x10, 0xE6, 0x10, 0xE6, 0x10, 0xE6, 0x10, 0xE6, 0x10, 0xE6, 0x10,
    0xE6, 0x10, 0xE6, 0x10, 0xE6, 0x10, 0xE6, 0x10, 0xE6, 0x10, 0xE6, 0x10, 0xE6, 0x10, 0xE6, 0x10,
    0xE6, 0x10, 0xE6, 0x10, 0xE6, 0x10, 0xE6, 0x10, 0xE6, 0x10, 0xE6, 0x10, 0xE6, 0x10, 0xE6, 0x10,
    0xE6, 0x10, 0xE6, 0x10, 0xE6, 0x10, 0xE6, 0x10, 0xE6, 0x10, 0xE6, 0x10, 0xE6, 0x10, 0xE6, 0x10,
    0xE6, 0x10, 0xE6, 0x10, 0xE6, 0x10, 0xE6, 0x10, 0xE6, 0x10, 0xE6, 0x10, 0xE6, 0x10, 0xE6, 0x10,
    0xE6, 0x10, 0xC6, 0x10, 0xC6, 0x10, 0xC6, 0x10, 0xC6, 0x10, 0xC6, 0x10, 0xC6, 0x10, 0xC6, 0x10,
    0xC6, 0x10, 0xC6, 0x10, 0xC6, 0x10, 0xC5, 0x10, 0xC5, 0x10, 0xC5, 0x10, 0xC5, 0x10, 0xC5, 0x08,
    0xC5, 0x08, 0xC5, 0x08, 0xC5, 0x08, 0xC5, 0x08, 0xC5, 0x08, 0xC5, 0x08, 0xC5, 0x08, 0xC5, 0x08,
    0xC5, 0x08, 0xC5, 0x08, 0xC5, 0x08, 0xC5, 0x08, 0xC5, 0x08, 0xC5, 0x08, 0xC5, 0x08, 0xC5, 0x08,
    0xC5, 0x08, 0xC5, 0x08, 0xC5, 0x08, 0xC5, 0x08, 0xC5, 0x08, 0xC5, 0x08, 0xC5, 0x08, 0xC5, 0x08,
    0xA5, 0x08, 0xA5, 0x08, 0xA5, 0x08, 0xA5, 0x08, 0xA5, 0x08, 0xA5, 0x08, 0xA5, 0x08, 0xA5, 0x08,
    0xA5, 0x08, 0xA5, 0x08, 0xA5, 0x08, 0xA5, 0x08, 0xA5, 0x08, 0xA5, 0x08, 0xA5, 0x08, 0xA5, 0x08,
    0xA5, 0x08, 0xC5, 0x08, 0xC5, 0x08, 0xC5, 0x08, 0xC5, 0x08, 0xC5, 0x08, 0xC5, 0x08, 0xC5, 0x08,
    0xC5, 0x08, 0xC5, 0x08, 0xC5, 0x08, 0xC5, 0x08, 0xC5, 0x08, 0xC5, 0x08, 0xC5, 0x08, 0xC5, 0x08,
    0xC5, 0x08, 0xC5, 0x08, 0xC5, 0x08, 0xC5, 0x08, 0xC5, 0x08, 0xC5, 0x08, 0xC5, 0x08, 0xC5, 0x08,
    0xC5, 0x08, 0xC5, 0x08, 0xC5, 0x08, 0xC5, 0x08, 0xC5, 0x10, 0xC5, 0x10, 0xC5, 0x10, 0xC5, 0x10,
    0xC5, 0x10, 0xC5, 0x10, 0xC5, 0x10, 0xC5, 0x10, 0xC5, 0x10, 0xC5, 0x10, 0xC5, 0x10, 0xC5, 0x10,
    0xC5, 0x10, 0xC5, 0x10, 0xC5, 0x10, 0xC5, 0x10, 0xC5, 0x10, 0xC6, 0x10, 0xC6, 0x10, 0xC6, 0x10,
    0xC6, 0x10, 0xC6, 0x10, 0xC6, 0x10, 0xC6, 0x10, 0xC6, 0x10, 0xC6, 0x10, 0xE6, 0x10, 0xE6, 0x10,
    0xE6, 0x10, 0xE6, 0x10, 0xE6, 0x10, 0xE6, 0x10, 0xE6, 0x10, 0xE6, 0x10, 0xE6, 0x10, 0xE6, 0x10,
    0xE6, 0x10, 0xE6, 0x10, 0xE6, 0x10, 0xE6, 0x10, 0xE6, 0x10, 0xE6, 0x10, 0xE6, 0x10, 0xE6, 0x10,
    0xE6, 0x10, 0xE6, 0x10, 0xE6, 0x10, 0xE6, 0x10, 0xE6, 0x10, 0xE6, 0x10, 0xE6, 0x10, 0xE6, 0x10,
    0xE6, 0x10, 0xE6, 0x10, 0xE6, 0x10, 0xE6, 0x10, 0xE6, 0x10, 0xE6, 0x10, 0xE6, 0x10, 0xE6, 0x10,
    0xE6, 0x10, 0xE6, 0x10, 0xE6, 0x10, 0xE6, 0x10, 0xE6, 0x10, 0xE6, 0x10, 0xE6, 0x10, 0xE6, 0x10,
    0xE6, 0x10, 0xE6, 0x10, 0xE6, 0x10, 0xE6, 0x10, 0xE6, 0x10, 0xE6, 0x10, 0xE6, 0x10, 0xE6, 0x10,
    0xE6, 0x10, 0xE6, 0x10, 0xE6, 0x10, 0xE6, 0x10, 0xE6, 0x10, 0xE6, 0x10, 0xE6, 0x10, 0xE6, 0x10,
    0xE6, 0x10, 0xE6, 0x10, 0xE6, 0x10, 0xE6, 0x10, 0xE6, 0x10, 0xE6, 0x10, 0xE6, 0x10, 0xE6, 0x10,
    0xE6, 0x10, 0xE6, 0x10, 0xE6, 0x10, 0xE6, 0x10, 0xE6, 0x10, 0xE6, 0x10, 0xE6, 0x10, 0xE6, 0x10,
    0xE6, 0x10, 0xE6, 0x10, 0xE6, 0x10, 0xE6, 0x10, 0xE6, 0x10, 0xE6, 0x10, 0xE6, 0x10, 0xE6, 0x10,
    0xE6, 0x10, 0xE6, 0x10, 0xE6, 0x10, 0xE6, 0x10, 0xE6, 0x10, 0xE6, 0x10, 0xE6, 0x10, 0xE6, 0x10,
    0xE6, 0x10, 0xE6, 0x10, 0xE6, 0x10, 0xE6, 0x10, 0xE6, 0x10, 0xE6, 0x10, 0xE6, 0x10, 0xE6, 0x10,
    0xE6, 0x10, 0xE6, 0x10, 0xE6, 0x10, 0xC6, 0x10, 0xC6, 0x10, 0xC6, 0x10, 0xC6, 0x10, 0xC6, 0x10,
    0xC6, 0x10, 0xC6, 0x10, 0xC6, 0x10, 0xC6, 0x10, 0xC5, 0x10, 0xC5, 0x10, 0xC5, 0x10, 0xC5, 0x10,
    0xC5, 0x10, 0xC5, 0x10, 0xC5, 0x10, 0xC5, 0x10, 0xC5, 0x10, 0xC5, 0x10, 0xC5, 0x10, 0xC5, 0x10,
    0xC5, 0x10, 0xC5, 0x10, 0xC5, 0x10, 0xC5, 0x10, 0xC5, 0x10, 0xC5, 0x08, 0xC5, 0x08, 0xC5, 0x08,
    0xC5, 0x08, 0xC5, 0x08, 0xC5, 0x08, 0xC5, 0x08, 0xC5, 0x08, 0xC5, 0x08, 0xC5, 0x08, 0xC5, 0x08,
    0xC5, 0x08, 0xC5, 0x08, 0xC5, 0x08, 0xC5, 0x08, 0xC5, 0x08, 0xC5, 0x08, 0xC5, 0x08, 0xC5, 0x08,
    0xC5, 0x08, 0xC5, 0x08, 0xC5, 0x08, 0xC5, 0x08, 0xC5, 0x08, 0xC5, 0x08, 0xC5, 0x08, 0xC5, 0x08,
    0xA5, 0x08, 0xA5, 0x08, 0xA5, 0x08, 0xA5, 0x08, 0xA5, 0x08, 0xA5, 0x08, 0xA5, 0x08, 0xA5, 0x08,
    0xA5, 0x08, 0xA5, 0x08, 0xA5, 0x08, 0xA5, 0x08, 0xA5, 0x08, 0xA5, 0x08, 0xA5, 0x08, 0xA5, 0x08,
    0xA5, 0x08, 0xA5, 0x08, 0xA5, 0x08, 0xA5, 0x08, 0xA5, 0x08, 0xA5, 0x08, 0xA5, 0x08, 0xA5, 0x08,
    0xA5, 0x08, 0xA5, 0x08, 0xA5, 0x08, 0xA5, 0x08, 0xA5, 0x08, 0xA5, 0x08, 0xA5, 0x08, 0xA5, 0x08,
    0xA5, 0x08, 0xA5, 0x08, 0xA5, 0x08, 0xC5, 0x08, 0xC5, 0x08, 0xC5, 0x08, 0xC5, 0x08, 0xC5, 0x08,
    0xC5, 0x08, 0xC5, 0x08, 0xC5, 0x08, 0xC5, 0x08, 0xC5, 0x08, 0xC5, 0x08, 0xC5, 0x08, 0xC5, 0x08,
    0xC5, 0x08, 0xC5, 0x08, 0xC5, 0x08, 0xC5, 0x08, 0xC5, 0x08, 0xC5, 0x08, 0xC5, 0x08, 0xC5, 0x08,
    0xC5, 0x08, 0xC5, 0x08, 0xC5, 0x08, 0xC5, 0x08, 0xC5, 0x08, 0xC5, 0x08, 0xC5, 0x10, 0xC5, 0x10,
    0xC5, 0x10, 0xC5, 0x10, 0xC5, 0x10, 0xC5, 0x10, 0xC5, 0x10, 0xC5, 0x10, 0xC5, 0x10, 0xC5, 0x10,
    0xC5, 0x10, 0xC5, 0x10, 0xC5, 0x10, 0xC5, 0x10, 0xC5, 0x10, 0xC5, 0x10, 0xC5, 0x10, 0xC5, 0x10,
    0xC5, 0x10, 0xC6, 0x10, 0xC6, 0x10, 0xC6, 0x10, 0xC6, 0x10, 0xC6, 0x10, 0xC6, 0x10, 0xC6, 0x10,
    0xC6, 0x10, 0xC6, 0x10, 0xE6, 0x10, 0xE6, 0x10, 0xE6, 0x10, 0xE6, 0x10, 0xE6, 0x10, 0xE6, 0x10,
    0xE6, 0x10, 0xE6, 0x10, 0xE6, 0x10, 0xE6, 0x10, 0xE6, 0x10, 0xE6, 0x10, 0xE6, 0x10, 0xE6, 0x10,
    0xE6, 0x10, 0xE6, 0x10, 0xE6, 0x10, 0xE6, 0x10, 0xE6, 0x10, 0xE6, 0x10, 0xE6, 0x10, 0xE6, 0x10,
    0xE6, 0x10, 0xE6, 0x10, 0xE6, 0x10, 0xE6, 0x10, 0xE6, 0x10, 0xE6, 0x10, 0xE6, 0x10, 0xE6, 0x10,
    0xE6, 0x10, 0xE6, 0x10, 0xE6, 0x10, 0xE6, 0x10, 0xE6, 0x10, 0xE6, 0x10, 0xE6, 0x10, 0xE6, 0x10,
    0xE6, 0x10, 0xE6, 0x10, 0xE6, 0x10, 0xE6, 0x10, 0xE6, 0x10, 0xE6, 0x10, 0xE6, 0x10, 0xE6, 0x10,
    0xE6, 0x10, 0xE6, 0x10, 0xE6, 0x10, 0xE6, 0x10, 0xE6, 0x10, 0xE6, 0x10, 0xE6, 0x10, 0xE6, 0x10,
    0xE6, 0x10, 0xE6, 0x10, 0xE6, 0x10, 0xE6, 0x10, 0xE6, 0x10, 0xE6, 0x10, 0xE6, 0x10, 0xE6, 0x10,
    0xE6, 0x10, 0xE6, 0x10, 0xE6, 0x10, 0xE6, 0x10, 0xE6, 0x10, 0xE6, 0x10, 0xE6, 0x10, 0xE6, 0x10,
    0xE6, 0x10, 0xE6, 0x10, 0xE6, 0x10, 0xE6, 0x10, 0xE6, 0x10, 0xE6, 0x10, 0xE6, 0x10, 0xE6, 0x10,
    0xE6, 0x10, 0xE6, 0x10, 0xE6, 0x10, 0xE6, 0x10, 0xE6, 0x10, 0xE6, 0x10, 0xE6, 0x10, 0xE6, 0x10,
    0xE6, 0x10, 0xE6, 0x10, 0xE6, 0x10, 0xE6, 0x10, 0xE6, 0x10, 0xE6, 0x10, 0xE6, 0x10, 0xC6, 0x10,
    0xC6, 0x10, 0xC6, 0x10, 0xC6, 0x10, 0xC6, 0x10, 0xC6, 0x10, 0xC6, 0x10, 0xC6, 0x10, 0xC6, 0x10,
    0xC5, 0x10, 0xC5, 0x10, 0xC5, 0x10, 0xC5, 0x10, 0xC5, 0x10, 0xC5, 0x10, 0xC5, 0x10, 0xC5, 0x10,
    0xC5, 0x10, 0xC5, 0x10, 0xC5, 0x10, 0xC5, 0x10, 0xC5, 0x10, 0xC5, 0x10, 0xC5, 0x10, 0xC5, 0x10,
    0xC5, 0x10, 0xC5, 0x10, 0xC5, 0x10, 0xC5, 0x08, 0xC5, 0x08, 0xC5, 0x08, 0xC5, 0x08, 0xC5, 0x08,
    0xC5, 0x08, 0xC5, 0x08, 0xC5, 0x08, 0xC5, 0x08, 0xC5, 0x08, 0xC5, 0x08, 0xC5, 0x08, 0xC5, 0x08,
    0xC5, 0x08, 0xC5, 0x08, 0xC5, 0x08, 0xC5, 0x08, 0xC5, 0x08, 0xC5, 0x08, 0xC5, 0x08, 0xC5, 0x08,
    0xC5, 0x08, 0xC5, 0x08, 0xC5, 0x08, 0xC5, 0x08, 0xC5, 0x08, 0xC5, 0x08, 0xA5, 0x08, 0xA5, 0x08,
    0xA5, 0x08, 0xA5, 0x08, 0xA5, 0x08, 0xA5, 0x08, 0xA5, 0x08, 0xA5, 0x08, 0xA5, 0x08, 0xA5, 0x08,
    0xA5, 0x08, 0xA5, 0x08, 0xA5, 0x08, 0xA5, 0x08, 0xA5, 0x08, 0xA5, 0x08, 0xA5, 0x08, 0xA5, 0x08,
    0xA5, 0x08, 0xA5, 0x08, 0xA5, 0x08, 0xA5, 0x08, 0xA5, 0x08, 0xC5, 0x08, 0xC5, 0x08, 0xC5, 0x08,
    0xC5, 0x08, 0xC5, 0x08, 0xC5, 0x08, 0xC5, 0x08, 0xC5, 0x08, 0xC5, 0x08, 0xC5, 0x08, 0xC5, 0x08,
    0xC5, 0x08, 0xC5, 0x08, 0xC5, 0x08, 0xC5, 0x08, 0xC5, 0x08, 0xC5, 0x08, 0xC5, 0x08, 0xC5, 0x08,
    0xC5, 0x08, 0xC5, 0x08, 0xC5, 0x08, 0xC5, 0x08, 0xC5, 0x08, 0xC5, 0x08, 0xC5, 0x08, 0xC5, 0x10,
    0xC5, 0x10, 0xC5, 0x10, 0xC5, 0x10, 0xC5, 0x10, 0xC5, 0x10, 0xC5, 0x10, 0xC6, 0x10, 0xC6, 0x10,
    0xC6, 0x10, 0xC6, 0x10, 0xC6, 0x10, 0xC6, 0x10, 0xC6, 0x10, 0xC6, 0x10, 0xC6, 0x10, 0xC6, 0x10,
    0xE6, 0x10, 0xE6, 0x10, 0xE6, 0x10, 0xE6, 0x10, 0xE6, 0x10, 0xE6, 0x10, 0xE6, 0x10, 0xE6, 0x10,
    0xE6, 0x10, 0xE6, 0x10, 0xE6, 0x10, 0xE6, 0x10, 0xE6, 0x10, 0xE6, 0x10, 0xE6, 0x10, 0xE6, 0x10,
    0xE6, 0x10, 0xE6, 0x10, 0xE6, 0x10, 0xE6, 0x10, 0xE6, 0x10, 0xE6, 0x10, 0xE6, 0x10, 0xE6, 0x10,
    0xE6, 0x10, 0xE6, 0x10, 0xE6, 0x10, 0xE6, 0x10, 0xE6, 0x10, 0xE6, 0x10, 0xE6, 0x10, 0xE6, 0x10,
    0xE6, 0x10, 0xE6, 0x10, 0xE6, 0x10, 0xE6, 0x10, 0xE6, 0x10, 0xE6, 0x10, 0xE6, 0x10, 0xE6, 0x10,
    0xE6, 0x10, 0xE6, 0x10, 0xE6, 0x10, 0xE6, 0x10, 0xE6, 0x10, 0xE6, 0x10, 0xE6, 0x10, 0xE6, 0x10,
    0xE6, 0x10, 0xE6, 0x10, 0xE6, 0x10, 0xE6, 0x10, 0xE6, 0x10, 0xE6, 0x10, 0xE6, 0x10, 0xE6, 0x10,
    0xE6, 0x10, 0xE6, 0x10, 0xE6, 0x10, 0xE6, 0x10, 0xE6, 0x10, 0xE6, 0x10, 0xE6, 0x10, 0xE6, 0x10,
    0xE6, 0x10, 0xE6, 0x10, 0xE6, 0x10, 0xE6, 0x10, 0xE6, 0x10, 0xE6, 0x10, 0xE6, 0x10, 0xE6, 0x10,
    0xE6, 0x10, 0xE6, 0x10, 0xE6, 0x10, 0xE6, 0x10, 0xE6, 0x10, 0xE6, 0x10, 0xE6, 0x10, 0xE6, 0x10,
    0xE6, 0x10, 0xE6, 0x10, 0xE6, 0x10, 0xE6, 0x10, 0xE6, 0x10, 0xE6, 0x10, 0xE6, 0x10, 0xE6, 0x10,
    0xE6, 0x10, 0xE6, 0x10, 0xE6, 0x10, 0xE6, 0x10, 0xE6, 0x10, 0xE6, 0x10, 0xE6, 0x10, 0xE6, 0x10,
    0xE6, 0x10, 0xE6, 0x10, 0xE6, 0x10, 0xE6, 0x10, 0xE6, 0x10, 0xE6, 0x10, 0xE6, 0x10, 0xE6, 0x10,
    0xE6, 0x10, 0xE6, 0x10, 0xE6, 0x10, 0xE6, 0x10, 0xE6, 0x10, 0xE6, 0x10, 0xE6, 0x10, 0xE6, 0x10,
    0xE6, 0x10, 0xE6, 0x10, 0xE6, 0x10, 0xE6, 0x10, 0xE6, 0x10, 0xE6, 0x10, 0xE6, 0x10, 0xE6, 0x10,
    0xE6, 0x10, 0xE6, 0x10, 0xE6, 0x10, 0xE6, 0x10, 0xE6, 0x10, 0xE6, 0x10, 0xE6, 0x10, 0xE6, 0x10,
    0xE6, 0x10, 0xE6, 0x10, 0xE6, 0x10, 0xE6, 0x10, 0xE6, 0x10, 0xE6, 0x10, 0xE6, 0x10, 0xE6, 0x10,
    0xE6, 0x10, 0xE6, 0x10, 0xE6, 0x10, 0xE6, 0x10, 0xE6, 0x10, 0xE6, 0x10, 0xE6, 0x10, 0xE6, 0x10,
    0xE6, 0x10, 0xC6, 0x10, 0xC6, 0x10, 0xC6, 0x10, 0xC6, 0x10, 0xC6, 0x10, 0xC6, 0x10, 0xC6, 0x10,
    0xC6, 0x10, 0xC6, 0x10, 0xC6, 0x10, 0xC5, 0x10, 0xC5, 0x10, 0xC5, 0x10, 0xC5, 0x10, 0xC5, 0x10,
    0xC5, 0x10, 0xC5, 0x10, 0xC5, 0x08, 0xC5, 0x08, 0xC5, 0x08, 0xC5, 0x08, 0xC5, 0x08, 0xC5, 0x08,
    0xC5, 0x08, 0xC5, 0x08, 0xC5, 0x08, 0xC5, 0x08, 0xC5, 0x08, 0xC5, 0x08, 0xC5, 0x08, 0xC5, 0x08,
    0xC5, 0x08, 0xC5, 0x08, 0xC5, 0x08, 0xC5, 0x08, 0xC5, 0x08, 0xC5, 0x08, 0xC5, 0x08, 0xC5, 0x08,
    0xC5, 0x08, 0xC5, 0x08, 0xC5, 0x08, 0xC5, 0x08, 0xA5, 0x08, 0xA5, 0x08, 0xA5, 0x08, 0xA5, 0x08,
    0xA4, 0x08, 0xA4, 0x08, 0xA4, 0x08, 0xA4, 0x08, 0xA5, 0x08, 0xA5, 0x08, 0xA5, 0x08, 0xA5, 0x08,
    0xA5, 0x08, 0xA5, 0x08, 0xA5, 0x08, 0xA5, 0x08, 0xA5, 0x08, 0xA5, 0x08, 0xA5, 0x08, 0xA5, 0x08,
    0xA5, 0x08, 0xA5, 0x08, 0xA5, 0x08, 0xA5, 0x08, 0xA5, 0x08, 0xA5, 0x08, 0xA5, 0x08, 0xA5, 0x08,
    0xC5, 0x08, 0xC5, 0x08, 0xC5, 0x08, 0xC5, 0x08, 0xC5, 0x08, 0xC5, 0x08, 0xC5, 0x08, 0xC5, 0x08,
    0xC5, 0x08, 0xC5, 0x08, 0xC5, 0x08, 0xC5, 0x08, 0xC5, 0x08, 0xC5, 0x08, 0xC5, 0x08, 0xC5, 0x08,
    0xC5, 0x08, 0xC5, 0x08, 0xC5, 0x08, 0xC5, 0x08, 0xC5, 0x08, 0xC5, 0x08, 0xC5, 0x08, 0xC5, 0x08,
    0xC5, 0x08, 0xC5, 0x08, 0xC5, 0x10, 0xC5, 0x10, 0xC5, 0x10, 0xC5, 0x10, 0xC5, 0x10, 0xC5, 0x10,
    0xC5, 0x10, 0xC5, 0x10, 0xC5, 0x10, 0xC5, 0x10, 0xC5, 0x10, 0xC5, 0x10, 0xC5, 0x10, 0xC5, 0x10,
    0xC5, 0x10, 0xC5, 0x10, 0xC5, 0x10, 0xC5, 0x10, 0xC5, 0x10, 0xC5, 0x10, 0xC5, 0x10, 0xC5, 0x10,
    0xC5, 0x10, 0xC6, 0x10, 0xC6, 0x10, 0xC6, 0x10, 0xC6, 0x10, 0xC6, 0x10, 0xC6, 0x10, 0xC6, 0x10,
    0xC6, 0x10, 0xC6, 0x10, 0xC6, 0x10, 0xC6, 0x10, 0xE6, 0x10, 0xE6, 0x10, 0xE6, 0x10, 0xE6, 0x10,
    0xE6, 0x10, 0xE6, 0x10, 0xE6, 0x10, 0xE6, 0x10, 0xE6, 0x10, 0xE6, 0x10, 0xE6, 0x10, 0xE6, 0x10,
    0xE6, 0x10, 0xE6, 0x10, 0xE6, 0x10, 0xE6, 0x10, 0xE6, 0x10, 0xE6, 0x10, 0xE6, 0x10, 0xE6, 0x10,
    0xE6, 0x10, 0xE6, 0x10, 0xE6, 0x10, 0xE6, 0x10, 0xE6, 0x10, 0xE6, 0x10, 0xE6, 0x10, 0xE6, 0x10,
    0xE6, 0x10, 0xE6, 0x10, 0xE6, 0x10, 0xE6, 0x10, 0xE6, 0x10, 0xE6, 0x10, 0xE6, 0x10, 0xE6, 0x10,
    0xE6, 0x10, 0xE6, 0x10, 0xE6, 0x10, 0xE6, 0x10, 0xE6, 0x10, 0xE6, 0x10, 0xE6, 0x10, 0xE6, 0x10,
    0xE6, 0x10, 0xE6, 0x10, 0xE6, 0x10, 0xE6, 0x10, 0xE6, 0x10, 0xE6, 0x10, 0xE6, 0x10, 0xE6, 0x10,
    0xE6, 0x10, 0xE6, 0x10, 0xE6, 0x10, 0xE6, 0x10, 0xE6, 0x10, 0xE6, 0x10, 0xE6, 0x10, 0xE6, 0x10,
    0xE6, 0x10, 0xE6, 0x10, 0xE6, 0x10, 0xE6, 0x10, 0xE6, 0x10, 0xE6, 0x10, 0xE6, 0x10, 0xE6, 0x10,
    0xE6, 0x10, 0xE6, 0x10, 0xE6, 0x10, 0xE6, 0x10, 0xE6, 0x10, 0xC6, 0x10, 0xC6, 0x10, 0xC6, 0x10,
    0xC6, 0x10, 0xC6, 0x10, 0xC6, 0x10, 0xC6, 0x10, 0xC6, 0x10, 0xC6, 0x10, 0xC6, 0x10, 0xC6, 0x10,
    0xC5, 0x10, 0xC5, 0x10, 0xC5, 0x10, 0xC5, 0x10, 0xC5, 0x10, 0xC5, 0x10, 0xC5, 0x10, 0xC5, 0x10,
    0xC5, 0x10, 0xC5, 0x10, 0xC5, 0x10, 0xC5, 0x10, 0xC5, 0x10, 0xC5, 0x10, 0xC5, 0x10, 0xC5, 0x10,
    0xC5, 0x10, 0xC5, 0x10, 0xC5, 0x10, 0xC5, 0x10, 0xC5, 0x10, 0xC5, 0x10, 0xC5, 0x10, 0xC5, 0x08,
    0xC5, 0x08, 0xC5, 0x08, 0xC5, 0x08, 0xC5, 0x08, 0xC5, 0x08, 0xC5, 0x08, 0xC5, 0x08, 0xC5, 0x08,
    0xC5, 0x08, 0xC5, 0x08, 0xC5, 0x08, 0xC5, 0x08, 0xC5, 0x08, 0xC5, 0x08, 0xC5, 0x08, 0xC5, 0x08,
    0xC5, 0x08, 0xC5, 0x08, 0xC5, 0x08, 0xC5, 0x08, 0xC5, 0x08, 0xC5, 0x08, 0xC5, 0x08, 0xC5, 0x08,
    0xC5, 0x08, 0xA5, 0x08, 0xA5, 0x08, 0xA5, 0x08, 0xA5, 0x08, 0xA5, 0x08, 0xA5, 0x08, 0xA5, 0x08,
    0xA5, 0x08, 0xA5, 0x08, 0xA5, 0x08, 0xA5, 0x08, 0xA5, 0x08, 0xA5, 0x08, 0xA5, 0x08, 0xA5, 0x08,
    0xA5, 0x08, 0xA5, 0x08, 0xA5, 0x08, 0xA5, 0x08, 0xA5, 0x08, 0xA4, 0x08, 0xA4, 0x08, 0xA4, 0x08,
    0xA4, 0x08, 0xA4, 0x08, 0xA4, 0x08, 0xA4, 0x08, 0xA4, 0x08, 0xA4, 0x08, 0xA5, 0x08, 0xA5, 0x08,
    0xA5, 0x08, 0xA5, 0x08, 0xA5, 0x08, 0xA5, 0x08, 0xA5, 0x08, 0xA5, 0x08, 0xA5, 0x08, 0xA5, 0x08,
    0xA5, 0x08, 0xA5, 0x08, 0xA5, 0x08, 0xA5, 0x08, 0xA5, 0x08, 0xA5, 0x08, 0xA5, 0x08, 0xA5, 0x08,
    0xA5, 0x08, 0xA5, 0x08, 0xC5, 0x08, 0xC5, 0x08, 0xC5, 0x08, 0xC5, 0x08, 0xC5, 0x08, 0xC5, 0x08,
    0xC5, 0x08, 0xC5, 0x08, 0xC5, 0x08, 0xC5, 0x08, 0xC5, 0x08, 0xC5, 0x08, 0xC5, 0x08, 0xC5, 0x08,
    0xC5, 0x08, 0xC5, 0x08, 0xC5, 0x08, 0xC5, 0x08, 0xC5, 0x08, 0xC5, 0x08, 0xC5, 0x08, 0xC5, 0x08,
    0xC5, 0x08, 0xC5, 0x08, 0xC5, 0x08, 0xC5, 0x08, 0xC5, 0x10, 0xC5, 0x10, 0xC5, 0x10, 0xC5, 0x10,
    0xC5, 0x10, 0xC5, 0x10, 0xC5, 0x10, 0xC5, 0x10, 0xC5, 0x10, 0xC5, 0x10, 0xC5, 0x10, 0xC5, 0x10,
    0xC5, 0x10, 0xC5, 0x10, 0xC5, 0x10, 0xC5, 0x10, 0xC5, 0x10, 0xC5, 0x10, 0xC5, 0x10, 0xC5, 0x10,
    0xC5, 0x10, 0xC5, 0x10, 0xC5, 0x10, 0xC5, 0x10, 0xC5, 0x10, 0xC6, 0x10, 0xC6, 0x10, 0xC6, 0x10,
    0xC6, 0x10, 0xC6, 0x10, 0xC6, 0x10, 0xC6, 0x10, 0xC6, 0x10, 0xC6, 0x10, 0xC6, 0x10, 0xC6, 0x10,
    0xC6, 0x10, 0xE6, 0x10, 0xE6, 0x10, 0xE6, 0x10, 0xE6, 0x10, 0xE6, 0x10, 0xE6, 0x10, 0xE6, 0x10,
    0xE6, 0x10, 0xE6, 0x10, 0xE6, 0x10, 0xE6, 0x10, 0xE6, 0x10, 0xE6, 0x10, 0xE6, 0x10, 0xE6, 0x10,
    0xE6, 0x10, 0xE6, 0x10, 0xE6, 0x10, 0xE6, 0x10, 0xE6, 0x10, 0xE6, 0x10, 0xE6, 0x10, 0xE6, 0x10,
    0xE6, 0x10, 0xE6, 0x10, 0xE6, 0x10, 0xE6, 0x10, 0xE6, 0x10, 0xE6, 0x10, 0xE6, 0x10, 0xE6, 0x10,
    0xE6, 0x10, 0xE6, 0x10, 0xE6, 0x10, 0xE6, 0x10, 0xE6, 0x10, 0xE6, 0x10, 0xE6, 0x10, 0xE6, 0x10,
    0xE6, 0x10, 0xE6, 0x10, 0xE6, 0x10, 0xE6, 0x10, 0xE6, 0x10, 0xE6, 0x10, 0xE6, 0x10, 0xE6, 0x10,
    0xE6, 0x10, 0xE6, 0x10, 0xE6, 0x10, 0xE6, 0x10, 0xE6, 0x10, 0xE6, 0x10, 0xE6, 0x10, 0xE6, 0x10,
    0xE6, 0x10, 0xE6, 0x10, 0xE6, 0x10, 0xE6, 0x10, 0xE6, 0x10, 0xE6, 0x10, 0xE6, 0x10, 0xE6, 0x10,
    0xC6, 0x10, 0xC6, 0x10, 0xC6, 0x10, 0xC6, 0x10, 0xC6, 0x10, 0xC6, 0x10, 0xC6, 0x10, 0xC6, 0x10,
    0xC6, 0x10, 0xC6, 0x10, 0xC6, 0x10, 0xC6, 0x10, 0xC5, 0x10, 0xC5, 0x10, 0xC5, 0x10, 0xC5, 0x10,
    0xC5, 0x10, 0xC5, 0x10, 0xC5, 0x10, 0xC5, 0x10, 0xC5, 0x10, 0xC5, 0x10, 0xC5, 0x10, 0xC5, 0x10,
    0xC5, 0x10, 0xC5, 0x10, 0xC5, 0x10, 0xC5, 0x10, 0xC5, 0x10, 0xC5, 0x10, 0xC5, 0x10, 0xC5, 0x10,
    0xC5, 0x10, 0xC5, 0x10, 0xC5, 0x10, 0xC5, 0x10, 0xC5, 0x10, 0xC5, 0x08, 0xC5, 0x08, 0xC5, 0x08,
    0xC5, 0x08, 0xC5, 0x08, 0xC5, 0x08, 0xC5, 0x08, 0xC5, 0x08, 0xC5, 0x08, 0xC5, 0x08, 0xC5, 0x08,
    0xC5, 0x08, 0xC5, 0x08, 0xC5, 0x08, 0xC5, 0x08, 0xC5, 0x08, 0xC5, 0x08, 0xC5, 0x08, 0xC5, 0x08,
    0xC5, 0x08, 0xC5, 0x08, 0xC5, 0x08, 0xC5, 0x08, 0xC5, 0x08, 0xC5, 0x08, 0xC5, 0x08, 0xA5, 0x08,
    0xA5, 0x08, 0xA5, 0x08, 0xA5, 0x08, 0xA5, 0x08, 0xA5, 0x08, 0xA5, 0x08, 0xA5, 0x08, 0xA5, 0x08,
    0xA5, 0x08, 0xA5, 0x08, 0xA5, 0x08, 0xA5, 0x08, 0xA5, 0x08, 0xA5, 0x08, 0xA5, 0x08, 0xA5, 0x08,
    0xA5, 0x08, 0xA5, 0x08, 0xA5, 0x08, 0xA4, 0x08, 0xA4, 0x08, 0xA4, 0x08, 0xA4, 0x08, 0xA4, 0x08,
    0xA5, 0x08, 0xA5, 0x08, 0xA5, 0x08, 0xA5, 0x08, 0xA5, 0x08, 0xA5, 0x08, 0xA5, 0x08, 0xA5, 0x08,
    0xA5, 0x08, 0xA5, 0x08, 0xC5, 0x08, 0xC5, 0x08, 0xC5, 0x08, 0xC5, 0x08, 0xC5, 0x08, 0xC5, 0x08,
    0xC5, 0x08, 0xC5, 0x08, 0xC5, 0x08, 0xC5, 0x08, 0xC5, 0x08, 0xC5, 0x08, 0xC5, 0x08, 0xC5, 0x08,
    0xC5, 0x08, 0xC5, 0x08, 0xC5, 0x08, 0xC5, 0x08, 0xC5, 0x08, 0xC5, 0x08, 0xC5, 0x08, 0xC5, 0x08,
    0xC5, 0x08, 0xC5, 0x08, 0xC5, 0x08, 0xC5, 0x08, 0xC5, 0x08, 0xC5, 0x10, 0xC5, 0x10, 0xC5, 0x10,
    0xC5, 0x10, 0xC5, 0x10, 0xC5, 0x10, 0xC5, 0x10, 0xC5, 0x10, 0xC5, 0x10, 0xC6, 0x10, 0xC6, 0x10,
    0xC6, 0x10, 0xC6, 0x10, 0xC6, 0x10, 0xC6, 0x10, 0xC6, 0x10, 0xC6, 0x10, 0xC6, 0x10, 0xC6, 0x10,
    0xC6, 0x10, 0xE6, 0x10, 0xE6, 0x10, 0xE6, 0x10, 0xE6, 0x10, 0xE6, 0x10, 0xE6, 0x10, 0xE6, 0x10,
    0xE6, 0x10, 0xE6, 0x10, 0xE6, 0x10, 0xE6, 0x10, 0xE6, 0x10, 0xE6, 0x10, 0xE6, 0x10, 0xE6, 0x10,
    0xE6, 0x10, 0xE6, 0x10, 0xE6, 0x10, 0xE6, 0x10, 0xE6, 0x10, 0xE6, 0x10, 0xE6, 0x10, 0xE6, 0x10,
    0xE6, 0x10, 0xE6, 0x10, 0xE6, 0x10, 0xE6, 0x10, 0xE6, 0x10, 0xE6, 0x10, 0xE6, 0x10, 0xE6, 0x10,
    0xE6, 0x10, 0xE6, 0x10, 0xE6, 0x10, 0xE6, 0x10, 0xE6, 0x10, 0xE6, 0x10, 0xE6, 0x10, 0xE6, 0x10,
    0xE6, 0x10, 0xE6, 0x10, 0xE6, 0x10, 0xE6, 0x10, 0xE6, 0x10, 0xE6, 0x10, 0xE6, 0x10, 0xE6, 0x10,
    0xE6, 0x10, 0xE6, 0x10, 0xE6, 0x10, 0xE6, 0x10, 0xE6, 0x10, 0xE6, 0x10, 0xE6, 0x10, 0xE6, 0x10,
    0xE6, 0x10, 0xE6, 0x10, 0xE6, 0x10, 0xE6, 0x10, 0xE6, 0x10, 0xE6, 0x10, 0xE6, 0x10, 0xE6, 0x10,
    0xE6, 0x10, 0xE6, 0x10, 0xE6, 0x10, 0xE6, 0x10, 0xE6, 0x10, 0xE6, 0x10, 0xE6, 0x10, 0xE6, 0x10,
    0xE6, 0x10, 0xE6, 0x10, 0xE6, 0x10, 0xE6, 0x10, 0xE6, 0x10, 0xE6, 0x10, 0xE6, 0x10, 0xE6, 0x10,
    0xE6, 0x10, 0xE6, 0x10, 0xE6, 0x10, 0xE6, 0x10, 0xE6, 0x10, 0xE6, 0x10, 0xE6, 0x10, 0xE6, 0x10,
    0xE6, 0x10, 0xE6, 0x10, 0xE6, 0x10, 0xE6, 0x10, 0xE6, 0x10, 0xE6, 0x10, 0xE6, 0x10, 0xE6, 0x10,
    0xE6, 0x10, 0xE6, 0x10, 0xE6, 0x10, 0xE6, 0x10, 0xE6, 0x10, 0xE6, 0x10, 0xE6, 0x10, 0xE6, 0x10,
    0xE6, 0x10, 0xE6, 0x10, 0xE6, 0x10, 0xE6, 0x10, 0xE6, 0x10, 0xE6, 0x10, 0xE6, 0x10, 0xE6, 0x10,
    0xE6, 0x10, 0xE6, 0x10, 0xE6, 0x10, 0xE6, 0x10, 0xE6, 0x10, 0xE6, 0x10, 0xE6, 0x10, 0xE6, 0x10,
    0xE6, 0x10, 0xE6, 0x10, 0xE6, 0x10, 0xE6, 0x10, 0xE6, 0x10, 0xE6, 0x10, 0xE6, 0x10, 0xE6, 0x10,
    0xC6, 0x10, 0xC6, 0x10, 0xC6, 0x10, 0xC6, 0x10, 0xC6, 0x10, 0xC6, 0x10, 0xC6, 0x10, 0xC6, 0x10,
    0xC6, 0x10, 0xC6, 0x10, 0xC6, 0x10, 0xC5, 0x10, 0xC5, 0x10, 0xC5, 0x10, 0xC5, 0x10, 0xC5, 0x10,
    0xC5, 0x10, 0xC5, 0x10, 0xC5, 0x10, 0xC5, 0x10, 0xC5, 0x08, 0xC5, 0x08, 0xC5, 0x08, 0xC5, 0x08,
    0xC5, 0x08, 0xC5, 0x08, 0xC5, 0x08, 0xC5, 0x08, 0xC5, 0x08, 0xC5, 0x08, 0xC5, 0x08, 0xC5, 0x08,
    0xC5, 0x08, 0xC5, 0x08, 0xC5, 0x08, 0xC5, 0x08, 0xC5, 0x08, 0xC5, 0x08, 0xC5, 0x08, 0xC5, 0x08,
    0xC5, 0x08, 0xC5, 0x08, 0xC5, 0x08, 0xC5, 0x08, 0xC5, 0x08, 0xC5, 0x08, 0xC5, 0x08, 0xA5, 0x08,
    0xA5, 0x08, 0xA5, 0x08, 0xA5, 0x08, 0xA5, 0x08, 0xA5, 0x08, 0xA5, 0x08, 0xA5, 0x08, 0xA5, 0x08,
    0xA4, 0x08, 0xA4, 0x08, 0xA4, 0x08, 0xA4, 0x08, 0xA4, 0x08, 0xA4, 0x08, 0xA4, 0x08, 0xA4, 0x08,
    0xA4, 0x08, 0xA4, 0x08, 0xA5, 0x08, 0xA5, 0x08, 0xA5, 0x08, 0xA5, 0x08, 0xA5, 0x08, 0xA5, 0x08,
    0xA5, 0x08, 0xA5, 0x08, 0xA5, 0x08, 0xA5, 0x08, 0xA5, 0x08, 0xA5, 0x08, 0xA5, 0x08, 0xA5, 0x08,
    0xA5, 0x08, 0xA5, 0x08, 0xA5, 0x08, 0xA5, 0x08, 0xA5, 0x08, 0xA5, 0x08, 0xC5, 0x08, 0xC5, 0x08,
    0xC5, 0x08, 0xC5, 0x08, 0xC5, 0x08, 0xC5, 0x08, 0xC5, 0x08, 0xC5, 0x08, 0xC5, 0x08, 0xC5, 0x08,
    0xC5, 0x08, 0xC5, 0x08, 0xC5, 0x08, 0xC5, 0x08, 0xC5, 0x08, 0xC5, 0x08, 0xC5, 0x08, 0xC5, 0x08,
    0xC5, 0x08, 0xC5, 0x08, 0xC5, 0x08, 0xC5, 0x08, 0xC5, 0x08, 0xC5, 0x08, 0xC5, 0x08, 0xC5, 0x08,
    0xC5, 0x08, 0xC5, 0x10, 0xC5, 0x10, 0xC5, 0x10, 0xC5, 0x10, 0xC5, 0x10, 0xC5, 0x10, 0xC5, 0x10,
    0xC5, 0x10, 0xC5, 0x10, 0xC5, 0x10, 0xC5, 0x10, 0xC5, 0x10, 0xC5, 0x10, 0xC5, 0x10, 0xC5, 0x10,
    0xC5, 0x10, 0xC5, 0x10, 0xC5, 0x10, 0xC5, 0x10, 0xC5, 0x10, 0xC5, 0x10, 0xC5, 0x10, 0xC5, 0x10,
    0xC5, 0x10, 0xC5, 0x10, 0xC5, 0x10, 0xC5, 0x10, 0xC5, 0x10, 0xC5, 0x10, 0xC5, 0x10, 0xC5, 0x10,
    0xC5, 0x10, 0xC6, 0x10, 0xC6, 0x10, 0xC6, 0x10, 0xC6, 0x10, 0xC6, 0x10, 0xC6, 0x10, 0xC6, 0x10,
    0xC6, 0x10, 0xC6, 0x10, 0xC6, 0x10, 0xC6, 0x10, 0xC6, 0x10, 0xC6, 0x10, 0xC6, 0x10, 0xC6, 0x10,
    0xC6, 0x10, 0xC6, 0x10, 0xC6, 0x10, 0xE6, 0x10, 0xE6, 0x10, 0xE6, 0x10, 0xE6, 0x10, 0xE6, 0x10,
    0xE6, 0x10, 0xE6, 0x10, 0xE6, 0x10, 0xE6, 0x10, 0xE6, 0x10, 0xE6, 0x10, 0xE6, 0x10, 0xE6, 0x10,
    0xE6, 0x10, 0xE6, 0x10, 0xE6, 0x10, 0xE6, 0x10, 0xE6, 0x10, 0xE6, 0x10, 0xE6, 0x10, 0xE6, 0x10,
    0xE6, 0x10, 0xE6, 0x10, 0xE6, 0x10, 0xE6, 0x10, 0xE6, 0x10, 0xE6, 0x10, 0xC6, 0x10, 0xC6, 0x10,
    0xC6, 0x10, 0xC6, 0x10, 0xC6, 0x10, 0xC6, 0x10, 0xC6, 0x10, 0xC6, 0x10, 0xC6, 0x10, 0xC6, 0x10,
    0xC6, 0x10, 0xC6, 0x10, 0xC6, 0x10, 0xC6, 0x10, 0xC6, 0x10, 0xC6, 0x10, 0xC6, 0x10, 0xC6, 0x10,
    0xC5, 0x10, 0xC5, 0x10, 0xC5, 0x10, 0xC5, 0x10, 0xC5, 0x10, 0xC5, 0x10, 0xC5, 0x10, 0xC5, 0x10,
    0xC5, 0x10, 0xC5, 0x10, 0xC5, 0x10, 0xC5, 0x10, 0xC5, 0x10, 0xC5, 0x10, 0xC5, 0x10, 0xC5, 0x10,
    0xC5, 0x10, 0xC5, 0x10, 0xC5, 0x10, 0xC5, 0x10, 0xC5, 0x10, 0xC5, 0x10, 0xC5, 0x10, 0xC5, 0x10,
    0xC5, 0x10, 0xC5, 0x10, 0xC5, 0x10, 0xC5, 0x10, 0xC5, 0x10, 0xC5, 0x10, 0xC5, 0x10, 0xC5, 0x10,
    0xC5, 0x08, 0xC5, 0x08, 0xC5, 0x08, 0xC5, 0x08, 0xC5, 0x08, 0xC5, 0x08, 0xC5, 0x08, 0xC5, 0x08,
    0xC5, 0x08, 0xC5, 0x08, 0xC5, 0x08, 0xC5, 0x08, 0xC5, 0x08, 0xC5, 0x08, 0xC5, 0x08, 0xC5, 0x08,
    0xC5, 0x08, 0xC5, 0x08, 0xC5, 0x08, 0xC5, 0x08, 0xC5, 0x08, 0xC5, 0x08, 0xC5, 0x08, 0xC5, 0x08,
    0xC5, 0x08, 0xC5, 0x08, 0xC5, 0x08, 0xA5, 0x08, 0xA5, 0x08, 0xA5, 0x08, 0xA5, 0x08, 0xA5, 0x08,
    0xA5, 0x08, 0xA5, 0x08, 0xA5, 0x08, 0xA5, 0x08, 0xA5, 0x08, 0xA5, 0x08, 0xA5, 0x08, 0xA5, 0x08,
    0xA5, 0x08, 0xA5, 0x08, 0xA5, 0x08, 0xA5, 0x08, 0xA5, 0x08, 0xA5, 0x08, 0xA5, 0x08, 0xA4, 0x08,
    0xA4, 0x08, 0xA4, 0x08, 0xA4, 0x08, 0xA4, 0x08, 0xA4, 0x08, 0xA4, 0x08, 0xA4, 0x08, 0xA4, 0x08,
    0xA4, 0x08, 0xA4, 0x08, 0xA4, 0x08, 0xA4, 0x08, 0xA4, 0x08, 0xA4, 0x08, 0xA4, 0x08, 0xA4, 0x08,
    0xA4, 0x08, 0xA4, 0x08, 0xA4, 0x08, 0xA4, 0x08, 0xA5, 0x08, 0xA5, 0x08, 0xA5, 0x08, 0xA5, 0x08,
    0xA5, 0x08, 0xA5, 0x08, 0xA5, 0x08, 0xA5, 0x08, 0xA5, 0x08, 0xA5, 0x08, 0xA5, 0x08, 0xA5, 0x08,
    0xA5, 0x08, 0xA5, 0x08, 0xA5, 0x08, 0xA5, 0x08, 0xA5, 0x08, 0xA5, 0x08, 0xA5, 0x08, 0xA5, 0x08,
    0xA5, 0x08, 0xC5, 0x08, 0xC5, 0x08, 0xC5, 0x08, 0xC5, 0x08, 0xC5, 0x08, 0xC5, 0x08, 0xC5, 0x08,
    0xC5, 0x08, 0xC5, 0x08, 0xC5, 0x08, 0xC5, 0x08, 0xC5, 0x08, 0xC5, 0x08, 0xC5, 0x08, 0xC5, 0x08,
    0xC5, 0x08, 0xC5, 0x08, 0xC5, 0x08, 0xC5, 0x08, 0xC5, 0x08, 0xC5, 0x08, 0xC5, 0x08, 0xC5, 0x08,
    0xC5, 0x08, 0xC5, 0x08, 0xC5, 0x08, 0xC5, 0x10, 0xC5, 0x10, 0xC5, 0x10, 0xC5, 0x10, 0xC5, 0x10,
    0xC5, 0x10, 0xC5, 0x10, 0xC5, 0x10, 0xC5, 0x10, 0xC5, 0x10, 0xC5, 0x10, 0xC5, 0x10, 0xC5, 0x10,
    0xC5, 0x10, 0xC5, 0x10, 0xC5, 0x10, 0xC5, 0x10, 0xC5, 0x10, 0xC5, 0x10, 0xC5, 0x10, 0xC5, 0x10,
    0xC5, 0x10, 0xC5, 0x10, 0xC5, 0x10, 0xC5, 0x10, 0xC5, 0x10, 0xC5, 0x10, 0xC5, 0x10, 0xC5, 0x10,
    0xC5, 0x10, 0xC5, 0x10, 0xC5, 0x10, 0xC5, 0x10, 0xC5, 0x10, 0xC5, 0x10, 0xC5, 0x10, 0xC5, 0x10,
    0xC5, 0x10, 0xC6, 0x10, 0xC6, 0x10, 0xC6, 0x10, 0xC6, 0x10, 0xC6, 0x10, 0xC6, 0x10, 0xC6, 0x10,
    0xC6, 0x10, 0xC6, 0x10, 0xC6, 0x10, 0xC6, 0x10, 0xC6, 0x10, 0xC6, 0x10, 0xC6, 0x10, 0xC6, 0x10,
    0xC6, 0x10, 0xC6, 0x10, 0xC6, 0x10, 0xC6, 0x10, 0xC6, 0x10, 0xC6, 0x10, 0xC6, 0x10, 0xC6, 0x10,
    0xC6, 0x10, 0xC6, 0x10, 0xC6, 0x10, 0xC6, 0x10, 0xC6, 0x10, 0xC6, 0x10, 0xC6, 0x10, 0xC6, 0x10,
    0xC6, 0x10, 0xC6, 0x10, 0xC6, 0x10, 0xC6, 0x10, 0xC6, 0x10, 0xC6, 0x10, 0xC6, 0x10, 0xC6, 0x10,
    0xC6, 0x10, 0xC6, 0x10, 0xC6, 0x10, 0xC6, 0x10, 0xC6, 0x10, 0xC6, 0x10, 0xC6, 0x10, 0xC6, 0x10,
    0xC5, 0x10, 0xC5, 0x10, 0xC5, 0x10, 0xC5, 0x10, 0xC5, 0x10, 0xC5, 0x10, 0xC5, 0x10, 0xC5, 0x10,
    0xC5, 0x10, 0xC5, 0x10, 0xC5, 0x10, 0xC5, 0x10, 0xC5, 0x10, 0xC5, 0x10, 0xC5, 0x10, 0xC5, 0x10,
    0xC5, 0x10, 0xC5, 0x10, 0xC5, 0x10, 0xC5, 0x10, 0xC5, 0x10, 0xC5, 0x10, 0xC5, 0x10, 0xC5, 0x10,
    0xC5, 0x10, 0xC5, 0x10, 0xC5, 0x10, 0xC5, 0x10, 0xC5, 0x10, 0xC5, 0x10, 0xC5, 0x10, 0xC5, 0x10,
    0xC5, 0x10, 0xC5, 0x10, 0xC5, 0x10, 0xC5, 0x10, 0xC5, 0x10, 0xC5, 0x10, 0xC5, 0x08, 0xC5, 0x08,
    0xC5, 0x08, 0xC5, 0x08, 0xC5, 0x08, 0xC5, 0x08, 0xC5, 0x08, 0xC5, 0x08, 0xC5, 0x08, 0xC5, 0x08,
    0xC5, 0x08, 0xC5, 0x08, 0xC5, 0x08, 0xC5, 0x08, 0xC5, 0x08, 0xC5, 0x08, 0xC5, 0x08, 0xC5, 0x08,
    0xC5, 0x08, 0xC5, 0x08, 0xC5, 0x08, 0xC5, 0x08, 0xC5, 0x08, 0xC5, 0x08, 0xC5, 0x08, 0xC5, 0x08,
    0xA5, 0x08, 0xA5, 0x08, 0xA5, 0x08, 0xA5, 0x08, 0xA5, 0x08, 0xA5, 0x08, 0xA5, 0x08, 0xA5, 0x08,
    0xA5, 0x08, 0xA5, 0x08, 0xA5, 0x08, 0xA5, 0x08, 0xA5, 0x08, 0xA5, 0x08, 0xA5, 0x08, 0xA5, 0x08,
    0xA5, 0x08, 0xA5, 0x08, 0xA5, 0x08, 0xA5, 0x08, 0xA5, 0x08, 0xA4, 0x08, 0xA4, 0x08, 0xA4, 0x08,
    0xA4, 0x08, 0xA4, 0x08, 0xA4, 0x08, 0xA4, 0x08, 0xA4, 0x08, 0xA4, 0x08, 0xA4, 0x08, 0xA4, 0x08,
    0xA5, 0x08, 0xA5, 0x08, 0xA5, 0x08, 0xA5, 0x08, 0xA5, 0x08, 0xA5, 0x08, 0xA5, 0x08, 0xA5, 0x08,
    0xA5, 0x08, 0xA5, 0x08, 0xA5, 0x08, 0xA5, 0x08, 0xA5, 0x08, 0xA5, 0x08, 0xA5, 0x08, 0xA5, 0x08,
    0xC5, 0x08, 0xC5, 0x08, 0xC5, 0x08, 0xC5, 0x08, 0xC5, 0x08, 0xC5, 0x08, 0xC5, 0x08, 0xC5, 0x08,
    0xC5, 0x08, 0xC5, 0x08, 0xC5, 0x08, 0xC5, 0x08, 0xC5, 0x08, 0xC5, 0x08, 0xC5, 0x08, 0xC5, 0x08,
    0xC5, 0x08, 0xC5, 0x08, 0xC5, 0x08, 0xC5, 0x08, 0xC5, 0x08, 0xC5, 0x08, 0xC5, 0x08, 0xC5, 0x08,
    0xC5, 0x08, 0xC5, 0x08, 0xC5, 0x08, 0xC5, 0x10, 0xC5, 0x10, 0xC5, 0x10, 0xC5, 0x10, 0xC5, 0x10,
    0xC5, 0x10, 0xC5, 0x10, 0xC5, 0x10, 0xC5, 0x10, 0xC5, 0x10, 0xC5, 0x10, 0xC5, 0x10, 0xC5, 0x10,
    0xC6, 0x10, 0xC6, 0x10, 0xC6, 0x10, 0xC6, 0x10, 0xC6, 0x10, 0xC6, 0x10, 0xC6, 0x10, 0xC6, 0x10,
    0xC6, 0x10, 0xC6, 0x10, 0xC6, 0x10, 0xC6, 0x10, 0xE6, 0x10, 0xE6, 0x10, 0xE6, 0x10, 0xE6, 0x10,
    0xE6, 0x10, 0xE6, 0x10, 0xE6, 0x10, 0xE6, 0x10, 0xE6, 0x10, 0xE6, 0x10, 0xE6, 0x10, 0xE6, 0x10,
    0xE6, 0x10, 0xE6, 0x10, 0xE6, 0x10, 0xE6, 0x10, 0xE6, 0x10, 0xE6, 0x10, 0xE6, 0x10, 0xE6, 0x10,
    0xE6, 0x10, 0xE6, 0x10, 0xE6, 0x10, 0xE6, 0x10, 0xE6, 0x10, 0xE6, 0x10, 0xE6, 0x10, 0xE6, 0x10,
    0xE6, 0x10, 0xE6, 0x10, 0xE6, 0x10, 0xE6, 0x10, 0xE6, 0x10, 0xE6, 0x10, 0xE6, 0x10, 0xE6, 0x10,
    0xE6, 0x10, 0xE6, 0x10, 0xE6, 0x10, 0xE6, 0x10, 0xE6, 0x10, 0xE6, 0x10, 0xE6, 0x10, 0xE6, 0x10,
    0xE6, 0x10, 0xE6, 0x10, 0xE6, 0x10, 0xE6, 0x10, 0xE6, 0x10, 0xE6, 0x10, 0xE6, 0x10, 0xE6, 0x10,
    0xE6, 0x10, 0xE6, 0x10, 0xE6, 0x10, 0xE6, 0x10, 0xE6, 0x10, 0xE6, 0x10, 0xE6, 0x10, 0xE6, 0x10,
    0xE6, 0x10, 0xE6, 0x10, 0xE6, 0x10, 0xE6, 0x10, 0xE6, 0x10, 0xE6, 0x10, 0xE6, 0x10, 0xE6, 0x10,
    0xE6, 0x10, 0xE6, 0x10, 0xE6, 0x10, 0xE6, 0x10, 0xE6, 0x10, 0xE6, 0x10, 0xE6, 0x10, 0xE6, 0x10,
    0xE6, 0x10, 0xE6, 0x10, 0xE6, 0x10, 0xE6, 0x10, 0xE6, 0x10, 0xE6, 0x10, 0xE6, 0x10, 0xE6, 0x10,
    0xE6, 0x10, 0xE6, 0x10, 0xE6, 0x10, 0xE6, 0x10, 0xE6, 0x10, 0xE6, 0x10, 0xE6, 0x10, 0xE6, 0x10,
    0xE6, 0x10, 0xE6, 0x10, 0xE6, 0x10, 0xE6, 0x10, 0xE6, 0x10, 0xE6, 0x10, 0xE6, 0x10, 0xE6, 0x10,
    0xE6, 0x10, 0xE6, 0x10, 0xE6, 0x10, 0xE6, 0x10, 0xE6, 0x10, 0xC6, 0x10, 0xC6, 0x10, 0xC6, 0x10,
    0xC6, 0x10, 0xC6, 0x10, 0xC6, 0x10, 0xC6, 0x10, 0xC6, 0x10, 0xC6, 0x10, 0xC6, 0x10, 0xC6, 0x10,
    0xC6, 0x10, 0xC5, 0x10, 0xC5, 0x10, 0xC5, 0x10, 0xC5, 0x10, 0xC5, 0x10, 0xC5, 0x10, 0xC5, 0x10,
    0xC5, 0x10, 0xC5, 0x10, 0xC5, 0x10, 0xC5, 0x10, 0xC5, 0x10, 0xC5, 0x10, 0xC5, 0x08, 0xC5, 0x08,
    0xC5, 0x08, 0xC5, 0x08, 0xC5, 0x08, 0xC5, 0x08, 0xC5, 0x08, 0xC5, 0x08, 0xC5, 0x08, 0xC5, 0x08,
    0xC5, 0x08, 0xC5, 0x08, 0xC5, 0x08, 0xC5, 0x08, 0xC5, 0x08, 0xC5, 0x08, 0xC5, 0x08, 0xC5, 0x08,
    0xC5, 0x08, 0xC5, 0x08, 0xC5, 0x08, 0xC5, 0x08, 0xC5, 0x08, 0xC5, 0x08, 0xC5, 0x08, 0xC5, 0x08,
    0xC5, 0x08, 0xA5, 0x08, 0xA5, 0x08, 0xA5, 0x08, 0xA5, 0x08, 0xA5, 0x08, 0xA5, 0x08, 0xA5, 0x08,
    0xA5, 0x08, 0xA5, 0x08, 0xA5, 0x08, 0xA5, 0x08, 0xA5, 0x08, 0xA5, 0x08, 0xA5, 0x08, 0xA5, 0x08,
    0xA4, 0x08, 0xA4, 0x08, 0xA4, 0x08, 0xA4, 0x08, 0xA4, 0x08, 0xA4, 0x08, 0xA4, 0x08, 0xA4, 0x08,
    0xA4, 0x08, 0xA4, 0x08, 0xA4, 0x08, 0xA4, 0x08, 0xA4, 0x08, 0xA4, 0x08, 0xA4, 0x08, 0xA4, 0x08,
    0xA4, 0x08, 0xA5, 0x08, 0xA5, 0x08, 0xA5, 0x08, 0xA5, 0x08, 0xA5, 0x08, 0xA5, 0x08, 0xA5, 0x08,
    0xA5, 0x08, 0xA5, 0x08, 0xA5, 0x08, 0xA5, 0x08, 0xA5, 0x08, 0xA5, 0x08, 0xA5, 0x08, 0xA5, 0x08,
    0xA5, 0x08, 0xA5, 0x08, 0xA5, 0x08, 0xA5, 0x08, 0xA5, 0x08, 0xA5, 0x08, 0xC5, 0x08, 0xC5, 0x08,
    0xC5, 0x08, 0xC5, 0x08, 0xC5, 0x08, 0xC5, 0x08, 0xC5, 0x08, 0xC5, 0x08, 0xC5, 0x08, 0xC5, 0x08,
    0xC5, 0x08, 0xC5, 0x08, 0xC5, 0x08, 0xC5, 0x08, 0xC5, 0x08, 0xC5, 0x08, 0xC5, 0x08, 0xC5, 0x08,
    0xC5, 0x08, 0xC5, 0x08, 0xC5, 0x08, 0xC5, 0x08, 0xC5, 0x08, 0xC5, 0x08, 0xC5, 0x08, 0xC5, 0x08,
    0xC5, 0x08, 0xC5, 0x10, 0xC5, 0x10, 0xC5, 0x10, 0xC5, 0x10, 0xC5, 0x10, 0xC5, 0x10, 0xC5, 0x10,
    0xC5, 0x10, 0xC5, 0x10, 0xC5, 0x10, 0xC5, 0x10, 0xC5, 0x10, 0xC5, 0x10, 0xC5, 0x10, 0xC5, 0x10,
    0xC5, 0x10, 0xC5, 0x10, 0xC5, 0x10, 0xC5, 0x10, 0xC5, 0x10, 0xC5, 0x10, 0xC5, 0x10, 0xC5, 0x10,
    0xC5, 0x10, 0xC5, 0x10, 0xC5, 0x10, 0xC5, 0x10, 0xC5, 0x10, 0xC5, 0x10, 0xC5, 0x10, 0xC5, 0x10,
    0xC5, 0x10, 0xC5, 0x10, 0xC5, 0x10, 0xC5, 0x10, 0xC5, 0x10, 0xC5, 0x10, 0xC5, 0x10, 0xC5, 0x10,
    0xC5, 0x10, 0xC5, 0x10, 0xC5, 0x10, 0xC5, 0x10, 0xC5, 0x10, 0xC5, 0x10, 0xC5, 0x10, 0xC5, 0x10,
    0xC5, 0x10, 0xC5, 0x10, 0xC5, 0x10, 0xC5, 0x10, 0xC5, 0x10, 0xC5, 0x10, 0xC5, 0x10, 0xC5, 0x10,
    0xC5, 0x10, 0xC5, 0x10, 0xC5, 0x10, 0xC5, 0x10, 0xC5, 0x10, 0xC5, 0x10, 0xC5, 0x10, 0xC5, 0x10,
    0xC5, 0x10, 0xC5, 0x10, 0xC5, 0x10, 0xC5, 0x10, 0xC5, 0x10, 0xC5, 0x10, 0xC5, 0x10, 0xC5, 0x10,
    0xC5, 0x10, 0xC5, 0x10, 0xC5, 0x10, 0xC5, 0x10, 0xC5, 0x10, 0xC5, 0x10, 0xC5, 0x10, 0xC5, 0x10,
    0xC5, 0x10, 0xC5, 0x10, 0xC5, 0x10, 0xC5, 0x10, 0xC5, 0x10, 0xC5, 0x10, 0xC5, 0x10, 0xC5, 0x10,
    0xC5, 0x10, 0xC5, 0x10, 0xC5, 0x10, 0xC5, 0x10, 0xC5, 0x10, 0xC5, 0x10, 0xC5, 0x10, 0xC5, 0x10,
    0xC5, 0x10, 0xC5, 0x10, 0xC5, 0x10, 0xC5, 0x10, 0xC5, 0x10, 0xC5, 0x10, 0xC5, 0x10, 0xC5, 0x10,
    0xC5, 0x10, 0xC5, 0x10, 0xC5, 0x10, 0xC5, 0x10, 0xC5, 0x10, 0xC5, 0x10, 0xC5, 0x10, 0xC5, 0x10,
    0xC5, 0x08, 0xC5, 0x08, 0xC5, 0x08, 0xC5, 0x08, 0xC5, 0x08, 0xC5, 0x08, 0xC5, 0x08, 0xC5, 0x08,
    0xC5, 0x08, 0xC5, 0x08, 0xC5, 0x08, 0xC5, 0x08, 0xC5, 0x08, 0xC5, 0x08, 0xC5, 0x08, 0xC5, 0x08,
    0xC5, 0x08, 0xC5, 0x08, 0xC5, 0x08, 0xC5, 0x08, 0xC5, 0x08, 0xC5, 0x08, 0xC5, 0x08, 0xC5, 0x08,
    0xC5, 0x08, 0xC5, 0x08, 0xC5, 0x08, 0xA5, 0x08, 0xA5, 0x08, 0xA5, 0x08, 0xA5, 0x08, 0xA5, 0x08,
    0xA5, 0x08, 0xA5, 0x08, 0xA5, 0x08, 0xA5, 0x08, 0xA5, 0x08, 0xA5, 0x08, 0xA5, 0x08, 0xA5, 0x08,
    0xA5, 0x08, 0xA5, 0x08, 0xA5, 0x08, 0xA5, 0x08, 0xA5, 0x08, 0xA5, 0x08, 0xA5, 0x08, 0xA5, 0x08,
    0xA4, 0x08, 0xA4, 0x08, 0xA4, 0x08, 0xA4, 0x08, 0xA4, 0x08, 0xA4, 0x08, 0xA4, 0x08, 0xA4, 0x08,
    0xA4, 0x08, 0xA4, 0x08, 0xA4, 0x08, 0xA4, 0x08, 0xA4, 0x08, 0xA4, 0x08, 0xA4, 0x08, 0xA4, 0x08,
    0xA4, 0x08, 0xA4, 0x08, 0xA4, 0x08, 0xA4, 0x08, 0xA4, 0x08, 0xA4, 0x08, 0xA4, 0x08, 0xA4, 0x08,
    0xA4, 0x08, 0xA4, 0x08, 0xA4, 0x08, 0xA4, 0x08, 0xA4, 0x08, 0xA4, 0x08, 0xA4, 0x08, 0xA4, 0x08,
    0xA4, 0x08, 0xA4, 0x08, 0xA4, 0x08, 0xA5, 0x08, 0xA5, 0x08, 0xA5, 0x08, 0xA5, 0x08, 0xA5, 0x08,
    0xA5, 0x08, 0xA5, 0x08, 0xA5, 0x08, 0xA5, 0x08, 0xA5, 0x08, 0xA5, 0x08, 0xA5, 0x08, 0xA5, 0x08,
    0xA5, 0x08, 0xA5, 0x08, 0xA5, 0x08, 0xA5, 0x08, 0xA5, 0x08, 0xA5, 0x08, 0xA5, 0x08, 0xA5, 0x08,
    0xC5, 0x08, 0xC5, 0x08, 0xC5, 0x08, 0xC5, 0x08, 0xC5, 0x08, 0xC5, 0x08, 0xC5, 0x08, 0xC5, 0x08,
    0xC5, 0x08, 0xC5, 0x08, 0xC5, 0x08, 0xC5, 0x08, 0xC5, 0x08, 0xC5, 0x08, 0xC5, 0x08, 0xC5, 0x08,
    0xC5, 0x08, 0xC5, 0x08, 0xC5, 0x08, 0xC5, 0x08, 0xC5, 0x08, 0xC5, 0x08, 0xC5, 0x08, 0xC5, 0x08,
    0xC5, 0x08, 0xC5, 0x08, 0xC5, 0x08, 0xC5, 0x08, 0xC5, 0x10, 0xC5, 0x10, 0xC5, 0x10, 0xC5, 0x10,
    0xC5, 0x10, 0xC5, 0x10, 0xC5, 0x10, 0xC5, 0x10, 0xC5, 0x10, 0xC5, 0x10, 0xC5, 0x10, 0xC5, 0x10,
    0xC5, 0x10, 0xC5, 0x10, 0xC5, 0x10, 0xC5, 0x10, 0xC5, 0x10, 0xC5, 0x10, 0xC5, 0x10, 0xC5, 0x10,
    0xC5, 0x10, 0xC5, 0x10, 0xC5, 0x10, 0xC5, 0x10, 0xC5, 0x10, 0xC5, 0x10, 0xC5, 0x10, 0xC5, 0x10,
    0xC5, 0x10, 0xC5, 0x10, 0xC5, 0x10, 0xC5, 0x10, 0xC5, 0x10, 0xC5, 0x10, 0xC5, 0x10, 0xC5, 0x10,
    0xC5, 0x10, 0xC5, 0x10, 0xC5, 0x10, 0xC5, 0x10, 0xC5, 0x10, 0xC5, 0x10, 0xC5, 0x10, 0xC5, 0x10,
    0xC5, 0x10, 0xC5, 0x10, 0xC5, 0x10, 0xC5, 0x10, 0xC5, 0x10, 0xC5, 0x10, 0xC5, 0x10, 0xC5, 0x10,
    0xC5, 0x10, 0xC5, 0x10, 0xC5, 0x10, 0xC5, 0x10, 0xC5, 0x10, 0xC5, 0x10, 0xC5, 0x10, 0xC5, 0x10,
    0xC5, 0x10, 0xC5, 0x10, 0xC5, 0x10, 0xC5, 0x10, 0xC5, 0x10, 0xC5, 0x10, 0xC5, 0x10, 0xC5, 0x10,
    0xC5, 0x10, 0xC5, 0x10, 0xC5, 0x10, 0xC5, 0x10, 0xC5, 0x10, 0xC5, 0x10, 0xC5, 0x10, 0xC5, 0x10,
    0xC5, 0x10, 0xC5, 0x10, 0xC5, 0x10, 0xC5, 0x10, 0xC5, 0x10, 0xC5, 0x10, 0xC5, 0x10, 0xC5, 0x10,
    0xC5, 0x10, 0xC5, 0x10, 0xC5, 0x10, 0xC5, 0x10, 0xC5, 0x10, 0xC5, 0x10, 0xC5, 0x10, 0xC5, 0x10,
    0xC5, 0x10, 0xC5, 0x10, 0xC5, 0x10, 0xC5, 0x10, 0xC5, 0x10, 0xC5, 0x10, 0xC5, 0x10, 0xC5, 0x10,
    0xC5, 0x10, 0xC5, 0x10, 0xC5, 0x10, 0xC5, 0x10, 0xC5, 0x10, 0xC5, 0x08, 0xC5, 0x08, 0xC5, 0x08,
    0xC5, 0x08, 0xC5, 0x08, 0xC5, 0x08, 0xC5, 0x08, 0xC5, 0x08, 0xC5, 0x08, 0xC5, 0x08, 0xC5, 0x08,
    0xC5, 0x08, 0xC5, 0x08, 0xC5, 0x08, 0xC5, 0x08, 0xC5, 0x08, 0xC5, 0x08, 0xC5, 0x08, 0xC5, 0x08,
    0xC5, 0x08, 0xC5, 0x08, 0xC5, 0x08, 0xC5, 0x08, 0xC5, 0x08, 0xC5, 0x08, 0xC5, 0x08, 0xC5, 0x08,
    0xC5, 0x08, 0xA5, 0x08, 0xA5, 0x08, 0xA5, 0x08, 0xA5, 0x08, 0xA5, 0x08, 0xA5, 0x08, 0xA5, 0x08,
    0xA5, 0x08, 0xA5, 0x08, 0xA5, 0x08, 0xA5, 0x08, 0xA5, 0x08, 0xA5, 0x08, 0xA5, 0x08, 0xA5, 0x08,
    0xA5, 0x08, 0xA5, 0x08, 0xA5, 0x08, 0xA5, 0x08, 0xA5, 0x08, 0xA5, 0x08, 0xA4, 0x08, 0xA4, 0x08,
    0xA4, 0x08, 0xA4, 0x08, 0xA4, 0x08, 0xA4, 0x08, 0xA4, 0x08, 0xA4, 0x08, 0xA4, 0x08, 0xA4, 0x08,
    0xA4, 0x08, 0xA4, 0x08, 0xA4, 0x08, 0xA4, 0x08, 0xA4, 0x08, 0xA4, 0x08, 0xA4, 0x08, 0xA4, 0x08,
    0xA4, 0x08, 0xA4, 0x08, 0xA5, 0x08, 0xA5, 0x08, 0xA5, 0x08, 0xA5, 0x08, 0xA5, 0x08, 0xA5, 0x08,
    0xA5, 0x08, 0xA5, 0x08, 0xA5, 0x08, 0xA5, 0x08, 0xA5, 0x08, 0xA5, 0x08, 0xA5, 0x08, 0xA5, 0x08,
    0xA5, 0x08, 0xA5, 0x08, 0xA5, 0x08, 0xA5, 0x08, 0xA5, 0x08, 0xA5, 0x08, 0xA5, 0x08, 0xC5, 0x08,
    0xC5, 0x08, 0xC5, 0x08, 0xC5, 0x08, 0xC5, 0x08, 0xC5, 0x08, 0xC5, 0x08, 0xC5, 0x08, 0xC5, 0x08,
    0xC5, 0x08, 0xC5, 0x08, 0xC5, 0x08, 0xC5, 0x08, 0xC5, 0x08, 0xC5, 0x08, 0xC5, 0x08, 0xC5, 0x08,
    0xC5, 0x08, 0xC5, 0x08, 0xC5, 0x08, 0xC5, 0x08, 0xC5, 0x08, 0xC5, 0x08, 0xC5, 0x08, 0xC5, 0x08,
    0xC5, 0x08, 0xC5, 0x10, 0xC5, 0x10, 0xC5, 0x10, 0xC5, 0x10, 0xC5, 0x10, 0xC5, 0x10, 0xC5, 0x10,
    0xC5, 0x10, 0xC5, 0x10, 0xC5, 0x10, 0xC5, 0x10, 0xC5, 0x10, 0xC5, 0x10, 0xC5, 0x10, 0xC5, 0x10,
    0xC5, 0x10, 0xC5, 0x10, 0xC5, 0x10, 0xC6, 0x10, 0xC6, 0x10, 0xC6, 0x10, 0xC6, 0x10, 0xC6, 0x10,
    0xC6, 0x10, 0xC6, 0x10, 0xC6, 0x10, 0xC6, 0x10, 0xC6, 0x10, 0xC6, 0x10, 0xC6, 0x10, 0xC6, 0x10,
    0xC6, 0x10, 0xE6, 0x10, 0xE6, 0x10, 0xE6, 0x10, 0xE6, 0x10, 0xE6, 0x10, 0xE6, 0x10, 0xE6, 0x10,
    0xE6, 0x10, 0xE6, 0x10, 0xE6, 0x10, 0xE6, 0x10, 0xE6, 0x10, 0xE6, 0x10, 0xE6, 0x10, 0xE6, 0x10,
    0xE6, 0x10, 0xE6, 0x10, 0xE6, 0x10, 0xE6, 0x10, 0xE6, 0x10, 0xE6, 0x10, 0xE6, 0x10, 0xE6, 0x10,
    0xE6, 0x10, 0xE6, 0x10, 0xE6, 0x10, 0xE6, 0x10, 0xE6, 0x10, 0xE6, 0x10, 0xE6, 0x10, 0xE6, 0x10,
    0xE6, 0x10, 0xE6, 0x10, 0xE6, 0x10, 0xE6, 0x10, 0xE6, 0x10, 0xE6, 0x10, 0xE6, 0x10, 0xE6, 0x10,
    0xE6, 0x10, 0xE6, 0x10, 0xE6, 0x10, 0xE6, 0x10, 0xE6, 0x10, 0xE6, 0x10, 0xE6, 0x10, 0xE6, 0x10,
    0xE6, 0x10, 0xE6, 0x10, 0xE6, 0x10, 0xE6, 0x10, 0xE6, 0x10, 0xE6, 0x10, 0xE6, 0x10, 0xE6, 0x10,
    0xE6, 0x10, 0xE6, 0x10, 0xE6, 0x10, 0xE6, 0x10, 0xE6, 0x10, 0xE6, 0x10, 0xE6, 0x10, 0xE6, 0x10,
    0xE6, 0x10, 0xE6, 0x10, 0xE6, 0x10, 0xE6, 0x10, 0xE6, 0x10, 0xE6, 0x10, 0xE6, 0x10, 0xE6, 0x10,
    0xE6, 0x10, 0xE6, 0x10, 0xE6, 0x10, 0xE6, 0x10, 0xE6, 0x10, 0xE6, 0x10, 0xE6, 0x10, 0xE6, 0x10,
    0xC6, 0x10, 0xC6, 0x10, 0xC6, 0x10, 0xC6, 0x10, 0xC6, 0x10, 0xC6, 0x10, 0xC6, 0x10, 0xC6, 0x10,
    0xC6, 0x10, 0xC6, 0x10, 0xC6, 0x10, 0xC6, 0x10, 0xC6, 0x10, 0xC6, 0x10, 0xC5, 0x10, 0xC5, 0x10,
    0xC5, 0x10, 0xC5, 0x10, 0xC5, 0x10, 0xC5, 0x10, 0xC5, 0x10, 0xC5, 0x10, 0xC5, 0x10, 0xC5, 0x10,
    0xC5, 0x10, 0xC5, 0x10, 0xC5, 0x10, 0xC5, 0x10, 0xC5, 0x10, 0xC5, 0x10, 0xC5, 0x10, 0xC5, 0x10,
    0xC5, 0x08, 0xC5, 0x08, 0xC5, 0x08, 0xC5, 0x08, 0xC5, 0x08, 0xC5, 0x08, 0xC5, 0x08, 0xC5, 0x08,
    0xC5, 0x08, 0xC5, 0x08, 0xC5, 0x08, 0xC5, 0x08, 0xC5, 0x08, 0xC5, 0x08, 0xC5, 0x08, 0xC5, 0x08,
    0xC5, 0x08, 0xC5, 0x08, 0xC5, 0x08, 0xC5, 0x08, 0xC5, 0x08, 0xC5, 0x08, 0xC5, 0x08, 0xC5, 0x08,
    0xC5, 0x08, 0xC5, 0x08, 0xA5, 0x08, 0xA5, 0x08, 0xA5, 0x08, 0xA5, 0x08, 0xA5, 0x08, 0xA5, 0x08,
    0xA5, 0x08, 0xA5, 0x08, 0xA5, 0x08, 0xA5, 0x08, 0xA5, 0x08, 0xA5, 0x08, 0xA5, 0x08, 0xA5, 0x08,
    0xA5, 0x08, 0xA5, 0x08, 0xA5, 0x08, 0xA5, 0x08, 0xA5, 0x08, 0xA5, 0x08, 0xA5, 0x08, 0xA4, 0x08,
    0xA4, 0x08, 0xA4, 0x08, 0xA4, 0x08, 0xA4, 0x08, 0xA4, 0x08, 0xA4, 0x08, 0xA4, 0x08, 0xA4, 0x08,
    0xA4, 0x08, 0xA4, 0x08, 0xA4, 0x08, 0xA4, 0x08, 0xA4, 0x08, 0xA4, 0x08, 0xA4, 0x08, 0xA4, 0x08,
    0xA4, 0x08, 0xA4, 0x08, 0xA4, 0x08, 0xA4, 0x08, 0xA4, 0x08, 0xA4, 0x08, 0xA4, 0x08, 0xA4, 0x08,
    0xA5, 0x08, 0xA5, 0x08, 0xA5, 0x08, 0xA5, 0x08, 0xA5, 0x08, 0xA5, 0x08, 0xA5, 0x08, 0xA5, 0x08,
    0xA5, 0x08, 0xA5, 0x08, 0xA5, 0x08, 0xA5, 0x08, 0xA5, 0x08, 0xA5, 0x08, 0xA5, 0x08, 0xA5, 0x08,
    0xA5, 0x08, 0xA5, 0x08, 0xA5, 0x08, 0xA5, 0x08, 0xA5, 0x08, 0xA5, 0x08, 0xC5, 0x08, 0xC5, 0x08,
    0xC5, 0x08, 0xC5, 0x08, 0xC5, 0x08, 0xC5, 0x08, 0xC5, 0x08, 0xC5, 0x08, 0xC5, 0x08, 0xC5, 0x08,
    0xC5, 0x08, 0xC5, 0x08, 0xC5, 0x08, 0xC5, 0x08, 0xC5, 0x08, 0xC5, 0x08, 0xC5, 0x08, 0xC5, 0x08,
    0xC5, 0x08, 0xC5, 0x08, 0xC5, 0x08, 0xC5, 0x08, 0xC5, 0x08, 0xC5, 0x08, 0xC5, 0x08, 0xC5, 0x08,
    0xC5, 0x08, 0xC5, 0x08, 0xC5, 0x10, 0xC5, 0x10, 0xC5, 0x10, 0xC5, 0x10, 0xC5, 0x10, 0xC5, 0x10,
    0xC5, 0x10, 0xC5, 0x10, 0xC5, 0x10, 0xC5, 0x10, 0xC5, 0x10, 0xC5, 0x10, 0xC5, 0x10, 0xC5, 0x10,
    0xC5, 0x10, 0xC5, 0x10, 0xC5, 0x10, 0xC5, 0x10, 0xC5, 0x10, 0xC5, 0x10, 0xC5, 0x10, 0xC5, 0x10,
    0xC5, 0x10, 0xC5, 0x10, 0xC5, 0x10, 0xC5, 0x10, 0xC5, 0x10, 0xC5, 0x10, 0xC5, 0x10, 0xC5, 0x10,
    0xC5, 0x10, 0xC5, 0x10, 0xC5, 0x10, 0xC5, 0x10, 0xC5, 0x10, 0xC5, 0x10, 0xC5, 0x10, 0xC5, 0x10,
    0xC5, 0x10, 0xC5, 0x10, 0xC5, 0x10, 0xC5, 0x10, 0xC5, 0x10, 0xC5, 0x10, 0xC5, 0x10, 0xC5, 0x10,
    0xC5, 0x10, 0xC5, 0x10, 0xC5, 0x10, 0xC5, 0x10, 0xC5, 0x10, 0xC5, 0x10, 0xC5, 0x10, 0xC5, 0x10,
    0xC5, 0x10, 0xC5, 0x10, 0xC5, 0x10, 0xC5, 0x10, 0xC5, 0x10, 0xC5, 0x10, 0xC5, 0x10, 0xC5, 0x10,
    0xC5, 0x10, 0xC5, 0x10, 0xC5, 0x10, 0xC5, 0x10, 0xC5, 0x10, 0xC5, 0x10, 0xC5, 0x10, 0xC5, 0x10,
    0xC5, 0x10, 0xC5, 0x10, 0xC5, 0x10, 0xC5, 0x10, 0xC5, 0x10, 0xC5, 0x10, 0xC5, 0x10, 0xC5, 0x10,
    0xC5, 0x10, 0xC5, 0x10, 0xC5, 0x10, 0xC5, 0x10, 0xC5, 0x10, 0xC5, 0x10, 0xC5, 0x10, 0xC5, 0x10,
    0xC5, 0x10, 0xC5, 0x10, 0xC5, 0x10, 0xC5, 0x10, 0xC5, 0x10, 0xC5, 0x10, 0xC5, 0x10, 0xC5, 0x08,
    0xC5, 0x08, 0xC5, 0x08, 0xC5, 0x08, 0xC5, 0x08, 0xC5, 0x08, 0xC5, 0x08, 0xC5, 0x08, 0xC5, 0x08,
    0xC5, 0x08, 0xC5, 0x08, 0xC5, 0x08, 0xC5, 0x08, 0xC5, 0x08, 0xC5, 0x08, 0xC5, 0x08, 0xC5, 0x08,
    0xC5, 0x08, 0xC5, 0x08, 0xC5, 0x08, 0xC5, 0x08, 0xC5, 0x08, 0xC5, 0x08, 0xC5, 0x08, 0xC5, 0x08,
    0xC5, 0x08, 0xC5, 0x08, 0xC5, 0x08, 0xA5, 0x08, 0xA5, 0x08, 0xA5, 0x08, 0xA5, 0x08, 0xA5, 0x08,
    0xA5, 0x08, 0xA5, 0x08, 0xA5, 0x08, 0xA5, 0x08, 0xA5, 0x08, 0xA5, 0x08, 0xA5, 0x08, 0xA5, 0x08,
    0xA5, 0x08, 0xA5, 0x08, 0xA5, 0x08, 0xA5, 0x08, 0xA5, 0x08, 0xA5, 0x08, 0xA5, 0x08, 0xA5, 0x08,
    0xA5, 0x08, 0xA4, 0x08, 0xA4, 0x08, 0xA4, 0x08, 0xA4, 0x08, 0xA4, 0x08, 0xA4, 0x08, 0xA4, 0x08,
    0xA4, 0x08, 0xA4, 0x08, 0xA4, 0x08, 0xA4, 0x08, 0xA4, 0x08, 0xA4, 0x08, 0xA4, 0x08, 0xA4, 0x08,
    0xA4, 0x08, 0xA4, 0x08, 0xA4, 0x08, 0xA4, 0x08, 0xA4, 0x08, 0xA4, 0x08, 0xA4, 0x08, 0xA4, 0x08,
    0xA4, 0x08, 0xA4, 0x08, 0xA4, 0x08, 0xA4, 0x08, 0xA4, 0x08, 0xA4, 0x08, 0xA4, 0x08, 0xA4, 0x08,
    0xA4, 0x08, 0xA4, 0x08, 0xA4, 0x08, 0xA4, 0x08, 0xA4, 0x08, 0xA4, 0x08, 0xA4, 0x08, 0xA4, 0x08,
    0xA4, 0x08, 0xA4, 0x08, 0xA4, 0x08, 0xA4, 0x08, 0xA4, 0x08, 0xA4, 0x08, 0xA4, 0x08, 0xA4, 0x08,
    0xA4, 0x08, 0xA4, 0x08, 0xA5, 0x08, 0xA5, 0x08, 0xA5, 0x08, 0xA5, 0x08, 0xA5, 0x08, 0xA5, 0x08,
    0xA5, 0x08, 0xA5, 0x08, 0xA5, 0x08, 0xA5, 0x08, 0xA5, 0x08, 0xA5, 0x08, 0xA5, 0x08, 0xA5, 0x08,
    0xA5, 0x08, 0xA5, 0x08, 0xA5, 0x08, 0xA5, 0x08, 0xA5, 0x08, 0xA5, 0x08, 0xA5, 0x08, 0xA5, 0x08,
    0xA5, 0x08, 0xC5, 0x08, 0xC5, 0x08, 0xC5, 0x08, 0xC5, 0x08, 0xC5, 0x08, 0xC5, 0x08, 0xC5, 0x08,
    0xC5, 0x08, 0xC5, 0x08, 0xC5, 0x08, 0xC5, 0x08, 0xC5, 0x08, 0xC5, 0x08, 0xC5, 0x08, 0xC5, 0x08,
    0xC5, 0x08, 0xC5, 0x08, 0xC5, 0x08, 0xC5, 0x08, 0xC5, 0x08, 0xC5, 0x08, 0xC5, 0x08, 0xC5, 0x08,
    0xC5, 0x08, 0xC5, 0x08, 0xC5, 0x08, 0xC5, 0x08, 0xC5, 0x08, 0xC5, 0x08, 0xC5, 0x10, 0xC5, 0x10,
    0xC5, 0x10, 0xC5, 0x10, 0xC5, 0x10, 0xC5, 0x10, 0xC5, 0x10, 0xC5, 0x10, 0xC5, 0x10, 0xC5, 0x10,
    0xC5, 0x10, 0xC5, 0x10, 0xC5, 0x10, 0xC5, 0x10, 0xC5, 0x10, 0xC5, 0x10, 0xC5, 0x10, 0xC5, 0x10,
    0xC5, 0x10, 0xC5, 0x10, 0xC5, 0x10, 0xC5, 0x10, 0xC5, 0x10, 0xC5, 0x10, 0xC5, 0x10, 0xC5, 0x10,
    0xC5, 0x10, 0xC5, 0x10, 0xC5, 0x10, 0xC5, 0x10, 0xC5, 0x10, 0xC5, 0x10, 0xC5, 0x10, 0xC5, 0x10,
    0xC5, 0x10, 0xC5, 0x10, 0xC5, 0x10, 0xC5, 0x10, 0xC5, 0x10, 0xC5, 0x10, 0xC5, 0x10, 0xC5, 0x10,
    0xC5, 0x10, 0xC5, 0x10, 0xC5, 0x10, 0xC5, 0x10, 0xC5, 0x10, 0xC5, 0x10, 0xC5, 0x10, 0xC5, 0x10,
    0xC5, 0x10, 0xC5, 0x10, 0xC5, 0x10, 0xC5, 0x10, 0xC5, 0x10, 0xC5, 0x10, 0xC5, 0x10, 0xC5, 0x10,
    0xC5, 0x10, 0xC5, 0x10, 0xC5, 0x10, 0xC5, 0x10, 0xC5, 0x10, 0xC5, 0x10, 0xC5, 0x10, 0xC5, 0x10,
    0xC5, 0x10, 0xC5, 0x10, 0xC5, 0x10, 0xC5, 0x10, 0xC5, 0x10, 0xC5, 0x10, 0xC5, 0x10, 0xC5, 0x10,
    0xC5, 0x10, 0xC5, 0x10, 0xC5, 0x10, 0xC5, 0x10, 0xC5, 0x10, 0xC5, 0x10, 0xC5, 0x10, 0xC5, 0x10,
    0xC5, 0x10, 0xC5, 0x10, 0xC5, 0x10, 0xC5, 0x08, 0xC5, 0x08, 0xC5, 0x08, 0xC5, 0x08, 0xC5, 0x08,
    0xC5, 0x08, 0xC5, 0x08, 0xC5, 0x08, 0xC5, 0x08, 0xC5, 0x08, 0xC5, 0x08, 0xC5, 0x08, 0xC5, 0x08,
    0xC5, 0x08, 0xC5, 0x08, 0xC5, 0x08, 0xC5, 0x08, 0xC5, 0x08, 0xC5, 0x08, 0xC5, 0x08, 0xC5, 0x08,
    0xC5, 0x08, 0xC5, 0x08, 0xC5, 0x08, 0xC5, 0x08, 0xC5, 0x08, 0xC5, 0x08, 0xC5, 0x08, 0xC5, 0x08,
    0xA5, 0x08, 0xA5, 0x08, 0xA5, 0x08, 0xA5, 0x08, 0xA5, 0x08, 0xA5, 0x08, 0xA5, 0x08, 0xA5, 0x08,
    0xA5, 0x08, 0xA5, 0x08, 0xA5, 0x08, 0xA5, 0x08, 0xA5, 0x08, 0xA5, 0x08, 0xA5, 0x08, 0xA5, 0x08,
    0xA5, 0x08, 0xA5, 0x08, 0xA5, 0x08, 0xA5, 0x08, 0xA5, 0x08, 0xA5, 0x08, 0xA5, 0x08, 0xA4, 0x08,
    0xA4, 0x08, 0xA4, 0x08, 0xA4, 0x08, 0xA4, 0x08, 0xA4, 0x08, 0xA4, 0x08, 0xA4, 0x08, 0xA4, 0x08,
    0xA4, 0x08, 0xA4, 0x08, 0xA4, 0x08, 0xA4, 0x08, 0xA4, 0x08, 0xA4, 0x08, 0xA4, 0x08, 0xA4, 0x08,
    0xA4, 0x08, 0xA4, 0x08, 0xA4, 0x08, 0xA4, 0x08, 0xA4, 0x08, 0xA4, 0x08, 0xA4, 0x08, 0xA4, 0x08,
    0xA4, 0x08, 0xA4, 0x08, 0xA4, 0x08, 0xA4, 0x08, 0xA4, 0x08, 0xA4, 0x08, 0xA4, 0x08, 0xA4, 0x08,
    0xA5, 0x08, 0xA5, 0x08, 0xA5, 0x08, 0xA5, 0x08, 0xA5, 0x08, 0xA5, 0x08, 0xA5, 0x08, 0xA5, 0x08,
    0xA5, 0x08, 0xA5, 0x08, 0xA5, 0x08, 0xA5, 0x08, 0xA5, 0x08, 0xA5, 0x08, 0xA5, 0x08, 0xA5, 0x08,
    0xA5, 0x08, 0xA5, 0x08, 0xA5, 0x08, 0xA5, 0x08, 0xA5, 0x08, 0xA5, 0x08, 0xC5, 0x08, 0xC5, 0x08,
    0xC5, 0x08, 0xC5, 0x08, 0xC5, 0x08, 0xC5, 0x08, 0xC5, 0x08, 0xC5, 0x08, 0xC5, 0x08, 0xC5, 0x08,
    0xC5, 0x08, 0xC5, 0x08, 0xC5, 0x08, 0xC5, 0x08, 0xC5, 0x08, 0xC5, 0x08, 0xC5, 0x08, 0xC5, 0x08,
    0xC5, 0x08, 0xC5, 0x08, 0xC5, 0x08, 0xC5, 0x08, 0xC5, 0x08, 0xC5, 0x08, 0xC5, 0x08, 0xC5, 0x08,
    0xC5, 0x10, 0xC5, 0x10, 0xC5, 0x10, 0xC5, 0x10, 0xC5, 0x10, 0xC5, 0x10, 0xC5, 0x10, 0xC5, 0x10,
    0xC5, 0x10, 0xC5, 0x10, 0xC5, 0x10, 0xC5, 0x10, 0xC5, 0x10, 0xC5, 0x10, 0xC5, 0x10, 0xC5, 0x10,
    0xC5, 0x10, 0xC5, 0x10, 0xC5, 0x10, 0xC5, 0x10, 0xC5, 0x10, 0xC5, 0x10, 0xC5, 0x10, 0xC5, 0x10,
    0xC5, 0x10, 0xC5, 0x10, 0xC6, 0x10, 0xC6, 0x10, 0xC6, 0x10, 0xC6, 0x10, 0xC6, 0x10, 0xC6, 0x10,
    0xC6, 0x10, 0xC6, 0x10, 0xC6, 0x10, 0xC6, 0x10, 0xC6, 0x10, 0xC6, 0x10, 0xC6, 0x10, 0xC6, 0x10,
    0xC6, 0x10, 0xC6, 0x10, 0xC6, 0x10, 0xC6, 0x10, 0xC6, 0x10, 0xC6, 0x10, 0xC6, 0x10, 0xC6, 0x10,
    0xE6, 0x10, 0xE6, 0x10, 0xE6, 0x10, 0xE6, 0x10, 0xE6, 0x10, 0xE6, 0x10, 0xE6, 0x10, 0xE6, 0x10,
    0xE6, 0x10, 0xE6, 0x10, 0xE6, 0x10, 0xE6, 0x10, 0xE6, 0x10, 0xE6, 0x10, 0xE6, 0x10, 0xE6, 0x10,
    0xE6, 0x10, 0xE6, 0x10, 0xE6, 0x10, 0xE6, 0x10, 0xE6, 0x10, 0xE6, 0x10, 0xE6, 0x10, 0xE6, 0x10,
    0xE6, 0x10, 0xE6, 0x10, 0xE6, 0x10, 0xE6, 0x10, 0xE6, 0x10, 0xE6, 0x10, 0xE6, 0x10, 0xE6, 0x10,
    0xE6, 0x10, 0xC6, 0x10, 0xC6, 0x10, 0xC6, 0x10, 0xC6, 0x10, 0xC6, 0x10, 0xC6, 0x10, 0xC6, 0x10,
    0xC6, 0x10, 0xC6, 0x10, 0xC6, 0x10, 0xC6, 0x10, 0xC6, 0x10, 0xC6, 0x10, 0xC6, 0x10, 0xC6, 0x10,
    0xC6, 0x10, 0xC6, 0x10, 0xC6, 0x10, 0xC6, 0x10, 0xC6, 0x10, 0xC6, 0x10, 0xC6, 0x10, 0xC5, 0x10,
    0xC5, 0x10, 0xC5, 0x10, 0xC5, 0x10, 0xC5, 0x10, 0xC5, 0x10, 0xC5, 0x10, 0xC5, 0x10, 0xC5, 0x10,
    0xC5, 0x10, 0xC5, 0x10, 0xC5, 0x10, 0xC5, 0x10, 0xC5, 0x10, 0xC5, 0x10, 0xC5, 0x10, 0xC5, 0x10,
    0xC5, 0x10, 0xC5, 0x10, 0xC5, 0x10, 0xC5, 0x10, 0xC5, 0x10, 0xC5, 0x10, 0xC5, 0x10, 0xC5, 0x10,
    0xC5, 0x10, 0xC5, 0x08, 0xC5, 0x08, 0xC5, 0x08, 0xC5, 0x08, 0xC5, 0x08, 0xC5, 0x08, 0xC5, 0x08,
    0xC5, 0x08, 0xC5, 0x08, 0xC5, 0x08, 0xC5, 0x08, 0xC5, 0x08, 0xC5, 0x08, 0xC5, 0x08, 0xC5, 0x08,
    0xC5, 0x08, 0xC5, 0x08, 0xC5, 0x08, 0xC5, 0x08, 0xC5, 0x08, 0xC5, 0x08, 0xC5, 0x08, 0xC5, 0x08,
    0xC5, 0x08, 0xC5, 0x08, 0xC5, 0x08, 0xA5, 0x08, 0xA5, 0x08, 0xA5, 0x08, 0xA5, 0x08, 0xA5, 0x08,
    0xA5, 0x08, 0xA5, 0x08, 0xA5, 0x08, 0xA5, 0x08, 0xA5, 0x08, 0xA5, 0x08, 0xA5, 0x08, 0xA5, 0x08,
    0xA5, 0x08, 0xA5, 0x08, 0xA5, 0x08, 0xA5, 0x08, 0xA5, 0x08, 0xA5, 0x08, 0xA5, 0x08, 0xA5, 0x08,
    0xA5, 0x08, 0xA4, 0x08, 0xA4, 0x08, 0xA4, 0x08, 0xA4, 0x08, 0xA4, 0x08, 0xA4, 0x08, 0xA4, 0x08,
    0x84, 0x08, 0x84, 0x08, 0x84, 0x08, 0xA4, 0x08, 0xA4, 0x08, 0xA4, 0x08, 0xA4, 0x08, 0xA4, 0x08,
    0xA4, 0x08, 0xA4, 0x08, 0xA4, 0x08, 0xA4, 0x08, 0xA4, 0x08, 0xA4, 0x08, 0xA4, 0x08, 0xA4, 0x08,
    0xA4, 0x08, 0xA4, 0x08, 0xA4, 0x08, 0xA4, 0x08, 0xA4, 0x08, 0xA4, 0x08, 0xA4, 0x08, 0xA4, 0x08,
    0xA4, 0x08, 0xA4, 0x08, 0xA4, 0x08, 0xA4, 0x08, 0xA4, 0x08, 0xA4, 0x08, 0xA4, 0x08, 0xA5, 0x08,
    0xA5, 0x08, 0xA5, 0x08, 0xA5, 0x08, 0xA5, 0x08, 0xA5, 0x08, 0xA5, 0x08, 0xA5, 0x08, 0xA5, 0x08,
    0xA5, 0x08, 0xA5, 0x08, 0xA5, 0x08, 0xA5, 0x08, 0xA5, 0x08, 0xA5, 0x08, 0xA5, 0x08, 0xA5, 0x08,
    0xA5, 0x08, 0xA5, 0x08, 0xA5, 0x08, 0xA5, 0x08, 0xA5, 0x08, 0xA5, 0x08, 0xA5, 0x08, 0xC5, 0x08,
    0xC5, 0x08, 0xC5, 0x08, 0xC5, 0x08, 0xC5, 0x08, 0xC5, 0x08, 0xC5, 0x08, 0xC5, 0x08, 0xC5, 0x08,
    0xC5, 0x08, 0xC5, 0x08, 0xC5, 0x08, 0xC5, 0x08, 0xC5, 0x08, 0xC5, 0x08, 0xC5, 0x08, 0xC5, 0x08,
    0xC5, 0x08, 0xC5, 0x08, 0xC5, 0x08, 0xC5, 0x08, 0xC5, 0x08, 0xC5, 0x08, 0xC5, 0x08, 0xC5, 0x08,
    0xC5, 0x08, 0xC5, 0x08, 0xC5, 0x08, 0xC5, 0x08, 0xC5, 0x08, 0xC5, 0x08, 0xC5, 0x10, 0xC5, 0x10,
    0xC5, 0x10, 0xC5, 0x10, 0xC5, 0x10, 0xC5, 0x10, 0xC5, 0x10, 0xC5, 0x10, 0xC5, 0x10, 0xC5, 0x10,
    0xC5, 0x10, 0xC5, 0x10, 0xC5, 0x10, 0xC5, 0x10, 0xC5, 0x10, 0xC5, 0x10, 0xC5, 0x10, 0xC5, 0x10,
    0xC5, 0x10, 0xC5, 0x10, 0xC5, 0x10, 0xC5, 0x10, 0xC5, 0x10, 0xC5, 0x10, 0xC5, 0x10, 0xC5, 0x10,
    0xC5, 0x10, 0xC5, 0x10, 0xC5, 0x10, 0xC5, 0x10, 0xC5, 0x10, 0xC5, 0x10, 0xC5, 0x10, 0xC5, 0x10,
    0xC5, 0x10, 0xC5, 0x10, 0xC5, 0x10, 0xC5, 0x10, 0xC5, 0x10, 0xC5, 0x10, 0xC5, 0x10, 0xC5, 0x10,
    0xC5, 0x10, 0xC5, 0x10, 0xC5, 0x10, 0xC5, 0x10, 0xC5, 0x10, 0xC5, 0x10, 0xC5, 0x10, 0xC5, 0x10,
    0xC5, 0x10, 0xC5, 0x10, 0xC5, 0x10, 0xC5, 0x10, 0xC5, 0x10, 0xC5, 0x10, 0xC5, 0x10, 0xC5, 0x10,
    0xC5, 0x10, 0xC5, 0x10, 0xC5, 0x10, 0xC5, 0x10, 0xC5, 0x10, 0xC5, 0x10, 0xC5, 0x10, 0xC5, 0x10,
    0xC5, 0x10, 0xC5, 0x10, 0xC5, 0x10, 0xC5, 0x08, 0xC5, 0x08, 0xC5, 0x08, 0xC5, 0x08, 0xC5, 0x08,
    0xC5, 0x08, 0xC5, 0x08, 0xC5, 0x08, 0xC5, 0x08, 0xC5, 0x08, 0xC5, 0x08, 0xC5, 0x08, 0xC5, 0x08,
    0xC5, 0x08, 0xC5, 0x08, 0xC5, 0x08, 0xC5, 0x08, 0xC5, 0x08, 0xC5, 0x08, 0xC5, 0x08, 0xC5, 0x08,
    0xC5, 0x08, 0xC5, 0x08, 0xC5, 0x08, 0xC5, 0x08, 0xC5, 0x08, 0xC5, 0x08, 0xC5, 0x08, 0xC5, 0x08,
    0xC5, 0x08, 0xC5, 0x08, 0xA5, 0x08, 0xA5, 0x08, 0xA5, 0x08, 0xA5, 0x08, 0xA5, 0x08, 0xA5, 0x08,
    0xA5, 0x08, 0xA5, 0x08, 0xA5, 0x08, 0xA5, 0x08, 0xA5, 0x08, 0xA5, 0x08, 0xA5, 0x08, 0xA5, 0x08,
    0xA5, 0x08, 0xA5, 0x08, 0xA5, 0x08, 0xA5, 0x08, 0xA5, 0x08, 0xA5, 0x08, 0xA5, 0x08, 0xA5, 0x08,
    0xA5, 0x08, 0xA5, 0x08, 0xA4, 0x08, 0xA4, 0x08, 0xA4, 0x08, 0xA4, 0x08, 0xA4, 0x08, 0xA4, 0x08,
    0xA4, 0x08, 0xA4, 0x08, 0xA4, 0x08, 0xA4, 0x08, 0xA4, 0x08, 0xA4, 0x08, 0xA4, 0x08, 0xA4, 0x08,
    0xA4, 0x08, 0xA4, 0x08, 0xA4, 0x08, 0xA4, 0x08, 0xA4, 0x08, 0xA4, 0x08, 0xA4, 0x08, 0xA4, 0x08,
    0xA4, 0x08, 0xA4, 0x08, 0xA4, 0x08, 0xA4, 0x08, 0xA4, 0x08, 0xA4, 0x08, 0x84, 0x08, 0x84, 0x08,
    0x84, 0x08, 0x84, 0x08, 0x84, 0x08, 0x84, 0x08, 0x84, 0x08, 0xA4, 0x08, 0xA4, 0x08, 0xA4, 0x08,
    0xA4, 0x08, 0xA4, 0x08, 0xA4, 0x08, 0xA4, 0x08, 0xA4, 0x08, 0xA4, 0x08, 0xA4, 0x08, 0xA4, 0x08,
    0xA4, 0x08, 0xA4, 0x08, 0xA4, 0x08, 0xA4, 0x08, 0xA4, 0x08, 0xA4, 0x08, 0xA4, 0x08, 0xA4, 0x08,
    0xA4, 0x08, 0xA4, 0x08, 0xA4, 0x08, 0xA4, 0x08, 0xA4, 0x08, 0xA4, 0x08, 0xA4, 0x08, 0xA4, 0x08,
    0xA4, 0x08, 0xA4, 0x08, 0xA5, 0x08, 0xA5, 0x08, 0xA5, 0x08, 0xA5, 0x08, 0xA5, 0x08, 0xA5, 0x08,
    0xA5, 0x08, 0xA5, 0x08, 0xA5, 0x08, 0xA5, 0x08, 0xA5, 0x08, 0xA5, 0x08, 0xA5, 0x08, 0xA5, 0x08,
    0xA5, 0x08, 0xA5, 0x08, 0xA5, 0x08, 0xA5, 0x08, 0xA5, 0x08, 0xA5, 0x08, 0xA5, 0x08, 0xA5, 0x08,
    0xA5, 0x08, 0xA5, 0x08, 0xA5, 0x08, 0xC5, 0x08, 0xC5, 0x08, 0xC5, 0x08, 0xC5, 0x08, 0xC5, 0x08,
    0xC5, 0x08, 0xC5, 0x08, 0xC5, 0x08, 0xC5, 0x08, 0xC5, 0x08, 0xC5, 0x08, 0xC5, 0x08, 0xC5, 0x08,
    0xC5, 0x08, 0xC5, 0x08, 0xC5, 0x08, 0xC5, 0x08, 0xC5, 0x08, 0xC5, 0x08, 0xC5, 0x08, 0xC5, 0x08,
    0xC5, 0x08, 0xC5, 0x08, 0xC5, 0x08, 0xC5, 0x08, 0xC5, 0x08, 0xC5, 0x08, 0xC5, 0x08, 0xC5, 0x08,
    0xC5, 0x08, 0xC5, 0x08, 0xC5, 0x08, 0xC5, 0x10, 0xC5, 0x10, 0xC5, 0x10, 0xC5, 0x10, 0xC5, 0x10,
    0xC5, 0x10, 0xC5, 0x10, 0xC5, 0x10, 0xC5, 0x10, 0xC5, 0x10, 0xC5, 0x10, 0xC5, 0x10, 0xC5, 0x10,
    0xC5, 0x10, 0xC5, 0x10, 0xC5, 0x10, 0xC5, 0x10, 0xC5, 0x10, 0xC5, 0x10, 0xC5, 0x10, 0xC5, 0x10,
    0xC5, 0x10, 0xC5, 0x10, 0xC5, 0x10, 0xC5, 0x10, 0xC5, 0x10, 0xC5, 0x10, 0xC5, 0x10, 0xC5, 0x10,
    0xC5, 0x10, 0xC5, 0x10, 0xC5, 0x10, 0xC5, 0x10, 0xC5, 0x10, 0xC5, 0x10, 0xC5, 0x10, 0xC5, 0x10,
    0xC5, 0x10, 0xC5, 0x10, 0xC5, 0x10, 0xC5, 0x10, 0xC5, 0x10, 0xC5, 0x10, 0xC5, 0x10, 0xC5, 0x10,
    0xC5, 0x10, 0xC5, 0x10, 0xC5, 0x10, 0xC5, 0x10, 0xC5, 0x10, 0xC5, 0x10, 0xC5, 0x10, 0xC5, 0x10,
    0xC5, 0x10, 0xC5, 0x10, 0xC5, 0x10, 0xC5, 0x10, 0xC5, 0x10, 0xC5, 0x10, 0xC5, 0x08, 0xC5, 0x08,
    0xC5, 0x08, 0xC5, 0x08, 0xC5, 0x08, 0xC5, 0x08, 0xC5, 0x08, 0xC5, 0x08, 0xC5, 0x08, 0xC5, 0x08,
    0xC5, 0x08, 0xC5, 0x08, 0xC5, 0x08, 0xC5, 0x08, 0xC5, 0x08, 0xC5, 0x08, 0xC5, 0x08, 0xC5, 0x08,
    0xC5, 0x08, 0xC5, 0x08, 0xC5, 0x08, 0xC5, 0x08, 0xC5, 0x08, 0xC5, 0x08, 0xC5, 0x08, 0xC5, 0x08,
    0xC5, 0x08, 0xC5, 0x08, 0xC5, 0x08, 0xC5, 0x08, 0xC5, 0x08, 0xC5, 0x08, 0xA5, 0x08, 0xA5, 0x08,
    0xA5, 0x08, 0xA5, 0x08, 0xA5, 0x08, 0xA5, 0x08, 0xA5, 0x08, 0xA5, 0x08, 0xA5, 0x08, 0xA5, 0x08,
    0xA5, 0x08, 0xA5, 0x08, 0xA5, 0x08, 0xA5, 0x08, 0xA5, 0x08, 0xA5, 0x08, 0xA5, 0x08, 0xA5, 0x08,
    0xA5, 0x08, 0xA5, 0x08, 0xA5, 0x08, 0xA5, 0x08, 0xA5, 0x08, 0xA5, 0x08, 0xA5, 0x08, 0xA4, 0x08,
    0xA4, 0x08, 0xA4, 0x08, 0xA4, 0x08, 0xA4, 0x08, 0xA4, 0x08, 0xA4, 0x08, 0xA4, 0x08, 0xA4, 0x08,
    0xA4, 0x08, 0xA4, 0x08, 0xA4, 0x08, 0xA4, 0x08, 0xA4, 0x08, 0xA4, 0x08, 0xA4, 0x08, 0xA4, 0x08,
    0xA4, 0x08, 0xA4, 0x08, 0xA4, 0x08, 0xA4, 0x08, 0xA4, 0x08, 0xA4, 0x08, 0xA4, 0x08, 0xA4, 0x08,
    0xA4, 0x08, 0xA4, 0x08, 0xA4, 0x08, 0xA4, 0x08, 0x84, 0x08, 0x84, 0x08, 0x84, 0x08, 0x84, 0x08,
    0xA4, 0x08, 0xA4, 0x08, 0xA4, 0x08, 0xA4, 0x08, 0xA4, 0x08, 0xA4, 0x08, 0xA4, 0x08, 0xA4, 0x08,
    0xA4, 0x08, 0xA4, 0x08, 0xA4, 0x08, 0xA4, 0x08, 0xA4, 0x08, 0xA4, 0x08, 0xA4, 0x08, 0xA5, 0x08,
    0xA5, 0x08, 0xA5, 0x08, 0xA5, 0x08, 0xA5, 0x08, 0xA5, 0x08, 0xA5, 0x08, 0xA5, 0x08, 0xA5, 0x08,
    0xA5, 0x08, 0xA5, 0x08, 0xA5, 0x08, 0xA5, 0x08, 0xA5, 0x08, 0xA5, 0x08, 0xA5, 0x08, 0xA5, 0x08,
    0xA5, 0x08, 0xA5, 0x08, 0xA5, 0x08, 0xA5, 0x08, 0xA5, 0x08, 0xA5, 0x08, 0xC5, 0x08, 0xC5, 0x08,
    0xC5, 0x08, 0xC5, 0x08, 0xC5, 0x08, 0xC5, 0x08, 0xC5, 0x08, 0xC5, 0x08, 0xC5, 0x08, 0xC5, 0x08,
    0xC5, 0x08, 0xC5, 0x08, 0xC5, 0x08, 0xC5, 0x08, 0xC5, 0x08, 0xC5, 0x08, 0xC5, 0x08, 0xC5, 0x08,
    0xC5, 0x08, 0xC5, 0x08, 0xC5, 0x08, 0xC5, 0x08, 0xC5, 0x08, 0xC5, 0x08, 0xC5, 0x08, 0xC5, 0x08,
    0xC5, 0x08, 0xC5, 0x10, 0xC5, 0x10, 0xC5, 0x10, 0xC5, 0x10, 0xC5, 0x10, 0xC5, 0x10, 0xC5, 0x10,
    0xC5, 0x10, 0xC5, 0x10, 0xC5, 0x10, 0xC5, 0x10, 0xC5, 0x10, 0xC5, 0x10, 0xC5, 0x10, 0xC5, 0x10,
    0xC5, 0x10, 0xC5, 0x10, 0xC5, 0x10, 0xC5, 0x10, 0xC5, 0x10, 0xC5, 0x10, 0xC5, 0x10, 0xC5, 0x10,
    0xC5, 0x10, 0xC5, 0x10, 0xC5, 0x10, 0xC5, 0x10, 0xC5, 0x10, 0xC5, 0x10, 0xC5, 0x10, 0xC5, 0x10,
    0xC5, 0x10, 0xC5, 0x10, 0xC5, 0x10, 0xC5, 0x10, 0xC5, 0x10, 0xC5, 0x10, 0xC5, 0x10, 0xC5, 0x10,
    0xC5, 0x10, 0xC5, 0x10, 0xC5, 0x10, 0xC5, 0x10, 0xC5, 0x10, 0xC6, 0x10, 0xC6, 0x10, 0xC6, 0x10,
    0xC6, 0x10, 0xC6, 0x10, 0xC6, 0x10, 0xC6, 0x10, 0xC6, 0x10, 0xC6, 0x10, 0xC6, 0x10, 0xC6, 0x10,
    0xC6, 0x10, 0xC6, 0x10, 0xC6, 0x10, 0xC6, 0x10, 0xC6, 0x10, 0xC6, 0x10, 0xC6, 0x10, 0xC6, 0x10,
    0xC6, 0x10, 0xC6, 0x10, 0xC6, 0x10, 0xC6, 0x10, 0xC5, 0x10, 0xC5, 0x10, 0xC5, 0x10, 0xC5, 0x10,
    0xC5, 0x10, 0xC5, 0x10, 0xC5, 0x10, 0xC5, 0x10, 0xC5, 0x10, 0xC5, 0x10, 0xC5, 0x10, 0xC5, 0x10,
    0xC5, 0x10, 0xC5, 0x10, 0xC5, 0x10, 0xC5, 0x10, 0xC5, 0x10, 0xC5, 0x10, 0xC5, 0x10, 0xC5, 0x10,
    0xC5, 0x10, 0xC5, 0x10, 0xC5, 0x10, 0xC5, 0x10, 0xC5, 0x10, 0xC5, 0x10, 0xC5, 0x10, 0xC5, 0x10,
    0xC5, 0x10, 0xC5, 0x10, 0xC5, 0x10, 0xC5, 0x10, 0xC5, 0x10, 0xC5, 0x10, 0xC5, 0x10, 0xC5, 0x10,
    0xC5, 0x10, 0xC5, 0x10, 0xC5, 0x10, 0xC5, 0x10, 0xC5, 0x10, 0xC5, 0x10, 0xC5, 0x10, 0xC5, 0x10,
    0xC5, 0x08, 0xC5, 0x08, 0xC5, 0x08, 0xC5, 0x08, 0xC5, 0x08, 0xC5, 0x08, 0xC5, 0x08, 0xC5, 0x08,
    0xC5, 0x08, 0xC5, 0x08, 0xC5, 0x08, 0xC5, 0x08, 0xC5, 0x08, 0xC5, 0x08, 0xC5, 0x08, 0xC5, 0x08,
    0xC5, 0x08, 0xC5, 0x08, 0xC5, 0x08, 0xC5, 0x08, 0xC5, 0x08, 0xC5, 0x08, 0xC5, 0x08, 0xC5, 0x08,
    0xC5, 0x08, 0xC5, 0x08, 0xC5, 0x08, 0xA5, 0x08, 0xA5, 0x08, 0xA5, 0x08, 0xA5, 0x08, 0xA5, 0x08,
    0xA5, 0x08, 0xA5, 0x08, 0xA5, 0x08, 0xA5, 0x08, 0xA5, 0x08, 0xA5, 0x08, 0xA5, 0x08, 0xA5, 0x08,
    0xA5, 0x08, 0xA5, 0x08, 0xA5, 0x08, 0xA5, 0x08, 0xA5, 0x08, 0xA5, 0x08, 0xA5, 0x08, 0xA5, 0x08,
    0xA5, 0x08, 0xA5, 0x08, 0xA4, 0x08, 0xA4, 0x08, 0xA4, 0x08, 0xA4, 0x08, 0xA4, 0x08, 0xA4, 0x08,
    0xA4, 0x08, 0xA4, 0x08, 0xA4, 0x08, 0xA4, 0x08, 0xA4, 0x08, 0xA4, 0x08, 0xA4, 0x08, 0xA4, 0x08,
    0x84, 0x08, 0x84, 0x08, 0x84, 0x08, 0x84, 0x08, 0x84, 0x08, 0x84, 0x08, 0x84, 0x08, 0x84, 0x08,
    0x84, 0x08, 0xA4, 0x08, 0xA4, 0x08, 0xA4, 0x08, 0xA4, 0x08, 0xA4, 0x08, 0xA4, 0x08, 0xA4, 0x08,
    0xA4, 0x08, 0xA4, 0x08, 0xA4, 0x08, 0xA4, 0x08, 0xA4, 0x08, 0xA4, 0x08, 0xA4, 0x08, 0xA4, 0x08,
    0xA4, 0x08, 0xA4, 0x08, 0xA4, 0x08, 0xA4, 0x08, 0xA4, 0x08, 0xA4, 0x08, 0xA4, 0x08, 0xA4, 0x08,
    0xA4, 0x08, 0xA4, 0x08, 0xA4, 0x08, 0xA4, 0x08, 0xA4, 0x08, 0xA4, 0x08, 0xA4, 0x08, 0xA4, 0x08,
    0xA5, 0x08, 0xA5, 0x08, 0xA5, 0x08, 0xA5, 0x08, 0xA5, 0x08, 0xA5, 0x08, 0xA5, 0x08, 0xA5, 0x08,
    0xA5, 0x08, 0xA5, 0x08, 0xA5, 0x08, 0xA5, 0x08, 0xA5, 0x08, 0xA5, 0x08, 0xA5, 0x08, 0xA5, 0x08,
    0xA5, 0x08, 0xA5, 0x08, 0xA5, 0x08, 0xA5, 0x08, 0xA5, 0x08, 0xA5, 0x08, 0xA5, 0x08, 0xA5, 0x08,
    0xA5, 0x08, 0xA5, 0x08, 0xA5, 0x08, 0xC5, 0x08, 0xC5, 0x08, 0xC5, 0x08, 0xC5, 0x08, 0xC5, 0x08,
    0xC5, 0x08, 0xC5, 0x08, 0xC5, 0x08, 0xC5, 0x08, 0xC5, 0x08, 0xC5, 0x08, 0xC5, 0x08, 0xC5, 0x08,
    0xC5, 0x08, 0xC5, 0x08, 0xC5, 0x08, 0xC5, 0x08, 0xC5, 0x08, 0xC5, 0x08, 0xC5, 0x08, 0xC5, 0x08,
    0xC5, 0x08, 0xC5, 0x08, 0xC5, 0x08, 0xC5, 0x08, 0xC5, 0x08, 0xC5, 0x08, 0xC5, 0x08, 0xC5, 0x08,
    0xC5, 0x08, 0xC5, 0x08, 0xC5, 0x08, 0xC5, 0x08, 0xC5, 0x08, 0xC5, 0x08, 0xC5, 0x08, 0xC5, 0x08,
    0xC5, 0x08, 0xC5, 0x08, 0xC5, 0x10, 0xC5, 0x10, 0xC5, 0x10, 0xC5, 0x10, 0xC5, 0x10, 0xC5, 0x10,
    0xC5, 0x10, 0xC5, 0x10, 0xC5, 0x10, 0xC5, 0x10, 0xC5, 0x10, 0xC5, 0x10, 0xC5, 0x10, 0xC5, 0x10,
    0xC5, 0x10, 0xC5, 0x10, 0xC5, 0x10, 0xC5, 0x10, 0xC5, 0x10, 0xC5, 0x10, 0xC5, 0x10, 0xC5, 0x10,
    0xC5, 0x10, 0xC5, 0x10, 0xC5, 0x10, 0xC5, 0x10, 0xC5, 0x10, 0xC5, 0x10, 0xC5, 0x10, 0xC5, 0x08,
    0xC5, 0x08, 0xC5, 0x08, 0xC5, 0x08, 0xC5, 0x08, 0xC5, 0x08, 0xC5, 0x08, 0xC5, 0x08, 0xC5, 0x08,
    0xC5, 0x08, 0xC5, 0x08, 0xC5, 0x08, 0xC5, 0x08, 0xC5, 0x08, 0xC5, 0x08, 0xC5, 0x08, 0xC5, 0x08,
    0xC5, 0x08, 0xC5, 0x08, 0xC5, 0x08, 0xC5, 0x08, 0xC5, 0x08, 0xC5, 0x08, 0xC5, 0x08, 0xC5, 0x08,
    0xC5, 0x08, 0xC5, 0x08, 0xC5, 0x08, 0xC5, 0x08, 0xC5, 0x08, 0xC5, 0x08, 0xC5, 0x08, 0xC5, 0x08,
    0xC5, 0x08, 0xC5, 0x08, 0xC5, 0x08, 0xC5, 0x08, 0xC5, 0x08, 0xC5, 0x08, 0xA5, 0x08, 0xA5, 0x08,
    0xA5, 0x08, 0xA5, 0x08, 0xA5, 0x08, 0xA5, 0x08, 0xA5, 0x08, 0xA5, 0x08, 0xA5, 0x08, 0xA5, 0x08,
    0xA5, 0x08, 0xA5, 0x08, 0xA5, 0x08, 0xA5, 0x08, 0xA5, 0x08, 0xA5, 0x08, 0xA5, 0x08, 0xA5, 0x08,
    0xA5, 0x08, 0xA5, 0x08, 0xA5, 0x08, 0xA5, 0x08, 0xA5, 0x08, 0xA5, 0x08, 0xA5, 0x08, 0xA5, 0x08,
    0xA5, 0x08, 0xA4, 0x08, 0xA4, 0x08, 0xA4, 0x08, 0xA4, 0x08, 0xA4, 0x08, 0xA4, 0x08, 0xA4, 0x08,
    0xA4, 0x08, 0xA4, 0x08, 0xA4, 0x08, 0xA4, 0x08, 0xA4, 0x08, 0xA4, 0x08, 0xA4, 0x08, 0xA4, 0x08,
    0xA4, 0x08, 0xA4, 0x08, 0xA4, 0x08, 0xA4, 0x08, 0xA4, 0x08, 0xA4, 0x08, 0xA4, 0x08, 0xA4, 0x08,
    0xA4, 0x08, 0xA4, 0x08, 0xA4, 0x08, 0xA4, 0x08, 0xA4, 0x08, 0xA4, 0x08, 0xA4, 0x08, 0xA4, 0x08,
    0x84, 0x08, 0x84, 0x08, 0x84, 0x08, 0x84, 0x08, 0x84, 0x08, 0x84, 0x08, 0x84, 0x08, 0x84, 0x08,
    0x84, 0x08, 0x84, 0x08, 0x84, 0x08, 0x84, 0x08, 0x84, 0x08, 0x84, 0x08, 0x84, 0x08, 0x84, 0x08,
    0x84, 0x08, 0x84, 0x08, 0x84, 0x08, 0x84, 0x08, 0xA4, 0x08, 0xA4, 0x08, 0xA4, 0x08, 0xA4, 0x08,
    0xA4, 0x08, 0xA4, 0x08, 0xA4, 0x08, 0xA4, 0x08, 0xA4, 0x08, 0xA4, 0x08, 0xA4, 0x08, 0xA4, 0x08,
    0xA4, 0x08, 0xA4, 0x08, 0xA4, 0x08, 0xA4, 0x08, 0xA4, 0x08, 0xA4, 0x08, 0xA4, 0x08, 0xA4, 0x08,
    0xA4, 0x08, 0xA4, 0x08, 0xA4, 0x08, 0xA4, 0x08, 0xA4, 0x08, 0xA4, 0x08, 0xA4, 0x08, 0xA4, 0x08,
    0xA4, 0x08, 0xA4, 0x08, 0xA4, 0x08, 0xA5, 0x08, 0xA5, 0x08, 0xA5, 0x08, 0xA5, 0x08, 0xA5, 0x08,
    0xA5, 0x08, 0xA5, 0x08, 0xA5, 0x08, 0xA5, 0x08, 0xA5, 0x08, 0xA5, 0x08, 0xA5, 0x08, 0xA5, 0x08,
    0xA5, 0x08, 0xA5, 0x08, 0xA5, 0x08, 0xA5, 0x08, 0xA5, 0x08, 0xA5, 0x08, 0xA5, 0x08, 0xA5, 0x08,
    0xA5, 0x08, 0xA5, 0x08, 0xA5, 0x08, 0xA5, 0x08, 0xA5, 0x08, 0xA5, 0x08, 0xA5, 0x08, 0xC5, 0x08,
    0xC5, 0x08, 0xC5, 0x08, 0xC5, 0x08, 0xC5, 0x08, 0xC5, 0x08, 0xC5, 0x08, 0xC5, 0x08, 0xC5, 0x08,
    0xC5, 0x08, 0xC5, 0x08, 0xC5, 0x08, 0xC5, 0x08, 0xC5, 0x08, 0xC5, 0x08, 0xC5, 0x08, 0xC5, 0x08,
    0xC5, 0x08, 0xC5, 0x08, 0xC5, 0x08, 0xC5, 0x08, 0xC5, 0x08, 0xC5, 0x08, 0xC5, 0x08, 0xC5, 0x08,
    0xC5, 0x08, 0xC5, 0x08, 0xC5, 0x08, 0xC5, 0x08, 0xC5, 0x08, 0xC5, 0x08, 0xC5, 0x08, 0xC5, 0x08,
    0xC5, 0x08, 0xC5, 0x08, 0xC5, 0x08, 0xC5, 0x08, 0xC5, 0x08, 0xC5, 0x08, 0xC5, 0x08, 0xC5, 0x08,
    0xC5, 0x08, 0xC5, 0x08, 0xC5, 0x08, 0xC5, 0x08, 0xC5, 0x08, 0xC5, 0x08, 0xC5, 0x08, 0xC5, 0x08,
    0xC5, 0x08, 0xC5, 0x08, 0xC5, 0x08, 0xC5, 0x08, 0xC5, 0x08, 0xC5, 0x08, 0xC5, 0x08, 0xC5, 0x08,
    0xC5, 0x08, 0xC5, 0x08, 0xC5, 0x08, 0xC5, 0x08, 0xC5, 0x08, 0xC5, 0x08, 0xC5, 0x08, 0xC5, 0x08,
    0xC5, 0x08, 0xC5, 0x08, 0xC5, 0x08, 0xC5, 0x08, 0xC5, 0x08, 0xC5, 0x08, 0xC5, 0x08, 0xC5, 0x08,
    0xC5, 0x08, 0xC5, 0x08, 0xC5, 0x08, 0xC5, 0x08, 0xC5, 0x08, 0xC5, 0x08, 0xC5, 0x08, 0xC5, 0x08,
    0xC5, 0x08, 0xC5, 0x08, 0xC5, 0x08, 0xC5, 0x08, 0xC5, 0x08, 0xC5, 0x08, 0xC5, 0x08, 0xC5, 0x08,
    0xC5, 0x08, 0xC5, 0x08, 0xC5, 0x08, 0xC5, 0x08, 0xC5, 0x08, 0xC5, 0x08, 0xC5, 0x08, 0xC5, 0x08,
    0xC5, 0x08, 0xC5, 0x08, 0xA5, 0x08, 0xA5, 0x08, 0xA5, 0x08, 0xA5, 0x08, 0xA5, 0x08, 0xA5, 0x08,
    0xA5, 0x08, 0xA5, 0x08, 0xA5, 0x08, 0xA5, 0x08, 0xA5, 0x08, 0xA5, 0x08, 0xA5, 0x08, 0xA5, 0x08,
    0xA5, 0x08, 0xA5, 0x08, 0xA5, 0x08, 0xA5, 0x08, 0xA5, 0x08, 0xA5, 0x08, 0xA5, 0x08, 0xA5, 0x08,
    0xA5, 0x08, 0xA5, 0x08, 0xA5, 0x08, 0xA5, 0x08, 0xA5, 0x08, 0xA5, 0x08, 0xA4, 0x08, 0xA4, 0x08,
    0xA4, 0x08, 0xA4, 0x08, 0xA4, 0x08, 0xA4, 0x08, 0xA4, 0x08, 0xA4, 0x08, 0xA4, 0x08, 0xA4, 0x08,
    0xA4, 0x08, 0xA4, 0x08, 0xA4, 0x08, 0xA4, 0x08, 0xA4, 0x08, 0xA4, 0x08, 0xA4, 0x08, 0xA4, 0x08,
    0xA4, 0x08, 0xA4, 0x08, 0xA4, 0x08, 0xA4, 0x08, 0xA4, 0x08, 0xA4, 0x08, 0xA4, 0x08, 0xA4, 0x08,
    0xA4, 0x08, 0xA4, 0x08, 0xA4, 0x08, 0xA4, 0x08, 0xA4, 0x08, 0x84, 0x08, 0x84, 0x08, 0x84, 0x08,
    0x84, 0x08, 0x84, 0x08, 0x84, 0x08, 0x84, 0x08, 0x84, 0x08, 0x84, 0x08, 0x84, 0x08, 0x84, 0x08,
    0xA4, 0x08, 0xA4, 0x08, 0xA4, 0x08, 0xA4, 0x08, 0xA4, 0x08, 0xA4, 0x08, 0xA4, 0x08, 0xA4, 0x08,
    0xA4, 0x08, 0xA4, 0x08, 0xA4, 0x08, 0xA4, 0x08, 0xA4, 0x08, 0xA4, 0x08, 0xA4, 0x08, 0xA4, 0x08,
    0xA4, 0x08, 0xA4, 0x08, 0xA4, 0x08, 0xA4, 0x08, 0xA4, 0x08, 0xA4, 0x08, 0xA5, 0x08, 0xA5, 0x08,
    0xA5, 0x08, 0xA5, 0x08, 0xA5, 0x08, 0xA5, 0x08, 0xA5, 0x08, 0xA5, 0x08, 0xA5, 0x08, 0xA5, 0x08,
    0xA5, 0x08, 0xA5, 0x08, 0xA5, 0x08, 0xA5, 0x08, 0xA5, 0x08, 0xA5, 0x08, 0xA5, 0x08, 0xA5, 0x08,
    0xA5, 0x08, 0xA5, 0x08, 0xA5, 0x08, 0xA5, 0x08, 0xA5, 0x08, 0xA5, 0x08, 0xA5, 0x08, 0xC5, 0x08,
    0xC5, 0x08, 0xC5, 0x08, 0xC5, 0x08, 0xC5, 0x08, 0xC5, 0x08, 0xC5, 0x08, 0xC5, 0x08, 0xC5, 0x08,
    0xC5, 0x08, 0xC5, 0x08, 0xC5, 0x08, 0xC5, 0x08, 0xC5, 0x08, 0xC5, 0x08, 0xC5, 0x08, 0xC5, 0x08,
    0xC5, 0x08, 0xC5, 0x08, 0xC5, 0x08, 0xC5, 0x08, 0xC5, 0x08, 0xC5, 0x08, 0xC5, 0x08, 0xC5, 0x08,
    0xC5, 0x08, 0xC5, 0x08, 0xC5, 0x08, 0xC5, 0x10, 0xC5, 0x10, 0xC5, 0x10, 0xC5, 0x10, 0xC5, 0x10,
    0xC5, 0x10, 0xC5, 0x10, 0xC5, 0x10, 0xC5, 0x10, 0xC5, 0x10, 0xC5, 0x10, 0xC5, 0x10, 0xC5, 0x10,
    0xC5, 0x10, 0xC5, 0x10, 0xC5, 0x10, 0xC5, 0x10, 0xC5, 0x10, 0xC5, 0x10, 0xC5, 0x10, 0xC5, 0x10,
    0xC5, 0x10, 0xC5, 0x10, 0xC5, 0x10, 0xC5, 0x10, 0xC5, 0x10, 0xC5, 0x10, 0xC5, 0x10, 0xC5, 0x10,
    0xC5, 0x10, 0xC5, 0x10, 0xC5, 0x10, 0xC5, 0x10, 0xC5, 0x10, 0xC5, 0x10, 0xC5, 0x10, 0xC5, 0x10,
    0xC5, 0x10, 0xC5, 0x10, 0xC5, 0x10, 0xC5, 0x10, 0xC5, 0x10, 0xC5, 0x10, 0xC5, 0x10, 0xC5, 0x10,
    0xC5, 0x10, 0xC5, 0x10, 0xC5, 0x10, 0xC5, 0x10, 0xC5, 0x10, 0xC5, 0x10, 0xC5, 0x10, 0xC5, 0x10,
    0xC5, 0x10, 0xC5, 0x10, 0xC5, 0x10, 0xC5, 0x10, 0xC5, 0x10, 0xC5, 0x10, 0xC5, 0x10, 0xC5, 0x10,
    0xC5, 0x10, 0xC5, 0x10, 0xC5, 0x10, 0xC5, 0x10, 0xC5, 0x10, 0xC5, 0x10, 0xC5, 0x10, 0xC5, 0x10,
    0xC5, 0x10, 0xC5, 0x10, 0xC5, 0x10, 0xC5, 0x10, 0xC5, 0x10, 0xC5, 0x10, 0xC5, 0x10, 0xC5, 0x10,
    0xC5, 0x10, 0xC5, 0x10, 0xC5, 0x10, 0xC5, 0x10, 0xC5, 0x10, 0xC5, 0x10, 0xC5, 0x10, 0xC5, 0x10,
    0xC5, 0x10, 0xC5, 0x10, 0xC5, 0x10, 0xC5, 0x10, 0xC5, 0x10, 0xC5, 0x10, 0xC5, 0x08, 0xC5, 0x08,
    0xC5, 0x08, 0xC5, 0x08, 0xC5, 0x08, 0xC5, 0x08, 0xC5, 0x08, 0xC5, 0x08, 0xC5, 0x08, 0xC5, 0x08,
    0xC5, 0x08, 0xC5, 0x08, 0xC5, 0x08, 0xC5, 0x08, 0xC5, 0x08, 0xC5, 0x08, 0xC5, 0x08, 0xC5, 0x08,
    0xC5, 0x08, 0xC5, 0x08, 0xC5, 0x08, 0xC5, 0x08, 0xC5, 0x08, 0xC5, 0x08, 0xC5, 0x08, 0xC5, 0x08,
    0xC5, 0x08, 0xC5, 0x08, 0xA5, 0x08, 0xA5, 0x08, 0xA5, 0x08, 0xA5, 0x08, 0xA5, 0x08, 0xA5, 0x08,
    0xA5, 0x08, 0xA5, 0x08, 0xA5, 0x08, 0xA5, 0x08, 0xA5, 0x08, 0xA5, 0x08, 0xA5, 0x08, 0xA5, 0x08,
    0xA5, 0x08, 0xA5, 0x08, 0xA5, 0x08, 0xA5, 0x08, 0xA5, 0x08, 0xA5, 0x08, 0xA5, 0x08, 0xA5, 0x08,
    0xA5, 0x08, 0xA5, 0x08, 0xA5, 0x08, 0xA4, 0x08, 0xA4, 0x08, 0xA4, 0x08, 0xA4, 0x08, 0xA4, 0x08,
    0xA4, 0x08, 0xA4, 0x08, 0xA4, 0x08, 0xA4, 0x08, 0xA4, 0x08, 0xA4, 0x08, 0xA4, 0x08, 0xA4, 0x08,
    0xA4, 0x08, 0xA4, 0x08, 0xA4, 0x08, 0xA4, 0x08, 0xA4, 0x08, 0xA4, 0x08, 0xA4, 0x08, 0xA4, 0x08,
    0x84, 0x08, 0x84, 0x08, 0x84, 0x08, 0x84, 0x08, 0x84, 0x08, 0x84, 0x08, 0x84, 0x08, 0x84, 0x08,
    0x84, 0x08, 0x84, 0x08, 0x84, 0x08, 0x84, 0x08, 0x84, 0x08, 0x84, 0x08, 0x84, 0x08, 0x84, 0x08,
    0xA4, 0x08, 0xA4, 0x08, 0xA4, 0x08, 0xA4, 0x08, 0xA4, 0x08, 0xA4, 0x08, 0xA4, 0x08, 0xA4, 0x08,
    0xA4, 0x08, 0xA4, 0x08, 0xA4, 0x08, 0xA4, 0x08, 0xA4, 0x08, 0xA4, 0x08, 0xA4, 0x08, 0xA4, 0x08,
    0xA4, 0x08, 0xA4, 0x08, 0xA4, 0x08, 0xA4, 0x08, 0xA4, 0x08, 0xA4, 0x08, 0xA4, 0x08, 0xA4, 0x08,
    0xA4, 0x08, 0xA4, 0x08, 0xA4, 0x08, 0xA4, 0x08, 0xA4, 0x08, 0xA4, 0x08, 0xA4, 0x08, 0xA4, 0x08,
    0xA4, 0x08, 0xA5, 0x08, 0xA5, 0x08, 0xA5, 0x08, 0xA5, 0x08, 0xA5, 0x08, 0xA5, 0x08, 0xA5, 0x08,
    0xA5, 0x08, 0xA5, 0x08, 0xA5, 0x08, 0xA5, 0x08, 0xA5, 0x08, 0xA5, 0x08, 0xA5, 0x08, 0xA5, 0x08,
    0xA5, 0x08, 0xA5, 0x08, 0xA5, 0x08, 0xA5, 0x08, 0xA5, 0x08, 0xA5, 0x08, 0xA5, 0x08, 0xA5, 0x08,
    0xA5, 0x08, 0xA5, 0x08, 0xA5, 0x08, 0xA5, 0x08, 0xA5, 0x08, 0xA5, 0x08, 0xA5, 0x08, 0xA5, 0x08,
    0xA5, 0x08, 0xC5, 0x08, 0xC5, 0x08, 0xC5, 0x08, 0xC5, 0x08, 0xC5, 0x08, 0xC5, 0x08, 0xC5, 0x08,
    0xC5, 0x08, 0xC5, 0x08, 0xC5, 0x08, 0xC5, 0x08, 0xC5, 0x08, 0xC5, 0x08, 0xC5, 0x08, 0xC5, 0x08,
    0xC5, 0x08, 0xC5, 0x08, 0xC5, 0x08, 0xC5, 0x08, 0xC5, 0x08, 0xC5, 0x08, 0xC5, 0x08, 0xC5, 0x08,
    0xC5, 0x08, 0xC5, 0x08, 0xC5, 0x08, 0xC5, 0x08, 0xC5, 0x08, 0xC5, 0x08, 0xC5, 0x08, 0xC5, 0x08,
    0xC5, 0x08, 0xC5, 0x08, 0xC5, 0x08, 0xC5, 0x08, 0xC5, 0x08, 0xC5, 0x08, 0xC5, 0x08, 0xC5, 0x08,
    0xC5, 0x08, 0xC5, 0x08, 0xC5, 0x08, 0xC5, 0x08, 0xC5, 0x08, 0xC5, 0x08, 0xC5, 0x08, 0xC5, 0x08,
    0xC5, 0x08, 0xC5, 0x08, 0xC5, 0x08, 0xC5, 0x08, 0xC5, 0x08, 0xC5, 0x08, 0xC5, 0x08, 0xC5, 0x08,
    0xC5, 0x08, 0xC5, 0x08, 0xC5, 0x08, 0xC5, 0x08, 0xC5, 0x08, 0xC5, 0x08, 0xC5, 0x08, 0xC5, 0x08,
    0xC5, 0x08, 0xC5, 0x08, 0xC5, 0x08, 0xC5, 0x08, 0xC5, 0x08, 0xC5, 0x08, 0xC5, 0x08, 0xC5, 0x08,
    0xC5, 0x08, 0xC5, 0x08, 0xC5, 0x08, 0xC5, 0x08, 0xC5, 0x08, 0xC5, 0x08, 0xC5, 0x08, 0xC5, 0x08,
    0xA5, 0x08, 0xA5, 0x08, 0xA5, 0x08, 0xA5, 0x08, 0xA5, 0x08, 0xA5, 0x08, 0xA5, 0x08, 0xA5, 0x08,
    0xA5, 0x08, 0xA5, 0x08, 0xA5, 0x08, 0xA5, 0x08, 0xA5, 0x08, 0xA5, 0x08, 0xA5, 0x08, 0xA5, 0x08,
    0xA5, 0x08, 0xA5, 0x08, 0xA5, 0x08, 0xA5, 0x08, 0xA5, 0x08, 0xA5, 0x08, 0xA5, 0x08, 0xA5, 0x08,
    0xA5, 0x08, 0xA5, 0x08, 0xA5, 0x08, 0xA5, 0x08, 0xA5, 0x08, 0xA5, 0x08, 0xA5, 0x08, 0xA5, 0x08,
    0xA4, 0x08, 0xA4, 0x08, 0xA4, 0x08, 0xA4, 0x08, 0xA4, 0x08, 0xA4, 0x08, 0xA4, 0x08, 0xA4, 0x08,
    0xA4, 0x08, 0xA4, 0x08, 0xA4, 0x08, 0xA4, 0x08, 0xA4, 0x08, 0xA4, 0x08, 0xA4, 0x08, 0xA4, 0x08,
    0xA4, 0x08, 0xA4, 0x08, 0xA4, 0x08, 0xA4, 0x08, 0xA4, 0x08, 0xA4, 0x08, 0xA4, 0x08, 0xA4, 0x08,
    0xA4, 0x08, 0xA4, 0x08, 0xA4, 0x08, 0xA4, 0x08, 0xA4, 0x08, 0xA4, 0x08, 0xA4, 0x08, 0xA4, 0x08,
    0xA4, 0x08, 0x84, 0x08, 0x84, 0x08, 0x84, 0x08, 0x84, 0x08, 0x84, 0x08, 0x84, 0x08, 0x84, 0x08,
    0x84, 0x08, 0x84, 0x08, 0x84, 0x08, 0x84, 0x08, 0x84, 0x08, 0x84, 0x08, 0x84, 0x08, 0x84, 0x08,
    0x84, 0x08, 0x84, 0x08, 0x84, 0x08, 0x84, 0x08, 0x84, 0x08, 0x84, 0x08, 0x84, 0x08, 0x84, 0x08,
    0x84, 0x08, 0x84, 0x08, 0x84, 0x08, 0x84, 0x08, 0x84, 0x08, 0x84, 0x08, 0x84, 0x08, 0x84, 0x08,
    0x84, 0x08, 0x84, 0x08, 0xA4, 0x08, 0xA4, 0x08, 0xA4, 0x08, 0xA4, 0x08, 0xA4, 0x08, 0xA4, 0x08,
    0xA4, 0x08, 0xA4, 0x08, 0xA4, 0x08, 0xA4, 0x08, 0xA4, 0x08, 0xA4, 0x08, 0xA4, 0x08, 0xA4, 0x08,
    0xA4, 0x08, 0xA4, 0x08, 0xA4, 0x08, 0xA4, 0x08, 0xA4, 0x08, 0xA4, 0x08, 0xA4, 0x08, 0xA4, 0x08,
    0xA4, 0x08, 0xA4, 0x08, 0xA4, 0x08, 0xA4, 0x08, 0xA4, 0x08, 0xA4, 0x08, 0xA4, 0x08, 0xA4, 0x08,
    0xA4, 0x08, 0xA4, 0x08, 0xA4, 0x08, 0xA4, 0x08, 0xA4, 0x08, 0xA5, 0x08, 0xA5, 0x08, 0xA5, 0x08,
    0xA5, 0x08, 0xA5, 0x08, 0xA5, 0x08, 0xA5, 0x08, 0xA5, 0x08, 0xA5, 0x08, 0xA5, 0x08, 0xA5, 0x08,
    0xA5, 0x08, 0xA5, 0x08, 0xA5, 0x08, 0xA5, 0x08, 0xA5, 0x08, 0xA5, 0x08, 0xA5, 0x08, 0xA5, 0x08,
    0xA5, 0x08, 0xA5, 0x08, 0xA5, 0x08, 0xA5, 0x08, 0xA5, 0x08, 0xA5, 0x08, 0xA5, 0x08, 0xA5, 0x08,
    0xA5, 0x08, 0xA5, 0x08, 0xA5, 0x08, 0xA5, 0x08, 0xA5, 0x08, 0xA5, 0x08, 0xA5, 0x08, 0xC5, 0x08,
    0xC5, 0x08, 0xC5, 0x08, 0xC5, 0x08, 0xC5, 0x08, 0xC5, 0x08, 0xC5, 0x08, 0xC5, 0x08, 0xC5, 0x08,
    0xC5, 0x08, 0xC5, 0x08, 0xC5, 0x08, 0xC5, 0x08, 0xC5, 0x08, 0xC5, 0x08, 0xC5, 0x08, 0xC5, 0x08,
    0xC5, 0x08, 0xC5, 0x08, 0xC5, 0x08, 0xC5, 0x08, 0xC5, 0x08, 0xC5, 0x08, 0xC5, 0x08, 0xC5, 0x08,
    0xC5, 0x08, 0xC5, 0x08, 0xC5, 0x08, 0xC5, 0x08, 0xC5, 0x08, 0xC5, 0x08, 0xC5, 0x08, 0xC5, 0x08,
    0xC5, 0x08, 0xC5, 0x08, 0xC5, 0x08, 0xC5, 0x08, 0xC5, 0x08, 0xC5, 0x08, 0xC5, 0x08, 0xC5, 0x08,
    0xC5, 0x08, 0xC5, 0x08, 0xC5, 0x08, 0xC5, 0x08, 0xC5, 0x08, 0xC5, 0x08, 0xC5, 0x08, 0xC5, 0x08,
    0xC5, 0x08, 0xC5, 0x08, 0xC5, 0x08, 0xC5, 0x08, 0xC5, 0x08, 0xC5, 0x08, 0xC5, 0x08, 0xC5, 0x08,
    0xC5, 0x08, 0xC5, 0x08, 0xC5, 0x08, 0xC5, 0x08, 0xC5, 0x08, 0xC5, 0x08, 0xC5, 0x08, 0xC5, 0x08,
    0xC5, 0x08, 0xC5, 0x08, 0xA5, 0x08, 0xA5, 0x08, 0xA5, 0x08, 0xA5, 0x08, 0xA5, 0x08, 0xA5, 0x08,
    0xA5, 0x08, 0xA5, 0x08, 0xA5, 0x08, 0xA5, 0x08, 0xA5, 0x08, 0xA5, 0x08, 0xA5, 0x08, 0xA5, 0x08,
    0xA5, 0x08, 0xA5, 0x08, 0xA5, 0x08, 0xA5, 0x08, 0xA5, 0x08, 0xA5, 0x08, 0xA5, 0x08, 0xA5, 0x08,
    0xA5, 0x08, 0xA5, 0x08, 0xA5, 0x08, 0xA5, 0x08, 0xA5, 0x08, 0xA5, 0x08, 0xA5, 0x08, 0xA5, 0x08,
    0xA5, 0x08, 0xA5, 0x08, 0xA5, 0x08, 0xA5, 0x08, 0xA4, 0x08, 0xA4, 0x08, 0xA4, 0x08, 0xA4, 0x08,
    0xA4, 0x08, 0xA4, 0x08, 0xA4, 0x08, 0xA4, 0x08, 0xA4, 0x08, 0xA4, 0x08, 0xA4, 0x08, 0xA4, 0x08,
    0xA4, 0x08, 0xA4, 0x08, 0xA4, 0x08, 0xA4, 0x08, 0xA4, 0x08, 0xA4, 0x08, 0xA4, 0x08, 0xA4, 0x08,
    0xA4, 0x08, 0xA4, 0x08, 0xA4, 0x08, 0xA4, 0x08, 0xA4, 0x08, 0xA4, 0x08, 0xA4, 0x08, 0xA4, 0x08,
    0xA4, 0x08, 0xA4, 0x08, 0xA4, 0x08, 0xA4, 0x08, 0xA4, 0x08, 0xA4, 0x08, 0xA4, 0x08, 0x84, 0x08,
    0x84, 0x08, 0x84, 0x08, 0x84, 0x08, 0x84, 0x08, 0x84, 0x08, 0x84, 0x08, 0x84, 0x08, 0x84, 0x08,
    0x84, 0x08, 0x84, 0x08, 0x84, 0x08, 0x84, 0x08, 0x84, 0x08, 0x84, 0x08, 0x84, 0x08, 0x84, 0x08,
    0x84, 0x08, 0x84, 0x08, 0x84, 0x08, 0x84, 0x08, 0x84, 0x08, 0xA4, 0x08, 0xA4, 0x08, 0xA4, 0x08,
    0xA4, 0x08, 0xA4, 0x08, 0xA4, 0x08, 0xA4, 0x08, 0xA4, 0x08, 0xA4, 0x08, 0xA4, 0x08, 0xA4, 0x08,
    0xA4, 0x08, 0xA4, 0x08, 0xA4, 0x08, 0xA4, 0x08, 0xA4, 0x08, 0xA4, 0x08, 0xA4, 0x08, 0xA4, 0x08,
    0xA4, 0x08, 0xA4, 0x08, 0xA4, 0x08, 0xA4, 0x08, 0xA4, 0x08, 0xA4, 0x08, 0xA5, 0x08, 0xA5, 0x08,
    0xA5, 0x08, 0xA5, 0x08, 0xA5, 0x08, 0xA5, 0x08, 0xA5, 0x08, 0xA5, 0x08, 0xA5, 0x08, 0xA5, 0x08,
    0xA5, 0x08, 0xA5, 0x08, 0xA5, 0x08, 0xA5, 0x08, 0xA5, 0x08, 0xA5, 0x08, 0xA5, 0x08, 0xA5, 0x08,
    0xA5, 0x08, 0xA5, 0x08, 0xA5, 0x08, 0xA5, 0x08, 0xA5, 0x08, 0xA5, 0x08, 0xA5, 0x08, 0xA5, 0x08,
    0xA5, 0x08, 0xC5, 0x08, 0xC5, 0x08, 0xC5, 0x08, 0xC5, 0x08, 0xC5, 0x08, 0xC5, 0x08, 0xC5, 0x08,
    0xC5, 0x08, 0xC5, 0x08, 0xC5, 0x08, 0xC5, 0x08, 0xC5, 0x08, 0xC5, 0x08, 0xC5, 0x08, 0xC5, 0x08,
    0xC5, 0x08, 0xC5, 0x08, 0xC5, 0x08, 0xC5, 0x08, 0xC5, 0x08, 0xC5, 0x08, 0xC5, 0x08, 0xC5, 0x08,
    0xC5, 0x08, 0xC5, 0x08, 0xC5, 0x08, 0xC5, 0x08, 0xC5, 0x08, 0xC5, 0x08, 0xC5, 0x08, 0xC5, 0x08,
    0xC5, 0x10, 0xC5, 0x10, 0xC5, 0x10, 0xC5, 0x10, 0xC5, 0x10, 0xC5, 0x10, 0xC5, 0x10, 0xC5, 0x10,
    0xC5, 0x10, 0xC5, 0x10, 0xC5, 0x10, 0xC5, 0x10, 0xC5, 0x10, 0xC5, 0x10, 0xC5, 0x10, 0xC5, 0x10,
    0xC5, 0x10, 0xC5, 0x10, 0xC5, 0x10, 0xC5, 0x10, 0xC5, 0x10, 0xC5, 0x10, 0xC5, 0x10, 0xC5, 0x10,
    0xC5, 0x10, 0xC5, 0x10, 0xC5, 0x10, 0xC5, 0x10, 0xC5, 0x10, 0xC5, 0x10, 0xC5, 0x10, 0xC5, 0x10,
    0xC5, 0x10, 0xC5, 0x10, 0xC5, 0x10, 0xC5, 0x10, 0xC5, 0x10, 0xC5, 0x10, 0xC5, 0x10, 0xC5, 0x10,
    0xC5, 0x10, 0xC5, 0x10, 0xC5, 0x10, 0xC5, 0x10, 0xC5, 0x10, 0xC5, 0x10, 0xC5, 0x10, 0xC5, 0x10,
    0xC5, 0x10, 0xC5, 0x10, 0xC5, 0x10, 0xC5, 0x10, 0xC5, 0x10, 0xC5, 0x10, 0xC5, 0x10, 0xC5, 0x10,
    0xC5, 0x10, 0xC5, 0x10, 0xC5, 0x10, 0xC5, 0x10, 0xC5, 0x10, 0xC5, 0x10, 0xC5, 0x10, 0xC5, 0x10,
    0xC5, 0x10, 0xC5, 0x08, 0xC5, 0x08, 0xC5, 0x08, 0xC5, 0x08, 0xC5, 0x08, 0xC5, 0x08, 0xC5, 0x08,
    0xC5, 0x08, 0xC5, 0x08, 0xC5, 0x08, 0xC5, 0x08, 0xC5, 0x08, 0xC5, 0x08, 0xC5, 0x08, 0xC5, 0x08,
    0xC5, 0x08, 0xC5, 0x08, 0xC5, 0x08, 0xC5, 0x08, 0xC5, 0x08, 0xC5, 0x08, 0xC5, 0x08, 0xC5, 0x08,
    0xC5, 0x08, 0xC5, 0x08, 0xC5, 0x08, 0xC5, 0x08, 0xC5, 0x08, 0xC5, 0x08, 0xC5, 0x08, 0xC5, 0x08,
    0xA5, 0x08, 0xA5, 0x08, 0xA5, 0x08, 0xA5, 0x08, 0xA5, 0x08, 0xA5, 0x08, 0xA5, 0x08, 0xA5, 0x08,
    0xA5, 0x08, 0xA5, 0x08, 0xA5, 0x08, 0xA5, 0x08, 0xA5, 0x08, 0xA5, 0x08, 0xA5, 0x08, 0xA5, 0x08,
    0xA5, 0x08, 0xA5, 0x08, 0xA5, 0x08, 0xA5, 0x08, 0xA5, 0x08, 0xA5, 0x08, 0xA5, 0x08, 0xA5, 0x08,
    0xA5, 0x08, 0xA5, 0x08, 0xA5, 0x08, 0xA4, 0x08, 0xA4, 0x08, 0xA4, 0x08, 0xA4, 0x08, 0xA4, 0x08,
    0xA4, 0x08, 0xA4, 0x08, 0xA4, 0x08, 0xA4, 0x08, 0xA4, 0x08, 0xA4, 0x08, 0xA4, 0x08, 0xA4, 0x08,
    0xA4, 0x08, 0xA4, 0x08, 0xA4, 0x08, 0xA4, 0x08, 0xA4, 0x08, 0xA4, 0x08, 0xA4, 0x08, 0xA4, 0x08,
    0xA4, 0x08, 0xA4, 0x08, 0xA4, 0x08, 0xA4, 0x08, 0x84, 0x08, 0x84, 0x08, 0x84, 0x08, 0x84, 0x08,
    0x84, 0x08, 0x84, 0x08, 0x84, 0x08, 0x84, 0x08, 0x84, 0x08, 0x84, 0x08, 0x84, 0x08, 0x84, 0x08,
    0x84, 0x08, 0x84, 0x08, 0x84, 0x08, 0x84, 0x08, 0x84, 0x08, 0x84, 0x08, 0x84, 0x08, 0x84, 0x08,
    0x84, 0x08, 0x84, 0x08, 0x84, 0x08, 0x84, 0x08, 0x84, 0x08, 0x84, 0x08, 0x84, 0x08, 0xA4, 0x08,
    0xA4, 0x08, 0xA4, 0x08, 0xA4, 0x08, 0xA4, 0x08, 0xA4, 0x08, 0xA4, 0x08, 0xA4, 0x08, 0xA4, 0x08,
    0xA4, 0x08, 0xA4, 0x08, 0xA4, 0x08, 0xA4, 0x08, 0xA4, 0x08, 0xA4, 0x08, 0xA4, 0x08, 0xA4, 0x08,
    0xA4, 0x08, 0xA4, 0x08, 0xA4, 0x08, 0xA4, 0x08, 0xA4, 0x08, 0xA4, 0x08, 0xA4, 0x08, 0xA4, 0x08,
    0xA4, 0x08, 0xA4, 0x08, 0xA4, 0x08, 0xA4, 0x08, 0xA4, 0x08, 0xA4, 0x08, 0xA4, 0x08, 0xA4, 0x08,
    0xA4, 0x08, 0xA4, 0x08, 0xA4, 0x08, 0xA4, 0x08, 0xA5, 0x08, 0xA5, 0x08, 0xA5, 0x08, 0xA5, 0x08,
    0xA5, 0x08, 0xA5, 0x08, 0xA5, 0x08, 0xA5, 0x08, 0xA5, 0x08, 0xA5, 0x08, 0xA5, 0x08, 0xA5, 0x08,
    0xA5, 0x08, 0xA5, 0x08, 0xA5, 0x08, 0xA5, 0x08, 0xA5, 0x08, 0xA5, 0x08, 0xA5, 0x08, 0xA5, 0x08,
    0xA5, 0x08, 0xA5, 0x08, 0xA5, 0x08, 0xA5, 0x08, 0xA5, 0x08, 0xA5, 0x08, 0xA5, 0x08, 0xA5, 0x08,
    0xA5, 0x08, 0xA5, 0x08, 0xA5, 0x08, 0xA5, 0x08, 0xA5, 0x08, 0xA5, 0x08, 0xA5, 0x08, 0xA5, 0x08,
    0xA5, 0x08, 0xA5, 0x08, 0xA5, 0x08, 0xA5, 0x08, 0xA5, 0x08, 0xA5, 0x08, 0xA5, 0x08, 0xA5, 0x08,
    0xA5, 0x08, 0xA5, 0x08, 0xC5, 0x08, 0xC5, 0x08, 0xC5, 0x08, 0xC5, 0x08, 0xC5, 0x08, 0xC5, 0x08,
    0xC5, 0x08, 0xC5, 0x08, 0xC5, 0x08, 0xC5, 0x08, 0xC5, 0x08, 0xC5, 0x08, 0xC5, 0x08, 0xC5, 0x08,
    0xC5, 0x08, 0xC5, 0x08, 0xC5, 0x08, 0xC5, 0x08, 0xC5, 0x08, 0xC5, 0x08, 0xC5, 0x08, 0xC5, 0x08,
    0xC5, 0x08, 0xC5, 0x08, 0xC5, 0x08, 0xC5, 0x08, 0xC5, 0x08, 0xC5, 0x08, 0xC5, 0x08, 0xA5, 0x08,
    0xA5, 0x08, 0xA5, 0x08, 0xA5, 0x08, 0xA5, 0x08, 0xA5, 0x08, 0xA5, 0x08, 0xA5, 0x08, 0xA5, 0x08,
    0xA5, 0x08, 0xA5, 0x08, 0xA5, 0x08, 0xA5, 0x08, 0xA5, 0x08, 0xA5, 0x08, 0xA5, 0x08, 0xA5, 0x08,
    0xA5, 0x08, 0xA5, 0x08, 0xA5, 0x08, 0xA5, 0x08, 0xA5, 0x08, 0xA5, 0x08, 0xA5, 0x08, 0xA5, 0x08,
    0xA5, 0x08, 0xA5, 0x08, 0xA5, 0x08, 0xA5, 0x08, 0xA5, 0x08, 0xA5, 0x08, 0xA5, 0x08, 0xA5, 0x08,
    0xA5, 0x08, 0xA5, 0x08, 0xA5, 0x08, 0xA5, 0x08, 0xA5, 0x08, 0xA5, 0x08, 0xA5, 0x08, 0xA5, 0x08,
    0xA5, 0x08, 0xA5, 0x08, 0xA5, 0x08, 0xA5, 0x08, 0xA5, 0x08, 0xA4, 0x08, 0xA4, 0x08, 0xA4, 0x08,
    0xA4, 0x08, 0xA4, 0x08, 0xA4, 0x08, 0xA4, 0x08, 0xA4, 0x08, 0xA4, 0x08, 0xA4, 0x08, 0xA4, 0x08,
    0xA4, 0x08, 0xA4, 0x08, 0xA4, 0x08, 0xA4, 0x08, 0xA4, 0x08, 0xA4, 0x08, 0xA4, 0x08, 0xA4, 0x08,
    0xA4, 0x08, 0xA4, 0x08, 0xA4, 0x08, 0xA4, 0x08, 0xA4, 0x08, 0xA4, 0x08, 0xA4, 0x08, 0xA4, 0x08,
    0xA4, 0x08, 0xA4, 0x08, 0xA4, 0x08, 0xA4, 0x08, 0xA4, 0x08, 0xA4, 0x08, 0xA4, 0x08, 0xA4, 0x08,
    0xA4, 0x08, 0xA4, 0x08, 0x84, 0x08, 0x84, 0x08, 0x84, 0x08, 0x84, 0x08, 0x84, 0x08, 0x84, 0x08,
    0x84, 0x08, 0x84, 0x08, 0x84, 0x08, 0x84, 0x08, 0x84, 0x08, 0x84, 0x08, 0x84, 0x08, 0x84, 0x08,
    0x84, 0x08, 0x84, 0x08, 0x84, 0x08, 0x84, 0x08, 0x84, 0x08, 0x84, 0x08, 0x84, 0x08, 0x84, 0x08,
    0x84, 0x08, 0x84, 0x08, 0x84, 0x08, 0x84, 0x08, 0x84, 0x08, 0x84, 0x08, 0x84, 0x08, 0x84, 0x08,
    0x84, 0x08, 0x84, 0x08, 0x84, 0x08, 0x84, 0x08, 0x84, 0x08, 0x84, 0x08, 0x84, 0x08, 0x84, 0x08,
    0x84, 0x08, 0x84, 0x08, 0x84, 0x08, 0x84, 0x08, 0x84, 0x08, 0x84, 0x08, 0x84, 0x08, 0x84, 0x08,
    0x84, 0x08, 0x84, 0x08, 0xA4, 0x08, 0xA4, 0x08, 0xA4, 0x08, 0xA4, 0x08, 0xA4, 0x08, 0xA4, 0x08,
    0xA4, 0x08, 0xA4, 0x08, 0xA4, 0x08, 0xA4, 0x08, 0xA4, 0x08, 0xA4, 0x08, 0xA4, 0x08, 0xA4, 0x08,
    0xA4, 0x08, 0xA4, 0x08, 0xA4, 0x08, 0xA4, 0x08, 0xA4, 0x08, 0xA4, 0x08, 0xA4, 0x08, 0xA4, 0x08,
    0xA4, 0x08, 0xA4, 0x08, 0xA4, 0x08, 0xA4, 0x08, 0xA4, 0x08, 0xA4, 0x08, 0xA4, 0x08, 0xA4, 0x08,
    0xA4, 0x08, 0xA4, 0x08, 0xA4, 0x08, 0xA4, 0x08, 0xA4, 0x08, 0xA4, 0x08, 0xA4, 0x08, 0xA4, 0x08,
    0xA4, 0x08, 0xA5, 0x08, 0xA5, 0x08, 0xA5, 0x08, 0xA5, 0x08, 0xA5, 0x08, 0xA5, 0x08, 0xA5, 0x08,
    0xA5, 0x08, 0xA5, 0x08, 0xA5, 0x08, 0xA5, 0x08, 0xA5, 0x08, 0xA5, 0x08, 0xA5, 0x08, 0xA5, 0x08,
    0xA5, 0x08, 0xA5, 0x08, 0xA5, 0x08, 0xA5, 0x08, 0xA5, 0x08, 0xA5, 0x08, 0xA5, 0x08, 0xA5, 0x08,
    0xA5, 0x08, 0xA5, 0x08, 0xA5, 0x08, 0xA5, 0x08, 0xA5, 0x08, 0xA5, 0x08, 0xA5, 0x08, 0xA5, 0x08,
    0xA5, 0x08, 0xA5, 0x08, 0xA5, 0x08, 0xA5, 0x08, 0xA5, 0x08, 0xA5, 0x08, 0xA5, 0x08, 0xA5, 0x08,
    0xA5, 0x08, 0xA5, 0x08, 0xA5, 0x08, 0xA5, 0x08, 0xA5, 0x08, 0xA5, 0x08, 0xA5, 0x08, 0xA5, 0x08,
    0xA5, 0x08, 0xA5, 0x08, 0xA5, 0x08, 0xA5, 0x08, 0xA5, 0x08, 0xA5, 0x08, 0xA5, 0x08, 0xA5, 0x08,
    0xA5, 0x08, 0xA5, 0x08, 0xA5, 0x08, 0xA5, 0x08, 0xA5, 0x08, 0xA5, 0x08, 0xA5, 0x08, 0xA5, 0x08,
    0xA5, 0x08, 0xA5, 0x08, 0xA5, 0x08, 0xA5, 0x08, 0xA5, 0x08, 0xA5, 0x08, 0xA5, 0x08, 0xA5, 0x08,
    0xA5, 0x08, 0xA5, 0x08, 0xA5, 0x08, 0xA5, 0x08, 0xA5, 0x08, 0xA5, 0x08, 0xA5, 0x08, 0xA5, 0x08,
    0xA5, 0x08, 0xA5, 0x08, 0xA5, 0x08, 0xA5, 0x08, 0xA5, 0x08, 0xA5, 0x08, 0xA5, 0x08, 0xA5, 0x08,
    0xA5, 0x08, 0xA5, 0x08, 0xA5, 0x08, 0xA5, 0x08, 0xA5, 0x08, 0xA5, 0x08, 0xA5, 0x08, 0xA5, 0x08,
    0xA5, 0x08, 0xA5, 0x08, 0xA5, 0x08, 0xA5, 0x08, 0xA5, 0x08, 0xA5, 0x08, 0xA5, 0x08, 0xA5, 0x08,
    0xA5, 0x08, 0xA5, 0x08, 0xA5, 0x08, 0xA5, 0x08, 0xA5, 0x08, 0xA5, 0x08, 0xA5, 0x08, 0xA5, 0x08,
    0xA4, 0x08, 0xA4, 0x08, 0xA4, 0x08, 0xA4, 0x08, 0xA4, 0x08, 0xA4, 0x08, 0xA4, 0x08, 0xA4, 0x08,
    0xA4, 0x08, 0xA4, 0x08, 0xA4, 0x08, 0xA4, 0x08, 0xA4, 0x08, 0xA4, 0x08, 0xA4, 0x08, 0xA4, 0x08,
    0xA4, 0x08, 0xA4, 0x08, 0xA4, 0x08, 0xA4, 0x08, 0xA4, 0x08, 0xA4, 0x08, 0xA4, 0x08, 0xA4, 0x08,
    0xA4, 0x08, 0xA4, 0x08, 0xA4, 0x08, 0xA4, 0x08, 0xA4, 0x08, 0xA4, 0x08, 0xA4, 0x08, 0xA4, 0x08,
    0xA4, 0x08, 0xA4, 0x08, 0xA4, 0x08, 0xA4, 0x08, 0xA4, 0x08, 0xA4, 0x08, 0xA4, 0x08, 0x84, 0x08,
    0x84, 0x08, 0x84, 0x08, 0x84, 0x08, 0x84, 0x08, 0x84, 0x08, 0x84, 0x08, 0x84, 0x08, 0x84, 0x08,
    0x84, 0x08, 0x84, 0x08, 0x84, 0x08, 0x84, 0x08, 0x84, 0x08, 0x84, 0x08, 0x84, 0x08, 0x84, 0x08,
    0x84, 0x08, 0x84, 0x08, 0x84, 0x08, 0x84, 0x08, 0x84, 0x08, 0x84, 0x08, 0x84, 0x08, 0x84, 0x08,
    0x84, 0x08, 0x84, 0x08, 0x84, 0x08, 0x84, 0x08, 0x84, 0x08, 0x84, 0x08, 0x84, 0x08, 0x84, 0x08,
    0x84, 0x08, 0x84, 0x08, 0x84, 0x08, 0xA4, 0x08, 0xA4, 0x08, 0xA4, 0x08, 0xA4, 0x08, 0xA4, 0x08,
    0xA4, 0x08, 0xA4, 0x08, 0xA4, 0x08, 0xA4, 0x08, 0xA4, 0x08, 0xA4, 0x08, 0xA4, 0x08, 0xA4, 0x08,
    0xA4, 0x08, 0xA4, 0x08, 0xA4, 0x08, 0xA4, 0x08, 0xA4, 0x08, 0xA4, 0x08, 0xA4, 0x08, 0xA4, 0x08,
    0xA4, 0x08, 0xA4, 0x08, 0xA4, 0x08, 0xA4, 0x08, 0xA4, 0x08, 0xA4, 0x08, 0xA4, 0x08, 0xA5, 0x08,
    0xA5, 0x08, 0xA5, 0x08, 0xA5, 0x08, 0xA5, 0x08, 0xA5, 0x08, 0xA5, 0x08, 0xA5, 0x08, 0xA5, 0x08,
    0xA5, 0x08, 0xA5, 0x08, 0xA5, 0x08, 0xA5, 0x08, 0xA5, 0x08, 0xA5, 0x08, 0xA5, 0x08, 0xA5, 0x08,
    0xA5, 0x08, 0xA5, 0x08, 0xA5, 0x08, 0xA5, 0x08, 0xA5, 0x08, 0xA5, 0x08, 0xA5, 0x08, 0xA5, 0x08,
    0xA5, 0x08, 0xA5, 0x08, 0xA5, 0x08, 0xA5, 0x08, 0xA5, 0x08, 0xC5, 0x08, 0xC5, 0x08, 0xC5, 0x08,
    0xC5, 0x08, 0xC5, 0x08, 0xC5, 0x08, 0xC5, 0x08, 0xC5, 0x08, 0xC5, 0x08, 0xC5, 0x08, 0xC5, 0x08,
    0xC5, 0x08, 0xC5, 0x08, 0xC5, 0x08, 0xC5, 0x08, 0xC5, 0x08, 0xC5, 0x08, 0xC5, 0x08, 0xC5, 0x08,
    0xC5, 0x08, 0xC5, 0x08, 0xC5, 0x08, 0xC5, 0x08, 0xC5, 0x08, 0xC5, 0x08, 0xC5, 0x08, 0xC5, 0x08,
    0xC5, 0x08, 0xC5, 0x08, 0xC5, 0x08, 0xC5, 0x08, 0xC5, 0x08, 0xC5, 0x08, 0xC5, 0x08, 0xC5, 0x08,
    0xC5, 0x08, 0xC5, 0x08, 0xC5, 0x08, 0xC5, 0x08, 0xC5, 0x08, 0xC5, 0x08, 0xC5, 0x08, 0xC5, 0x08,
    0xC5, 0x08, 0xC5, 0x08, 0xC5, 0x08, 0xC5, 0x08, 0xC5, 0x10, 0xC5, 0x10, 0xC5, 0x10, 0xC5, 0x10,
    0xC5, 0x10, 0xC5, 0x10, 0xC5, 0x10, 0xC5, 0x10, 0xC5, 0x10, 0xC5, 0x08, 0xC5, 0x08, 0xC5, 0x08,
    0xC5, 0x08, 0xC5, 0x08, 0xC5, 0x08, 0xC5, 0x08, 0xC5, 0x08, 0xC5, 0x08, 0xC5, 0x08, 0xC5, 0x08,
    0xC5, 0x08, 0xC5, 0x08, 0xC5, 0x08, 0xC5, 0x08, 0xC5, 0x08, 0xC5, 0x08, 0xC5, 0x08, 0xC5, 0x08,
    0xC5, 0x08, 0xC5, 0x08, 0xC5, 0x08, 0xC5, 0x08, 0xC5, 0x08, 0xC5, 0x08, 0xC5, 0x08, 0xC5, 0x08,
    0xC5, 0x08, 0xC5, 0x08, 0xC5, 0x08, 0xC5, 0x08, 0xC5, 0x08, 0xC5, 0x08, 0xC5, 0x08, 0xC5, 0x08,
    0xC5, 0x08, 0xC5, 0x08, 0xC5, 0x08, 0xC5, 0x08, 0xC5, 0x08, 0xC5, 0x08, 0xC5, 0x08, 0xC5, 0x08,
    0xC5, 0x08, 0xC5, 0x08, 0xC5, 0x08, 0xC5, 0x08, 0xA5, 0x08, 0xA5, 0x08, 0xA5, 0x08, 0xA5, 0x08,
    0xA5, 0x08, 0xA5, 0x08, 0xA5, 0x08, 0xA5, 0x08, 0xA5, 0x08, 0xA5, 0x08, 0xA5, 0x08, 0xA5, 0x08,
    0xA5, 0x08, 0xA5, 0x08, 0xA5, 0x08, 0xA5, 0x08, 0xA5, 0x08, 0xA5, 0x08, 0xA5, 0x08, 0xA5, 0x08,
    0xA5, 0x08, 0xA5, 0x08, 0xA5, 0x08, 0xA5, 0x08, 0xA5, 0x08, 0xA5, 0x08, 0xA5, 0x08, 0xA5, 0x08,
    0xA5, 0x08, 0xA5, 0x08, 0xA4, 0x08, 0xA4, 0x08, 0xA4, 0x08, 0xA4, 0x08, 0xA4, 0x08, 0xA4, 0x08,
    0xA4, 0x08, 0xA4, 0x08, 0xA4, 0x08, 0xA4, 0x08, 0xA4, 0x08, 0xA4, 0x08, 0xA4, 0x08, 0xA4, 0x08,
    0xA4, 0x08, 0xA4, 0x08, 0xA4, 0x08, 0xA4, 0x08, 0xA4, 0x08, 0xA4, 0x08, 0xA4, 0x08, 0xA4, 0x08,
    0xA4, 0x08, 0xA4, 0x08, 0xA4, 0x08, 0xA4, 0x08, 0xA4, 0x08, 0xA4, 0x08, 0x84, 0x08, 0x84, 0x08,
    0x84, 0x08, 0x84, 0x08, 0x84, 0x08, 0x84, 0x08, 0x84, 0x08, 0x84, 0x08, 0x84, 0x08, 0x84, 0x08,
    0x84, 0x08, 0x84, 0x08, 0x84, 0x08, 0x84, 0x08, 0x84, 0x08, 0x84, 0x08, 0x84, 0x08, 0x84, 0x08,
    0x84, 0x08, 0x84, 0x08, 0x84, 0x08, 0x84, 0x08, 0x84, 0x08, 0x84, 0x08, 0x84, 0x08, 0x84, 0x08,
    0x84, 0x08, 0x84, 0x08, 0x84, 0x08, 0x84, 0x08, 0x84, 0x08, 0x84, 0x08, 0x84, 0x08, 0x84, 0x08,
    0x84, 0x08, 0x84, 0x08, 0x84, 0x08, 0x84, 0x08, 0x84, 0x08, 0x84, 0x08, 0x84, 0x08, 0xA4, 0x08,
    0xA4, 0x08, 0xA4, 0x08, 0xA4, 0x08, 0xA4, 0x08, 0xA4, 0x08, 0xA4, 0x08, 0xA4, 0x08, 0xA4, 0x08,
    0xA4, 0x08, 0xA4, 0x08, 0xA4, 0x08, 0xA4, 0x08, 0xA4, 0x08, 0xA4, 0x08, 0xA4, 0x08, 0xA4, 0x08,
    0xA4, 0x08, 0xA4, 0x08, 0xA4, 0x08, 0xA4, 0x08, 0xA4, 0x08, 0xA4, 0x08, 0xA4, 0x08, 0xA4, 0x08,
    0xA4, 0x08, 0xA4, 0x08, 0xA4, 0x08, 0xA4, 0x08, 0xA4, 0x08, 0xA4, 0x08, 0xA4, 0x08, 0xA4, 0x08,
    0xA4, 0x08, 0xA4, 0x08, 0xA4, 0x08, 0xA4, 0x08, 0xA4, 0x08, 0xA4, 0x08, 0xA4, 0x08, 0xA4, 0x08,
    0xA4, 0x08, 0xA4, 0x08, 0xA5, 0x08, 0xA5, 0x08, 0xA5, 0x08, 0xA5, 0x08, 0xA5, 0x08, 0xA5, 0x08,
    0xA5, 0x08, 0xA5, 0x08, 0xA5, 0x08, 0xA5, 0x08, 0xA5, 0x08, 0xA5, 0x08, 0xA5, 0x08, 0xA5, 0x08,
    0xA5, 0x08, 0xA5, 0x08, 0xA5, 0x08, 0xA5, 0x08, 0xA5, 0x08, 0xA5, 0x08, 0xA5, 0x08, 0xA5, 0x08,
    0xA5, 0x08, 0xA5, 0x08, 0xA5, 0x08, 0xA5, 0x08, 0xA5, 0x08, 0xA5, 0x08, 0xA5, 0x08, 0xA5, 0x08,
    0xA5, 0x08, 0xA5, 0x08, 0xA5, 0x08, 0xA5, 0x08, 0xA5, 0x08, 0xA5, 0x08, 0xA5, 0x08, 0xA5, 0x08,
    0xA5, 0x08, 0xA5, 0x08, 0xA5, 0x08, 0xA5, 0x08, 0xA5, 0x08, 0xA5, 0x08, 0xA5, 0x08, 0xA5, 0x08,
    0xA5, 0x08, 0xA5, 0x08, 0xA5, 0x08, 0xA5, 0x08, 0xA5, 0x08, 0xA5, 0x08, 0xA5, 0x08, 0xA5, 0x08,
    0xA5, 0x08, 0xA5, 0x08, 0xA5, 0x08, 0xA5, 0x08, 0xA5, 0x08, 0xA5, 0x08, 0xA5, 0x08, 0xA5, 0x08,
    0xA5, 0x08, 0xA5, 0x08, 0xA5, 0x08, 0xA5, 0x08, 0xA5, 0x08, 0xA5, 0x08, 0xA5, 0x08, 0xA5, 0x08,
    0xA5, 0x08, 0xA5, 0x08, 0xA5, 0x08, 0xA5, 0x08, 0xA5, 0x08, 0xA5, 0x08, 0xA5, 0x08, 0xA5, 0x08,
    0xA5, 0x08, 0xA5, 0x08, 0xA5, 0x08, 0xA5, 0x08, 0xA5, 0x08, 0xA5, 0x08, 0xA5, 0x08, 0xA5, 0x08,
    0xA5, 0x08, 0xA5, 0x08, 0xA5, 0x08, 0xA5, 0x08, 0xA5, 0x08, 0xA5, 0x08, 0xA5, 0x08, 0xA4, 0x08,
    0xA4, 0x08, 0xA4, 0x08, 0xA4, 0x08, 0xA4, 0x08, 0xA4, 0x08, 0xA4, 0x08, 0xA4, 0x08, 0xA4, 0x08,
    0xA4, 0x08, 0xA4, 0x08, 0xA4, 0x08, 0xA4, 0x08, 0xA4, 0x08, 0xA4, 0x08, 0xA4, 0x08, 0xA4, 0x08,
    0xA4, 0x08, 0xA4, 0x08, 0xA4, 0x08, 0xA4, 0x08, 0xA4, 0x08, 0xA4, 0x08, 0xA4, 0x08, 0xA4, 0x08,
    0xA4, 0x08, 0xA4, 0x08, 0xA4, 0x08, 0xA4, 0x08, 0xA4, 0x08, 0xA4, 0x08, 0xA4, 0x08, 0xA4, 0x08,
    0xA4, 0x08, 0xA4, 0x08, 0xA4, 0x08, 0xA4, 0x08, 0xA4, 0x08, 0xA4, 0x08, 0xA4, 0x08, 0xA4, 0x08,
    0xA4, 0x08, 0xA4, 0x08, 0x84, 0x08, 0x84, 0x08, 0x84, 0x08, 0x84, 0x08, 0x84, 0x08, 0x84, 0x08,
    0x84, 0x08, 0x84, 0x08, 0x84, 0x08, 0x84, 0x08, 0x84, 0x08, 0x84, 0x08, 0x84, 0x08, 0x84, 0x08,
    0x84, 0x08, 0x84, 0x08, 0x84, 0x08, 0x84, 0x08, 0x84, 0x08, 0x84, 0x08, 0x84, 0x08, 0x84, 0x08,
    0x84, 0x08, 0x84, 0x08, 0x84, 0x08, 0x84, 0x08, 0x84, 0x08, 0x84, 0x08, 0x84, 0x08, 0x84, 0x08,
    0x84, 0x08, 0x84, 0x08, 0x84, 0x08, 0x84, 0x08, 0x84, 0x08, 0x84, 0x08, 0x84, 0x08, 0x84, 0x08,
    0x84, 0x08, 0x84, 0x08, 0x84, 0x08, 0x84, 0x08, 0x84, 0x08, 0x84, 0x08, 0x84, 0x08, 0x84, 0x08,
    0x84, 0x08, 0x84, 0x08, 0x84, 0x08, 0x84, 0x08, 0x84, 0x08, 0x84, 0x08, 0x84, 0x08, 0x84, 0x08,
    0x84, 0x08, 0x84, 0x08, 0x84, 0x08, 0x84, 0x08, 0x84, 0x08, 0x84, 0x08, 0x84, 0x08, 0x84, 0x08,
    0x84, 0x08, 0x84, 0x08, 0xA4, 0x08, 0xA4, 0x08, 0xA4, 0x08, 0xA4, 0x08, 0xA4, 0x08, 0xA4, 0x08,
    0xA4, 0x08, 0xA4, 0x08, 0xA4, 0x08, 0xA4, 0x08, 0xA4, 0x08, 0xA4, 0x08, 0xA4, 0x08, 0xA4, 0x08,
    0xA4, 0x08, 0xA4, 0x08, 0xA4, 0x08, 0xA4, 0x08, 0xA4, 0x08, 0xA4, 0x08, 0xA4, 0x08, 0xA4, 0x08,
    0xA4, 0x08, 0xA4, 0x08, 0xA4, 0x08, 0xA4, 0x08, 0xA4, 0x08, 0xA4, 0x08, 0xA4, 0x08, 0xA4, 0x08,
    0xA4, 0x08, 0xA4, 0x08, 0xA4, 0x08, 0xA4, 0x08, 0xA4, 0x08, 0xA4, 0x08, 0xA4, 0x08, 0xA4, 0x08,
    0xA4, 0x08, 0xA4, 0x08, 0xA4, 0x08, 0xA4, 0x08, 0xA4, 0x08, 0xA4, 0x08, 0xA4, 0x08, 0xA4, 0x08,
    0xA5, 0x08, 0xA5, 0x08, 0xA5, 0x08, 0xA5, 0x08, 0xA5, 0x08, 0xA5, 0x08, 0xA5, 0x08, 0xA5, 0x08,
    0xA5, 0x08, 0xA5, 0x08, 0xA5, 0x08, 0xA5, 0x08, 0xA5, 0x08, 0xA5, 0x08, 0xA5, 0x08, 0xA5, 0x08,
    0xA5, 0x08, 0xA5, 0x08, 0xA5, 0x08, 0xA5, 0x08, 0xA5, 0x08, 0xA5, 0x08, 0xA5, 0x08, 0xA5, 0x08,
    0xA5, 0x08, 0xA5, 0x08, 0xA5, 0x08, 0xA5, 0x08, 0xA5, 0x08, 0xA5, 0x08, 0xA5, 0x08, 0xA5, 0x08,
    0xA5, 0x08, 0xA5, 0x08, 0xA5, 0x08, 0xA5, 0x08, 0xA5, 0x08, 0xA5, 0x08, 0xA5, 0x08, 0xA5, 0x08,
    0xA5, 0x08, 0xA5, 0x08, 0xA5, 0x08, 0xA5, 0x08, 0xA5, 0x08, 0xA5, 0x08, 0xA5, 0x08, 0xA5, 0x08,
    0xA5, 0x08, 0xA5, 0x08, 0xA5, 0x08, 0xA5, 0x08, 0xA5, 0x08, 0xA5, 0x08, 0xA5, 0x08, 0xA5, 0x08,
    0xA5, 0x08, 0xA5, 0x08, 0xA5, 0x08, 0xA5, 0x08, 0xA5, 0x08, 0xA5, 0x08, 0xA5, 0x08, 0xA5, 0x08,
    0xA5, 0x08, 0xA5, 0x08, 0xA5, 0x08, 0xA5, 0x08, 0xA5, 0x08, 0xA5, 0x08, 0xA5, 0x08, 0xA5, 0x08,
    0xA5, 0x08, 0xA5, 0x08, 0xA5, 0x08, 0xA5, 0x08, 0xA5, 0x08, 0xA5, 0x08, 0xA5, 0x08, 0xA5, 0x08,
    0xA5, 0x08, 0xA4, 0x08, 0xA4, 0x08, 0xA4, 0x08, 0xA4, 0x08, 0xA4, 0x08, 0xA4, 0x08, 0xA4, 0x08,
    0xA4, 0x08, 0xA4, 0x08, 0xA4, 0x08, 0xA4, 0x08, 0xA4, 0x08, 0xA4, 0x08, 0xA4, 0x08, 0xA4, 0x08,
    0xA4, 0x08, 0xA4, 0x08, 0xA4, 0x08, 0xA4, 0x08, 0xA4, 0x08, 0xA4, 0x08, 0xA4, 0x08, 0xA4, 0x08,
    0xA4, 0x08, 0xA4, 0x08, 0xA4, 0x08, 0xA4, 0x08, 0xA4, 0x08, 0xA4, 0x08, 0xA4, 0x08, 0xA4, 0x08,
    0xA4, 0x08, 0xA4, 0x08, 0xA4, 0x08, 0xA4, 0x08, 0xA4, 0x08, 0xA4, 0x08, 0xA4, 0x08, 0xA4, 0x08,
    0xA4, 0x08, 0xA4, 0x08, 0xA4, 0x08, 0xA4, 0x08, 0xA4, 0x08, 0xA4, 0x08, 0xA4, 0x08, 0x84, 0x08,
    0x84, 0x08, 0x84, 0x08, 0x84, 0x08, 0x84, 0x08, 0x84, 0x08, 0x84, 0x08, 0x84, 0x08, 0x84, 0x08,
    0x84, 0x08, 0x84, 0x08, 0x84, 0x08, 0x84, 0x08, 0x84, 0x08, 0x84, 0x08, 0x84, 0x08, 0x84, 0x08,
    0x84, 0x08, 0x84, 0x08, 0x84, 0x08, 0x84, 0x08, 0x84, 0x08, 0x84, 0x08, 0x84, 0x08, 0x84, 0x08,
    0x84, 0x08, 0x84, 0x08, 0x84, 0x08, 0x84, 0x08, 0x84, 0x08, 0x84, 0x08, 0x84, 0x08, 0x84, 0x08,
    0x84, 0x08, 0x84, 0x08, 0x84, 0x08, 0x84, 0x08, 0x84, 0x08, 0x84, 0x08, 0x84, 0x08, 0x84, 0x08,
    0x84, 0x08, 0x84, 0x08, 0x84, 0x08, 0x84, 0x08, 0x84, 0x08, 0x84, 0x08, 0x84, 0x08, 0x84, 0x08,
    0x84, 0x08, 0x84, 0x08, 0xA4, 0x08, 0xA4, 0x08, 0xA4, 0x08, 0xA4, 0x08, 0xA4, 0x08, 0xA4, 0x08,
    0xA4, 0x08, 0xA4, 0x08, 0xA4, 0x08, 0xA4, 0x08, 0xA4, 0x08, 0xA4, 0x08, 0xA4, 0x08, 0xA4, 0x08,
    0xA4, 0x08, 0xA4, 0x08, 0xA4, 0x08, 0xA4, 0x08, 0xA4, 0x08, 0xA4, 0x08, 0xA4, 0x08, 0xA4, 0x08,
    0xA4, 0x08, 0xA4, 0x08, 0xA4, 0x08, 0xA4, 0x08, 0xA4, 0x08, 0xA4, 0x08, 0xA4, 0x08, 0xA4, 0x08,
    0xA4, 0x08, 0xA5, 0x08, 0xA5, 0x08, 0xA5, 0x08, 0xA5, 0x08, 0xA5, 0x08, 0xA5, 0x08, 0xA5, 0x08,
    0xA5, 0x08, 0xA5, 0x08, 0xA5, 0x08, 0xA5, 0x08, 0xA5, 0x08, 0xA5, 0x08, 0xA5, 0x08, 0xA5, 0x08,
    0xA5, 0x08, 0xA5, 0x08, 0xA5, 0x08, 0xA5, 0x08, 0xA5, 0x08, 0xA5, 0x08, 0xA5, 0x08, 0xA5, 0x08,
    0xA5, 0x08, 0xA5, 0x08, 0xA5, 0x08, 0xA5, 0x08, 0xA5, 0x08, 0xA5, 0x08, 0xA5, 0x08, 0xA5, 0x08,
    0xA5, 0x08, 0xA5, 0x08, 0xA5, 0x08, 0xA5, 0x08, 0xA5, 0x08, 0xC5, 0x08, 0xC5, 0x08, 0xC5, 0x08,
    0xC5, 0x08, 0xC5, 0x08, 0xC5, 0x08, 0xC5, 0x08, 0xC5, 0x08, 0xC5, 0x08, 0xC5, 0x08, 0xC5, 0x08,
    0xC5, 0x08, 0xC5, 0x08, 0xC5, 0x08, 0xC5, 0x08, 0xC5, 0x08, 0xC5, 0x08, 0xC5, 0x08, 0xC5, 0x08,
    0xC5, 0x08, 0xC5, 0x08, 0xC5, 0x08, 0xC5, 0x08, 0xC5, 0x08, 0xC5, 0x08, 0xC5, 0x08, 0xC5, 0x08,
    0xC5, 0x08, 0xC5, 0x08, 0xC5, 0x08, 0xC5, 0x08, 0xC5, 0x08, 0xC5, 0x08, 0xC5, 0x08, 0xC5, 0x08,
    0xC5, 0x08, 0xC5, 0x08, 0xC5, 0x08, 0xC5, 0x08, 0xC5, 0x08, 0xC5, 0x08, 0xC5, 0x08, 0xC5, 0x08,
    0xC5, 0x08, 0xC5, 0x08, 0xC5, 0x08, 0xC5, 0x08, 0xC5, 0x08, 0xC5, 0x08, 0xC5, 0x08, 0xC5, 0x08,
    0xC5, 0x08, 0xC5, 0x08, 0xC5, 0x08, 0xC5, 0x08, 0xC5, 0x08, 0xC5, 0x08, 0xC5, 0x08, 0xC5, 0x08,
    0xC5, 0x08, 0xC5, 0x08, 0xC5, 0x08, 0xC5, 0x08, 0xC5, 0x08, 0xC5, 0x08, 0xC5, 0x08, 0xC5, 0x08,
    0xC5, 0x08, 0xC5, 0x08, 0xC5, 0x08, 0xC5, 0x08, 0xA5, 0x08, 0xA5, 0x08, 0xA5, 0x08, 0xA5, 0x08,
    0xA5, 0x08, 0xA5, 0x08, 0xA5, 0x08, 0xA5, 0x08, 0xA5, 0x08, 0xA5, 0x08, 0xA5, 0x08, 0xA5, 0x08,
    0xA5, 0x08, 0xA5, 0x08, 0xA5, 0x08, 0xA5, 0x08, 0xA5, 0x08, 0xA5, 0x08, 0xA5, 0x08, 0xA5, 0x08,
    0xA5, 0x08, 0xA5, 0x08, 0xA5, 0x08, 0xA5, 0x08, 0xA5, 0x08, 0xA5, 0x08, 0xA5, 0x08, 0xA5, 0x08,
    0xA5, 0x08, 0xA5, 0x08, 0xA5, 0x08, 0xA5, 0x08, 0xA5, 0x08, 0xA5, 0x08, 0xA5, 0x08, 0xA5, 0x08,
    0xA4, 0x08, 0xA4, 0x08, 0xA4, 0x08, 0xA4, 0x08, 0xA4, 0x08, 0xA4, 0x08, 0xA4, 0x08, 0xA4, 0x08,
    0xA4, 0x08, 0xA4, 0x08, 0xA4, 0x08, 0xA4, 0x08, 0xA4, 0x08, 0xA4, 0x08, 0xA4, 0x08, 0xA4, 0x08,
    0xA4, 0x08, 0xA4, 0x08, 0xA4, 0x08, 0xA4, 0x08, 0xA4, 0x08, 0xA4, 0x08, 0xA4, 0x08, 0xA4, 0x08,
    0xA4, 0x08, 0xA4, 0x08, 0xA4, 0x08, 0xA4, 0x08, 0xA4, 0x08, 0xA4, 0x08, 0xA4, 0x08, 0x84, 0x08,
    0x84, 0x08, 0x84, 0x08, 0x84, 0x08, 0x84, 0x08, 0x84, 0x08, 0x84, 0x08, 0x84, 0x08, 0x84, 0x08,
    0x84, 0x08, 0x84, 0x08, 0x84, 0x08, 0x84, 0x08, 0x84, 0x08, 0x84, 0x08, 0x84, 0x08, 0x84, 0x08,
    0x83, 0x08, 0x83, 0x08, 0x83, 0x08, 0x84, 0x08, 0x84, 0x08, 0x84, 0x08, 0x84, 0x08, 0x84, 0x08,
    0x84, 0x08, 0x84, 0x08, 0x84, 0x08, 0x84, 0x08, 0x84, 0x08, 0x84, 0x08, 0x84, 0x08, 0x84, 0x08,
    0x84, 0x08, 0x84, 0x08, 0x84, 0x08, 0x84, 0x08, 0x84, 0x08, 0x84, 0x08, 0x84, 0x08, 0x84, 0x08,
    0x84, 0x08, 0x84, 0x08, 0x84, 0x08, 0x84, 0x08, 0x84, 0x08, 0x84, 0x08, 0x84, 0x08, 0x84, 0x08,
    0x84, 0x08, 0x84, 0x08, 0x84, 0x08, 0x84, 0x08, 0x84, 0x08, 0x84, 0x08, 0x84, 0x08, 0x84, 0x08,
    0xA4, 0x08, 0xA4, 0x08, 0xA4, 0x08, 0xA4, 0x08, 0xA4, 0x08, 0xA4, 0x08, 0xA4, 0x08, 0xA4, 0x08,
    0xA4, 0x08, 0xA4, 0x08, 0xA4, 0x08, 0xA4, 0x08, 0xA4, 0x08, 0xA4, 0x08, 0xA4, 0x08, 0xA4, 0x08,
    0xA4, 0x08, 0xA4, 0x08, 0xA4, 0x08, 0xA4, 0x08, 0xA4, 0x08, 0xA4, 0x08, 0xA4, 0x08, 0xA4, 0x08,
    0xA4, 0x08, 0xA4, 0x08, 0xA4, 0x08, 0xA4, 0x08, 0xA4, 0x08, 0xA4, 0x08, 0xA4, 0x08, 0xA4, 0x08,
    0xA4, 0x08, 0xA4, 0x08, 0xA4, 0x08, 0xA4, 0x08, 0xA4, 0x08, 0xA4, 0x08, 0xA4, 0x08, 0xA4, 0x08,
    0xA4, 0x08, 0xA4, 0x08, 0xA4, 0x08, 0xA4, 0x08, 0xA4, 0x08, 0xA4, 0x08, 0xA4, 0x08, 0xA4, 0x08,
    0xA4, 0x08, 0xA4, 0x08, 0xA4, 0x08, 0xA4, 0x08, 0xA4, 0x08, 0xA4, 0x08, 0xA4, 0x08, 0xA4, 0x08,
    0xA5, 0x08, 0xA5, 0x08, 0xA5, 0x08, 0xA5, 0x08, 0xA5, 0x08, 0xA5, 0x08, 0xA5, 0x08, 0xA5, 0x08,
    0xA5, 0x08, 0xA5, 0x08, 0xA5, 0x08, 0xA5, 0x08, 0xA5, 0x08, 0xA5, 0x08, 0xA5, 0x08, 0xA5, 0x08,
    0xA5, 0x08, 0xA5, 0x08, 0xA5, 0x08, 0xA5, 0x08, 0xA5, 0x08, 0xA5, 0x08, 0xA5, 0x08, 0xA5, 0x08,
    0xA5, 0x08, 0xA5, 0x08, 0xA5, 0x08, 0xA5, 0x08, 0xA5, 0x08, 0xA5, 0x08, 0xA5, 0x08, 0xA5, 0x08,
    0xA5, 0x08, 0xA5, 0x08, 0xA5, 0x08, 0xA5, 0x08, 0xA5, 0x08, 0xA5, 0x08, 0xA5, 0x08, 0xA5, 0x08,
    0xA5, 0x08, 0xA5, 0x08, 0xA5, 0x08, 0xA5, 0x08, 0xA5, 0x08, 0xA5, 0x08, 0xA5, 0x08, 0xA5, 0x08,
    0xA5, 0x08, 0xA4, 0x08, 0xA4, 0x08, 0xA4, 0x08, 0xA4, 0x08, 0xA4, 0x08, 0xA4, 0x08, 0xA4, 0x08,
    0xA4, 0x08, 0xA4, 0x08, 0xA4, 0x08, 0xA4, 0x08, 0xA4, 0x08, 0xA4, 0x08, 0xA4, 0x08, 0xA4, 0x08,
    0xA4, 0x08, 0xA4, 0x08, 0xA4, 0x08, 0xA4, 0x08, 0xA4, 0x08, 0xA4, 0x08, 0xA4, 0x08, 0xA4, 0x08,
    0xA4, 0x08, 0xA4, 0x08, 0xA4, 0x08, 0xA4, 0x08, 0xA4, 0x08, 0xA4, 0x08, 0xA4, 0x08, 0xA4, 0x08,
    0xA4, 0x08, 0xA4, 0x08, 0xA4, 0x08, 0xA4, 0x08, 0xA4, 0x08, 0xA4, 0x08, 0xA4, 0x08, 0xA4, 0x08,
    0xA4, 0x08, 0xA4, 0x08, 0xA4, 0x08, 0xA4, 0x08, 0xA4, 0x08, 0xA4, 0x08, 0xA4, 0x08, 0xA4, 0x08,
    0xA4, 0x08, 0xA4, 0x08, 0xA4, 0x08, 0xA4, 0x08, 0xA4, 0x08, 0xA4, 0x08, 0xA4, 0x08, 0xA4, 0x08,
    0xA4, 0x08, 0x84, 0x08, 0x84, 0x08, 0x84, 0x08, 0x84, 0x08, 0x84, 0x08, 0x84, 0x08, 0x84, 0x08,
    0x84, 0x08, 0x84, 0x08, 0x84, 0x08, 0x84, 0x08, 0x84, 0x08, 0x84, 0x08, 0x84, 0x08, 0x84, 0x08,
    0x84, 0x08, 0x84, 0x08, 0x84, 0x08, 0x84, 0x08, 0x84, 0x08, 0x84, 0x08, 0x84, 0x08, 0x84, 0x08,
    0x84, 0x08, 0x84, 0x08, 0x84, 0x08, 0x84, 0x08, 0x84, 0x08, 0x84, 0x08, 0x84, 0x08, 0x84, 0x08,
    0x84, 0x08, 0x84, 0x08, 0x84, 0x08, 0x84, 0x08, 0x84, 0x08, 0x84, 0x08, 0x83, 0x08, 0x83, 0x08,
    0x83, 0x08, 0x83, 0x08, 0x83, 0x08, 0x83, 0x08, 0x83, 0x08, 0x84, 0x08, 0x84, 0x08, 0x84, 0x08,
    0x84, 0x08, 0x84, 0x08, 0x84, 0x08, 0x84, 0x08, 0x84, 0x08, 0x84, 0x08, 0x84, 0x08, 0x84, 0x08,
    0x84, 0x08, 0x84, 0x08, 0x84, 0x08, 0x84, 0x08, 0x84, 0x08, 0x84, 0x08, 0x84, 0x08, 0x84, 0x08,
    0x84, 0x08, 0x84, 0x08, 0x84, 0x08, 0x84, 0x08, 0x84, 0x08, 0x84, 0x08, 0x84, 0x08, 0x84, 0x08,
    0x84, 0x08, 0x84, 0x08, 0x84, 0x08, 0x84, 0x08, 0x84, 0x08, 0x84, 0x08, 0x84, 0x08, 0x84, 0x08,
    0x84, 0x08, 0x84, 0x08, 0x84, 0x08, 0xA4, 0x08, 0xA4, 0x08, 0xA4, 0x08, 0xA4, 0x08, 0xA4, 0x08,
    0xA4, 0x08, 0xA4, 0x08, 0xA4, 0x08, 0xA4, 0x08, 0xA4, 0x08, 0xA4, 0x08, 0xA4, 0x08, 0xA4, 0x08,
    0xA4, 0x08, 0xA4, 0x08, 0xA4, 0x08, 0xA4, 0x08, 0xA4, 0x08, 0xA4, 0x08, 0xA4, 0x08, 0xA4, 0x08,
    0xA4, 0x08, 0xA4, 0x08, 0xA4, 0x08, 0xA4, 0x08, 0xA4, 0x08, 0xA4, 0x08, 0xA4, 0x08, 0xA4, 0x08,
    0xA4, 0x08, 0xA4, 0x08, 0xA4, 0x08, 0xA4, 0x08, 0xA4, 0x08, 0xA4, 0x08, 0xA4, 0x08, 0xA4, 0x08,
    0xA4, 0x08, 0xA4, 0x08, 0xA4, 0x08, 0xA4, 0x08, 0xA4, 0x08, 0xA4, 0x08, 0xA4, 0x08, 0xA4, 0x08,
    0xA4, 0x08, 0xA4, 0x08, 0xA4, 0x08, 0xA4, 0x08, 0xA4, 0x08, 0xA4, 0x08, 0xA4, 0x08, 0xA4, 0x08,
    0xA4, 0x08, 0xA4, 0x08, 0xA4, 0x08, 0xA4, 0x08, 0xA4, 0x08, 0xA4, 0x08, 0xA4, 0x08, 0xA4, 0x08,
    0xA4, 0x08, 0xA4, 0x08, 0xA4, 0x08, 0xA4, 0x08, 0xA4, 0x08, 0xA4, 0x08, 0xA5, 0x08, 0xA5, 0x08,
    0xA5, 0x08, 0xA5, 0x08, 0xA5, 0x08, 0xA5, 0x08, 0xA5, 0x08, 0xA5, 0x08, 0xA5, 0x08, 0xA5, 0x08,
    0xA5, 0x08, 0xA5, 0x08, 0xA5, 0x08, 0xA5, 0x08, 0xA5, 0x08, 0xA5, 0x08, 0xA5, 0x08, 0xA5, 0x08,
    0xA5, 0x08, 0xA5, 0x08, 0xA5, 0x08, 0xA4, 0x08, 0xA4, 0x08, 0xA4, 0x08, 0xA4, 0x08, 0xA4, 0x08,
    0xA4, 0x08, 0xA4, 0x08, 0xA4, 0x08, 0xA4, 0x08, 0xA4, 0x08, 0xA4, 0x08, 0xA4, 0x08, 0xA4, 0x08,
    0xA4, 0x08, 0xA4, 0x08, 0xA4, 0x08, 0xA4, 0x08, 0xA4, 0x08, 0xA4, 0x08, 0xA4, 0x08, 0xA4, 0x08,
    0xA4, 0x08, 0xA4, 0x08, 0xA4, 0x08, 0xA4, 0x08, 0xA4, 0x08, 0xA4, 0x08, 0xA4, 0x08, 0xA4, 0x08,
    0xA4, 0x08, 0xA4, 0x08, 0xA4, 0x08, 0xA4, 0x08, 0xA4, 0x08, 0xA4, 0x08, 0xA4, 0x08, 0xA4, 0x08,
    0xA4, 0x08, 0xA4, 0x08, 0xA4, 0x08, 0xA4, 0x08, 0xA4, 0x08, 0xA4, 0x08, 0xA4, 0x08, 0xA4, 0x08,
    0xA4, 0x08, 0xA4, 0x08, 0xA4, 0x08, 0xA4, 0x08, 0xA4, 0x08, 0xA4, 0x08, 0xA4, 0x08, 0xA4, 0x08,
    0xA4, 0x08, 0xA4, 0x08, 0xA4, 0x08, 0xA4, 0x08, 0xA4, 0x08, 0xA4, 0x08, 0xA4, 0x08, 0xA4, 0x08,
    0xA4, 0x08, 0xA4, 0x08, 0xA4, 0x08, 0xA4, 0x08, 0xA4, 0x08, 0xA4, 0x08, 0x84, 0x08, 0x84, 0x08,
    0x84, 0x08, 0x84, 0x08, 0x84, 0x08, 0x84, 0x08, 0x84, 0x08, 0x84, 0x08, 0x84, 0x08, 0x84, 0x08,
    0x84, 0x08, 0x84, 0x08, 0x84, 0x08, 0x84, 0x08, 0x84, 0x08, 0x84, 0x08, 0x84, 0x08, 0x84, 0x08,
    0x84, 0x08, 0x84, 0x08, 0x84, 0x08, 0x84, 0x08, 0x84, 0x08, 0x84, 0x08, 0x84, 0x08, 0x84, 0x08,
    0x84, 0x08, 0x84, 0x08, 0x84, 0x08, 0x84, 0x08, 0x84, 0x08, 0x84, 0x08, 0x84, 0x08, 0x84, 0x08,
    0x84, 0x08, 0x84, 0x08, 0x84, 0x08, 0x84, 0x08, 0x83, 0x08, 0x83, 0x08, 0x83, 0x08, 0x83, 0x08,
    0x84, 0x08, 0x84, 0x08, 0x84, 0x08, 0x84, 0x08, 0x84, 0x08, 0x84, 0x08, 0x84, 0x08, 0x84, 0x08,
    0x84, 0x08, 0x84, 0x08, 0x84, 0x08, 0x84, 0x08, 0x84, 0x08, 0x84, 0x08, 0x84, 0x08, 0x84, 0x08,
    0x84, 0x08, 0x84, 0x08, 0x84, 0x08, 0x84, 0x08, 0x84, 0x08, 0x84, 0x08, 0x84, 0x08, 0x84, 0x08,
    0x84, 0x08, 0x84, 0x08, 0xA4, 0x08, 0xA4, 0x08, 0xA4, 0x08, 0xA4, 0x08, 0xA4, 0x08, 0xA4, 0x08,
    0xA4, 0x08, 0xA4, 0x08, 0xA4, 0x08, 0xA4, 0x08, 0xA4, 0x08, 0xA4, 0x08, 0xA4, 0x08, 0xA4, 0x08,
    0xA4, 0x08, 0xA4, 0x08, 0xA4, 0x08, 0xA4, 0x08, 0xA4, 0x08, 0xA4, 0x08, 0xA4, 0x08, 0xA4, 0x08,
    0xA4, 0x08, 0xA4, 0x08, 0xA4, 0x08, 0xA4, 0x08, 0xA4, 0x08, 0xA4, 0x08, 0xA4, 0x08, 0xA4, 0x08,
    0xA4, 0x08, 0xA4, 0x08, 0xA4, 0x08, 0xA4, 0x08, 0xA5, 0x08, 0xA5, 0x08, 0xA5, 0x08, 0xA5, 0x08,
    0xA5, 0x08, 0xA5, 0x08, 0xA5, 0x08, 0xA5, 0x08, 0xA5, 0x08, 0xA5, 0x08, 0xA5, 0x08, 0xA5, 0x08,
    0xA5, 0x08, 0xA5, 0x08, 0xA5, 0x08, 0xA5, 0x08, 0xA5, 0x08, 0xA5, 0x08, 0xA5, 0x08, 0xA5, 0x08,
    0xA5, 0x08, 0xA5, 0x08, 0xA5, 0x08, 0xA5, 0x08, 0xA5, 0x08, 0xA5, 0x08, 0xA5, 0x08, 0xA5, 0x08,
    0xA5, 0x08, 0xA5, 0x08, 0xA5, 0x08, 0xA5, 0x08, 0xA5, 0x08, 0xA5, 0x08, 0xA5, 0x08, 0xA5, 0x08,
    0xA5, 0x08, 0xA5, 0x08, 0xA5, 0x08, 0xA5, 0x08, 0xA5, 0x08, 0xA5, 0x08, 0xA5, 0x08, 0xA5, 0x08,
    0xA5, 0x08, 0xA5, 0x08, 0xA5, 0x08, 0xA5, 0x08, 0xA5, 0x08, 0xA5, 0x08, 0xA5, 0x08, 0xA5, 0x08,
    0xA5, 0x08, 0xA5, 0x08, 0xA5, 0x08, 0xA5, 0x08, 0xA5, 0x08, 0xA5, 0x08, 0xA5, 0x08, 0xA5, 0x08,
    0xA5, 0x08, 0xA5, 0x08, 0xA5, 0x08, 0xA5, 0x08, 0xA5, 0x08, 0xA5, 0x08, 0xA5, 0x08, 0xA5, 0x08,
    0xA5, 0x08, 0xA5, 0x08, 0xA5, 0x08, 0xA5, 0x08, 0xA5, 0x08, 0xA5, 0x08, 0xA5, 0x08, 0xA5, 0x08,
    0xA5, 0x08, 0xA5, 0x08, 0xA5, 0x08, 0xA5, 0x08, 0xA5, 0x08, 0xA5, 0x08, 0xA5, 0x08, 0xA5, 0x08,
    0xA5, 0x08, 0xA5, 0x08, 0xA5, 0x08, 0xA5, 0x08, 0xA5, 0x08, 0xA5, 0x08, 0xA5, 0x08, 0xA5, 0x08,
    0xA5, 0x08, 0xA5, 0x08, 0xA5, 0x08, 0xA5, 0x08, 0xA5, 0x08, 0xA5, 0x08, 0xA5, 0x08, 0xA5, 0x08,
    0xA5, 0x08, 0xA5, 0x08, 0xA5, 0x08, 0xA5, 0x08, 0xA5, 0x08, 0xA5, 0x08, 0xA5, 0x08, 0xA5, 0x08,
    0xA5, 0x08, 0xA5, 0x08, 0xA5, 0x08, 0xA5, 0x08, 0xA5, 0x08, 0xA5, 0x08, 0xA5, 0x08, 0xA5, 0x08,
    0xA5, 0x08, 0xA5, 0x08, 0xA5, 0x08, 0xA5, 0x08, 0xA5, 0x08, 0xA4, 0x08, 0xA4, 0x08, 0xA4, 0x08,
    0xA4, 0x08, 0xA4, 0x08, 0xA4, 0x08, 0xA4, 0x08, 0xA4, 0x08, 0xA4, 0x08, 0xA4, 0x08, 0xA4, 0x08,
    0xA4, 0x08, 0xA4, 0x08, 0xA4, 0x08, 0xA4, 0x08, 0xA4, 0x08, 0xA4, 0x08, 0xA4, 0x08, 0xA4, 0x08,
    0xA4, 0x08, 0xA4, 0x08, 0xA4, 0x08, 0xA4, 0x08, 0xA4, 0x08, 0xA4, 0x08, 0xA4, 0x08, 0xA4, 0x08,
    0xA4, 0x08, 0xA4, 0x08, 0xA4, 0x08, 0xA4, 0x08, 0xA4, 0x08, 0xA4, 0x08, 0xA4, 0x08, 0x84, 0x08,
    0x84, 0x08, 0x84, 0x08, 0x84, 0x08, 0x84, 0x08, 0x84, 0x08, 0x84, 0x08, 0x84, 0x08, 0x84, 0x08,
    0x84, 0x08, 0x84, 0x08, 0x84, 0x08, 0x84, 0x08, 0x84, 0x08, 0x84, 0x08, 0x84, 0x08, 0x84, 0x08,
    0x84, 0x08, 0x84, 0x08, 0x84, 0x08, 0x84, 0x08, 0x84, 0x08, 0x84, 0x08, 0x84, 0x08, 0x84, 0x08,
    0x83, 0x08, 0x83, 0x08, 0x83, 0x08, 0x83, 0x08, 0x83, 0x08, 0x83, 0x08, 0x83, 0x08, 0x83, 0x08,
    0x83, 0x08, 0x83, 0x08, 0x84, 0x08, 0x84, 0x08, 0x84, 0x08, 0x84, 0x08, 0x84, 0x08, 0x84, 0x08,
    0x84, 0x08, 0x84, 0x08, 0x84, 0x08, 0x84, 0x08, 0x84, 0x08, 0x84, 0x08, 0x84, 0x08, 0x84, 0x08,
    0x84, 0x08, 0x84, 0x08, 0x84, 0x08, 0x84, 0x08, 0x84, 0x08, 0x84, 0x08, 0x84, 0x08, 0x84, 0x08,
    0x84, 0x08, 0x84, 0x08, 0x84, 0x08, 0x84, 0x08, 0x84, 0x08, 0x84, 0x08, 0x84, 0x08, 0x84, 0x08,
    0x84, 0x08, 0x84, 0x08, 0x84, 0x08, 0x84, 0x08, 0x84, 0x08, 0x84, 0x08, 0x84, 0x08, 0x84, 0x08,
    0x84, 0x08, 0x84, 0x08, 0xA4, 0x08, 0xA4, 0x08, 0xA4, 0x08, 0xA4, 0x08, 0xA4, 0x08, 0xA4, 0x08,
    0xA4, 0x08, 0xA4, 0x08, 0xA4, 0x08, 0xA4, 0x08, 0xA4, 0x08, 0xA4, 0x08, 0xA4, 0x08, 0xA4, 0x08,
    0xA4, 0x08, 0xA4, 0x08, 0xA4, 0x08, 0xA4, 0x08, 0xA4, 0x08, 0xA4, 0x08, 0xA4, 0x08, 0xA4, 0x08,
    0xA4, 0x08, 0xA4, 0x08, 0xA4, 0x08, 0xA4, 0x08, 0xA4, 0x08, 0xA4, 0x08, 0xA4, 0x08, 0xA4, 0x08,
    0xA4, 0x08, 0xA4, 0x08, 0xA4, 0x08, 0xA4, 0x08, 0xA4, 0x08, 0xA4, 0x08, 0xA4, 0x08, 0xA4, 0x08,
    0xA4, 0x08, 0xA4, 0x08, 0xA4, 0x08, 0xA4, 0x08, 0xA4, 0x08, 0xA4, 0x08, 0xA4, 0x08, 0xA4, 0x08,
    0xA4, 0x08, 0xA4, 0x08, 0xA4, 0x08, 0xA4, 0x08, 0xA4, 0x08, 0xA4, 0x08, 0xA4, 0x08, 0xA4, 0x08,
    0xA4, 0x08, 0xA4, 0x08, 0xA4, 0x08, 0xA4, 0x08, 0xA4, 0x08, 0xA4, 0x08, 0xA4, 0x08, 0xA4, 0x08,
    0xA4, 0x08, 0xA4, 0x08, 0xA4, 0x08, 0xA4, 0x08, 0xA4, 0x08, 0xA4, 0x08, 0xA4, 0x08, 0xA4, 0x08,
    0xA4, 0x08, 0xA4, 0x08, 0xA4, 0x08, 0xA4, 0x08, 0xA4, 0x08, 0xA4, 0x08, 0xA4, 0x08, 0xA4, 0x08,
    0xA4, 0x08, 0xA4, 0x08, 0xA4, 0x08, 0xA4, 0x08, 0xA4, 0x08, 0xA4, 0x08, 0xA4, 0x08, 0xA4, 0x08,
    0xA4, 0x08, 0xA4, 0x08, 0xA4, 0x08, 0xA4, 0x08, 0xA4, 0x08, 0xA4, 0x08, 0xA4, 0x08, 0xA4, 0x08,
    0xA4, 0x08, 0xA4, 0x08, 0xA4, 0x08, 0xA4, 0x08, 0xA4, 0x08, 0xA4, 0x08, 0xA4, 0x08, 0xA4, 0x08,
    0xA4, 0x08, 0xA4, 0x08, 0xA4, 0x08, 0xA4, 0x08, 0xA4, 0x08, 0xA4, 0x08, 0xA4, 0x08, 0xA4, 0x08,
    0xA4, 0x08, 0xA4, 0x08, 0xA4, 0x08, 0xA4, 0x08, 0xA4, 0x08, 0xA4, 0x08, 0xA4, 0x08, 0xA4, 0x08,
    0xA4, 0x08, 0xA4, 0x08, 0xA4, 0x08, 0xA4, 0x08, 0xA4, 0x08, 0xA4, 0x08, 0xA4, 0x08, 0xA4, 0x08,
    0xA4, 0x08, 0xA4, 0x08, 0xA4, 0x08, 0xA4, 0x08, 0xA4, 0x08, 0xA4, 0x08, 0xA4, 0x08, 0xA4, 0x08,
    0xA4, 0x08, 0xA4, 0x08, 0xA4, 0x08, 0xA4, 0x08, 0xA4, 0x08, 0xA4, 0x08, 0xA4, 0x08, 0x84, 0x08,
    0x84, 0x08, 0x84, 0x08, 0x84, 0x08, 0x84, 0x08, 0x84, 0x08, 0x84, 0x08, 0x84, 0x08, 0x84, 0x08,
    0x84, 0x08, 0x84, 0x08, 0x84, 0x08, 0x84, 0x08, 0x84, 0x08, 0x84, 0x08, 0x84, 0x08, 0x84, 0x08,
    0x84, 0x08, 0x84, 0x08, 0x84, 0x08, 0x84, 0x08, 0x84, 0x08, 0x84, 0x08, 0x84, 0x08, 0x84, 0x08,
    0x84, 0x08, 0x84, 0x08, 0x84, 0x08, 0x84, 0x08, 0x84, 0x08, 0x84, 0x08, 0x84, 0x08, 0x84, 0x08,
    0x84, 0x08, 0x84, 0x08, 0x84, 0x08, 0x84, 0x08, 0x84, 0x08, 0x84, 0x08, 0x84, 0x08, 0x83, 0x08,
    0x83, 0x08, 0x83, 0x08, 0x83, 0x08, 0x83, 0x08, 0x83, 0x08, 0x83, 0x08, 0x83, 0x08, 0x83, 0x08,
    0x83, 0x08, 0x83, 0x08, 0x83, 0x08, 0x83, 0x08, 0x83, 0x08, 0x83, 0x08, 0x83, 0x08, 0x83, 0x08,
    0x83, 0x08, 0x83, 0x08, 0x83, 0x08, 0x83, 0x08, 0x84, 0x08, 0x84, 0x08, 0x84, 0x08, 0x84, 0x08,
    0x84, 0x08, 0x84, 0x08, 0x84, 0x08, 0x84, 0x08, 0x84, 0x08, 0x84, 0x08, 0x84, 0x08, 0x84, 0x08,
    0x84, 0x08, 0x84, 0x08, 0x84, 0x08, 0x84, 0x08, 0x84, 0x08, 0x84, 0x08, 0x84, 0x08, 0x84, 0x08,
    0x84, 0x08, 0x84, 0x08, 0x84, 0x08, 0x84, 0x08, 0x84, 0x08, 0x84, 0x08, 0x84, 0x08, 0x84, 0x08,
    0x84, 0x08, 0x84, 0x08, 0x84, 0x08, 0x84, 0x08, 0x84, 0x08, 0x84, 0x08, 0x84, 0x08, 0x84, 0x08,
    0x84, 0x08, 0x84, 0x08, 0x84, 0x08, 0x84, 0x08, 0x84, 0x08, 0xA4, 0x08, 0xA4, 0x08, 0xA4, 0x08,
    0xA4, 0x08, 0xA4, 0x08, 0xA4, 0x08, 0xA4, 0x08, 0xA4, 0x08, 0xA4, 0x08, 0xA4, 0x08, 0xA4, 0x08,
    0xA4, 0x08, 0xA4, 0x08, 0xA4, 0x08, 0xA4, 0x08, 0xA4, 0x08, 0xA4, 0x08, 0xA4, 0x08, 0xA4, 0x08,
    0xA4, 0x08, 0xA4, 0x08, 0xA4, 0x08, 0xA4, 0x08, 0xA4, 0x08, 0xA4, 0x08, 0xA4, 0x08, 0xA4, 0x08,
    0xA4, 0x08, 0xA4, 0x08, 0xA4, 0x08, 0xA4, 0x08, 0xA4, 0x08, 0xA4, 0x08, 0xA4, 0x08, 0xA4, 0x08,
    0xA4, 0x08, 0xA4, 0x08, 0xA4, 0x08, 0xA4, 0x08, 0xA4, 0x08, 0xA4, 0x08, 0xA4, 0x08, 0xA4, 0x08,
    0xA4, 0x08, 0xA4, 0x08, 0xA4, 0x08, 0xA4, 0x08, 0xA4, 0x08, 0xA4, 0x08, 0xA4, 0x08, 0xA4, 0x08,
    0xA4, 0x08, 0xA4, 0x08, 0xA4, 0x08, 0xA4, 0x08, 0xA4, 0x08, 0xA4, 0x08, 0xA4, 0x08, 0xA4, 0x08,
    0xA4, 0x08, 0xA4, 0x08, 0xA4, 0x08, 0xA4, 0x08, 0xA4, 0x08, 0xA4, 0x08, 0xA4, 0x08, 0xA4, 0x08,
    0xA4, 0x08, 0xA4, 0x08, 0xA4, 0x08, 0xA4, 0x08, 0xA4, 0x08, 0xA4, 0x08, 0xA4, 0x08, 0xA4, 0x08,
    0xA4, 0x08, 0xA4, 0x08, 0xA4, 0x08, 0xA4, 0x08, 0xA4, 0x08, 0xA4, 0x08, 0xA4, 0x08, 0xA4, 0x08,
    0xA4, 0x08, 0xA4, 0x08, 0xA4, 0x08, 0xA4, 0x08, 0xA4, 0x08, 0xA4, 0x08, 0xA4, 0x08, 0xA4, 0x08,
    0xA4, 0x08, 0xA4, 0x08, 0xA4, 0x08, 0xA4, 0x08, 0xA4, 0x08, 0xA4, 0x08, 0xA4, 0x08, 0xA4, 0x08,
    0xA4, 0x08, 0xA4, 0x08, 0xA4, 0x08, 0xA4, 0x08, 0xA4, 0x08, 0xA4, 0x08, 0xA4, 0x08, 0xA4, 0x08,
    0xA4, 0x08, 0xA4, 0x08, 0xA4, 0x08, 0xA4, 0x08, 0xA4, 0x08, 0xA4, 0x08, 0xA4, 0x08, 0xA4, 0x08,
    0xA4, 0x08, 0xA4, 0x08, 0xA4, 0x08, 0xA4, 0x08, 0xA4, 0x08, 0xA4, 0x08, 0xA4, 0x08, 0xA4, 0x08,
    0xA4, 0x08, 0xA4, 0x08, 0xA4, 0x08, 0xA4, 0x08, 0xA4, 0x08, 0xA4, 0x08, 0xA4, 0x08, 0xA4, 0x08,
    0xA4, 0x08, 0xA4, 0x08, 0xA4, 0x08, 0xA4, 0x08, 0x84, 0x08, 0x84, 0x08, 0x84, 0x08, 0x84, 0x08,
    0x84, 0x08, 0x84, 0x08, 0x84, 0x08, 0x84, 0x08, 0x84, 0x08, 0x84, 0x08, 0x84, 0x08, 0x84, 0x08,
    0x84, 0x08, 0x84, 0x08, 0x84, 0x08, 0x84, 0x08, 0x84, 0x08, 0x84, 0x08, 0x84, 0x08, 0x84, 0x08,
    0x84, 0x08, 0x84, 0x08, 0x84, 0x08, 0x84, 0x08, 0x84, 0x08, 0x84, 0x08, 0x84, 0x08, 0x84, 0x08,
    0x84, 0x08, 0x84, 0x08, 0x84, 0x08, 0x84, 0x08, 0x84, 0x08, 0x84, 0x08, 0x84, 0x08, 0x84, 0x08,
    0x84, 0x08, 0x84, 0x08, 0x84, 0x08, 0x84, 0x08, 0x84, 0x08, 0x83, 0x08, 0x83, 0x08, 0x83, 0x08,
    0x83, 0x08, 0x83, 0x08, 0x83, 0x08, 0x83, 0x08, 0x83, 0x08, 0x83, 0x08, 0x83, 0x08, 0x83, 0x08,
    0x84, 0x08, 0x84, 0x08, 0x84, 0x08, 0x84, 0x08, 0x84, 0x08, 0x84, 0x08, 0x84, 0x08, 0x84, 0x08,
    0x84, 0x08, 0x84, 0x08, 0x84, 0x08, 0x84, 0x08, 0x84, 0x08, 0x84, 0x08, 0x84, 0x08, 0x84, 0x08,
    0x84, 0x08, 0x84, 0x08, 0x84, 0x08, 0x84, 0x08, 0x84, 0x08, 0x84, 0x08, 0x84, 0x08, 0x84, 0x08,
    0x84, 0x08, 0x84, 0x08, 0x84, 0x08, 0x84, 0x08, 0x84, 0x08, 0x84, 0x08, 0x84, 0x08, 0x84, 0x08,
    0x84, 0x08, 0x84, 0x08, 0xA4, 0x08, 0xA4, 0x08, 0xA4, 0x08, 0xA4, 0x08, 0xA4, 0x08, 0xA4, 0x08,
    0xA4, 0x08, 0xA4, 0x08, 0xA4, 0x08, 0xA4, 0x08, 0xA4, 0x08, 0xA4, 0x08, 0xA4, 0x08, 0xA4, 0x08,
    0xA4, 0x08, 0xA4, 0x08, 0xA4, 0x08, 0xA4, 0x08, 0xA4, 0x08, 0xA4, 0x08, 0xA4, 0x08, 0xA4, 0x08,
    0xA4, 0x08, 0xA4, 0x08, 0xA4, 0x08, 0xA4, 0x08, 0xA4, 0x08, 0xA4, 0x08, 0xA4, 0x08, 0xA4, 0x08,
    0xA4, 0x08, 0xA4, 0x08, 0xA4, 0x08, 0xA4, 0x08, 0xA4, 0x08, 0xA4, 0x08, 0xA4, 0x08, 0xA4, 0x08,
    0xA4, 0x08, 0xA4, 0x08, 0xA4, 0x08, 0xA5, 0x08, 0xA5, 0x08, 0xA5, 0x08, 0xA5, 0x08, 0xA5, 0x08,
    0xA5, 0x08, 0xA5, 0x08, 0xA5, 0x08, 0xA5, 0x08, 0xA5, 0x08, 0xA5, 0x08, 0xA5, 0x08, 0xA5, 0x08,
    0xA5, 0x08, 0xA5, 0x08, 0xA5, 0x08, 0xA5, 0x08, 0xA5, 0x08, 0xA5, 0x08, 0xA5, 0x08, 0xA5, 0x08,
    0xA5, 0x08, 0xA5, 0x08, 0xA5, 0x08, 0xA5, 0x08, 0xA5, 0x08, 0xA5, 0x08, 0xA5, 0x08, 0xA5, 0x08,
    0xA5, 0x08, 0xA5, 0x08, 0xA5, 0x08, 0xA5, 0x08, 0xA5, 0x08, 0xA5, 0x08, 0xA5, 0x08, 0xA5, 0x08,
    0xA5, 0x08, 0xA5, 0x08, 0xA5, 0x08, 0xA5, 0x08, 0xA5, 0x08, 0xA5, 0x08, 0xA5, 0x08, 0xA5, 0x08,
    0xA5, 0x08, 0xA5, 0x08, 0xA5, 0x08, 0xA5, 0x08, 0xA5, 0x08, 0xA5, 0x08, 0xA5, 0x08, 0xA5, 0x08,
    0xA5, 0x08, 0xA5, 0x08, 0xA5, 0x08, 0xA5, 0x08, 0xA5, 0x08, 0xA5, 0x08, 0xA5, 0x08, 0xA5, 0x08,
    0xA5, 0x08, 0xA5, 0x08, 0xA5, 0x08, 0xA5, 0x08, 0xA5, 0x08, 0xA5, 0x08, 0xA5, 0x08, 0xA5, 0x08,
    0xA5, 0x08, 0xA5, 0x08, 0xA5, 0x08, 0xA5, 0x08, 0xA5, 0x08, 0xA5, 0x08, 0xA5, 0x08, 0xA5, 0x08,
    0xA5, 0x08, 0xA5, 0x08, 0xA5, 0x08, 0xA5, 0x08, 0xA5, 0x08, 0xA5, 0x08, 0xA5, 0x08, 0xA5, 0x08,
    0xA5, 0x08, 0xA5, 0x08, 0xA5, 0x08, 0xA5, 0x08, 0xA5, 0x08, 0xA5, 0x08, 0xA4, 0x08, 0xA4, 0x08,
    0xA4, 0x08, 0xA4, 0x08, 0xA4, 0x08, 0xA4, 0x08, 0xA4, 0x08, 0xA4, 0x08, 0xA4, 0x08, 0xA4, 0x08,
    0xA4, 0x08, 0xA4, 0x08, 0xA4, 0x08, 0xA4, 0x08, 0xA4, 0x08, 0xA4, 0x08, 0xA4, 0x08, 0xA4, 0x08,
    0xA4, 0x08, 0xA4, 0x08, 0xA4, 0x08, 0xA4, 0x08, 0xA4, 0x08, 0xA4, 0x08, 0xA4, 0x08, 0xA4, 0x08,
    0xA4, 0x08, 0xA4, 0x08, 0xA4, 0x08, 0xA4, 0x08, 0xA4, 0x08, 0xA4, 0x08, 0xA4, 0x08, 0xA4, 0x08,
    0xA4, 0x08, 0xA4, 0x08, 0xA4, 0x08, 0xA4, 0x08, 0xA4, 0x08, 0xA4, 0x08, 0xA4, 0x08, 0x84, 0x08,
    0x84, 0x08, 0x84, 0x08, 0x84, 0x08, 0x84, 0x08, 0x84, 0x08, 0x84, 0x08, 0x84, 0x08, 0x84, 0x08,
    0x84, 0x08, 0x84, 0x08, 0x84, 0x08, 0x84, 0x08, 0x84, 0x08, 0x84, 0x08, 0x84, 0x08, 0x84, 0x08,
    0x84, 0x08, 0x84, 0x08, 0x84, 0x08, 0x84, 0x08, 0x84, 0x08, 0x84, 0x08, 0x84, 0x08, 0x84, 0x08,
    0x84, 0x08, 0x84, 0x08, 0x84, 0x08, 0x84, 0x08, 0x84, 0x08, 0x84, 0x08, 0x84, 0x08, 0x84, 0x08,
    0x83, 0x08, 0x83, 0x08, 0x83, 0x08, 0x83, 0x08, 0x83, 0x08, 0x83, 0x08, 0x83, 0x08, 0x83, 0x08,
    0x83, 0x08, 0x83, 0x08, 0x83, 0x08, 0x83, 0x08, 0x83, 0x08, 0x83, 0x08, 0x83, 0x08, 0x83, 0x08,
    0x83, 0x08, 0x84, 0x08, 0x84, 0x08, 0x84, 0x08, 0x84, 0x08, 0x84, 0x08, 0x84, 0x08, 0x84, 0x08,
    0x84, 0x08, 0x84, 0x08, 0x84, 0x08, 0x84, 0x08, 0x84, 0x08, 0x84, 0x08, 0x84, 0x08, 0x84, 0x08,
    0x84, 0x08, 0x84, 0x08, 0x84, 0x08, 0x84, 0x08, 0x84, 0x08, 0x84, 0x08, 0x84, 0x08, 0x84, 0x08,
    0x84, 0x08, 0x84, 0x08, 0x84, 0x08, 0x84, 0x08, 0x84, 0x08, 0x84, 0x08, 0x84, 0x08, 0x84, 0x08,
    0x84, 0x08, 0x84, 0x08, 0x84, 0x08, 0x84, 0x08, 0x84, 0x08, 0x84, 0x08, 0x84, 0x08, 0x84, 0x08,
    0x84, 0x08, 0x84, 0x08, 0x84, 0x08, 0x84, 0x08, 0x84, 0x08, 0xA4, 0x08, 0xA4, 0x08, 0xA4, 0x08,
    0xA4, 0x08, 0xA4, 0x08, 0xA4, 0x08, 0xA4, 0x08, 0xA4, 0x08, 0xA4, 0x08, 0xA4, 0x08, 0xA4, 0x08,
    0xA4, 0x08, 0xA4, 0x08, 0xA4, 0x08, 0xA4, 0x08, 0xA4, 0x08, 0xA4, 0x08, 0xA4, 0x08, 0xA4, 0x08,
    0xA4, 0x08, 0xA4, 0x08, 0xA4, 0x08, 0xA4, 0x08, 0xA4, 0x08, 0xA4, 0x08, 0xA4, 0x08, 0xA4, 0x08,
    0xA4, 0x08, 0xA4, 0x08, 0xA4, 0x08, 0xA4, 0x08, 0xA4, 0x08, 0xA4, 0x08, 0xA4, 0x08, 0xA4, 0x08,
    0xA4, 0x08, 0xA4, 0x08, 0xA4, 0x08, 0xA4, 0x08, 0xA4, 0x08, 0xA4, 0x08, 0xA4, 0x08, 0xA4, 0x08,
    0xA4, 0x08, 0xA4, 0x08, 0xA4, 0x08, 0xA4, 0x08, 0xA4, 0x08, 0xA4, 0x08, 0xA4, 0x08, 0xA4, 0x08,
    0xA4, 0x08, 0xA4, 0x08, 0xA4, 0x08, 0xA4, 0x08, 0xA4, 0x08, 0xA4, 0x08, 0xA4, 0x08, 0xA4, 0x08,
    0xA4, 0x08, 0xA4, 0x08, 0xA4, 0x08, 0xA4, 0x08, 0xA4, 0x08, 0xA4, 0x08, 0xA4, 0x08, 0xA4, 0x08,
    0xA4, 0x08, 0xA4, 0x08, 0xA4, 0x08, 0xA4, 0x08, 0xA4, 0x08, 0xA4, 0x08, 0xA4, 0x08, 0xA4, 0x08,
    0xA4, 0x08, 0xA4, 0x08, 0xA4, 0x08, 0xA4, 0x08, 0xA4, 0x08, 0xA4, 0x08, 0xA4, 0x08, 0xA4, 0x08,
    0xA4, 0x08, 0xA4, 0x08, 0xA4, 0x08, 0xA4, 0x08, 0xA4, 0x08, 0xA4, 0x08, 0xA4, 0x08, 0xA4, 0x08,
    0xA4, 0x08, 0xA4, 0x08, 0xA4, 0x08, 0xA4, 0x08, 0xA4, 0x08, 0xA4, 0x08, 0xA4, 0x08, 0xA4, 0x08,
    0xA4, 0x08, 0xA4, 0x08, 0xA4, 0x08, 0xA4, 0x08, 0xA4, 0x08, 0xA4, 0x08, 0xA4, 0x08, 0xA4, 0x08,
    0xA4, 0x08, 0xA4, 0x08, 0xA4, 0x08, 0xA4, 0x08, 0xA4, 0x08, 0xA4, 0x08, 0xA4, 0x08, 0xA4, 0x08,
    0xA4, 0x08, 0xA4, 0x08, 0xA4, 0x08, 0xA4, 0x08, 0x84, 0x08, 0x84, 0x08, 0x84, 0x08, 0x84, 0x08,
    0x84, 0x08, 0x84, 0x08, 0x84, 0x08, 0x84, 0x08, 0x84, 0x08, 0x84, 0x08, 0x84, 0x08, 0x84, 0x08,
    0x84, 0x08, 0x84, 0x08, 0x84, 0x08, 0x84, 0x08, 0x84, 0x08, 0x84, 0x08, 0x84, 0x08, 0x84, 0x08,
    0x84, 0x08, 0x84, 0x08, 0x84, 0x08, 0x84, 0x08, 0x84, 0x08, 0x84, 0x08, 0x84, 0x08, 0x84, 0x08,
    0x84, 0x08, 0x84, 0x08, 0x84, 0x08, 0x84, 0x08, 0x84, 0x08, 0x84, 0x08, 0x84, 0x08, 0x84, 0x08,
    0x84, 0x08, 0x84, 0x08, 0x84, 0x08, 0x84, 0x08, 0x84, 0x08, 0x84, 0x08, 0x84, 0x08, 0x84, 0x08,
    0x83, 0x08, 0x83, 0x08, 0x83, 0x08, 0x83, 0x08, 0x83, 0x08, 0x83, 0x08, 0x83, 0x08, 0x83, 0x08,
    0x83, 0x08, 0x83, 0x08, 0x83, 0x08, 0x83, 0x08, 0x83, 0x08, 0x83, 0x08, 0x83, 0x08, 0x83, 0x08,
    0x63, 0x08, 0x63, 0x08, 0x83, 0x08, 0x83, 0x08, 0x83, 0x08, 0x83, 0x08, 0x83, 0x08, 0x83, 0x08,
    0x83, 0x08, 0x83, 0x08, 0x83, 0x08, 0x83, 0x08, 0x83, 0x08, 0x83, 0x08, 0x83, 0x08, 0x83, 0x08,
    0x83, 0x08, 0x83, 0x08, 0x83, 0x08, 0x83, 0x08, 0x84, 0x08, 0x84, 0x08, 0x84, 0x08, 0x84, 0x08,
    0x84, 0x08, 0x84, 0x08, 0x84, 0x08, 0x84, 0x08, 0x84, 0x08, 0x84, 0x08, 0x84, 0x08, 0x84, 0x08,
    0x84, 0x08, 0x84, 0x08, 0x84, 0x08, 0x84, 0x08, 0x84, 0x08, 0x84, 0x08, 0x84, 0x08, 0x84, 0x08,
    0x84, 0x08, 0x84, 0x08, 0x84, 0x08, 0x84, 0x08, 0x84, 0x08, 0x84, 0x08, 0x84, 0x08, 0x84, 0x08,
    0x84, 0x08, 0x84, 0x08, 0x84, 0x08, 0x84, 0x08, 0x84, 0x08, 0x84, 0x08, 0x84, 0x08, 0x84, 0x08,
    0x84, 0x08, 0x84, 0x08, 0x84, 0x08, 0x84, 0x08, 0x84, 0x08, 0x84, 0x08, 0x84, 0x08, 0x84, 0x08,
    0x84, 0x08, 0x84, 0x08, 0xA4, 0x08, 0xA4, 0x08, 0xA4, 0x08, 0xA4, 0x08, 0xA4, 0x08, 0xA4, 0x08,
    0xA4, 0x08, 0xA4, 0x08, 0xA4, 0x08, 0xA4, 0x08, 0xA4, 0x08, 0xA4, 0x08, 0xA4, 0x08, 0xA4, 0x08,
    0xA4, 0x08, 0xA4, 0x08, 0xA4, 0x08, 0xA4, 0x08, 0xA4, 0x08, 0xA4, 0x08, 0xA4, 0x08, 0xA4, 0x08,
    0xA4, 0x08, 0xA4, 0x08, 0xA4, 0x08, 0xA4, 0x08, 0xA4, 0x08, 0xA4, 0x08, 0xA4, 0x08, 0xA4, 0x08,
    0xA4, 0x08, 0xA4, 0x08, 0xA4, 0x08, 0xA4, 0x08, 0xA4, 0x08, 0xA4, 0x08, 0xA4, 0x08, 0xA4, 0x08,
    0xA4, 0x08, 0xA4, 0x08, 0xA4, 0x08, 0xA4, 0x08, 0xA4, 0x08, 0xA4, 0x08, 0xA4, 0x08, 0xA4, 0x08,
    0xA4, 0x08, 0xA4, 0x08, 0xA4, 0x08, 0xA4, 0x08, 0xA4, 0x08, 0xA4, 0x08, 0xA4, 0x08, 0xA4, 0x08,
    0xA4, 0x08, 0xA4, 0x08, 0xA4, 0x08, 0xA4, 0x08, 0xA4, 0x08, 0xA4, 0x08, 0xA4, 0x08, 0xA4, 0x08,
    0xA4, 0x08, 0xA4, 0x08, 0xA4, 0x08, 0xA4, 0x08, 0xA4, 0x08, 0xA4, 0x08, 0xA4, 0x08, 0xA4, 0x08,
    0xA4, 0x08, 0xA4, 0x08, 0xA4, 0x08, 0xA4, 0x08, 0xA4, 0x08, 0xA4, 0x08, 0xA4, 0x08, 0xA4, 0x08,
    0xA4, 0x08, 0xA4, 0x08, 0xA4, 0x08, 0xA4, 0x08, 0xA4, 0x08, 0xA4, 0x08, 0xA4, 0x08, 0xA4, 0x08,
    0xA4, 0x08, 0xA4, 0x08, 0xA4, 0x08, 0xA4, 0x08, 0xA4, 0x08, 0xA4, 0x08, 0xA4, 0x08, 0xA4, 0x08,
    0xA4, 0x08, 0xA4, 0x08, 0xA4, 0x08, 0xA4, 0x08, 0xA4, 0x08, 0xA4, 0x08, 0xA4, 0x08, 0xA4, 0x08,
    0xA4, 0x08, 0xA4, 0x08, 0xA4, 0x08, 0xA4, 0x08, 0xA4, 0x08, 0xA4, 0x08, 0xA4, 0x08, 0x84, 0x08,
    0x84, 0x08, 0x84, 0x08, 0x84, 0x08, 0x84, 0x08, 0x84, 0x08, 0x84, 0x08, 0x84, 0x08, 0x84, 0x08,
    0x84, 0x08, 0x84, 0x08, 0x84, 0x08, 0x84, 0x08, 0x84, 0x08, 0x84, 0x08, 0x84, 0x08, 0x84, 0x08,
    0x84, 0x08, 0x84, 0x08, 0x84, 0x08, 0x84, 0x08, 0x84, 0x08, 0x84, 0x08, 0x84, 0x08, 0x84, 0x08,
    0x84, 0x08, 0x84, 0x08, 0x84, 0x08, 0x84, 0x08, 0x84, 0x08, 0x84, 0x08, 0x84, 0x08, 0x84, 0x08,
    0x84, 0x08, 0x84, 0x08, 0x84, 0x08, 0x84, 0x08, 0x84, 0x08, 0x84, 0x08, 0x84, 0x08, 0x84, 0x08,
    0x84, 0x08, 0x84, 0x08, 0x84, 0x08, 0x84, 0x08, 0x84, 0x08, 0x83, 0x08, 0x83, 0x08, 0x83, 0x08,
    0x83, 0x08, 0x83, 0x08, 0x83, 0x08, 0x83, 0x08, 0x83, 0x08, 0x83, 0x08, 0x83, 0x08, 0x83, 0x08,
    0x83, 0x08, 0x83, 0x08, 0x83, 0x08, 0x83, 0x08, 0x83, 0x08, 0x83, 0x08, 0x83, 0x08, 0x63, 0x08,
    0x83, 0x08, 0x83, 0x08, 0x83, 0x08, 0x83, 0x08, 0x84, 0x08, 0x84, 0x08, 0x84, 0x08, 0x84, 0x08,
    0x84, 0x08, 0x84, 0x08, 0x84, 0x08, 0x84, 0x08, 0x84, 0x08, 0x84, 0x08, 0x84, 0x08, 0x84, 0x08,
    0x84, 0x08, 0x84, 0x08, 0x84, 0x08, 0x84, 0x08, 0x84, 0x08, 0x84, 0x08, 0x84, 0x08, 0x84, 0x08,
    0x84, 0x08, 0x84, 0x08, 0x84, 0x08, 0x84, 0x08, 0x84, 0x08, 0x84, 0x08, 0x84, 0x08, 0x84, 0x08,
    0x84, 0x08, 0x84, 0x08, 0x84, 0x08, 0x84, 0x08, 0x84, 0x08, 0x84, 0x08, 0x84, 0x08, 0x84, 0x08,
    0x84, 0x08, 0x84, 0x08, 0x84, 0x08, 0x84, 0x08, 0xA4, 0x08, 0xA4, 0x08, 0xA4, 0x08, 0xA4, 0x08,
    0xA4, 0x08, 0xA4, 0x08, 0xA4, 0x08, 0xA4, 0x08, 0xA4, 0x08, 0xA4, 0x08, 0xA4, 0x08, 0xA4, 0x08,
    0xA4, 0x08, 0xA4, 0x08, 0xA4, 0x08, 0xA4, 0x08, 0xA4, 0x08, 0xA4, 0x08, 0xA4, 0x08, 0xA4, 0x08,
    0xA4, 0x08, 0xA4, 0x08, 0xA4, 0x08, 0xA4, 0x08, 0xA4, 0x08, 0xA4, 0x08, 0xA4, 0x08, 0xA4, 0x08,
    0xA4, 0x08, 0xA4, 0x08, 0xA4, 0x08, 0xA4, 0x08, 0xA4, 0x08, 0xA4, 0x08, 0xA4, 0x08, 0xA4, 0x08,
    0xA4, 0x08, 0xA4, 0x08, 0xA4, 0x08, 0xA4, 0x08, 0xA4, 0x08, 0xA4, 0x08, 0xA4, 0x08, 0xA4, 0x08,
    0xA4, 0x08, 0xA4, 0x08, 0xA4, 0x08, 0xA4, 0x08, 0xA4, 0x08, 0xA4, 0x08, 0xA4, 0x08, 0xA4, 0x08,
    0xA4, 0x08, 0xA4, 0x08, 0xA4, 0x08, 0xA5, 0x08, 0xA5, 0x08, 0xA5, 0x08, 0xA5, 0x08, 0xA5, 0x08,
    0xA5, 0x08, 0xA5, 0x08, 0xA5, 0x08, 0xA5, 0x08, 0xA5, 0x08, 0xA5, 0x08, 0xA5, 0x08, 0xA5, 0x08,
    0xA5, 0x08, 0xA5, 0x08, 0xA5, 0x08, 0xA5, 0x08, 0xA5, 0x08, 0xA5, 0x08, 0xA5, 0x08, 0xA5, 0x08,
    0xA5, 0x08, 0xA5, 0x08, 0xA5, 0x08, 0xA5, 0x08, 0xA5, 0x08, 0xA5, 0x08, 0xA5, 0x08, 0xA5, 0x08,
    0xA5, 0x08, 0xA5, 0x08, 0xA5, 0x08, 0xA5, 0x08, 0xA5, 0x08, 0xA5, 0x08, 0xA5, 0x08, 0xA5, 0x08,
    0xA5, 0x08, 0xA5, 0x08, 0xA5, 0x08, 0xA5, 0x08, 0xA5, 0x08, 0xA5, 0x08, 0xA4, 0x08, 0xA4, 0x08,
    0xA4, 0x08, 0xA4, 0x08, 0xA4, 0x08, 0xA4, 0x08, 0xA4, 0x08, 0xA4, 0x08, 0xA4, 0x08, 0xA4, 0x08,
    0xA4, 0x08, 0xA4, 0x08, 0xA4, 0x08, 0xA4, 0x08, 0xA4, 0x08, 0xA4, 0x08, 0xA4, 0x08, 0xA4, 0x08,
    0xA4, 0x08, 0xA4, 0x08, 0xA4, 0x08, 0xA4, 0x08, 0xA4, 0x08, 0xA4, 0x08, 0xA4, 0x08, 0xA4, 0x08,
    0xA4, 0x08, 0xA4, 0x08, 0xA4, 0x08, 0xA4, 0x08, 0xA4, 0x08, 0xA4, 0x08, 0xA4, 0x08, 0xA4, 0x08,
    0xA4, 0x08, 0xA4, 0x08, 0xA4, 0x08, 0xA4, 0x08, 0xA4, 0x08, 0xA4, 0x08, 0xA4, 0x08, 0xA4, 0x08,
    0xA4, 0x08, 0xA4, 0x08, 0xA4, 0x08, 0xA4, 0x08, 0xA4, 0x08, 0xA4, 0x08, 0xA4, 0x08, 0xA4, 0x08,
    0xA4, 0x08, 0xA4, 0x08, 0xA4, 0x08, 0xA4, 0x08, 0xA4, 0x08, 0x84, 0x08, 0x84, 0x08, 0x84, 0x08,
    0x84, 0x08, 0x84, 0x08, 0x84, 0x08, 0x84, 0x08, 0x84, 0x08, 0x84, 0x08, 0x84, 0x08, 0x84, 0x08,
    0x84, 0x08, 0x84, 0x08, 0x84, 0x08, 0x84, 0x08, 0x84, 0x08, 0x84, 0x08, 0x84, 0x08, 0x84, 0x08,
    0x84, 0x08, 0x84, 0x08, 0x84, 0x08, 0x84, 0x08, 0x84, 0x08, 0x84, 0x08, 0x84, 0x08, 0x84, 0x08,
    0x84, 0x08, 0x84, 0x08, 0x84, 0x08, 0x84, 0x08, 0x84, 0x08, 0x84, 0x08, 0x84, 0x08, 0x84, 0x08,
    0x84, 0x08, 0x84, 0x08, 0x84, 0x08, 0x84, 0x08, 0x84, 0x08, 0x83, 0x08, 0x83, 0x08, 0x83, 0x08,
    0x63, 0x08, 0x63, 0x08, 0x63, 0x08, 0x63, 0x08, 0x63, 0x08, 0x63, 0x08, 0x83, 0x08, 0x83, 0x08,
    0x83, 0x08, 0x83, 0x08, 0x83, 0x08, 0x83, 0x08, 0x83, 0x08, 0x83, 0x08, 0x83, 0x08, 0x83, 0x08,
    0x83, 0x08, 0x83, 0x08, 0x83, 0x08, 0x83, 0x08, 0x83, 0x08, 0x83, 0x08, 0x83, 0x08, 0x83, 0x08,
    0x83, 0x08, 0x84, 0x08, 0x84, 0x08, 0x84, 0x08, 0x84, 0x08, 0x84, 0x08, 0x84, 0x08, 0x84, 0x08,
    0x84, 0x08, 0x84, 0x08, 0x84, 0x08, 0x84, 0x08, 0x84, 0x08, 0x84, 0x08, 0x84, 0x08, 0x84, 0x08,
    0x84, 0x08, 0x84, 0x08, 0x84, 0x08, 0x84, 0x08, 0x84, 0x08, 0x84, 0x08, 0x84, 0x08, 0x84, 0x08,
    0x84, 0x08, 0x84, 0x08, 0x84, 0x08, 0x84, 0x08, 0x84, 0x08, 0x84, 0x08, 0x84, 0x08, 0x84, 0x08,
    0x84, 0x08, 0x84, 0x08, 0x84, 0x08, 0x84, 0x08, 0x84, 0x08, 0x84, 0x08, 0x84, 0x08, 0x84, 0x08,
    0x84, 0x08, 0x84, 0x08, 0x84, 0x08, 0x84, 0x08, 0x84, 0x08, 0x84, 0x08, 0x84, 0x08, 0x84, 0x08,
    0x84, 0x08, 0x84, 0x08, 0x84, 0x08, 0x84, 0x08, 0xA4, 0x08, 0xA4, 0x08, 0xA4, 0x08, 0xA4, 0x08,
    0xA4, 0x08, 0xA4, 0x08, 0xA4, 0x08, 0xA4, 0x08, 0xA4, 0x08, 0xA4, 0x08, 0xA4, 0x08, 0xA4, 0x08,
    0xA4, 0x08, 0xA4, 0x08, 0xA4, 0x08, 0xA4, 0x08, 0xA4, 0x08, 0xA4, 0x08, 0xA4, 0x08, 0xA4, 0x08,
    0xA4, 0x08, 0xA4, 0x08, 0xA4, 0x08, 0xA4, 0x08, 0xA4, 0x08, 0xA4, 0x08, 0xA4, 0x08, 0xA4, 0x08,
    0xA4, 0x08, 0xA4, 0x08, 0xA4, 0x08, 0xA4, 0x08, 0xA4, 0x08, 0xA4, 0x08, 0xA4, 0x08, 0xA4, 0x08,
    0xA4, 0x08, 0xA4, 0x08, 0xA4, 0x08, 0xA4, 0x08, 0xA4, 0x08, 0xA4, 0x08, 0xA4, 0x08, 0xA4, 0x08,
    0xA4, 0x08, 0xA4, 0x08, 0xA4, 0x08, 0xA4, 0x08, 0xA4, 0x08, 0xA4, 0x08, 0xA4, 0x08, 0xA4, 0x08,
    0xA4, 0x08, 0xA4, 0x08, 0xA4, 0x08, 0xA4, 0x08, 0xA4, 0x08, 0xA4, 0x08, 0xA4, 0x08, 0xA4, 0x08,
    0xA4, 0x08, 0xA4, 0x08, 0xA4, 0x08, 0xA4, 0x08, 0xA4, 0x08, 0xA4, 0x08, 0xA4, 0x08, 0xA4, 0x08,
    0xA4, 0x08, 0xA4, 0x08, 0xA4, 0x08, 0xA4, 0x08, 0xA4, 0x08, 0xA4, 0x08, 0xA4, 0x08, 0xA4, 0x08,
    0xA4, 0x08, 0xA4, 0x08, 0xA4, 0x08, 0xA4, 0x08, 0xA4, 0x08, 0xA4, 0x08, 0xA4, 0x08, 0xA4, 0x08,
    0xA4, 0x08, 0xA4, 0x08, 0xA4, 0x08, 0xA4, 0x08, 0xA4, 0x08, 0x84, 0x08, 0x84, 0x08, 0x84, 0x08,
    0x84, 0x08, 0x84, 0x08, 0x84, 0x08, 0x84, 0x08, 0x84, 0x08, 0x84, 0x08, 0x84, 0x08, 0x84, 0x08,
    0x84, 0x08, 0x84, 0x08, 0x84, 0x08, 0x84, 0x08, 0x84, 0x08, 0x84, 0x08, 0x84, 0x08, 0x84, 0x08,
    0x84, 0x08, 0x84, 0x08, 0x84, 0x08, 0x84, 0x08, 0x84, 0x08, 0x84, 0x08, 0x84, 0x08, 0x84, 0x08,
    0x84, 0x08, 0x84, 0x08, 0x84, 0x08, 0x84, 0x08, 0x84, 0x08, 0x84, 0x08, 0x84, 0x08, 0x84, 0x08,
    0x84, 0x08, 0x84, 0x08, 0x84, 0x08, 0x84, 0x08, 0x84, 0x08, 0x84, 0x08, 0x84, 0x08, 0x84, 0x08,
    0x84, 0x08, 0x84, 0x08, 0x84, 0x08, 0x84, 0x08, 0x84, 0x08, 0x84, 0x08, 0x84, 0x08, 0x84, 0x08,
    0x83, 0x08, 0x83, 0x08, 0x83, 0x08, 0x83, 0x08, 0x83, 0x08, 0x83, 0x08, 0x83, 0x08, 0x83, 0x08,
    0x83, 0x08, 0x83, 0x08, 0x83, 0x08, 0x83, 0x08, 0x83, 0x08, 0x83, 0x08, 0x83, 0x08, 0x83, 0x08,
    0x83, 0x08, 0x83, 0x08, 0x83, 0x08, 0x63, 0x08, 0x63, 0x08, 0x63, 0x08, 0x63, 0x08, 0x63, 0x08,
    0x63, 0x08, 0x63, 0x08, 0x63, 0x08, 0x63, 0x08, 0x63, 0x08, 0x63, 0x08, 0x63, 0x08, 0x63, 0x08,
    0x63, 0x08, 0x83, 0x08, 0x83, 0x08, 0x83, 0x08, 0x83, 0x08, 0x83, 0x08, 0x83, 0x08, 0x83, 0x08,
    0x83, 0x08, 0x83, 0x08, 0x83, 0x08, 0x83, 0x08, 0x83, 0x08, 0x83, 0x08, 0x83, 0x08, 0x83, 0x08,
    0x83, 0x08, 0x83, 0x08, 0x83, 0x08, 0x83, 0x08, 0x84, 0x08, 0x84, 0x08, 0x84, 0x08, 0x84, 0x08,
    0x84, 0x08, 0x84, 0x08, 0x84, 0x08, 0x84, 0x08, 0x84, 0x08, 0x84, 0x08, 0x84, 0x08, 0x84, 0x08,
    0x84, 0x08, 0x84, 0x08, 0x84, 0x08, 0x84, 0x08, 0x84, 0x08, 0x84, 0x08, 0x84, 0x08, 0x84, 0x08,
    0x84, 0x08, 0x84, 0x08, 0x84, 0x08, 0x84, 0x08, 0x84, 0x08, 0x84, 0x08, 0x84, 0x08, 0x84, 0x08,
    0x84, 0x08, 0x84, 0x08, 0x84, 0x08, 0x84, 0x08, 0x84, 0x08, 0x84, 0x08, 0x84, 0x08, 0x84, 0x08,
    0x84, 0x08, 0x84, 0x08, 0x84, 0x08, 0x84, 0x08, 0x84, 0x08, 0x84, 0x08, 0x84, 0x08, 0x84, 0x08,
    0x84, 0x08, 0x84, 0x08, 0x84, 0x08, 0x84, 0x08, 0x84, 0x08, 0x84, 0x08, 0x84, 0x08, 0x84, 0x08,
    0x84, 0x08, 0x84, 0x08, 0xA4, 0x08, 0xA4, 0x08, 0xA4, 0x08, 0xA4, 0x08, 0xA4, 0x08, 0xA4, 0x08,
    0xA4, 0x08, 0xA4, 0x08, 0xA4, 0x08, 0xA4, 0x08, 0xA4, 0x08, 0xA4, 0x08, 0xA4, 0x08, 0xA4, 0x08,
    0xA4, 0x08, 0xA4, 0x08, 0xA4, 0x08, 0xA4, 0x08, 0xA4, 0x08, 0xA4, 0x08, 0xA4, 0x08, 0xA4, 0x08,
    0xA4, 0x08, 0xA4, 0x08, 0xA4, 0x08, 0xA4, 0x08, 0xA4, 0x08, 0xA4, 0x08, 0xA4, 0x08, 0xA4, 0x08,
    0xA4, 0x08, 0xA4, 0x08, 0xA4, 0x08, 0xA4, 0x08, 0xA4, 0x08, 0xA4, 0x08, 0xA4, 0x08, 0xA4, 0x08,
    0xA4, 0x08, 0xA4, 0x08, 0xA4, 0x08, 0xA4, 0x08, 0xA4, 0x08, 0xA4, 0x08, 0xA4, 0x08, 0xA4, 0x08,
    0xA4, 0x08, 0xA4, 0x08, 0xA4, 0x08, 0xA4, 0x08, 0xA4, 0x08, 0xA4, 0x08, 0xA4, 0x08, 0xA4, 0x08,
    0xA4, 0x08, 0xA4, 0x08, 0xA4, 0x08, 0xA4, 0x08, 0xA4, 0x08, 0xA4, 0x08, 0xA4, 0x08, 0xA4, 0x08,
    0xA4, 0x08, 0xA4, 0x08, 0xA4, 0x08, 0xA4, 0x08, 0xA4, 0x08, 0xA4, 0x08, 0xA4, 0x08, 0xA4, 0x08,
    0xA4, 0x08, 0xA4, 0x08, 0xA4, 0x08, 0xA4, 0x08, 0xA4, 0x08, 0xA4, 0x08, 0xA4, 0x08, 0x84, 0x08,
    0x84, 0x08, 0x84, 0x08, 0x84, 0x08, 0x84, 0x08, 0x84, 0x08, 0x84, 0x08, 0x84, 0x08, 0x84, 0x08,
    0x84, 0x08, 0x84, 0x08, 0x84, 0x08, 0x84, 0x08, 0x84, 0x08, 0x84, 0x08, 0x84, 0x08, 0x84, 0x08,
    0x84, 0x08, 0x84, 0x08, 0x84, 0x08, 0x84, 0x08, 0x84, 0x08, 0x84, 0x08, 0x84, 0x08, 0x84, 0x08,
    0x84, 0x08, 0x84, 0x08, 0x84, 0x08, 0x84, 0x08, 0x84, 0x08, 0x84, 0x08, 0x84, 0x08, 0x84, 0x08,
    0x84, 0x08, 0x84, 0x08, 0x84, 0x08, 0x84, 0x08, 0x84, 0x08, 0x84, 0x08, 0x84, 0x08, 0x84, 0x08,
    0x84, 0x08, 0x84, 0x08, 0x84, 0x08, 0x84, 0x08, 0x84, 0x08, 0x84, 0x08, 0x84, 0x08, 0x84, 0x08,
    0x84, 0x08, 0x84, 0x08, 0x84, 0x08, 0x84, 0x08, 0x84, 0x08, 0x83, 0x08, 0x83, 0x08, 0x83, 0x08,
    0x83, 0x08, 0x83, 0x08, 0x83, 0x08, 0x83, 0x08, 0x83, 0x08, 0x83, 0x08, 0x83, 0x08, 0x83, 0x08,
    0x83, 0x08, 0x83, 0x08, 0x83, 0x08, 0x83, 0x08, 0x83, 0x08, 0x83, 0x08, 0x83, 0x08, 0x83, 0x08,
    0x63, 0x08, 0x63, 0x08, 0x63, 0x08, 0x63, 0x08, 0x63, 0x08, 0x63, 0x08, 0x63, 0x08, 0x63, 0x08,
    0x83, 0x08, 0x83, 0x08, 0x83, 0x08, 0x83, 0x08, 0x83, 0x08, 0x83, 0x08, 0x83, 0x08, 0x83, 0x08,
    0x83, 0x08, 0x83, 0x08, 0x83, 0x08, 0x83, 0x08, 0x84, 0x08, 0x84, 0x08, 0x84, 0x08, 0x84, 0x08,
    0x84, 0x08, 0x84, 0x08, 0x84, 0x08, 0x84, 0x08, 0x84, 0x08, 0x84, 0x08, 0x84, 0x08, 0x84, 0x08,
    0x84, 0x08, 0x84, 0x08, 0x84, 0x08, 0x84, 0x08, 0x84, 0x08, 0x84, 0x08, 0x84, 0x08, 0x84, 0x08,
    0x84, 0x08, 0x84, 0x08, 0x84, 0x08, 0x84, 0x08, 0x84, 0x08, 0x84, 0x08, 0x84, 0x08, 0x84, 0x08,
    0x84, 0x08, 0x84, 0x08, 0x84, 0x08, 0x84, 0x08, 0x84, 0x08, 0x84, 0x08, 0x84, 0x08, 0x84, 0x08,
    0x84, 0x08, 0x84, 0x08, 0x84, 0x08, 0x84, 0x08, 0x84, 0x08, 0x84, 0x08, 0x84, 0x08, 0xA4, 0x08,
    0xA4, 0x08, 0xA4, 0x08, 0xA4, 0x08, 0xA4, 0x08, 0xA4, 0x08, 0xA4, 0x08, 0xA4, 0x08, 0xA4, 0x08,
    0xA4, 0x08, 0xA4, 0x08, 0xA4, 0x08, 0xA4, 0x08, 0xA4, 0x08, 0xA4, 0x08, 0xA4, 0x08, 0xA4, 0x08,
    0xA4, 0x08, 0xA4, 0x08, 0xA4, 0x08, 0xA4, 0x08, 0xA4, 0x08, 0xA4, 0x08, 0xA4, 0x08, 0xA4, 0x08,
    0xA4, 0x08, 0xA4, 0x08, 0xA4, 0x08, 0xA4, 0x08, 0xA4, 0x08, 0xA4, 0x08, 0xA4, 0x08, 0xA4, 0x08,
    0xA4, 0x08, 0xA4, 0x08, 0xA4, 0x08, 0xA4, 0x08, 0xA4, 0x08, 0xA4, 0x08, 0xA4, 0x08, 0xA4, 0x08,
    0xA4, 0x08, 0xA4, 0x08, 0xA4, 0x08, 0xA4, 0x08, 0xA4, 0x08, 0xA4, 0x08, 0xA4, 0x08, 0xA4, 0x08,
    0xA4, 0x08, 0xA4, 0x08, 0xA4, 0x08, 0xA4, 0x08, 0xA4, 0x08, 0xA4, 0x08, 0xA4, 0x08, 0xA4, 0x08,
    0xA4, 0x08, 0xA4, 0x08, 0xA4, 0x08, 0xA4, 0x08, 0xA4, 0x08, 0xA4, 0x08, 0xA4, 0x08, 0xA4, 0x08,
    0xA4, 0x08, 0xA4, 0x08, 0xA4, 0x08, 0xA4, 0x08, 0xA4, 0x08, 0xA4, 0x08, 0xA4, 0x08, 0xA4, 0x08,
    0xA4, 0x08, 0xA4, 0x08, 0xA4, 0x08, 0xA4, 0x08, 0xA4, 0x08, 0xA4, 0x08, 0xA4, 0x08, 0xA4, 0x08,
    0xA4, 0x08, 0xA4, 0x08, 0xA4, 0x08, 0xA4, 0x08, 0xA4, 0x08, 0xA4, 0x08, 0xA4, 0x08, 0xA4, 0x08,
    0xA4, 0x08, 0xA4, 0x08, 0xA4, 0x08, 0xA4, 0x08, 0xA4, 0x08, 0xA4, 0x08, 0xA4, 0x08, 0xA4, 0x08,
    0xA4, 0x08, 0xA4, 0x08, 0xA4, 0x08, 0xA4, 0x08, 0xA4, 0x08, 0xA4, 0x08, 0xA4, 0x08, 0xA4, 0x08,
    0xA4, 0x08, 0xA4, 0x08, 0xA4, 0x08, 0xA4, 0x08, 0xA4, 0x08, 0xA4, 0x08, 0xA4, 0x08, 0xA4, 0x08,
    0xA4, 0x08, 0xA4, 0x08, 0xA4, 0x08, 0xA4, 0x08, 0xA4, 0x08, 0xA4, 0x08, 0xA4, 0x08, 0xA4, 0x08,
    0xA4, 0x08, 0xA4, 0x08, 0xA4, 0x08, 0xA4, 0x08, 0xA4, 0x08, 0xA4, 0x08, 0xA4, 0x08, 0xA4, 0x08,
    0xA4, 0x08, 0xA4, 0x08, 0x84, 0x08, 0x84, 0x08, 0x84, 0x08, 0x84, 0x08, 0x84, 0x08, 0x84, 0x08,
    0x84, 0x08, 0x84, 0x08, 0x84, 0x08, 0x84, 0x08, 0x84, 0x08, 0x84, 0x08, 0x84, 0x08, 0x84, 0x08,
    0x84, 0x08, 0x84, 0x08, 0x84, 0x08, 0x84, 0x08, 0x84, 0x08, 0x84, 0x08, 0x84, 0x08, 0x84, 0x08,
    0x84, 0x08, 0x84, 0x08, 0x84, 0x08, 0x84, 0x08, 0x84, 0x08, 0x84, 0x08, 0x84, 0x08, 0x84, 0x08,
    0x84, 0x08, 0x84, 0x08, 0x84, 0x08, 0x84, 0x08, 0x84, 0x08, 0x84, 0x08, 0x84, 0x08, 0x84, 0x08,
    0x84, 0x08, 0x84, 0x08, 0x84, 0x08, 0x84, 0x08, 0x84, 0x08, 0x83, 0x08, 0x83, 0x08, 0x83, 0x08,
    0x83, 0x08, 0x83, 0x08, 0x83, 0x08, 0x83, 0x08, 0x83, 0x08, 0x83, 0x08, 0x83, 0x08, 0x83, 0x08,
    0x63, 0x08, 0x63, 0x08, 0x63, 0x08, 0x63, 0x08, 0x63, 0x08, 0x63, 0x08, 0x63, 0x08, 0x63, 0x08,
    0x63, 0x08, 0x63, 0x08, 0x63, 0x08, 0x63, 0x08, 0x63, 0x08, 0x63, 0x08, 0x83, 0x08, 0x83, 0x08,
    0x83, 0x08, 0x83, 0x08, 0x83, 0x08, 0x83, 0x08, 0x83, 0x08, 0x83, 0x08, 0x83, 0x08, 0x83, 0x08,
    0x83, 0x08, 0x83, 0x08, 0x83, 0x08, 0x83, 0x08, 0x83, 0x08, 0x83, 0x08, 0x83, 0x08, 0x83, 0x08,
    0x83, 0x08, 0x83, 0x08, 0x83, 0x08, 0x84, 0x08, 0x84, 0x08, 0x84, 0x08, 0x84, 0x08, 0x84, 0x08,
    0x84, 0x08, 0x84, 0x08, 0x84, 0x08, 0x84, 0x08, 0x84, 0x08, 0x84, 0x08, 0x84, 0x08, 0x84, 0x08,
    0x84, 0x08, 0x84, 0x08, 0x84, 0x08, 0x84, 0x08, 0x84, 0x08, 0x84, 0x08, 0x84, 0x08, 0x84, 0x08,
    0x84, 0x08, 0x84, 0x08, 0x84, 0x08, 0x84, 0x08, 0x84, 0x08, 0x84, 0x08, 0x84, 0x08, 0x84, 0x08,
    0x84, 0x08, 0x84, 0x08, 0x84, 0x08, 0x84, 0x08, 0x84, 0x08, 0x84, 0x08, 0x84, 0x08, 0x84, 0x08,
    0x84, 0x08, 0x84, 0x08, 0x84, 0x08, 0x84, 0x08, 0x84, 0x08, 0x84, 0x08, 0x84, 0x08, 0x84, 0x08,
    0x84, 0x08, 0x84, 0x08, 0x84, 0x08, 0x84, 0x08, 0x84, 0x08, 0x84, 0x08, 0x84, 0x08, 0x84, 0x08,
    0x84, 0x08, 0x84, 0x08, 0x84, 0x08, 0x84, 0x08, 0x84, 0x08, 0x84, 0x08, 0x84, 0x08, 0x84, 0x08,
    0x84, 0x08, 0x84, 0x08, 0x84, 0x08, 0xA4, 0x08, 0xA4, 0x08, 0xA4, 0x08, 0xA4, 0x08, 0xA4, 0x08,
    0xA4, 0x08, 0xA4, 0x08, 0xA4, 0x08, 0xA4, 0x08, 0xA4, 0x08, 0xA4, 0x08, 0xA4, 0x08, 0xA4, 0x08,
    0xA4, 0x08, 0xA4, 0x08, 0xA4, 0x08, 0xA4, 0x08, 0xA4, 0x08, 0xA4, 0x08, 0xA4, 0x08, 0xA4, 0x08,
    0xA4, 0x08, 0xA4, 0x08, 0xA4, 0x08, 0xA4, 0x08, 0xA4, 0x08, 0xA4, 0x08, 0xA4, 0x08, 0xA4, 0x08,
    0xA4, 0x08, 0xA4, 0x08, 0xA4, 0x08, 0xA4, 0x08, 0xA4, 0x08, 0xA4, 0x08, 0xA4, 0x08, 0xA4, 0x08,
    0xA4, 0x08, 0xA4, 0x08, 0xA4, 0x08, 0xA4, 0x08, 0xA4, 0x08, 0xA4, 0x08, 0x84, 0x08, 0x84, 0x08,
    0x84, 0x08, 0x84, 0x08, 0x84, 0x08, 0x84, 0x08, 0x84, 0x08, 0x84, 0x08, 0x84, 0x08, 0x84, 0x08,
    0x84, 0x08, 0x84, 0x08, 0x84, 0x08, 0x84, 0x08, 0x84, 0x08, 0x84, 0x08, 0x84, 0x08, 0x84, 0x08,
    0x84, 0x08, 0x84, 0x08, 0x84, 0x08, 0x84, 0x08, 0x84, 0x08, 0x84, 0x08, 0x84, 0x08, 0x84, 0x08,
    0x84, 0x08, 0x84, 0x08, 0x84, 0x08, 0x84, 0x08, 0x84, 0x08, 0x84, 0x08, 0x84, 0x08, 0x84, 0x08,
    0x84, 0x08, 0x84, 0x08, 0x84, 0x08, 0x84, 0x08, 0x84, 0x08, 0x84, 0x08, 0x84, 0x08, 0x84, 0x08,
    0x84, 0x08, 0x84, 0x08, 0x84, 0x08, 0x84, 0x08, 0x84, 0x08, 0x84, 0x08, 0x84, 0x08, 0x84, 0x08,
    0x84, 0x08, 0x84, 0x08, 0x84, 0x08, 0x84, 0x08, 0x84, 0x08, 0x84, 0x08, 0x84, 0x08, 0x84, 0x08,
    0x84, 0x08, 0x84, 0x08, 0x84, 0x08, 0x84, 0x08, 0x84, 0x08, 0x84, 0x08, 0x83, 0x08, 0x83, 0x08,
    0x83, 0x08, 0x83, 0x08, 0x83, 0x08, 0x83, 0x08, 0x83, 0x08, 0x83, 0x08, 0x83, 0x08, 0x83, 0x08,
    0x83, 0x08, 0x83, 0x08, 0x83, 0x08, 0x83, 0x08, 0x83, 0x08, 0x83, 0x08, 0x83, 0x08, 0x83, 0x08,
    0x83, 0x08, 0x83, 0x08, 0x83, 0x08, 0x63, 0x08, 0x63, 0x08, 0x63, 0x08, 0x63, 0x08, 0x63, 0x08,
    0x63, 0x08, 0x63, 0x08, 0x63, 0x08, 0x63, 0x08, 0x63, 0x08, 0x63, 0x08, 0x63, 0x08, 0x63, 0x08,
    0x63, 0x08, 0x63, 0x08, 0x63, 0x08, 0x63, 0x08, 0x63, 0x08, 0x63, 0x08, 0x63, 0x08, 0x63, 0x08,
    0x63, 0x08, 0x63, 0x08, 0x63, 0x08, 0x63, 0x08, 0x63, 0x08, 0x63, 0x08, 0x63, 0x08, 0x63, 0x08,
    0x83, 0x08, 0x83, 0x08, 0x83, 0x08, 0x83, 0x08, 0x83, 0x08, 0x83, 0x08, 0x83, 0x08, 0x83, 0x08,
    0x83, 0x08, 0x83, 0x08, 0x83, 0x08, 0x83, 0x08, 0x83, 0x08, 0x83, 0x08, 0x83, 0x08, 0x83, 0x08,
    0x83, 0x08, 0x83, 0x08, 0x83, 0x08, 0x83, 0x08, 0x83, 0x08, 0x83, 0x08, 0x84, 0x08, 0x84, 0x08,
    0x84, 0x08, 0x84, 0x08, 0x84, 0x08, 0x84, 0x08, 0x84, 0x08, 0x84, 0x08, 0x84, 0x08, 0x84, 0x08,
    0x84, 0x08, 0x84, 0x08, 0x84, 0x08, 0x84, 0x08, 0x84, 0x08, 0x84, 0x08, 0x84, 0x08, 0x84, 0x08,
    0x84, 0x08, 0x84, 0x08, 0x84, 0x08, 0x84, 0x08, 0x84, 0x08, 0x84, 0x08, 0x84, 0x08, 0x84, 0x08,
    0x84, 0x08, 0x84, 0x08, 0x84, 0x08, 0x84, 0x08, 0x84, 0x08, 0x84, 0x08, 0x84, 0x08, 0x84, 0x08,
    0x84, 0x08, 0x84, 0x08, 0x84, 0x08, 0x84, 0x08, 0x84, 0x08, 0x84, 0x08, 0x84, 0x08, 0x84, 0x08,
    0x84, 0x08, 0x84, 0x08, 0x84, 0x08, 0x84, 0x08, 0x84, 0x08, 0x84, 0x08, 0x84, 0x08, 0x84, 0x08,
    0x84, 0x08, 0x84, 0x08, 0x84, 0x08, 0x84, 0x08, 0x84, 0x08, 0x84, 0x08, 0x84, 0x08, 0x84, 0x08,
    0x84, 0x08, 0x84, 0x08, 0x84, 0x08, 0x84, 0x08, 0x84, 0x08, 0x84, 0x08, 0x84, 0x08, 0x84, 0x08,
    0x84, 0x08, 0x84, 0x08, 0x84, 0x08, 0x84, 0x08, 0x84, 0x08, 0x84, 0x08, 0x84, 0x08, 0x84, 0x08,
    0x84, 0x08, 0x84, 0x08, 0x84, 0x08, 0x84, 0x08, 0x84, 0x08, 0x84, 0x08, 0x84, 0x08, 0x84, 0x08,
    0x84, 0x08, 0x84, 0x08, 0x84, 0x08, 0x84, 0x08, 0x84, 0x08, 0x84, 0x08, 0x84, 0x08, 0x84, 0x08,
    0x84, 0x08, 0x84, 0x08, 0x84, 0x08, 0x84, 0x08, 0x84, 0x08, 0x84, 0x08, 0x84, 0x08, 0x84, 0x08,
    0x84, 0x08, 0x84, 0x08, 0x84, 0x08, 0x84, 0x08, 0x84, 0x08, 0x84, 0x08, 0x84, 0x08, 0x84, 0x08,
    0x84, 0x08, 0x84, 0x08, 0x84, 0x08, 0x84, 0x08, 0x84, 0x08, 0x84, 0x08, 0x84, 0x08, 0x84, 0x08,
    0x84, 0x08, 0x84, 0x08, 0x84, 0x08, 0x84, 0x08, 0x84, 0x08, 0x84, 0x08, 0x84, 0x08, 0x84, 0x08,
    0x84, 0x08, 0x84, 0x08, 0x84, 0x08, 0x84, 0x08, 0x84, 0x08, 0x84, 0x08, 0x84, 0x08, 0x84, 0x08,
    0x84, 0x08, 0x84, 0x08, 0x84, 0x08, 0x84, 0x08, 0x84, 0x08, 0x84, 0x08, 0x84, 0x08, 0x84, 0x08,
    0x84, 0x08, 0x84, 0x08, 0x84, 0x08, 0x84, 0x08, 0x84, 0x08, 0x84, 0x08, 0x84, 0x08, 0x84, 0x08,
    0x84, 0x08, 0x84, 0x08, 0x84, 0x08, 0x84, 0x08, 0x84, 0x08, 0x84, 0x08, 0x84, 0x08, 0x84, 0x08,
    0x84, 0x08, 0x84, 0x08, 0x84, 0x08, 0x84, 0x08, 0x84, 0x08, 0x84, 0x08, 0x84, 0x08, 0x84, 0x08,
    0x84, 0x08, 0x84, 0x08, 0x84, 0x08, 0x83, 0x08, 0x83, 0x08, 0x83, 0x08, 0x83, 0x08, 0x83, 0x08,
    0x83, 0x08, 0x83, 0x08, 0x83, 0x08, 0x83, 0x08, 0x83, 0x08, 0x83, 0x08, 0x83, 0x08, 0x83, 0x08,
    0x83, 0x08, 0x83, 0x08, 0x83, 0x08, 0x83, 0x08, 0x83, 0x08, 0x83, 0x08, 0x83, 0x08, 0x83, 0x08,
    0x83, 0x08, 0x63, 0x08, 0x63, 0x08, 0x63, 0x08, 0x63, 0x08, 0x63, 0x08, 0x63, 0x08, 0x63, 0x08,
    0x63, 0x08, 0x63, 0x08, 0x63, 0x08, 0x63, 0x08, 0x63, 0x08, 0x63, 0x08, 0x63, 0x08, 0x63, 0x08,
    0x63, 0x08, 0x63, 0x08, 0x63, 0x08, 0x63, 0x08, 0x83, 0x08, 0x83, 0x08, 0x83, 0x08, 0x83, 0x08,
    0x83, 0x08, 0x83, 0x08, 0x83, 0x08, 0x83, 0x08, 0x83, 0x08, 0x83, 0x08, 0x83, 0x08, 0x83, 0x08,
    0x83, 0x08, 0x83, 0x08, 0x83, 0x08, 0x83, 0x08, 0x84, 0x08, 0x84, 0x08, 0x84, 0x08, 0x84, 0x08,
    0x84, 0x08, 0x84, 0x08, 0x84, 0x08, 0x84, 0x08, 0x84, 0x08, 0x84, 0x08, 0x84, 0x08, 0x84, 0x08,
    0x84, 0x08, 0x84, 0x08, 0x84, 0x08, 0x84, 0x08, 0x84, 0x08, 0x84, 0x08, 0x84, 0x08, 0x84, 0x08,
    0x84, 0x08, 0x84, 0x08, 0x84, 0x08, 0x84, 0x08, 0x84, 0x08, 0x84, 0x08, 0x84, 0x08, 0x84, 0x08,
    0x84, 0x08, 0x84, 0x08, 0x84, 0x08, 0x84, 0x08, 0x84, 0x08, 0x84, 0x08, 0x84, 0x08, 0x84, 0x08,
    0x84, 0x08, 0x84, 0x08, 0x84, 0x08, 0x84, 0x08, 0x84, 0x08, 0x84, 0x08, 0x84, 0x08, 0x84, 0x08,
    0x84, 0x08, 0x84, 0x08, 0x84, 0x08, 0x84, 0x08, 0x84, 0x08, 0xA4, 0x08, 0xA4, 0x08, 0xA4, 0x08,
    0xA4, 0x08, 0xA4, 0x08, 0xA4, 0x08, 0xA4, 0x08, 0xA4, 0x08, 0xA4, 0x08, 0xA4, 0x08, 0xA4, 0x08,
    0xA4, 0x08, 0xA4, 0x08, 0xA4, 0x08, 0xA4, 0x08, 0xA4, 0x08, 0xA4, 0x08, 0xA4, 0x08, 0xA4, 0x08,
    0xA4, 0x08, 0xA4, 0x08, 0xA4, 0x08, 0xA4, 0x08, 0xA4, 0x08, 0xA4, 0x08, 0xA4, 0x08, 0xA4, 0x08,
    0xA4, 0x08, 0xA4, 0x08, 0xA4, 0x08, 0xA4, 0x08, 0xA4, 0x08, 0xA4, 0x08, 0xA4, 0x08, 0xA4, 0x08,
    0xA4, 0x08, 0xA4, 0x08, 0xA4, 0x08, 0xA4, 0x08, 0xA4, 0x08, 0xA4, 0x08, 0xA4, 0x08, 0xA4, 0x08,
    0xA4, 0x08, 0xA4, 0x08, 0xA4, 0x08, 0xA4, 0x08, 0xA4, 0x08, 0xA4, 0x08, 0xA4, 0x08, 0xA4, 0x08,
    0xA4, 0x08, 0xA4, 0x08, 0xA4, 0x08, 0xA4, 0x08, 0xA4, 0x08, 0xA4, 0x08, 0xA4, 0x08, 0xA4, 0x08,
    0xA4, 0x08, 0xA4, 0x08, 0xA4, 0x08, 0xA4, 0x08, 0xA4, 0x08, 0xA4, 0x08, 0xA4, 0x08, 0xA4, 0x08,
    0xA4, 0x08, 0xA4, 0x08, 0xA4, 0x08, 0xA4, 0x08, 0xA4, 0x08, 0xA4, 0x08, 0xA4, 0x08, 0xA4, 0x08,
    0xA4, 0x08, 0xA4, 0x08, 0xA4, 0x08, 0xA4, 0x08, 0xA4, 0x08, 0xA4, 0x08, 0xA4, 0x08, 0xA4, 0x08,
    0xA4, 0x08, 0xA4, 0x08, 0xA4, 0x08, 0xA4, 0x08, 0xA4, 0x08, 0xA4, 0x08, 0xA4, 0x08, 0xA4, 0x08,
    0xA4, 0x08, 0xA4, 0x08, 0xA4, 0x08, 0xA4, 0x08, 0xA4, 0x08, 0xA4, 0x08, 0xA4, 0x08, 0xA4, 0x08,
    0xA4, 0x08, 0xA4, 0x08, 0xA4, 0x08, 0xA4, 0x08, 0x84, 0x08, 0x84, 0x08, 0x84, 0x08, 0x84, 0x08,
    0x84, 0x08, 0x84, 0x08, 0x84, 0x08, 0x84, 0x08, 0x84, 0x08, 0x84, 0x08, 0x84, 0x08, 0x84, 0x08,
    0x84, 0x08, 0x84, 0x08, 0x84, 0x08, 0x84, 0x08, 0x84, 0x08, 0x84, 0x08, 0x84, 0x08, 0x84, 0x08,
    0x84, 0x08, 0x84, 0x08, 0x84, 0x08, 0x84, 0x08, 0x84, 0x08, 0x84, 0x08, 0x84, 0x08, 0x84, 0x08,
    0x84, 0x08, 0x84, 0x08, 0x84, 0x08, 0x84, 0x08, 0x84, 0x08, 0x84, 0x08, 0x84, 0x08, 0x84, 0x08,
    0x84, 0x08, 0x84, 0x08, 0x84, 0x08, 0x84, 0x08, 0x84, 0x08, 0x84, 0x08, 0x84, 0x08, 0x84, 0x08,
    0x84, 0x08, 0x84, 0x08, 0x84, 0x08, 0x84, 0x08, 0x84, 0x08, 0x83, 0x08, 0x83, 0x08, 0x83, 0x08,
    0x83, 0x08, 0x83, 0x08, 0x83, 0x08, 0x83, 0x08, 0x83, 0x08, 0x83, 0x08, 0x83, 0x08, 0x83, 0x08,
    0x83, 0x08, 0x83, 0x08, 0x83, 0x08, 0x83, 0x08, 0x83, 0x08, 0x63, 0x08, 0x63, 0x08, 0x63, 0x08,
    0x63, 0x08, 0x63, 0x08, 0x63, 0x08, 0x63, 0x08, 0x63, 0x08, 0x63, 0x08, 0x63, 0x08, 0x63, 0x08,
    0x63, 0x08, 0x63, 0x08, 0x63, 0x08, 0x63, 0x08, 0x63, 0x08, 0x63, 0x08, 0x63, 0x08, 0x63, 0x08,
    0x63, 0x08, 0x63, 0x08, 0x63, 0x08, 0x63, 0x08, 0x63, 0x08, 0x63, 0x08, 0x83, 0x08, 0x83, 0x08,
    0x83, 0x08, 0x83, 0x08, 0x83, 0x08, 0x83, 0x08, 0x83, 0x08, 0x83, 0x08, 0x83, 0x08, 0x83, 0x08,
    0x83, 0x08, 0x83, 0x08, 0x83, 0x08, 0x83, 0x08, 0x83, 0x08, 0x83, 0x08, 0x83, 0x08, 0x83, 0x08,
    0x83, 0x08, 0x83, 0x08, 0x83, 0x08, 0x83, 0x08, 0x83, 0x08, 0x84, 0x08, 0x84, 0x08, 0x84, 0x08,
    0x84, 0x08, 0x84, 0x08, 0x84, 0x08, 0x84, 0x08, 0x84, 0x08, 0x84, 0x08, 0x84, 0x08, 0x84, 0x08,
    0x84, 0x08, 0x84, 0x08, 0x84, 0x08, 0x84, 0x08, 0x84, 0x08, 0x84, 0x08, 0x84, 0x08, 0x84, 0x08,
    0x84, 0x08, 0x84, 0x08, 0x84, 0x08, 0x84, 0x08, 0x84, 0x08, 0x84, 0x08, 0x84, 0x08, 0x84, 0x08,
    0x84, 0x08, 0x84, 0x08, 0x84, 0x08, 0x84, 0x08, 0x84, 0x08, 0x84, 0x08, 0x84, 0x08, 0x84, 0x08,
    0x84, 0x08, 0x84, 0x08, 0x84, 0x08, 0x84, 0x08, 0x84, 0x08, 0x84, 0x08, 0x84, 0x08, 0x84, 0x08,
    0x84, 0x08, 0x84, 0x08, 0x84, 0x08, 0x84, 0x08, 0x84, 0x08, 0x84, 0x08, 0x84, 0x08, 0x84, 0x08,
    0x84, 0x08, 0x84, 0x08, 0x84, 0x08, 0x84, 0x08, 0x84, 0x08, 0x84, 0x08, 0x84, 0x08, 0x84, 0x08,
    0x84, 0x08, 0x84, 0x08, 0x84, 0x08, 0x84, 0x08, 0x84, 0x08, 0x84, 0x08, 0x84, 0x08, 0x84, 0x08,
    0x84, 0x08, 0x84, 0x08, 0x84, 0x08, 0x84, 0x08, 0x84, 0x08, 0x84, 0x08, 0x84, 0x08, 0x84, 0x08,
    0x84, 0x08, 0x84, 0x08, 0x84, 0x08, 0x84, 0x08, 0x84, 0x08, 0x84, 0x08, 0x84, 0x08, 0x84, 0x08,
    0x84, 0x08, 0x84, 0x08, 0x84, 0x08, 0x84, 0x08, 0x84, 0x08, 0x84, 0x08, 0x84, 0x08, 0x84, 0x08,
    0x84, 0x08, 0x84, 0x08, 0x84, 0x08, 0x84, 0x08, 0x84, 0x08, 0x84, 0x08, 0x84, 0x08, 0x84, 0x08,
    0x84, 0x08, 0x84, 0x08, 0x84, 0x08, 0x84, 0x08, 0x84, 0x08, 0x84, 0x08, 0x84, 0x08, 0x84, 0x08,
    0x84, 0x08, 0x84, 0x08, 0x84, 0x08, 0x84, 0x08, 0x84, 0x08, 0x84, 0x08, 0x84, 0x08, 0x84, 0x08,
    0x84, 0x08, 0x84, 0x08, 0x84, 0x08, 0x84, 0x08, 0x84, 0x08, 0x84, 0x08, 0x84, 0x08, 0x84, 0x08,
    0x84, 0x08, 0x84, 0x08, 0x84, 0x08, 0x84, 0x08, 0x84, 0x08, 0x84, 0x08, 0x84, 0x08, 0x84, 0x08,
    0x84, 0x08, 0x84, 0x08, 0x84, 0x08, 0x84, 0x08, 0x84, 0x08, 0x84, 0x08, 0x84, 0x08, 0x84, 0x08,
    0x84, 0x08, 0x84, 0x08, 0x84, 0x08, 0x84, 0x08, 0x84, 0x08, 0x84, 0x08, 0x84, 0x08, 0x84, 0x08,
    0x84, 0x08, 0x84, 0x08, 0x84, 0x08, 0x84, 0x08, 0x83, 0x08, 0x83, 0x08, 0x83, 0x08, 0x83, 0x08,
    0x83, 0x08, 0x83, 0x08, 0x83, 0x08, 0x83, 0x08, 0x83, 0x08, 0x83, 0x08, 0x83, 0x08, 0x83, 0x08,
    0x83, 0x08, 0x83, 0x08, 0x83, 0x08, 0x83, 0x08, 0x83, 0x08, 0x83, 0x08, 0x83, 0x08, 0x83, 0x08,
    0x83, 0x08, 0x83, 0x08, 0x83, 0x08, 0x63, 0x08, 0x63, 0x08, 0x63, 0x08, 0x63, 0x08, 0x63, 0x08,
    0x63, 0x08, 0x63, 0x08, 0x63, 0x08, 0x63, 0x08, 0x63, 0x08, 0x63, 0x08, 0x63, 0x08, 0x63, 0x08,
    0x63, 0x08, 0x63, 0x08, 0x63, 0x08, 0x63, 0x08, 0x63, 0x08, 0x63, 0x08, 0x63, 0x08, 0x63, 0x08,
    0x63, 0x08, 0x63, 0x08, 0x63, 0x08, 0x63, 0x08, 0x63, 0x08, 0x63, 0x08, 0x63, 0x08, 0x63, 0x08,
    0x63, 0x08, 0x63, 0x08, 0x63, 0x08, 0x63, 0x08, 0x63, 0x08, 0x63, 0x08, 0x63, 0x08, 0x63, 0x08,
    0x63, 0x08, 0x63, 0x08, 0x63, 0x08, 0x63, 0x08, 0x63, 0x08, 0x63, 0x08, 0x63, 0x08, 0x63, 0x08,
    0x63, 0x08, 0x83, 0x08, 0x83, 0x08, 0x83, 0x08, 0x83, 0x08, 0x83, 0x08, 0x83, 0x08, 0x83, 0x08,
    0x83, 0x08, 0x83, 0x08, 0x83, 0x08, 0x83, 0x08, 0x83, 0x08, 0x83, 0x08, 0x83, 0x08, 0x83, 0x08,
    0x83, 0x08, 0x83, 0x08, 0x83, 0x08, 0x83, 0x08, 0x83, 0x08, 0x83, 0x08, 0x83, 0x08, 0x83, 0x08,
    0x83, 0x08, 0x84, 0x08, 0x84, 0x08, 0x84, 0x08, 0x84, 0x08, 0x84, 0x08, 0x84, 0x08, 0x84, 0x08,
    0x84, 0x08, 0x84, 0x08, 0x84, 0x08, 0x84, 0x08, 0x84, 0x08, 0x84, 0x08, 0x84, 0x08, 0x84, 0x08,
    0x84, 0x08, 0x84, 0x08, 0x84, 0x08, 0x84, 0x08, 0x84, 0x08, 0x84, 0x08, 0x84, 0x08, 0x84, 0x08,
    0x84, 0x08, 0x84, 0x08, 0x84, 0x08, 0x84, 0x08, 0x84, 0x08, 0x84, 0x08, 0x84, 0x08, 0x84, 0x08,
    0x84, 0x08, 0x84, 0x08, 0x84, 0x08, 0x84, 0x08, 0x84, 0x08, 0x84, 0x08, 0x84, 0x08, 0x84, 0x08,
    0x84, 0x08, 0x84, 0x08, 0x84, 0x08, 0x84, 0x08, 0x84, 0x08, 0x84, 0x08, 0x84, 0x08, 0x84, 0x08,
    0x84, 0x08, 0x84, 0x08, 0x84, 0x08, 0x84, 0x08, 0x84, 0x08, 0x84, 0x08, 0x84, 0x08, 0x84, 0x08,
    0x84, 0x08, 0x84, 0x08, 0x84, 0x08, 0x84, 0x08, 0x84, 0x08, 0x84, 0x08, 0x84, 0x08, 0x84, 0x08,
    0x84, 0x08, 0x84, 0x08, 0x84, 0x08, 0x84, 0x08, 0x84, 0x08, 0x84, 0x08, 0x84, 0x08, 0x84, 0x08,
    0x84, 0x08, 0x84, 0x08, 0x84, 0x08, 0x84, 0x08, 0x84, 0x08, 0x84, 0x08, 0x84, 0x08, 0x84, 0x08,
    0x84, 0x08, 0x84, 0x08, 0x84, 0x08, 0x84, 0x08, 0x84, 0x08, 0x84, 0x08, 0x84, 0x08, 0x84, 0x08,
    0x84, 0x08, 0x84, 0x08, 0x84, 0x08, 0x84, 0x08, 0x84, 0x08, 0x84, 0x08, 0x84, 0x08, 0x84, 0x08,
    0x84, 0x08, 0x84, 0x08, 0x84, 0x08, 0x84, 0x08, 0x84, 0x08, 0x84, 0x08, 0x84, 0x08, 0x84, 0x08,
    0x84, 0x08, 0x84, 0x08, 0x84, 0x08, 0x84, 0x08, 0x84, 0x08, 0x84, 0x08, 0x84, 0x08, 0x84, 0x08,
    0x84, 0x08, 0x84, 0x08, 0x84, 0x08, 0x84, 0x08, 0x84, 0x08, 0x84, 0x08, 0x84, 0x08, 0x84, 0x08,
    0x84, 0x08, 0x84, 0x08, 0x84, 0x08, 0x84, 0x08, 0x84, 0x08, 0x84, 0x08, 0x84, 0x08, 0x84, 0x08,
    0x84, 0x08, 0x84, 0x08, 0x84, 0x08, 0x84, 0x08, 0x84, 0x08, 0x84, 0x08, 0x84, 0x08, 0x84, 0x08,
    0x84, 0x08, 0x84, 0x08, 0x84, 0x08, 0x84, 0x08, 0x84, 0x08, 0x84, 0x08, 0x84, 0x08, 0x84, 0x08,
    0x83, 0x08, 0x83, 0x08, 0x83, 0x08, 0x83, 0x08, 0x83, 0x08, 0x83, 0x08, 0x83, 0x08, 0x83, 0x08,
    0x83, 0x08, 0x83, 0x08, 0x83, 0x08, 0x83, 0x08, 0x83, 0x08, 0x83, 0x08, 0x83, 0x08, 0x83, 0x08,
    0x83, 0x08, 0x83, 0x08, 0x83, 0x08, 0x83, 0x08, 0x83, 0x08, 0x83, 0x08, 0x83, 0x08, 0x83, 0x08,
    0x63, 0x08, 0x63, 0x08, 0x63, 0x08, 0x63, 0x08, 0x63, 0x08, 0x63, 0x08, 0x63, 0x08, 0x63, 0x08,
    0x63, 0x08, 0x63, 0x08, 0x63, 0x08, 0x63, 0x08, 0x63, 0x08, 0x63, 0x08, 0x63, 0x08, 0x63, 0x08,
    0x63, 0x08, 0x63, 0x08, 0x63, 0x08, 0x63, 0x08, 0x63, 0x08, 0x63, 0x08, 0x63, 0x08, 0x63, 0x08,
    0x63, 0x08, 0x63, 0x08, 0x63, 0x08, 0x63, 0x08, 0x63, 0x08, 0x63, 0x08, 0x63, 0x08, 0x63, 0x08,
    0x63, 0x08, 0x63, 0x08, 0x63, 0x08, 0x83, 0x08, 0x83, 0x08, 0x83, 0x08, 0x83, 0x08, 0x83, 0x08,
    0x83, 0x08, 0x83, 0x08, 0x83, 0x08, 0x83, 0x08, 0x83, 0x08, 0x83, 0x08, 0x83, 0x08, 0x83, 0x08,
    0x83, 0x08, 0x83, 0x08, 0x83, 0x08, 0x83, 0x08, 0x83, 0x08, 0x84, 0x08, 0x84, 0x08, 0x84, 0x08,
    0x84, 0x08, 0x84, 0x08, 0x84, 0x08, 0x84, 0x08, 0x84, 0x08, 0x84, 0x08, 0x84, 0x08, 0x84, 0x08,
    0x84, 0x08, 0x84, 0x08, 0x84, 0x08, 0x84, 0x08, 0x84, 0x08, 0x84, 0x08, 0x84, 0x08, 0x84, 0x08,
    0x84, 0x08, 0x84, 0x08, 0x84, 0x08, 0x84, 0x08, 0x84, 0x08, 0x84, 0x08, 0x84, 0x08, 0x84, 0x08,
    0x84, 0x08, 0x84, 0x08, 0x84, 0x08, 0x84, 0x08, 0x84, 0x08, 0x84, 0x08, 0x84, 0x08, 0x84, 0x08,
    0x84, 0x08, 0x84, 0x08, 0x84, 0x08, 0x84, 0x08, 0x84, 0x08, 0x84, 0x08, 0x84, 0x08, 0x84, 0x08,
    0x84, 0x08, 0x84, 0x08, 0x84, 0x08, 0x84, 0x08, 0x84, 0x08, 0x84, 0x08, 0x84, 0x08, 0x84, 0x08,
    0x84, 0x08, 0x84, 0x08, 0x84, 0x08, 0x84, 0x08, 0x84, 0x08, 0x84, 0x08, 0x84, 0x08, 0xA4, 0x08,
    0xA4, 0x08, 0xA4, 0x08, 0xA4, 0x08, 0xA4, 0x08, 0xA4, 0x08, 0xA4, 0x08, 0xA4, 0x08, 0xA4, 0x08,
    0xA4, 0x08, 0xA4, 0x08, 0xA4, 0x08, 0xA4, 0x08, 0xA4, 0x08, 0xA4, 0x08, 0xA4, 0x08, 0xA4, 0x08,
    0xA4, 0x08, 0xA4, 0x08, 0xA4, 0x08, 0xA4, 0x08, 0xA4, 0x08, 0xA4, 0x08, 0xA4, 0x08, 0xA4, 0x08,
    0xA4, 0x08, 0xA4, 0x08, 0xA4, 0x08, 0xA4, 0x08, 0xA4, 0x08, 0xA4, 0x08, 0xA4, 0x08, 0xA4, 0x08,
    0xA4, 0x08, 0xA4, 0x08, 0xA4, 0x08, 0xA4, 0x08, 0xA4, 0x08, 0xA4, 0x08, 0xA4, 0x08, 0xA4, 0x08,
    0xA4, 0x08, 0xA4, 0x08, 0xA4, 0x08, 0xA4, 0x08, 0xA4, 0x08, 0xA4, 0x08, 0xA4, 0x08, 0xA4, 0x08,
    0xA4, 0x08, 0xA4, 0x08, 0xA4, 0x08, 0xA4, 0x08, 0xA4, 0x08, 0xA4, 0x08, 0xA4, 0x08, 0xA4, 0x08,
    0xA4, 0x08, 0xA4, 0x08, 0xA4, 0x08, 0xA4, 0x08, 0xA4, 0x08, 0xA4, 0x08, 0xA4, 0x08, 0xA4, 0x08,
    0xA4, 0x08, 0xA4, 0x08, 0x84, 0x08, 0x84, 0x08, 0x84, 0x08, 0x84, 0x08, 0x84, 0x08, 0x84, 0x08,
    0x84, 0x08, 0x84, 0x08, 0x84, 0x08, 0x84, 0x08, 0x84, 0x08, 0x84, 0x08, 0x84, 0x08, 0x84, 0x08,
    0x84, 0x08, 0x84, 0x08, 0x84, 0x08, 0x84, 0x08, 0x84, 0x08, 0x84, 0x08, 0x84, 0x08, 0x84, 0x08,
    0x84, 0x08, 0x84, 0x08, 0x84, 0x08, 0x84, 0x08, 0x84, 0x08, 0x84, 0x08, 0x84, 0x08, 0x84, 0x08,
    0x84, 0x08, 0x84, 0x08, 0x84, 0x08, 0x84, 0x08, 0x84, 0x08, 0x84, 0x08, 0x84, 0x08, 0x84, 0x08,
    0x84, 0x08, 0x84, 0x08, 0x84, 0x08, 0x84, 0x08, 0x84, 0x08, 0x84, 0x08, 0x84, 0x08, 0x84, 0x08,
    0x84, 0x08, 0x84, 0x08, 0x84, 0x08, 0x84, 0x08, 0x84, 0x08, 0x84, 0x08, 0x84, 0x08, 0x84, 0x08,
    0x84, 0x08, 0x84, 0x08, 0x84, 0x08, 0x84, 0x08, 0x83, 0x08, 0x83, 0x08, 0x83, 0x08, 0x83, 0x08,
    0x83, 0x08, 0x83, 0x08, 0x83, 0x08, 0x83, 0x08, 0x83, 0x08, 0x83, 0x08, 0x83, 0x08, 0x83, 0x08,
    0x83, 0x08, 0x83, 0x08, 0x83, 0x08, 0x83, 0x08, 0x83, 0x08, 0x83, 0x08, 0x63, 0x08, 0x63, 0x08,
    0x63, 0x08, 0x63, 0x08, 0x63, 0x08, 0x63, 0x08, 0x63, 0x08, 0x63, 0x08, 0x63, 0x08, 0x63, 0x08,
    0x63, 0x08, 0x63, 0x08, 0x63, 0x08, 0x63, 0x08, 0x63, 0x08, 0x63, 0x08, 0x63, 0x08, 0x63, 0x08,
    0x63, 0x08, 0x63, 0x08, 0x63, 0x08, 0x63, 0x08, 0x63, 0x08, 0x63, 0x08, 0x63, 0x08, 0x63, 0x08,
    0x63, 0x08, 0x63, 0x08, 0x63, 0x08, 0x63, 0x08, 0x63, 0x08, 0x63, 0x08, 0x63, 0x08, 0x63, 0x08,
    0x63, 0x08, 0x63, 0x08, 0x63, 0x08, 0x63, 0x08, 0x63, 0x08, 0x63, 0x08, 0x63, 0x08, 0x83, 0x08,
    0x83, 0x08, 0x83, 0x08, 0x83, 0x08, 0x83, 0x08, 0x83, 0x08, 0x83, 0x08, 0x83, 0x08, 0x83, 0x08,
    0x83, 0x08, 0x83, 0x08, 0x83, 0x08, 0x83, 0x08, 0x83, 0x08, 0x83, 0x08, 0x83, 0x08, 0x83, 0x08,
    0x83, 0x08, 0x83, 0x08, 0x83, 0x08, 0x83, 0x08, 0x83, 0x08, 0x83, 0x08, 0x83, 0x08, 0x83, 0x08,
    0x83, 0x08, 0x83, 0x08, 0x84, 0x08, 0x84, 0x08, 0x84, 0x08, 0x84, 0x08, 0x84, 0x08, 0x84, 0x08,
    0x84, 0x08, 0x84, 0x08, 0x84, 0x08, 0x84, 0x08, 0x84, 0x08, 0x84, 0x08, 0x84, 0x08, 0x84, 0x08,
    0x84, 0x08, 0x84, 0x08, 0x84, 0x08, 0x84, 0x08, 0x84, 0x08, 0x84, 0x08, 0x84, 0x08, 0x84, 0x08,
    0x84, 0x08, 0x84, 0x08, 0x84, 0x08, 0x84, 0x08, 0x84, 0x08, 0x84, 0x08, 0x84, 0x08, 0x84, 0x08,
    0x84, 0x08, 0x84, 0x08, 0x84, 0x08, 0x84, 0x08, 0x84, 0x08, 0x84, 0x08, 0x84, 0x08, 0x84, 0x08,
    0x84, 0x08, 0x84, 0x08, 0x84, 0x08, 0x84, 0x08, 0x84, 0x08, 0x84, 0x08, 0x84, 0x08, 0x84, 0x08,
    0x84, 0x08, 0x84, 0x08, 0x84, 0x08, 0x84, 0x08, 0x84, 0x08, 0x84, 0x08, 0x84, 0x08, 0x84, 0x08,
    0x84, 0x08, 0x84, 0x08, 0x84, 0x08, 0x84, 0x08, 0x84, 0x08, 0x84, 0x08, 0x84, 0x08, 0x84, 0x08,
    0x84, 0x08, 0x84, 0x08, 0x84, 0x08, 0x84, 0x08, 0x84, 0x08, 0x84, 0x08, 0x84, 0x08, 0x84, 0x08,
    0x84, 0x08, 0x84, 0x08, 0x84, 0x08, 0x84, 0x08, 0x84, 0x08, 0x84, 0x08, 0x84, 0x08, 0x84, 0x08,
    0x84, 0x08, 0x84, 0x08, 0x84, 0x08, 0x84, 0x08, 0x84, 0x08, 0x84, 0x08, 0x84, 0x08, 0x84, 0x08,
    0x84, 0x08, 0x84, 0x08, 0x84, 0x08, 0x84, 0x08, 0x84, 0x08, 0x84, 0x08, 0x84, 0x08, 0x84, 0x08,
    0x84, 0x08, 0x84, 0x08, 0x84, 0x08, 0x84, 0x08, 0x84, 0x08, 0x84, 0x08, 0x84, 0x08, 0x84, 0x08,
    0x84, 0x08, 0x84, 0x08, 0x84, 0x08, 0x84, 0x08, 0x84, 0x08, 0x84, 0x08, 0x84, 0x08, 0x84, 0x08,
    0x84, 0x08, 0x84, 0x08, 0x84, 0x08, 0x84, 0x08, 0x84, 0x08, 0x84, 0x08, 0x84, 0x08, 0x84, 0x08,
    0x84, 0x08, 0x84, 0x08, 0x84, 0x08, 0x84, 0x08, 0x84, 0x08, 0x84, 0x08, 0x84, 0x08, 0x83, 0x08,
    0x83, 0x08, 0x83, 0x08, 0x83, 0x08, 0x83, 0x08, 0x83, 0x08, 0x83, 0x08, 0x83, 0x08, 0x83, 0x08,
    0x83, 0x08, 0x83, 0x08, 0x83, 0x08, 0x83, 0x08, 0x83, 0x08, 0x83, 0x08, 0x83, 0x08, 0x83, 0x08,
    0x83, 0x08, 0x83, 0x08, 0x83, 0x08, 0x83, 0x08, 0x83, 0x08, 0x83, 0x08, 0x83, 0x08, 0x83, 0x08,
    0x83, 0x08, 0x83, 0x08, 0x63, 0x08, 0x63, 0x08, 0x63, 0x08, 0x63, 0x08, 0x63, 0x08, 0x63, 0x08,
    0x63, 0x08, 0x63, 0x08, 0x63, 0x08, 0x63, 0x08, 0x63, 0x08, 0x63, 0x08, 0x63, 0x08, 0x63, 0x08,
    0x63, 0x08, 0x63, 0x08, 0x63, 0x08, 0x63, 0x08, 0x63, 0x08, 0x63, 0x08, 0x63, 0x08, 0x63, 0x08,
    0x63, 0x08, 0x63, 0x08, 0x63, 0x08, 0x63, 0x08, 0x63, 0x08, 0x63, 0x08, 0x63, 0x08, 0x63, 0x08,
    0x63, 0x00, 0x63, 0x00, 0x63, 0x08, 0x63, 0x08, 0x63, 0x08, 0x63, 0x08, 0x63, 0x08, 0x63, 0x08,
    0x63, 0x08, 0x63, 0x08, 0x63, 0x08, 0x63, 0x08, 0x63, 0x08, 0x63, 0x08, 0x63, 0x08, 0x63, 0x08,
    0x63, 0x08, 0x63, 0x08, 0x63, 0x08, 0x63, 0x08, 0x63, 0x08, 0x63, 0x08, 0x63, 0x08, 0x63, 0x08,
    0x63, 0x08, 0x63, 0x08, 0x63, 0x08, 0x63, 0x08, 0x63, 0x08, 0x63, 0x08, 0x63, 0x08, 0x63, 0x08,
    0x63, 0x08, 0x63, 0x08, 0x83, 0x08, 0x83, 0x08, 0x83, 0x08, 0x83, 0x08, 0x83, 0x08, 0x83, 0x08,
    0x83, 0x08, 0x83, 0x08, 0x83, 0x08, 0x83, 0x08, 0x83, 0x08, 0x83, 0x08, 0x83, 0x08, 0x83, 0x08,
    0x83, 0x08, 0x83, 0x08, 0x83, 0x08, 0x83, 0x08, 0x83, 0x08, 0x83, 0x08, 0x83, 0x08, 0x83, 0x08,
    0x83, 0x08, 0x83, 0x08, 0x83, 0x08, 0x83, 0x08, 0x83, 0x08, 0x83, 0x08, 0x84, 0x08, 0x84, 0x08,
    0x84, 0x08, 0x84, 0x08, 0x84, 0x08, 0x84, 0x08, 0x84, 0x08, 0x84, 0x08, 0x84, 0x08, 0x84, 0x08,
    0x84, 0x08, 0x84, 0x08, 0x84, 0x08, 0x84, 0x08, 0x84, 0x08, 0x84, 0x08, 0x84, 0x08, 0x84, 0x08,
    0x84, 0x08, 0x84, 0x08, 0x84, 0x08, 0x84, 0x08, 0x84, 0x08, 0x84, 0x08, 0x84, 0x08, 0x84, 0x08,
    0x84, 0x08, 0x84, 0x08, 0x84, 0x08, 0x84, 0x08, 0x84, 0x08, 0x84, 0x08, 0x84, 0x08, 0x84, 0x08,
    0x84, 0x08, 0x84, 0x08, 0x84, 0x08, 0x84, 0x08, 0x84, 0x08, 0x84, 0x08, 0x84, 0x08, 0x84, 0x08,
    0x84, 0x08, 0x84, 0x08, 0x84, 0x08, 0x84, 0x08, 0x84, 0x08, 0x84, 0x08, 0x84, 0x08, 0x84, 0x08,
    0x84, 0x08, 0x84, 0x08, 0x84, 0x08, 0x84, 0x08, 0x84, 0x08, 0x84, 0x08, 0x84, 0x08, 0x84, 0x08,
    0x84, 0x08, 0x84, 0x08, 0x84, 0x08, 0x84, 0x08, 0x84, 0x08, 0x84, 0x08, 0x84, 0x08, 0x84, 0x08,
    0x84, 0x08, 0x84, 0x08, 0x84, 0x08, 0x84, 0x08, 0x84, 0x08, 0x84, 0x08, 0x84, 0x08, 0x84, 0x08,
    0x84, 0x08, 0x84, 0x08, 0x84, 0x08, 0x84, 0x08, 0x84, 0x08, 0x84, 0x08, 0x84, 0x08, 0x84, 0x08,
    0x84, 0x08, 0x84, 0x08, 0x84, 0x08, 0x84, 0x08, 0x84, 0x08, 0x84, 0x08, 0x84, 0x08, 0x84, 0x08,
    0x84, 0x08, 0x84, 0x08, 0x84, 0x08, 0x84, 0x08, 0x84, 0x08, 0x84, 0x08, 0x84, 0x08, 0x84, 0x08,
    0x84, 0x08, 0x84, 0x08, 0x84, 0x08, 0x84, 0x08, 0x84, 0x08, 0x84, 0x08, 0x84, 0x08, 0x84, 0x08,
    0x84, 0x08, 0x84, 0x08, 0x84, 0x08, 0x84, 0x08, 0x84, 0x08, 0x84, 0x08, 0x84, 0x08, 0x84, 0x08,
    0x84, 0x08, 0x84, 0x08, 0x84, 0x08, 0x83, 0x08, 0x83, 0x08, 0x83, 0x08, 0x83, 0x08, 0x83, 0x08,
    0x83, 0x08, 0x83, 0x08, 0x83, 0x08, 0x83, 0x08, 0x83, 0x08, 0x83, 0x08, 0x83, 0x08, 0x83, 0x08,
    0x83, 0x08, 0x83, 0x08, 0x83, 0x08, 0x83, 0x08, 0x83, 0x08, 0x83, 0x08, 0x83, 0x08, 0x83, 0x08,
    0x83, 0x08, 0x83, 0x08, 0x83, 0x08, 0x83, 0x08, 0x83, 0x08, 0x83, 0x08, 0x83, 0x08, 0x63, 0x08,
    0x63, 0x08, 0x63, 0x08, 0x63, 0x08, 0x63, 0x08, 0x63, 0x08, 0x63, 0x08, 0x63, 0x08, 0x63, 0x08,
    0x63, 0x08, 0x63, 0x08, 0x63, 0x08, 0x63, 0x08, 0x63, 0x08, 0x63, 0x08, 0x63, 0x08, 0x63, 0x08,
    0x63, 0x08, 0x63, 0x08, 0x63, 0x08, 0x63, 0x08, 0x63, 0x08, 0x63, 0x08, 0x63, 0x08, 0x63, 0x08,
    0x63, 0x08, 0x63, 0x08, 0x63, 0x08, 0x63, 0x08, 0x63, 0x08, 0x63, 0x08, 0x63, 0x08, 0x63, 0x00,
    0x63, 0x08, 0x63, 0x08, 0x63, 0x08, 0x63, 0x08, 0x63, 0x08, 0x63, 0x08, 0x63, 0x08, 0x63, 0x08,
    0x63, 0x08, 0x63, 0x08, 0x63, 0x08, 0x63, 0x08, 0x63, 0x08, 0x63, 0x08, 0x63, 0x08, 0x63, 0x08,
    0x63, 0x08, 0x63, 0x08, 0x63, 0x08, 0x63, 0x08, 0x83, 0x08, 0x83, 0x08, 0x83, 0x08, 0x83, 0x08,
    0x83, 0x08, 0x83, 0x08, 0x83, 0x08, 0x83, 0x08, 0x83, 0x08, 0x83, 0x08, 0x83, 0x08, 0x83, 0x08,
    0x83, 0x08, 0x83, 0x08, 0x83, 0x08, 0x83, 0x08, 0x83, 0x08, 0x83, 0x08, 0x83, 0x08, 0x84, 0x08,
    0x84, 0x08, 0x84, 0x08, 0x84, 0x08, 0x84, 0x08, 0x84, 0x08, 0x84, 0x08, 0x84, 0x08, 0x84, 0x08,
    0x84, 0x08, 0x84, 0x08, 0x84, 0x08, 0x84, 0x08, 0x84, 0x08, 0x84, 0x08, 0x84, 0x08, 0x84, 0x08,
    0x84, 0x08, 0x84, 0x08, 0x84, 0x08, 0x84, 0x08, 0x84, 0x08, 0x84, 0x08, 0x84, 0x08, 0x84, 0x08,
    0x84, 0x08, 0x84, 0x08, 0x84, 0x08, 0x84, 0x08, 0x84, 0x08, 0x84, 0x08, 0x84, 0x08, 0x84, 0x08,
    0x84, 0x08, 0x84, 0x08, 0x84, 0x08, 0x84, 0x08, 0x84, 0x08, 0x84, 0x08, 0x84, 0x08, 0x84, 0x08,
    0x84, 0x08, 0x84, 0x08, 0x84, 0x08, 0x84, 0x08, 0x84, 0x08, 0x84, 0x08, 0x84, 0x08, 0x84, 0x08,
    0x84, 0x08, 0x84, 0x08, 0x84, 0x08, 0x84, 0x08, 0x84, 0x08, 0x84, 0x08, 0x84, 0x08, 0x84, 0x08,
    0x84, 0x08, 0x84, 0x08, 0x84, 0x08, 0x84, 0x08, 0x84, 0x08, 0x84, 0x08, 0x84, 0x08, 0x84, 0x08,
    0x84, 0x08, 0x84, 0x08, 0x84, 0x08, 0x84, 0x08, 0x84, 0x08, 0x84, 0x08, 0x84, 0x08, 0x84, 0x08,
    0x84, 0x08, 0x84, 0x08, 0x84, 0x08, 0x84, 0x08, 0x84, 0x08, 0x84, 0x08, 0x84, 0x08, 0x84, 0x08,
    0x84, 0x08, 0x84, 0x08, 0x84, 0x08, 0x84, 0x08, 0x84, 0x08, 0x84, 0x08, 0x84, 0x08, 0x84, 0x08,
    0x84, 0x08, 0x84, 0x08, 0x84, 0x08, 0x84, 0x08, 0x84, 0x08, 0x84, 0x08, 0x84, 0x08, 0x84, 0x08,
    0x84, 0x08, 0x84, 0x08, 0x84, 0x08, 0x84, 0x08, 0x84, 0x08, 0x84, 0x08, 0x84, 0x08, 0x84, 0x08,
    0x84, 0x08, 0x84, 0x08, 0x84, 0x08, 0x84, 0x08, 0x84, 0x08, 0x84, 0x08, 0x84, 0x08, 0x84, 0x08,
    0x84, 0x08, 0x84, 0x08, 0x84, 0x08, 0x84, 0x08, 0x84, 0x08, 0x84, 0x08, 0x84, 0x08, 0x84, 0x08,
    0x84, 0x08, 0x84, 0x08, 0x84, 0x08, 0x84, 0x08, 0x84, 0x08, 0x84, 0x08, 0x84, 0x08, 0x84, 0x08,
    0x84, 0x08, 0x84, 0x08, 0x84, 0x08, 0x84, 0x08, 0x84, 0x08, 0x84, 0x08, 0x84, 0x08, 0x84, 0x08,
    0x84, 0x08, 0x84, 0x08, 0x84, 0x08, 0x84, 0x08, 0x84, 0x08, 0x84, 0x08, 0x84, 0x08, 0x84, 0x08,
    0x84, 0x08, 0x84, 0x08, 0x84, 0x08, 0x84, 0x08, 0x84, 0x08, 0x84, 0x08, 0x84, 0x08, 0x84, 0x08,
    0x84, 0x08, 0x84, 0x08, 0x84, 0x08, 0x84, 0x08, 0x84, 0x08, 0x84, 0x08, 0x84, 0x08, 0x84, 0x08,
    0x84, 0x08, 0x84, 0x08, 0x83, 0x08, 0x83, 0x08, 0x83, 0x08, 0x83, 0x08, 0x83, 0x08, 0x83, 0x08,
    0x83, 0x08, 0x83, 0x08, 0x83, 0x08, 0x83, 0x08, 0x83, 0x08, 0x83, 0x08, 0x83, 0x08, 0x83, 0x08,
    0x83, 0x08, 0x83, 0x08, 0x83, 0x08, 0x83, 0x08, 0x83, 0x08, 0x63, 0x08, 0x63, 0x08, 0x63, 0x08,
    0x63, 0x08, 0x63, 0x08, 0x63, 0x08, 0x63, 0x08, 0x63, 0x08, 0x63, 0x08, 0x63, 0x08, 0x63, 0x08,
    0x63, 0x08, 0x63, 0x08, 0x63, 0x08, 0x63, 0x08, 0x63, 0x08, 0x63, 0x08, 0x63, 0x08, 0x63, 0x08,
    0x63, 0x00, 0x63, 0x00, 0x63, 0x00, 0x63, 0x00, 0x63, 0x00, 0x63, 0x08, 0x63, 0x08, 0x63, 0x08,
    0x63, 0x08, 0x63, 0x08, 0x63, 0x08, 0x63, 0x08, 0x63, 0x08, 0x63, 0x08, 0x63, 0x08, 0x63, 0x08,
    0x63, 0x08, 0x63, 0x08, 0x63, 0x08, 0x63, 0x08, 0x63, 0x08, 0x63, 0x08, 0x63, 0x08, 0x63, 0x08,
    0x63, 0x08, 0x63, 0x08, 0x63, 0x08, 0x63, 0x08, 0x63, 0x08, 0x63, 0x08, 0x63, 0x08, 0x63, 0x08,
    0x63, 0x08, 0x63, 0x08, 0x63, 0x08, 0x63, 0x08, 0x63, 0x08, 0x63, 0x08, 0x63, 0x08, 0x63, 0x08,
    0x63, 0x08, 0x83, 0x08, 0x83, 0x08, 0x83, 0x08, 0x83, 0x08, 0x83, 0x08, 0x83, 0x08, 0x83, 0x08,
    0x83, 0x08, 0x83, 0x08, 0x83, 0x08, 0x83, 0x08, 0x83, 0x08, 0x83, 0x08, 0x83, 0x08, 0x83, 0x08,
    0x83, 0x08, 0x83, 0x08, 0x83, 0x08, 0x83, 0x08, 0x83, 0x08, 0x83, 0x08, 0x83, 0x08, 0x83, 0x08,
    0x83, 0x08, 0x83, 0x08, 0x83, 0x08, 0x83, 0x08, 0x83, 0x08, 0x83, 0x08, 0x83, 0x08, 0x83, 0x08,
    0x83, 0x08, 0x84, 0x08, 0x84, 0x08, 0x84, 0x08, 0x84, 0x08, 0x84, 0x08, 0x84, 0x08, 0x84, 0x08,
    0x84, 0x08, 0x84, 0x08, 0x84, 0x08, 0x84, 0x08, 0x84, 0x08, 0x84, 0x08, 0x84, 0x08, 0x84, 0x08,
    0x84, 0x08, 0x84, 0x08, 0x84, 0x08, 0x84, 0x08, 0x84, 0x08, 0x84, 0x08, 0x84, 0x08, 0x84, 0x08,
    0x84, 0x08, 0x84, 0x08, 0x84, 0x08, 0x84, 0x08, 0x84, 0x08, 0x84, 0x08, 0x84, 0x08, 0x84, 0x08,
    0x84, 0x08, 0x84, 0x08, 0x84, 0x08, 0x84, 0x08, 0x84, 0x08, 0x84, 0x08, 0x84, 0x08, 0x84, 0x08,
    0x84, 0x08, 0x84, 0x08, 0x84, 0x08, 0x84, 0x08, 0x84, 0x08, 0x84, 0x08, 0x84, 0x08, 0x84, 0x08,
    0x84, 0x08, 0x84, 0x08, 0x84, 0x08, 0x84, 0x08, 0x84, 0x08, 0x84, 0x08, 0x84, 0x08, 0x84, 0x08,
    0x84, 0x08, 0x84, 0x08, 0x84, 0x08, 0x84, 0x08, 0x84, 0x08, 0x84, 0x08, 0x84, 0x08, 0x84, 0x08,
    0x84, 0x08, 0x84, 0x08, 0x84, 0x08, 0x84, 0x08, 0x84, 0x08, 0x84, 0x08, 0x84, 0x08, 0x84, 0x08,
    0x84, 0x08, 0x84, 0x08, 0x84, 0x08, 0x84, 0x08, 0x84, 0x08, 0x84, 0x08, 0x84, 0x08, 0x84, 0x08,
    0x84, 0x08, 0x84, 0x08, 0x84, 0x08, 0x84, 0x08, 0x84, 0x08, 0x84, 0x08, 0x84, 0x08, 0x84, 0x08,
    0x84, 0x08, 0x84, 0x08, 0x84, 0x08, 0x84, 0x08, 0x84, 0x08, 0x84, 0x08, 0x84, 0x08, 0x84, 0x08,
    0x83, 0x08, 0x83, 0x08, 0x83, 0x08, 0x83, 0x08, 0x83, 0x08, 0x83, 0x08, 0x83, 0x08, 0x83, 0x08,
    0x83, 0x08, 0x83, 0x08, 0x83, 0x08, 0x83, 0x08, 0x83, 0x08, 0x83, 0x08, 0x83, 0x08, 0x83, 0x08,
    0x83, 0x08, 0x83, 0x08, 0x83, 0x08, 0x83, 0x08, 0x83, 0x08, 0x83, 0x08, 0x83, 0x08, 0x83, 0x08,
    0x83, 0x08, 0x83, 0x08, 0x83, 0x08, 0x83, 0x08, 0x83, 0x08, 0x83, 0x08, 0x83, 0x08, 0x83, 0x08,
    0x63, 0x08, 0x63, 0x08, 0x63, 0x08, 0x63, 0x08, 0x63, 0x08, 0x63, 0x08, 0x63, 0x08, 0x63, 0x08,
    0x63, 0x08, 0x63, 0x08, 0x63, 0x08, 0x63, 0x08, 0x63, 0x08, 0x63, 0x08, 0x63, 0x08, 0x63, 0x08,
    0x63, 0x08, 0x63, 0x08, 0x63, 0x08, 0x63, 0x08, 0x63, 0x08, 0x63, 0x08, 0x63, 0x08, 0x63, 0x08,
    0x63, 0x08, 0x63, 0x08, 0x63, 0x08, 0x63, 0x08, 0x63, 0x08, 0x63, 0x08, 0x63, 0x08, 0x63, 0x08,
    0x63, 0x08, 0x63, 0x08, 0x63, 0x08, 0x63, 0x08, 0x63, 0x00, 0x63, 0x00, 0x63, 0x00, 0x63, 0x00,
    0x63, 0x00, 0x63, 0x00, 0x63, 0x00, 0x63, 0x00, 0x63, 0x00, 0x63, 0x00, 0x63, 0x00, 0x63, 0x08,
    0x63, 0x08, 0x63, 0x08, 0x63, 0x08, 0x63, 0x08, 0x63, 0x08, 0x63, 0x08, 0x63, 0x08, 0x63, 0x08,
    0x63, 0x08, 0x63, 0x08, 0x63, 0x08, 0x63, 0x08, 0x63, 0x08, 0x63, 0x08, 0x63, 0x08, 0x63, 0x08,
    0x63, 0x08, 0x63, 0x08, 0x63, 0x08, 0x63, 0x08, 0x63, 0x08, 0x63, 0x08, 0x63, 0x08, 0x63, 0x08,
    0x63, 0x08, 0x63, 0x08, 0x63, 0x08, 0x63, 0x08, 0x63, 0x08, 0x63, 0x08, 0x63, 0x08, 0x63, 0x08,
    0x63, 0x08, 0x63, 0x08, 0x63, 0x08, 0x63, 0x08, 0x83, 0x08, 0x83, 0x08, 0x83, 0x08, 0x83, 0x08,
    0x83, 0x08, 0x83, 0x08, 0x83, 0x08, 0x83, 0x08, 0x83, 0x08, 0x83, 0x08, 0x83, 0x08, 0x83, 0x08,
    0x83, 0x08, 0x83, 0x08, 0x83, 0x08, 0x83, 0x08, 0x83, 0x08, 0x83, 0x08, 0x83, 0x08, 0x83, 0x08,
    0x83, 0x08, 0x83, 0x08, 0x83, 0x08, 0x83, 0x08, 0x83, 0x08, 0x83, 0x08, 0x83, 0x08, 0x83, 0x08,
    0x83, 0x08, 0x83, 0x08, 0x83, 0x08, 0x83, 0x08, 0x83, 0x08, 0x83, 0x08, 0x83, 0x08, 0x83, 0x08,
    0x84, 0x08, 0x84, 0x08, 0x84, 0x08, 0x84, 0x08, 0x84, 0x08, 0x84, 0x08, 0x84, 0x08, 0x84, 0x08,
    0x84, 0x08, 0x84, 0x08, 0x84, 0x08, 0x84, 0x08, 0x84, 0x08, 0x84, 0x08, 0x84, 0x08, 0x84, 0x08,
    0x84, 0x08, 0x84, 0x08, 0x84, 0x08, 0x84, 0x08, 0x84, 0x08, 0x84, 0x08, 0x84, 0x08, 0x84, 0x08,
    0x84, 0x08, 0x84, 0x08, 0x84, 0x08, 0x84, 0x08, 0x84, 0x08, 0x84, 0x08, 0x84, 0x08, 0x84, 0x08,
    0x84, 0x08, 0x84, 0x08, 0x84, 0x08, 0x84, 0x08, 0x84, 0x08, 0x84, 0x08, 0x84, 0x08, 0x84, 0x08,
    0x84, 0x08, 0x84, 0x08, 0x84, 0x08, 0x84, 0x08, 0x84, 0x08, 0x84, 0x08, 0x84, 0x08, 0x84, 0x08,
    0x84, 0x08, 0x84, 0x08, 0x84, 0x08, 0x84, 0x08, 0x84, 0x08, 0x84, 0x08, 0x84, 0x08, 0x84, 0x08,
    0x84, 0x08, 0x84, 0x08, 0x84, 0x08, 0x84, 0x08, 0x84, 0x08, 0x84, 0x08, 0x84, 0x08, 0x84, 0x08,
    0x84, 0x08, 0x84, 0x08, 0x84, 0x08, 0x84, 0x08, 0x84, 0x08, 0x84, 0x08, 0x84, 0x08, 0x84, 0x08,
    0x84, 0x08, 0x84, 0x08, 0x84, 0x08, 0x84, 0x08, 0x84, 0x08, 0x84, 0x08, 0x84, 0x08, 0x84, 0x08,
    0x84, 0x08, 0x83, 0x08, 0x83, 0x08, 0x83, 0x08, 0x83, 0x08, 0x83, 0x08, 0x83, 0x08, 0x83, 0x08,
    0x83, 0x08, 0x83, 0x08, 0x83, 0x08, 0x83, 0x08, 0x83, 0x08, 0x83, 0x08, 0x83, 0x08, 0x83, 0x08,
    0x83, 0x08, 0x83, 0x08, 0x83, 0x08, 0x83, 0x08, 0x83, 0x08, 0x83, 0x08, 0x83, 0x08, 0x83, 0x08,
    0x83, 0x08, 0x83, 0x08, 0x83, 0x08, 0x83, 0x08, 0x83, 0x08, 0x83, 0x08, 0x83, 0x08, 0x83, 0x08,
    0x83, 0x08, 0x83, 0x08, 0x83, 0x08, 0x83, 0x08, 0x83, 0x08, 0x63, 0x08, 0x63, 0x08, 0x63, 0x08,
    0x63, 0x08, 0x63, 0x08, 0x63, 0x08, 0x63, 0x08, 0x63, 0x08, 0x63, 0x08, 0x63, 0x08, 0x63, 0x08,
    0x63, 0x08, 0x63, 0x08, 0x63, 0x08, 0x63, 0x08, 0x63, 0x08, 0x63, 0x08, 0x63, 0x08, 0x63, 0x08,
    0x63, 0x08, 0x63, 0x08, 0x63, 0x08, 0x63, 0x08, 0x63, 0x08, 0x63, 0x08, 0x63, 0x08, 0x63, 0x08,
    0x63, 0x08, 0x63, 0x08, 0x63, 0x08, 0x63, 0x08, 0x63, 0x08, 0x63, 0x08, 0x63, 0x08, 0x63, 0x08,
    0x63, 0x08, 0x63, 0x08, 0x63, 0x00, 0x63, 0x00, 0x63, 0x00, 0x63, 0x00, 0x63, 0x00, 0x63, 0x00,
    0x63, 0x08, 0x63, 0x08, 0x63, 0x08, 0x63, 0x08, 0x63, 0x08, 0x63, 0x08, 0x63, 0x08, 0x63, 0x08,
    0x63, 0x08, 0x63, 0x08, 0x63, 0x08, 0x63, 0x08, 0x63, 0x08, 0x63, 0x08, 0x63, 0x08, 0x63, 0x08,
    0x63, 0x08, 0x63, 0x08, 0x63, 0x08, 0x63, 0x08, 0x63, 0x08, 0x63, 0x08, 0x63, 0x08, 0x63, 0x08,
    0x63, 0x08, 0x63, 0x08, 0x63, 0x08, 0x63, 0x08, 0x83, 0x08, 0x83, 0x08, 0x83, 0x08, 0x83, 0x08,
    0x83, 0x08, 0x83, 0x08, 0x83, 0x08, 0x83, 0x08, 0x83, 0x08, 0x83, 0x08, 0x83, 0x08, 0x83, 0x08,
    0x83, 0x08, 0x83, 0x08, 0x83, 0x08, 0x83, 0x08, 0x83, 0x08, 0x83, 0x08, 0x83, 0x08, 0x83, 0x08,
    0x83, 0x08, 0x83, 0x08, 0x84, 0x08, 0x84, 0x08, 0x84, 0x08, 0x84, 0x08, 0x84, 0x08, 0x84, 0x08,
    0x84, 0x08, 0x84, 0x08, 0x84, 0x08, 0x84, 0x08, 0x84, 0x08, 0x84, 0x08, 0x84, 0x08, 0x84, 0x08,
    0x84, 0x08, 0x84, 0x08, 0x84, 0x08, 0x84, 0x08, 0x84, 0x08, 0x84, 0x08, 0x84, 0x08, 0x84, 0x08,
    0x84, 0x08, 0x84, 0x08, 0x84, 0x08, 0x84, 0x08, 0x84, 0x08, 0x84, 0x08, 0x84, 0x08, 0x84, 0x08,
    0x84, 0x08, 0x84, 0x08, 0x84, 0x08, 0x84, 0x08, 0x84, 0x08, 0x84, 0x08, 0x84, 0x08, 0x84, 0x08,
    0x84, 0x08, 0x84, 0x08, 0x84, 0x08, 0x84, 0x08, 0x84, 0x08, 0x84, 0x08, 0x84, 0x08, 0x84, 0x08,
    0x84, 0x08, 0x84, 0x08, 0x84, 0x08, 0x84, 0x08, 0x84, 0x08, 0x84, 0x08, 0x84, 0x08, 0x84, 0x08,
    0x84, 0x08, 0x84, 0x08, 0x84, 0x08, 0x84, 0x08, 0x84, 0x08, 0x84, 0x08, 0x84, 0x08, 0x84, 0x08,
    0x84, 0x08, 0x84, 0x08, 0x84, 0x08, 0x84, 0x08, 0x84, 0x08, 0x84, 0x08, 0x84, 0x08, 0x84, 0x08,
    0x84, 0x08, 0x84, 0x08, 0x84, 0x08, 0x84, 0x08, 0x84, 0x08, 0x84, 0x08, 0x84, 0x08, 0x84, 0x08,
    0x84, 0x08, 0x84, 0x08, 0x84, 0x08, 0x84, 0x08, 0x84, 0x08, 0x84, 0x08, 0x84, 0x08, 0x84, 0x08,
    0x84, 0x08, 0x84, 0x08, 0x84, 0x08, 0x84, 0x08, 0x84, 0x08, 0x84, 0x08, 0x84, 0x08, 0x84, 0x08,
    0x84, 0x08, 0x84, 0x08, 0x84, 0x08, 0x84, 0x08, 0x84, 0x08, 0x84, 0x08, 0x84, 0x08, 0x84, 0x08,
    0x84, 0x08, 0x84, 0x08, 0x84, 0x08, 0x84, 0x08, 0x84, 0x08, 0x84, 0x08, 0x84, 0x08, 0x84, 0x08,
    0x84, 0x08, 0x84, 0x08, 0x84, 0x08, 0x84, 0x08, 0x84, 0x08, 0x84, 0x08, 0x84, 0x08, 0x84, 0x08,
    0x84, 0x08, 0x84, 0x08, 0x84, 0x08, 0x84, 0x08, 0x84, 0x08, 0x84, 0x08, 0x84, 0x08, 0x84, 0x08,
    0x84, 0x08, 0x84, 0x08, 0x84, 0x08, 0x84, 0x08, 0x84, 0x08, 0x84, 0x08, 0x84, 0x08, 0x84, 0x08,
    0x84, 0x08, 0x84, 0x08, 0x84, 0x08, 0x84, 0x08, 0x84, 0x08, 0x84, 0x08, 0x84, 0x08, 0x83, 0x08,
    0x83, 0x08, 0x83, 0x08, 0x83, 0x08, 0x83, 0x08, 0x83, 0x08, 0x83, 0x08, 0x83, 0x08, 0x83, 0x08,
    0x83, 0x08, 0x83, 0x08, 0x83, 0x08, 0x83, 0x08, 0x83, 0x08, 0x83, 0x08, 0x83, 0x08, 0x83, 0x08,
    0x83, 0x08, 0x83, 0x08, 0x83, 0x08, 0x83, 0x08, 0x83, 0x08, 0x63, 0x08, 0x63, 0x08, 0x63, 0x08,
    0x63, 0x08, 0x63, 0x08, 0x63, 0x08, 0x63, 0x08, 0x63, 0x08, 0x63, 0x08, 0x63, 0x08, 0x63, 0x08,
    0x63, 0x08, 0x63, 0x08, 0x63, 0x08, 0x63, 0x08, 0x63, 0x08, 0x63, 0x08, 0x63, 0x08, 0x63, 0x08,
    0x63, 0x08, 0x63, 0x08, 0x63, 0x08, 0x63, 0x08, 0x63, 0x08, 0x63, 0x08, 0x63, 0x08, 0x63, 0x08,
    0x63, 0x00, 0x63, 0x00, 0x63, 0x00, 0x63, 0x00, 0x63, 0x00, 0x63, 0x00, 0x63, 0x00, 0x63, 0x00,
    0x63, 0x00, 0x63, 0x00, 0x63, 0x00, 0x63, 0x08, 0x63, 0x08, 0x63, 0x08, 0x63, 0x08, 0x63, 0x08,
    0x63, 0x08, 0x63, 0x08, 0x63, 0x08, 0x63, 0x08, 0x63, 0x08, 0x63, 0x08, 0x63, 0x08, 0x63, 0x08,
    0x63, 0x08, 0x63, 0x08, 0x63, 0x08, 0x63, 0x08, 0x63, 0x08, 0x63, 0x08, 0x63, 0x08, 0x63, 0x08,
    0x63, 0x08, 0x63, 0x08, 0x63, 0x08, 0x63, 0x08, 0x63, 0x08, 0x63, 0x08, 0x63, 0x08, 0x63, 0x08,
    0x63, 0x08, 0x63, 0x08, 0x63, 0x08, 0x63, 0x08, 0x63, 0x08, 0x63, 0x08, 0x63, 0x08, 0x63, 0x08,
    0x63, 0x08, 0x63, 0x08, 0x63, 0x08, 0x63, 0x08, 0x83, 0x08, 0x83, 0x08, 0x83, 0x08, 0x83, 0x08,
    0x83, 0x08, 0x83, 0x08, 0x83, 0x08, 0x83, 0x08, 0x83, 0x08, 0x83, 0x08, 0x83, 0x08, 0x83, 0x08,
    0x83, 0x08, 0x83, 0x08, 0x83, 0x08, 0x83, 0x08, 0x83, 0x08, 0x83, 0x08, 0x83, 0x08, 0x83, 0x08,
    0x83, 0x08, 0x83, 0x08, 0x83, 0x08, 0x83, 0x08, 0x83, 0x08, 0x83, 0x08, 0x83, 0x08, 0x83, 0x08,
    0x83, 0x08, 0x83, 0x08, 0x83, 0x08, 0x83, 0x08, 0x83, 0x08, 0x83, 0x08, 0x83, 0x08, 0x83, 0x08,
    0x83, 0x08, 0x83, 0x08, 0x83, 0x08, 0x83, 0x08, 0x83, 0x08, 0x83, 0x08, 0x83, 0x08, 0x83, 0x08,
    0x83, 0x08, 0x83, 0x08, 0x83, 0x08, 0x84, 0x08, 0x84, 0x08, 0x84, 0x08, 0x84, 0x08, 0x84, 0x08,
    0x84, 0x08, 0x84, 0x08, 0x84, 0x08, 0x84, 0x08, 0x84, 0x08, 0x84, 0x08, 0x84, 0x08, 0x84, 0x08,
    0x84, 0x08, 0x84, 0x08, 0x84, 0x08, 0x84, 0x08, 0x84, 0x08, 0x84, 0x08, 0x84, 0x08, 0x84, 0x08,
    0x84, 0x08, 0x84, 0x08, 0x84, 0x08, 0x84, 0x08, 0x84, 0x08, 0x84, 0x08, 0x84, 0x08, 0x84, 0x08,
    0x84, 0x08, 0x84, 0x08, 0x84, 0x08, 0x84, 0x08, 0x84, 0x08, 0x84, 0x08, 0x84, 0x08, 0x84, 0x08,
    0x84, 0x08, 0x84, 0x08, 0x84, 0x08, 0x84, 0x08, 0x84, 0x08, 0x84, 0x08, 0x83, 0x08, 0x83, 0x08,
    0x83, 0x08, 0x83, 0x08, 0x83, 0x08, 0x83, 0x08, 0x83, 0x08, 0x83, 0x08, 0x83, 0x08, 0x83, 0x08,
    0x83, 0x08, 0x83, 0x08, 0x83, 0x08, 0x83, 0x08, 0x83, 0x08, 0x83, 0x08, 0x83, 0x08, 0x83, 0x08,
    0x83, 0x08, 0x83, 0x08, 0x83, 0x08, 0x83, 0x08, 0x83, 0x08, 0x83, 0x08, 0x83, 0x08, 0x83, 0x08,
    0x83, 0x08, 0x83, 0x08, 0x83, 0x08, 0x83, 0x08, 0x83, 0x08, 0x83, 0x08, 0x83, 0x08, 0x83, 0x08,
    0x83, 0x08, 0x83, 0x08, 0x83, 0x08, 0x83, 0x08, 0x83, 0x08, 0x83, 0x08, 0x83, 0x08, 0x83, 0x08,
    0x83, 0x08, 0x83, 0x08, 0x83, 0x08, 0x83, 0x08, 0x83, 0x08, 0x63, 0x08, 0x63, 0x08, 0x63, 0x08,
    0x63, 0x08, 0x63, 0x08, 0x63, 0x08, 0x63, 0x08, 0x63, 0x08, 0x63, 0x08, 0x63, 0x08, 0x63, 0x08,
    0x63, 0x08, 0x63, 0x08, 0x63, 0x08, 0x63, 0x08, 0x63, 0x08, 0x63, 0x08, 0x63, 0x08, 0x63, 0x08,
    0x63, 0x08, 0x63, 0x08, 0x63, 0x08, 0x63, 0x08, 0x63, 0x08, 0x63, 0x08, 0x63, 0x08, 0x63, 0x08,
    0x63, 0x08, 0x63, 0x08, 0x63, 0x08, 0x63, 0x08, 0x63, 0x08, 0x63, 0x08, 0x63, 0x08, 0x63, 0x08,
    0x63, 0x08, 0x63, 0x08, 0x63, 0x08, 0x63, 0x08, 0x63, 0x08, 0x63, 0x08, 0x63, 0x00, 0x63, 0x00,
    0x63, 0x00, 0x63, 0x00, 0x63, 0x00, 0x63, 0x00, 0x63, 0x00, 0x63, 0x00, 0x63, 0x00, 0x63, 0x00,
    0x63, 0x00, 0x63, 0x00, 0x63, 0x00, 0x63, 0x00, 0x63, 0x00, 0x63, 0x00, 0x63, 0x00, 0x63, 0x00,
    0x63, 0x00, 0x63, 0x00, 0x63, 0x00, 0x63, 0x00, 0x63, 0x00, 0x63, 0x00, 0x63, 0x08, 0x63, 0x08,
    0x63, 0x08, 0x63, 0x08, 0x63, 0x08, 0x63, 0x08, 0x63, 0x08, 0x63, 0x08, 0x63, 0x08, 0x63, 0x08,
    0x63, 0x08, 0x63, 0x08, 0x63, 0x08, 0x63, 0x08, 0x63, 0x08, 0x63, 0x08, 0x63, 0x08, 0x63, 0x08,
    0x63, 0x08, 0x63, 0x08, 0x63, 0x08, 0x63, 0x08, 0x63, 0x08, 0x63, 0x08, 0x63, 0x08, 0x63, 0x08,
    0x63, 0x08, 0x63, 0x08, 0x63, 0x08, 0x63, 0x08, 0x63, 0x08, 0x63, 0x08, 0x63, 0x08, 0x63, 0x08,
    0x63, 0x08, 0x63, 0x08, 0x63, 0x08, 0x63, 0x08, 0x63, 0x08, 0x63, 0x08, 0x63, 0x08, 0x63, 0x08,
    0x83, 0x08, 0x83, 0x08, 0x83, 0x08, 0x83, 0x08, 0x83, 0x08, 0x83, 0x08, 0x83, 0x08, 0x83, 0x08,
    0x83, 0x08, 0x83, 0x08, 0x83, 0x08, 0x83, 0x08, 0x83, 0x08, 0x83, 0x08, 0x83, 0x08, 0x83, 0x08,
    0x83, 0x08, 0x83, 0x08, 0x83, 0x08, 0x83, 0x08, 0x83, 0x08, 0x83, 0x08, 0x83, 0x08, 0x83, 0x08,
    0x83, 0x08, 0x83, 0x08, 0x83, 0x08, 0x83, 0x08, 0x83, 0x08, 0x83, 0x08, 0x83, 0x08, 0x83, 0x08,
    0x83, 0x08, 0x83, 0x08, 0x83, 0x08, 0x83, 0x08, 0x83, 0x08, 0x83, 0x08, 0x83, 0x08, 0x83, 0x08,
    0x83, 0x08, 0x83, 0x08, 0x83, 0x08, 0x83, 0x08, 0x83, 0x08, 0x83, 0x08, 0x83, 0x08, 0x83, 0x08,
    0x83, 0x08, 0x83, 0x08, 0x83, 0x08, 0x83, 0x08, 0x83, 0x08, 0x83, 0x08, 0x83, 0x08, 0x83, 0x08,
    0x83, 0x08, 0x83, 0x08, 0x83, 0x08, 0x83, 0x08, 0x83, 0x08, 0x83, 0x08, 0x83, 0x08, 0x83, 0x08,
    0x83, 0x08, 0x83, 0x08, 0x83, 0x08, 0x83, 0x08, 0x83, 0x08, 0x83, 0x08, 0x83, 0x08, 0x83, 0x08,
    0x83, 0x08, 0x83, 0x08, 0x83, 0x08, 0x83, 0x08, 0x83, 0x08, 0x83, 0x08, 0x83, 0x08, 0x83, 0x08,
    0x83, 0x08, 0x83, 0x08, 0x83, 0x08, 0x83, 0x08, 0x83, 0x08, 0x83, 0x08, 0x83, 0x08, 0x83, 0x08,
    0x83, 0x08, 0x83, 0x08, 0x83, 0x08, 0x83, 0x08, 0x83, 0x08, 0x83, 0x08, 0x83, 0x08, 0x83, 0x08,
    0x83, 0x08, 0x83, 0x08, 0x83, 0x08, 0x83, 0x08, 0x83, 0x08, 0x83, 0x08, 0x83, 0x08, 0x83, 0x08,
    0x83, 0x08, 0x83, 0x08, 0x83, 0x08, 0x83, 0x08, 0x83, 0x08, 0x83, 0x08, 0x83, 0x08, 0x83, 0x08,
    0x83, 0x08, 0x83, 0x08, 0x83, 0x08, 0x83, 0x08, 0x83, 0x08, 0x83, 0x08, 0x83, 0x08, 0x83, 0x08,
    0x83, 0x08, 0x83, 0x08, 0x83, 0x08, 0x83, 0x08, 0x83, 0x08, 0x83, 0x08, 0x83, 0x08, 0x83, 0x08,
    0x83, 0x08, 0x63, 0x08, 0x63, 0x08, 0x63, 0x08, 0x63, 0x08, 0x63, 0x08, 0x63, 0x08, 0x63, 0x08,
    0x63, 0x08, 0x63, 0x08, 0x63, 0x08, 0x63, 0x08, 0x63, 0x08, 0x63, 0x08, 0x63, 0x08, 0x63, 0x08,
    0x63, 0x08, 0x63, 0x08, 0x63, 0x08, 0x63, 0x08, 0x63, 0x08, 0x63, 0x08, 0x63, 0x08, 0x63, 0x08,
    0x63, 0x08, 0x63, 0x08, 0x63, 0x08, 0x63, 0x08, 0x63, 0x08, 0x63, 0x08, 0x63, 0x08, 0x63, 0x08,
    0x63, 0x08, 0x63, 0x08, 0x63, 0x08, 0x63, 0x08, 0x63, 0x08, 0x63, 0x08, 0x63, 0x08, 0x63, 0x08,
    0x63, 0x08, 0x63, 0x08, 0x63, 0x08, 0x63, 0x00, 0x63, 0x00, 0x63, 0x00, 0x63, 0x00, 0x63, 0x00,
    0x63, 0x00, 0x63, 0x00, 0x63, 0x00, 0x63, 0x00, 0x63, 0x00, 0x63, 0x00, 0x63, 0x00, 0x63, 0x00,
    0x63, 0x00, 0x63, 0x00, 0x63, 0x00, 0x63, 0x00, 0x63, 0x00, 0x63, 0x08, 0x63, 0x08, 0x63, 0x08,
    0x63, 0x08, 0x63, 0x08, 0x63, 0x08, 0x63, 0x08, 0x63, 0x08, 0x63, 0x08, 0x63, 0x08, 0x63, 0x08,
    0x63, 0x08, 0x63, 0x08, 0x63, 0x08, 0x63, 0x08, 0x63, 0x08, 0x63, 0x08, 0x63, 0x08, 0x63, 0x08,
    0x63, 0x08, 0x63, 0x08, 0x63, 0x08, 0x63, 0x08, 0x63, 0x08, 0x63, 0x08, 0x63, 0x08, 0x63, 0x08,
    0x63, 0x08, 0x63, 0x08, 0x63, 0x08, 0x63, 0x08, 0x63, 0x08, 0x63, 0x08, 0x83, 0x08, 0x83, 0x08,
    0x83, 0x08, 0x83, 0x08, 0x83, 0x08, 0x83, 0x08, 0x83, 0x08, 0x83, 0x08, 0x83, 0x08, 0x83, 0x08,
    0x83, 0x08, 0x83, 0x08, 0x83, 0x08, 0x83, 0x08, 0x83, 0x08, 0x83, 0x08, 0x83, 0x08, 0x83, 0x08,
    0x83, 0x08, 0x83, 0x08, 0x83, 0x08, 0x83, 0x08, 0x83, 0x08, 0x83, 0x08, 0x83, 0x08, 0x83, 0x08,
    0x83, 0x08, 0x84, 0x08, 0x84, 0x08, 0x84, 0x08, 0x84, 0x08, 0x84, 0x08, 0x84, 0x08, 0x84, 0x08,
    0x84, 0x08, 0x84, 0x08, 0x84, 0x08, 0x84, 0x08, 0x84, 0x08, 0x84, 0x08, 0x84, 0x08, 0x84, 0x08,
    0x84, 0x08, 0x84, 0x08, 0x84, 0x08, 0x84, 0x08, 0x84, 0x08, 0x84, 0x08, 0x84, 0x08, 0x84, 0x08,
    0x84, 0x08, 0x84, 0x08, 0x84, 0x08, 0x84, 0x08, 0x84, 0x08, 0x84, 0x08, 0x84, 0x08, 0x84, 0x08,
    0x84, 0x08, 0x84, 0x08, 0x84, 0x08, 0x84, 0x08, 0x84, 0x08, 0x84, 0x08, 0x84, 0x08, 0x84, 0x08,
    0x84, 0x08, 0x84, 0x08, 0x84, 0x08, 0x84, 0x08, 0x84, 0x08, 0x84, 0x08, 0x84, 0x08, 0x84, 0x08,
    0x84, 0x08, 0x84, 0x08, 0x84, 0x08, 0x84, 0x08, 0x84, 0x08, 0x84, 0x08, 0x84, 0x08, 0x84, 0x08,
    0x84, 0x08, 0x84, 0x08, 0x84, 0x08, 0x84, 0x08, 0x84, 0x08, 0x84, 0x08, 0x84, 0x08, 0x84, 0x08,
    0x84, 0x08, 0x84, 0x08, 0x84, 0x08, 0x84, 0x08, 0x84, 0x08, 0x84, 0x08, 0x84, 0x08, 0x84, 0x08,
    0x84, 0x08, 0x84, 0x08, 0x84, 0x08, 0x84, 0x08, 0x84, 0x08, 0x84, 0x08, 0x84, 0x08, 0x84, 0x08,
    0x84, 0x08, 0x84, 0x08, 0x84, 0x08, 0x84, 0x08, 0x84, 0x08, 0x84, 0x08, 0x84, 0x08, 0x84, 0x08,
    0x84, 0x08, 0x84, 0x08, 0x84, 0x08, 0x84, 0x08, 0x84, 0x08, 0x84, 0x08, 0x84, 0x08, 0x84, 0x08,
    0x84, 0x08, 0x84, 0x08, 0x84, 0x08, 0x84, 0x08, 0x84, 0x08, 0x84, 0x08, 0x84, 0x08, 0x84, 0x08,
    0x84, 0x08, 0x84, 0x08, 0x84, 0x08, 0x84, 0x08, 0x84, 0x08, 0x84, 0x08, 0x84, 0x08, 0x84, 0x08,
    0x83, 0x08, 0x83, 0x08, 0x83, 0x08, 0x83, 0x08, 0x83, 0x08, 0x83, 0x08, 0x83, 0x08, 0x83, 0x08,
    0x83, 0x08, 0x83, 0x08, 0x83, 0x08, 0x83, 0x08, 0x83, 0x08, 0x83, 0x08, 0x83, 0x08, 0x83, 0x08,
    0x83, 0x08, 0x83, 0x08, 0x83, 0x08, 0x83, 0x08, 0x83, 0x08, 0x83, 0x08, 0x83, 0x08, 0x83, 0x08,
    0x83, 0x08, 0x83, 0x08, 0x83, 0x08, 0x63, 0x08, 0x63, 0x08, 0x63, 0x08, 0x63, 0x08, 0x63, 0x08,
    0x63, 0x08, 0x63, 0x08, 0x63, 0x08, 0x63, 0x08, 0x63, 0x08, 0x63, 0x08, 0x63, 0x08, 0x63, 0x08,
    0x63, 0x08, 0x63, 0x08, 0x63, 0x08, 0x63, 0x08, 0x63, 0x08, 0x63, 0x08, 0x63, 0x08, 0x63, 0x08,
    0x63, 0x08, 0x63, 0x08, 0x63, 0x08, 0x63, 0x08, 0x63, 0x08, 0x63, 0x08, 0x63, 0x08, 0x63, 0x08,
    0x63, 0x08, 0x63, 0x08, 0x63, 0x08, 0x63, 0x08, 0x63, 0x00, 0x63, 0x00, 0x63, 0x00, 0x63, 0x00,
    0x63, 0x00, 0x63, 0x00, 0x63, 0x00, 0x63, 0x00, 0x63, 0x00, 0x63, 0x00, 0x63, 0x00, 0x63, 0x00,
    0x63, 0x00, 0x63, 0x00, 0x63, 0x00, 0x63, 0x00, 0x63, 0x00, 0x63, 0x00, 0x63, 0x00, 0x63, 0x00,
    0x63, 0x00, 0x63, 0x00, 0x63, 0x08, 0x63, 0x08, 0x63, 0x08, 0x63, 0x08, 0x63, 0x08, 0x63, 0x08,
    0x63, 0x08, 0x63, 0x08, 0x63, 0x08, 0x63, 0x08, 0x63, 0x08, 0x63, 0x08, 0x63, 0x08, 0x63, 0x08,
    0x63, 0x08, 0x63, 0x08, 0x63, 0x08, 0x63, 0x08, 0x63, 0x08, 0x63, 0x08, 0x63, 0x08, 0x63, 0x08,
    0x63, 0x08, 0x63, 0x08, 0x63, 0x08, 0x63, 0x08, 0x63, 0x08, 0x63, 0x08, 0x63, 0x08, 0x63, 0x08,
    0x63, 0x08, 0x63, 0x08, 0x63, 0x08, 0x63, 0x08, 0x63, 0x08, 0x63, 0x08, 0x63, 0x08, 0x63, 0x08,
    0x63, 0x08, 0x63, 0x08, 0x63, 0x08, 0x63, 0x08, 0x63, 0x08, 0x63, 0x08, 0x63, 0x08, 0x63, 0x08,
    0x63, 0x08, 0x63, 0x08, 0x83, 0x08, 0x83, 0x08, 0x83, 0x08, 0x83, 0x08, 0x83, 0x08, 0x83, 0x08,
    0x83, 0x08, 0x83, 0x08, 0x83, 0x08, 0x83, 0x08, 0x83, 0x08, 0x83, 0x08, 0x83, 0x08, 0x83, 0x08,
    0x83, 0x08, 0x83, 0x08, 0x83, 0x08, 0x83, 0x08, 0x83, 0x08, 0x83, 0x08, 0x83, 0x08, 0x83, 0x08,
    0x83, 0x08, 0x83, 0x08, 0x83, 0x08, 0x83, 0x08, 0x83, 0x08, 0x83, 0x08, 0x83, 0x08, 0x83, 0x08,
    0x83, 0x08, 0x83, 0x08, 0x83, 0x08, 0x83, 0x08, 0x83, 0x08, 0x83, 0x08, 0x83, 0x08, 0x83, 0x08,
    0x83, 0x08, 0x83, 0x08, 0x83, 0x08, 0x83, 0x08, 0x83, 0x08, 0x83, 0x08, 0x83, 0x08, 0x83, 0x08,
    0x83, 0x08, 0x83, 0x08, 0x83, 0x08, 0x83, 0x08, 0x83, 0x08, 0x83, 0x08, 0x83, 0x08, 0x83, 0x08,
    0x83, 0x08, 0x83, 0x08, 0x83, 0x08, 0x83, 0x08, 0x83, 0x08, 0x83, 0x08, 0x83, 0x08, 0x83, 0x08,
    0x83, 0x08, 0x83, 0x08, 0x83, 0x08, 0x83, 0x08, 0x83, 0x08, 0x83, 0x08, 0x83, 0x08, 0x83, 0x08,
    0x83, 0x08, 0x83, 0x08, 0x83, 0x08, 0x83, 0x08, 0x83, 0x08, 0x83, 0x08, 0x83, 0x08, 0x83, 0x08,
    0x83, 0x08, 0x83, 0x08, 0x83, 0x08, 0x83, 0x08, 0x83, 0x08, 0x83, 0x08, 0x83, 0x08, 0x83, 0x08,
    0x83, 0x08, 0x83, 0x08, 0x83, 0x08, 0x83, 0x08, 0x83, 0x08, 0x83, 0x08, 0x83, 0x08, 0x83, 0x08,
    0x83, 0x08, 0x83, 0x08, 0x83, 0x08, 0x83, 0x08, 0x83, 0x08, 0x83, 0x08, 0x83, 0x08, 0x83, 0x08,
    0x83, 0x08, 0x83, 0x08, 0x83, 0x08, 0x83, 0x08, 0x83, 0x08, 0x83, 0x08, 0x83, 0x08, 0x63, 0x08,
    0x63, 0x08, 0x63, 0x08, 0x63, 0x08, 0x63, 0x08, 0x63, 0x08, 0x63, 0x08, 0x63, 0x08, 0x63, 0x08,
    0x63, 0x08, 0x63, 0x08, 0x63, 0x08, 0x63, 0x08, 0x63, 0x08, 0x63, 0x08, 0x63, 0x08, 0x63, 0x08,
    0x63, 0x08, 0x63, 0x08, 0x63, 0x08, 0x63, 0x08, 0x63, 0x08, 0x63, 0x08, 0x63, 0x08, 0x63, 0x08,
    0x63, 0x08, 0x63, 0x08, 0x63, 0x08, 0x63, 0x08, 0x63, 0x08, 0x63, 0x08, 0x63, 0x08, 0x63, 0x08,
    0x63, 0x08, 0x63, 0x08, 0x63, 0x08, 0x63, 0x08, 0x63, 0x08, 0x63, 0x08, 0x63, 0x08, 0x63, 0x08,
    0x63, 0x08, 0x63, 0x08, 0x63, 0x08, 0x63, 0x08, 0x63, 0x08, 0x63, 0x08, 0x63, 0x08, 0x63, 0x00,
    0x63, 0x00, 0x63, 0x00, 0x63, 0x00, 0x63, 0x00, 0x63, 0x00, 0x63, 0x00, 0x63, 0x00, 0x63, 0x00,
    0x63, 0x00, 0x63, 0x00, 0x63, 0x00, 0x63, 0x00, 0x63, 0x00, 0x63, 0x00, 0x63, 0x00, 0x63, 0x00,
    0x62, 0x00, 0x63, 0x00, 0x63, 0x00, 0x63, 0x00, 0x63, 0x00, 0x63, 0x00, 0x63, 0x00, 0x63, 0x00,
    0x63, 0x00, 0x63, 0x00, 0x63, 0x00, 0x63, 0x00, 0x63, 0x00, 0x63, 0x00, 0x63, 0x00, 0x63, 0x00,
    0x63, 0x00, 0x63, 0x00, 0x63, 0x00, 0x63, 0x00, 0x63, 0x08, 0x63, 0x08, 0x63, 0x08, 0x63, 0x08,
    0x63, 0x08, 0x63, 0x08, 0x63, 0x08, 0x63, 0x08, 0x63, 0x08, 0x63, 0x08, 0x63, 0x08, 0x63, 0x08,
    0x63, 0x08, 0x63, 0x08, 0x63, 0x08, 0x63, 0x08, 0x63, 0x08, 0x63, 0x08, 0x63, 0x08, 0x63, 0x08,
    0x63, 0x08, 0x63, 0x08, 0x63, 0x08, 0x63, 0x08, 0x63, 0x08, 0x63, 0x08, 0x63, 0x08, 0x63, 0x08,
    0x63, 0x08, 0x63, 0x08, 0x63, 0x08, 0x63, 0x08, 0x63, 0x08, 0x63, 0x08, 0x63, 0x08, 0x63, 0x08,
    0x63, 0x08, 0x63, 0x08, 0x63, 0x08, 0x63, 0x08, 0x63, 0x08, 0x63, 0x08, 0x63, 0x08, 0x63, 0x08,
    0x63, 0x08, 0x63, 0x08, 0x63, 0x08, 0x63, 0x08, 0x63, 0x08, 0x63, 0x08, 0x63, 0x08, 0x63, 0x08,
    0x83, 0x08, 0x83, 0x08, 0x83, 0x08, 0x83, 0x08, 0x83, 0x08, 0x83, 0x08, 0x83, 0x08, 0x83, 0x08,
    0x83, 0x08, 0x83, 0x08, 0x83, 0x08, 0x83, 0x08, 0x83, 0x08, 0x83, 0x08, 0x83, 0x08, 0x83, 0x08,
    0x83, 0x08, 0x83, 0x08, 0x83, 0x08, 0x83, 0x08, 0x83, 0x08, 0x83, 0x08, 0x83, 0x08, 0x83, 0x08,
    0x83, 0x08, 0x83, 0x08, 0x83, 0x08, 0x83, 0x08, 0x83, 0x08, 0x83, 0x08, 0x83, 0x08, 0x83, 0x08,
    0x83, 0x08, 0x83, 0x08, 0x83, 0x08, 0x83, 0x08, 0x83, 0x08, 0x83, 0x08, 0x83, 0x08, 0x83, 0x08,
    0x83, 0x08, 0x83, 0x08, 0x83, 0x08, 0x83, 0x08, 0x83, 0x08, 0x83, 0x08, 0x83, 0x08, 0x83, 0x08,
    0x83, 0x08, 0x83, 0x08, 0x83, 0x08, 0x83, 0x08, 0x83, 0x08, 0x83, 0x08, 0x83, 0x08, 0x83, 0x08,
    0x83, 0x08, 0x83, 0x08, 0x83, 0x08, 0x83, 0x08, 0x83, 0x08, 0x83, 0x08, 0x83, 0x08, 0x83, 0x08,
    0x83, 0x08, 0x83, 0x08, 0x83, 0x08, 0x83, 0x08, 0x83, 0x08, 0x83, 0x08, 0x83, 0x08, 0x83, 0x08,
    0x83, 0x08, 0x83, 0x08, 0x83, 0x08, 0x83, 0x08, 0x83, 0x08, 0x83, 0x08, 0x83, 0x08, 0x83, 0x08,
    0x83, 0x08, 0x83, 0x08, 0x83, 0x08, 0x83, 0x08, 0x83, 0x08, 0x83, 0x08, 0x83, 0x08, 0x83, 0x08,
    0x83, 0x08, 0x83, 0x08, 0x83, 0x08, 0x83, 0x08, 0x83, 0x08, 0x83, 0x08, 0x83, 0x08, 0x83, 0x08,
    0x83, 0x08, 0x63, 0x08, 0x63, 0x08, 0x63, 0x08, 0x63, 0x08, 0x63, 0x08, 0x63, 0x08, 0x63, 0x08,
    0x63, 0x08, 0x63, 0x08, 0x63, 0x08, 0x63, 0x08, 0x63, 0x08, 0x63, 0x08, 0x63, 0x08, 0x63, 0x08,
    0x63, 0x08, 0x63, 0x08, 0x63, 0x08, 0x63, 0x08, 0x63, 0x08, 0x63, 0x08, 0x63, 0x08, 0x63, 0x08,
    0x63, 0x08, 0x63, 0x08, 0x63, 0x08, 0x63, 0x08, 0x63, 0x08, 0x63, 0x08, 0x63, 0x08, 0x63, 0x08,
    0x63, 0x08, 0x63, 0x08, 0x63, 0x08, 0x63, 0x08, 0x63, 0x08, 0x63, 0x08, 0x63, 0x08, 0x63, 0x08,
    0x63, 0x08, 0x63, 0x08, 0x63, 0x08, 0x63, 0x08, 0x63, 0x08, 0x63, 0x08, 0x63, 0x08, 0x63, 0x08,
    0x63, 0x08, 0x63, 0x08, 0x63, 0x08, 0x63, 0x08, 0x63, 0x08, 0x63, 0x00, 0x63, 0x00, 0x63, 0x00,
    0x63, 0x00, 0x63, 0x00, 0x63, 0x00, 0x63, 0x00, 0x63, 0x00, 0x63, 0x00, 0x63, 0x00, 0x63, 0x00,
    0x63, 0x00, 0x63, 0x00, 0x63, 0x00, 0x63, 0x00, 0x63, 0x00, 0x63, 0x00, 0x63, 0x00, 0x63, 0x00,
    0x63, 0x00, 0x63, 0x00, 0x63, 0x00, 0x63, 0x00, 0x63, 0x00, 0x63, 0x00, 0x63, 0x00, 0x63, 0x00,
    0x63, 0x00, 0x63, 0x00, 0x63, 0x00, 0x63, 0x08, 0x63, 0x08, 0x63, 0x08, 0x63, 0x08, 0x63, 0x08,
    0x63, 0x08, 0x63, 0x08, 0x63, 0x08, 0x63, 0x08, 0x63, 0x08, 0x63, 0x08, 0x63, 0x08, 0x63, 0x08,
    0x63, 0x08, 0x63, 0x08, 0x63, 0x08, 0x63, 0x08, 0x63, 0x08, 0x63, 0x08, 0x63, 0x08, 0x63, 0x08,
    0x63, 0x08, 0x63, 0x08, 0x63, 0x08, 0x63, 0x08, 0x63, 0x08, 0x63, 0x08, 0x63, 0x08, 0x63, 0x08,
    0x63, 0x08, 0x63, 0x08, 0x63, 0x08, 0x63, 0x08, 0x63, 0x08, 0x63, 0x08, 0x63, 0x08, 0x63, 0x08,
    0x63, 0x08, 0x63, 0x08, 0x83, 0x08, 0x83, 0x08, 0x83, 0x08, 0x83, 0x08, 0x83, 0x08, 0x83, 0x08,
    0x83, 0x08, 0x83, 0x08, 0x83, 0x08, 0x83, 0x08, 0x83, 0x08, 0x83, 0x08, 0x83, 0x08, 0x83, 0x08,
    0x83, 0x08, 0x83, 0x08, 0x83, 0x08, 0x83, 0x08, 0x83, 0x08, 0x83, 0x08, 0x83, 0x08, 0x83, 0x08,
    0x83, 0x08, 0x83, 0x08, 0x83, 0x08, 0x83, 0x08, 0x83, 0x08, 0x83, 0x08, 0x83, 0x08, 0x83, 0x08,
    0x83, 0x08, 0x83, 0x08, 0x83, 0x08, 0x83, 0x08, 0x84, 0x08, 0x84, 0x08, 0x84, 0x08, 0x84, 0x08,
    0x84, 0x08, 0x84, 0x08, 0x84, 0x08, 0x84, 0x08, 0x84, 0x08, 0x84, 0x08, 0x84, 0x08, 0x84, 0x08,
    0x84, 0x08, 0x84, 0x08, 0x84, 0x08, 0x84, 0x08, 0x84, 0x08, 0x84, 0x08, 0x84, 0x08, 0x84, 0x08,
    0x84, 0x08, 0x84, 0x08, 0x84, 0x08, 0x84, 0x08, 0x84, 0x08, 0x84, 0x08, 0x84, 0x08, 0x84, 0x08,
    0x84, 0x08, 0x84, 0x08, 0x84, 0x08, 0x84, 0x08, 0x84, 0x08, 0x84, 0x08, 0x84, 0x08, 0x84, 0x08,
    0x84, 0x08, 0x84, 0x08, 0x84, 0x08, 0x84, 0x08, 0x84, 0x08, 0x84, 0x08, 0x84, 0x08, 0x84, 0x08,
    0x84, 0x08, 0x84, 0x08, 0x84, 0x08, 0x84, 0x08, 0x84, 0x08, 0x84, 0x08, 0x84, 0x08, 0x84, 0x08,
    0x84, 0x08, 0x84, 0x08, 0x84, 0x08, 0x84, 0x08, 0x84, 0x08, 0x84, 0x08, 0x84, 0x08, 0x84, 0x08,
    0x84, 0x08, 0x84, 0x08, 0x84, 0x08, 0x84, 0x08, 0x84, 0x08, 0x84, 0x08, 0x84, 0x08, 0x84, 0x08,
    0x84, 0x08, 0x84, 0x08, 0x84, 0x08, 0x84, 0x08, 0x84, 0x08, 0x83, 0x08, 0x83, 0x08, 0x83, 0x08,
    0x83, 0x08, 0x83, 0x08, 0x83, 0x08, 0x83, 0x08, 0x83, 0x08, 0x83, 0x08, 0x83, 0x08, 0x83, 0x08,
    0x83, 0x08, 0x83, 0x08, 0x83, 0x08, 0x83, 0x08, 0x83, 0x08, 0x83, 0x08, 0x83, 0x08, 0x83, 0x08,
    0x83, 0x08, 0x83, 0x08, 0x83, 0x08, 0x83, 0x08, 0x83, 0x08, 0x83, 0x08, 0x83, 0x08, 0x83, 0x08,
    0x83, 0x08, 0x83, 0x08, 0x83, 0x08, 0x83, 0x08, 0x83, 0x08, 0x83, 0x08, 0x83, 0x08, 0x63, 0x08,
    0x63, 0x08, 0x63, 0x08, 0x63, 0x08, 0x63, 0x08, 0x63, 0x08, 0x63, 0x08, 0x63, 0x08, 0x63, 0x08,
    0x63, 0x08, 0x63, 0x08, 0x63, 0x08, 0x63, 0x08, 0x63, 0x08, 0x63, 0x08, 0x63, 0x08, 0x63, 0x08,
    0x63, 0x08, 0x63, 0x08, 0x63, 0x08, 0x63, 0x08, 0x63, 0x08, 0x63, 0x08, 0x63, 0x08, 0x63, 0x08,
    0x63, 0x08, 0x63, 0x08, 0x63, 0x08, 0x63, 0x08, 0x63, 0x08, 0x63, 0x08, 0x63, 0x08, 0x63, 0x08,
    0x63, 0x08, 0x63, 0x08, 0x63, 0x08, 0x63, 0x08, 0x63, 0x08, 0x63, 0x08, 0x63, 0x00, 0x63, 0x00,
    0x63, 0x00, 0x63, 0x00, 0x63, 0x00, 0x63, 0x00, 0x63, 0x00, 0x63, 0x00, 0x63, 0x00, 0x63, 0x00,
    0x62, 0x00, 0x62, 0x00, 0x62, 0x00, 0x62, 0x00, 0x62, 0x00, 0x62, 0x00, 0x62, 0x00, 0x63, 0x00,
    0x63, 0x00, 0x63, 0x00, 0x63, 0x00, 0x63, 0x00, 0x63, 0x00, 0x63, 0x00, 0x63, 0x00, 0x63, 0x00,
    0x63, 0x00, 0x63, 0x00, 0x63, 0x00, 0x63, 0x00, 0x63, 0x00, 0x63, 0x00, 0x63, 0x00, 0x63, 0x00,
    0x63, 0x00, 0x63, 0x08, 0x63, 0x08, 0x63, 0x08, 0x63, 0x08, 0x63, 0x08, 0x63, 0x08, 0x63, 0x08,
    0x63, 0x08, 0x63, 0x08, 0x63, 0x08, 0x63, 0x08, 0x63, 0x08, 0x63, 0x08, 0x63, 0x08, 0x63, 0x08,
    0x63, 0x08, 0x63, 0x08, 0x63, 0x08, 0x63, 0x08, 0x63, 0x08, 0x63, 0x08, 0x63, 0x08, 0x63, 0x08,
    0x63, 0x08, 0x63, 0x08, 0x63, 0x08, 0x63, 0x08, 0x63, 0x08, 0x63, 0x08, 0x63, 0x08, 0x63, 0x08,
    0x63, 0x08, 0x63, 0x08, 0x63, 0x08, 0x63, 0x08, 0x63, 0x08, 0x63, 0x08, 0x63, 0x08, 0x63, 0x08,
    0x63, 0x08, 0x63, 0x08, 0x63, 0x08, 0x63, 0x08, 0x63, 0x08, 0x63, 0x08, 0x63, 0x08, 0x63, 0x08,
    0x63, 0x08, 0x63, 0x08, 0x63, 0x08, 0x63, 0x08, 0x63, 0x08, 0x63, 0x08, 0x63, 0x08, 0x63, 0x08,
    0x63, 0x08, 0x63, 0x08, 0x63, 0x08, 0x63, 0x08, 0x63, 0x08, 0x63, 0x08, 0x83, 0x08, 0x83, 0x08,
    0x83, 0x08, 0x83, 0x08, 0x83, 0x08, 0x83, 0x08, 0x83, 0x08, 0x83, 0x08, 0x83, 0x08, 0x83, 0x08,
    0x83, 0x08, 0x83, 0x08, 0x83, 0x08, 0x83, 0x08, 0x83, 0x08, 0x83, 0x08, 0x83, 0x08, 0x83, 0x08,
    0x83, 0x08, 0x83, 0x08, 0x83, 0x08, 0x83, 0x08, 0x83, 0x08, 0x83, 0x08, 0x83, 0x08, 0x83, 0x08,
    0x83, 0x08, 0x83, 0x08, 0x83, 0x08, 0x83, 0x08, 0x83, 0x08, 0x83, 0x08, 0x83, 0x08, 0x83, 0x08,
    0x83, 0x08, 0x83, 0x08, 0x83, 0x08, 0x83, 0x08, 0x83, 0x08, 0x83, 0x08, 0x83, 0x08, 0x83, 0x08,
    0x83, 0x08, 0x83, 0x08, 0x83, 0x08, 0x83, 0x08, 0x83, 0x08, 0x83, 0x08, 0x83, 0x08, 0x83, 0x08,
    0x83, 0x08, 0x83, 0x08, 0x83, 0x08, 0x83, 0x08, 0x83, 0x08, 0x83, 0x08, 0x83, 0x08, 0x83, 0x08,
    0x83, 0x08, 0x83, 0x08, 0x83, 0x08, 0x83, 0x08, 0x83, 0x08, 0x83, 0x08, 0x83, 0x08, 0x83, 0x08,
    0x83, 0x08, 0x83, 0x08, 0x83, 0x08, 0x63, 0x08, 0x63, 0x08, 0x63, 0x08, 0x63, 0x08, 0x63, 0x08,
    0x63, 0x08, 0x63, 0x08, 0x63, 0x08, 0x63, 0x08, 0x63, 0x08, 0x63, 0x08, 0x63, 0x08, 0x63, 0x08,
    0x63, 0x08, 0x63, 0x08, 0x63, 0x08, 0x63, 0x08, 0x63, 0x08, 0x63, 0x08, 0x63, 0x08, 0x63, 0x08,
    0x63, 0x08, 0x63, 0x08, 0x63, 0x08, 0x63, 0x08, 0x63, 0x08, 0x63, 0x08, 0x63, 0x08, 0x63, 0x08,
    0x63, 0x08, 0x63, 0x08, 0x63, 0x08, 0x63, 0x08, 0x63, 0x08, 0x63, 0x08, 0x63, 0x08, 0x63, 0x08,
    0x63, 0x08, 0x63, 0x08, 0x63, 0x08, 0x63, 0x08, 0x63, 0x08, 0x63, 0x08, 0x63, 0x08, 0x63, 0x08,
    0x63, 0x08, 0x63, 0x08, 0x63, 0x08, 0x63, 0x08, 0x63, 0x08, 0x63, 0x08, 0x63, 0x08, 0x63, 0x08,
    0x63, 0x08, 0x63, 0x08, 0x63, 0x08, 0x63, 0x08, 0x63, 0x08, 0x63, 0x08, 0x63, 0x08, 0x63, 0x08,
    0x63, 0x00, 0x63, 0x00, 0x63, 0x00, 0x63, 0x00, 0x63, 0x00, 0x63, 0x00, 0x63, 0x00, 0x63, 0x00,
    0x63, 0x00, 0x63, 0x00, 0x63, 0x00, 0x63, 0x00, 0x63, 0x00, 0x63, 0x00, 0x63, 0x00, 0x63, 0x00,
    0x63, 0x00, 0x63, 0x00, 0x62, 0x00, 0x62, 0x00, 0x62, 0x00, 0x62, 0x00, 0x62, 0x00, 0x62, 0x00,
    0x42, 0x00, 0x42, 0x00, 0x42, 0x00, 0x62, 0x00, 0x62, 0x00, 0x62, 0x00, 0x62, 0x00, 0x62, 0x00,
    0x62, 0x00, 0x62, 0x00, 0x63, 0x00, 0x63, 0x00, 0x63, 0x00, 0x63, 0x00, 0x63, 0x00, 0x63, 0x00,
    0x63, 0x00, 0x63, 0x00, 0x63, 0x00, 0x63, 0x00, 0x63, 0x00, 0x63, 0x00, 0x63, 0x00, 0x63, 0x00,
    0x63, 0x00, 0x63, 0x00, 0x63, 0x00, 0x63, 0x08, 0x63, 0x08, 0x63, 0x08, 0x63, 0x08, 0x63, 0x08,
    0x63, 0x08, 0x63, 0x08, 0x63, 0x08, 0x63, 0x08, 0x63, 0x08, 0x63, 0x08, 0x63, 0x08, 0x63, 0x08,
    0x63, 0x08, 0x63, 0x08, 0x63, 0x08, 0x63, 0x08, 0x63, 0x08, 0x63, 0x08, 0x63, 0x08, 0x63, 0x08,
    0x63, 0x08, 0x63, 0x08, 0x63, 0x08, 0x63, 0x08, 0x63, 0x08, 0x63, 0x08, 0x63, 0x08, 0x63, 0x08,
    0x63, 0x08, 0x63, 0x08, 0x63, 0x08, 0x63, 0x08, 0x63, 0x08, 0x63, 0x08, 0x63, 0x08, 0x63, 0x08,
    0x63, 0x08, 0x63, 0x08, 0x63, 0x08, 0x63, 0x08, 0x63, 0x08, 0x63, 0x08, 0x63, 0x08, 0x63, 0x08,
    0x63, 0x08, 0x63, 0x08, 0x63, 0x08, 0x63, 0x08, 0x63, 0x08, 0x63, 0x08, 0x63, 0x08, 0x63, 0x08,
    0x63, 0x08, 0x63, 0x08, 0x63, 0x08, 0x63, 0x08, 0x63, 0x08, 0x63, 0x08, 0x63, 0x08, 0x63, 0x08,
    0x63, 0x08, 0x63, 0x08, 0x63, 0x08, 0x63, 0x08, 0x63, 0x08, 0x63, 0x08, 0x63, 0x08, 0x63, 0x08,
    0x83, 0x08, 0x83, 0x08, 0x83, 0x08, 0x83, 0x08, 0x83, 0x08, 0x83, 0x08, 0x83, 0x08, 0x83, 0x08,
    0x83, 0x08, 0x83, 0x08, 0x83, 0x08, 0x83, 0x08, 0x83, 0x08, 0x83, 0x08, 0x83, 0x08, 0x83, 0x08,
    0x83, 0x08, 0x83, 0x08, 0x83, 0x08, 0x83, 0x08, 0x83, 0x08, 0x83, 0x08, 0x83, 0x08, 0x83, 0x08,
    0x83, 0x08, 0x83, 0x08, 0x83, 0x08, 0x83, 0x08, 0x83, 0x08, 0x83, 0x08, 0x83, 0x08, 0x83, 0x08,
    0x83, 0x08, 0x83, 0x08, 0x83, 0x08, 0x83, 0x08, 0x83, 0x08, 0x83, 0x08, 0x83, 0x08, 0x83, 0x08,
    0x83, 0x08, 0x83, 0x08, 0x83, 0x08, 0x83, 0x08, 0x83, 0x08, 0x83, 0x08, 0x83, 0x08, 0x83, 0x08,
    0x83, 0x08, 0x63, 0x08, 0x63, 0x08, 0x63, 0x08, 0x63, 0x08, 0x63, 0x08, 0x63, 0x08, 0x63, 0x08,
    0x63, 0x08, 0x63, 0x08, 0x63, 0x08, 0x63, 0x08, 0x63, 0x08, 0x63, 0x08, 0x63, 0x08, 0x63, 0x08,
    0x63, 0x08, 0x63, 0x08, 0x63, 0x08, 0x63, 0x08, 0x63, 0x08, 0x63, 0x08, 0x63, 0x08, 0x63, 0x08,
    0x63, 0x08, 0x63, 0x08, 0x63, 0x08, 0x63, 0x08, 0x63, 0x08, 0x63, 0x08, 0x63, 0x08, 0x63, 0x08,
    0x63, 0x08, 0x63, 0x08, 0x63, 0x08, 0x63, 0x08, 0x63, 0x08, 0x63, 0x08, 0x63, 0x08, 0x63, 0x08,
    0x63, 0x08, 0x63, 0x08, 0x63, 0x08, 0x63, 0x08, 0x63, 0x08, 0x63, 0x08, 0x63, 0x08, 0x63, 0x08,
    0x63, 0x08, 0x63, 0x08, 0x63, 0x08, 0x63, 0x08, 0x63, 0x08, 0x63, 0x08, 0x63, 0x08, 0x63, 0x08,
    0x63, 0x08, 0x63, 0x08, 0x63, 0x08, 0x63, 0x08, 0x63, 0x08, 0x63, 0x08, 0x63, 0x08, 0x63, 0x08,
    0x63, 0x08, 0x63, 0x08, 0x63, 0x08, 0x63, 0x08, 0x63, 0x08, 0x63, 0x08, 0x63, 0x00, 0x63, 0x00,
    0x63, 0x00, 0x63, 0x00, 0x63, 0x00, 0x63, 0x00, 0x63, 0x00, 0x63, 0x00, 0x63, 0x00, 0x63, 0x00,
    0x63, 0x00, 0x63, 0x00, 0x63, 0x00, 0x63, 0x00, 0x63, 0x00, 0x63, 0x00, 0x63, 0x00, 0x62, 0x00,
    0x62, 0x00, 0x62, 0x00, 0x62, 0x00, 0x62, 0x00, 0x62, 0x00, 0x62, 0x00, 0x42, 0x00, 0x42, 0x00,
    0x63, 0x00, 0x63, 0x00, 0x63, 0x00, 0x63, 0x00, 0x63, 0x00, 0x63, 0x00, 0x63, 0x00, 0x63, 0x00,
    0x63, 0x00, 0x63, 0x00, 0x63, 0x00, 0x63, 0x00, 0x63, 0x00, 0x63, 0x00, 0x63, 0x00, 0x63, 0x00,
    0x63, 0x00, 0x63, 0x00, 0x63, 0x08, 0x63, 0x08, 0x63, 0x08, 0x63, 0x08, 0x63, 0x08, 0x63, 0x08,
    0x63, 0x08, 0x63, 0x08, 0x63, 0x08, 0x63, 0x08, 0x63, 0x08, 0x63, 0x08, 0x63, 0x08, 0x63, 0x08,
    0x63, 0x08, 0x63, 0x08, 0x63, 0x08, 0x63, 0x08, 0x63, 0x08, 0x63, 0x08, 0x63, 0x08, 0x63, 0x08,
    0x63, 0x08, 0x63, 0x08, 0x63, 0x08, 0x63, 0x08, 0x63, 0x08, 0x63, 0x08, 0x63, 0x08, 0x63, 0x08,
    0x63, 0x08, 0x63, 0x08, 0x63, 0x08, 0x63, 0x08, 0x63, 0x08, 0x63, 0x08, 0x63, 0x08, 0x63, 0x08,
    0x63, 0x08, 0x63, 0x08, 0x63, 0x08, 0x63, 0x08, 0x63, 0x08, 0x63, 0x08, 0x63, 0x08, 0x63, 0x08,
    0x83, 0x08, 0x83, 0x08, 0x83, 0x08, 0x83, 0x08, 0x83, 0x08, 0x83, 0x08, 0x83, 0x08, 0x83, 0x08,
    0x83, 0x08, 0x83, 0x08, 0x83, 0x08, 0x83, 0x08, 0x83, 0x08, 0x83, 0x08, 0x83, 0x08, 0x83, 0x08,
    0x83, 0x08, 0x83, 0x08, 0x83, 0x08, 0x83, 0x08, 0x83, 0x08, 0x83, 0x08, 0x83, 0x08, 0x83, 0x08,
    0x83, 0x08, 0x83, 0x08, 0x83, 0x08, 0x83, 0x08, 0x83, 0x08, 0x83, 0x08, 0x83, 0x08, 0x83, 0x08,
    0x83, 0x08, 0x83, 0x08, 0x83, 0x08, 0x83, 0x08, 0x83, 0x08, 0x83, 0x08, 0x83, 0x08, 0x83, 0x08,
    0x83, 0x08, 0x83, 0x08, 0x83, 0x08, 0x83, 0x08, 0x83, 0x08, 0x83, 0x08, 0x83, 0x08, 0x83, 0x08,
    0x83, 0x08, 0x83, 0x08, 0x83, 0x08, 0x83, 0x08, 0x83, 0x08, 0x83, 0x08, 0x83, 0x08, 0x83, 0x08,
    0x83, 0x08, 0x83, 0x08, 0x83, 0x08, 0x83, 0x08, 0x83, 0x08, 0x83, 0x08, 0x83, 0x08, 0x83, 0x08,
    0x83, 0x08, 0x83, 0x08, 0x83, 0x08, 0x83, 0x08, 0x83, 0x08, 0x83, 0x08, 0x83, 0x08, 0x83, 0x08,
    0x83, 0x08, 0x83, 0x08, 0x83, 0x08, 0x83, 0x08, 0x83, 0x08, 0x83, 0x08, 0x83, 0x08, 0x83, 0x08,
    0x83, 0x08, 0x83, 0x08, 0x83, 0x08, 0x83, 0x08, 0x83, 0x08, 0x83, 0x08, 0x83, 0x08, 0x83, 0x08,
    0x83, 0x08, 0x83, 0x08, 0x83, 0x08, 0x83, 0x08, 0x83, 0x08, 0x83, 0x08, 0x83, 0x08, 0x83, 0x08,
    0x83, 0x08, 0x83, 0x08, 0x83, 0x08, 0x83, 0x08, 0x83, 0x08, 0x83, 0x08, 0x83, 0x08, 0x83, 0x08,
    0x83, 0x08, 0x83, 0x08, 0x83, 0x08, 0x83, 0x08, 0x83, 0x08, 0x83, 0x08, 0x83, 0x08, 0x83, 0x08,
    0x83, 0x08, 0x63, 0x08, 0x63, 0x08, 0x63, 0x08, 0x63, 0x08, 0x63, 0x08, 0x63, 0x08, 0x63, 0x08,
    0x63, 0x08, 0x63, 0x08, 0x63, 0x08, 0x63, 0x08, 0x63, 0x08, 0x63, 0x08, 0x63, 0x08, 0x63, 0x08,
    0x63, 0x08, 0x63, 0x08, 0x63, 0x08, 0x63, 0x08, 0x63, 0x08, 0x63, 0x08, 0x63, 0x08, 0x63, 0x08,
    0x63, 0x08, 0x63, 0x08, 0x63, 0x08, 0x63, 0x08, 0x63, 0x08, 0x63, 0x08, 0x63, 0x08, 0x63, 0x08,
    0x63, 0x08, 0x63, 0x08, 0x63, 0x08, 0x63, 0x08, 0x63, 0x08, 0x63, 0x08, 0x63, 0x08, 0x63, 0x08,
    0x63, 0x08, 0x63, 0x08, 0x63, 0x08, 0x63, 0x08, 0x63, 0x08, 0x63, 0x08, 0x63, 0x08, 0x63, 0x00,
    0x63, 0x00, 0x63, 0x00, 0x63, 0x00, 0x63, 0x00, 0x63, 0x00, 0x63, 0x00, 0x63, 0x00, 0x63, 0x00,
    0x63, 0x00, 0x63, 0x00, 0x63, 0x00, 0x63, 0x00, 0x63, 0x00, 0x63, 0x00, 0x63, 0x00, 0x63, 0x00,
    0x42, 0x00, 0x42, 0x00, 0x42, 0x00, 0x42, 0x00, 0x42, 0x00, 0x42, 0x00, 0x42, 0x00, 0x42, 0x00,
    0x62, 0x00, 0x62, 0x00, 0x62, 0x00, 0x62, 0x00, 0x62, 0x00, 0x62, 0x00, 0x62, 0x00, 0x63, 0x00,
    0x63, 0x00, 0x63, 0x00, 0x63, 0x00, 0x63, 0x00, 0x63, 0x00, 0x63, 0x00, 0x63, 0x00, 0x63, 0x00,
    0x63, 0x00, 0x63, 0x00, 0x63, 0x00, 0x63, 0x00, 0x63, 0x00, 0x63, 0x00, 0x63, 0x00, 0x63, 0x00,
    0x63, 0x00, 0x63, 0x08, 0x63, 0x08, 0x63, 0x08, 0x63, 0x08, 0x63, 0x08, 0x63, 0x08, 0x63, 0x08,
    0x63, 0x08, 0x63, 0x08, 0x63, 0x08, 0x63, 0x08, 0x63, 0x08, 0x63, 0x08, 0x63, 0x08, 0x63, 0x08,
    0x63, 0x08, 0x63, 0x08, 0x63, 0x08, 0x63, 0x08, 0x63, 0x08, 0x63, 0x08, 0x63, 0x08, 0x63, 0x08,
    0x63, 0x08, 0x63, 0x08, 0x63, 0x08, 0x63, 0x08, 0x63, 0x08, 0x63, 0x08, 0x63, 0x08, 0x63, 0x08,
    0x63, 0x08, 0x63, 0x08, 0x63, 0x08, 0x63, 0x08, 0x63, 0x08, 0x63, 0x08, 0x63, 0x08, 0x63, 0x08,
    0x63, 0x08, 0x63, 0x08, 0x63, 0x08, 0x63, 0x08, 0x63, 0x08, 0x63, 0x08, 0x63, 0x08, 0x63, 0x08,
    0x63, 0x08, 0x63, 0x08, 0x63, 0x08, 0x63, 0x08, 0x63, 0x08, 0x63, 0x08, 0x63, 0x08, 0x63, 0x08,
    0x63, 0x08, 0x63, 0x08, 0x63, 0x08, 0x63, 0x08, 0x63, 0x08, 0x63, 0x08, 0x63, 0x08, 0x63, 0x08,
    0x63, 0x08, 0x63, 0x08, 0x63, 0x08, 0x63, 0x08, 0x63, 0x08, 0x63, 0x08, 0x63, 0x08, 0x63, 0x08,
    0x63, 0x08, 0x63, 0x08, 0x63, 0x08, 0x63, 0x08, 0x63, 0x08, 0x63, 0x08, 0x63, 0x08, 0x63, 0x08,
    0x63, 0x08, 0x63, 0x08, 0x63, 0x08, 0x63, 0x08, 0x63, 0x08, 0x63, 0x08, 0x63, 0x08, 0x63, 0x08,
    0x63, 0x08, 0x63, 0x08, 0x63, 0x08, 0x63, 0x08, 0x63, 0x08, 0x63, 0x08, 0x63, 0x08, 0x63, 0x08,
    0x63, 0x08, 0x63, 0x08, 0x63, 0x08, 0x63, 0x08, 0x63, 0x08, 0x63, 0x08, 0x63, 0x08, 0x63, 0x08,
    0x63, 0x08, 0x63, 0x08, 0x63, 0x08, 0x63, 0x08, 0x63, 0x08, 0x63, 0x08, 0x63, 0x08, 0x63, 0x08,
    0x63, 0x08, 0x63, 0x08, 0x63, 0x08, 0x63, 0x08, 0x63, 0x08, 0x63, 0x08, 0x63, 0x08, 0x63, 0x08,
    0x63, 0x08, 0x63, 0x08, 0x63, 0x08, 0x63, 0x08, 0x63, 0x08, 0x63, 0x08, 0x63, 0x08, 0x63, 0x08,
    0x63, 0x08, 0x63, 0x08, 0x63, 0x08, 0x63, 0x08, 0x63, 0x08, 0x63, 0x08, 0x63, 0x08, 0x63, 0x08,
    0x63, 0x08, 0x63, 0x08, 0x63, 0x08, 0x63, 0x08, 0x63, 0x08, 0x63, 0x08, 0x63, 0x08, 0x63, 0x08,
    0x63, 0x08, 0x63, 0x08, 0x63, 0x08, 0x63, 0x08, 0x63, 0x08, 0x63, 0x08, 0x63, 0x08, 0x63, 0x08,
    0x63, 0x08, 0x63, 0x08, 0x63, 0x08, 0x63, 0x08, 0x63, 0x08, 0x63, 0x08, 0x63, 0x08, 0x63, 0x08,
    0x63, 0x08, 0x63, 0x08, 0x63, 0x08, 0x63, 0x08, 0x63, 0x08, 0x63, 0x08, 0x63, 0x08, 0x63, 0x08,
    0x63, 0x08, 0x63, 0x08, 0x63, 0x08, 0x63, 0x08, 0x63, 0x08, 0x63, 0x08, 0x63, 0x08, 0x63, 0x08,
    0x63, 0x00, 0x63, 0x00, 0x63, 0x00, 0x63, 0x00, 0x63, 0x00, 0x63, 0x00, 0x63, 0x00, 0x63, 0x00,
    0x63, 0x00, 0x63, 0x00, 0x63, 0x00, 0x63, 0x00, 0x63, 0x00, 0x63, 0x00, 0x63, 0x00, 0x63, 0x00,
    0x63, 0x00, 0x63, 0x00, 0x62, 0x00, 0x62, 0x00, 0x62, 0x00, 0x62, 0x00, 0x62, 0x00, 0x62, 0x00,
    0x62, 0x00, 0x42, 0x00, 0x42, 0x00, 0x42, 0x00, 0x42, 0x00, 0x42, 0x00, 0x42, 0x00, 0x42, 0x00,
    0x42, 0x00, 0x42, 0x00, 0x42, 0x00, 0x42, 0x00, 0x42, 0x00, 0x42, 0x00, 0x42, 0x00, 0x42, 0x00,
    0x42, 0x00, 0x42, 0x00, 0x42, 0x00, 0x62, 0x00, 0x62, 0x00, 0x62, 0x00, 0x62, 0x00, 0x62, 0x00,
    0x62, 0x00, 0x62, 0x00, 0x62, 0x00, 0x63, 0x00, 0x63, 0x00, 0x63, 0x00, 0x63, 0x00, 0x63, 0x00,
    0x63, 0x00, 0x63, 0x00, 0x63, 0x00, 0x63, 0x00, 0x63, 0x00, 0x63, 0x00, 0x63, 0x00, 0x63, 0x00,
    0x63, 0x00, 0x63, 0x00, 0x63, 0x00, 0x63, 0x08, 0x63, 0x08, 0x63, 0x08, 0x63, 0x08, 0x63, 0x08,
    0x63, 0x08, 0x63, 0x08, 0x63, 0x08, 0x63, 0x08, 0x63, 0x08, 0x63, 0x08, 0x63, 0x08, 0x63, 0x08,
    0x63, 0x08, 0x63, 0x08, 0x63, 0x08, 0x63, 0x08, 0x63, 0x08, 0x63, 0x08, 0x63, 0x08, 0x63, 0x08,
    0x63, 0x08, 0x63, 0x08, 0x63, 0x08, 0x63, 0x08, 0x63, 0x08, 0x63, 0x08, 0x63, 0x08, 0x63, 0x08,
    0x63, 0x08, 0x63, 0x08, 0x63, 0x08, 0x63, 0x08, 0x63, 0x08, 0x63, 0x08, 0x63, 0x08, 0x63, 0x08,
    0x63, 0x08, 0x63, 0x08, 0x63, 0x08, 0x63, 0x08, 0x63, 0x08, 0x63, 0x08, 0x63, 0x08, 0x63, 0x08,
    0x63, 0x08, 0x63, 0x08, 0x63, 0x08, 0x63, 0x08, 0x63, 0x08, 0x63, 0x08, 0x63, 0x08, 0x63, 0x08,
    0x63, 0x08, 0x63, 0x08, 0x63, 0x08, 0x63, 0x08, 0x63, 0x08, 0x63, 0x08, 0x63, 0x08, 0x63, 0x08,
    0x63, 0x08, 0x63, 0x08, 0x63, 0x08, 0x63, 0x08, 0x63, 0x08, 0x63, 0x08, 0x63, 0x08, 0x63, 0x08,
    0x63, 0x08, 0x63, 0x08, 0x63, 0x08, 0x63, 0x08, 0x63, 0x08, 0x63, 0x08, 0x63, 0x08, 0x63, 0x08,
    0x63, 0x08, 0x63, 0x08, 0x63, 0x08, 0x63, 0x08, 0x63, 0x08, 0x63, 0x08, 0x63, 0x08, 0x63, 0x08,
    0x63, 0x08, 0x63, 0x08, 0x63, 0x08, 0x63, 0x08, 0x63, 0x08, 0x63, 0x08, 0x63, 0x08, 0x63, 0x08,
    0x63, 0x08, 0x63, 0x08, 0x63, 0x08, 0x63, 0x08, 0x63, 0x08, 0x63, 0x08, 0x63, 0x08, 0x63, 0x08,
    0x63, 0x08, 0x63, 0x08, 0x63, 0x08, 0x63, 0x08, 0x63, 0x08, 0x63, 0x08, 0x63, 0x08, 0x63, 0x08,
    0x63, 0x08, 0x63, 0x08, 0x63, 0x08, 0x63, 0x08, 0x63, 0x08, 0x63, 0x08, 0x63, 0x08, 0x63, 0x08,
    0x63, 0x08, 0x63, 0x08, 0x63, 0x08, 0x63, 0x08, 0x63, 0x08, 0x63, 0x08, 0x63, 0x08, 0x63, 0x08,
    0x63, 0x08, 0x63, 0x08, 0x63, 0x08, 0x63, 0x08, 0x63, 0x08, 0x63, 0x08, 0x63, 0x08, 0x63, 0x08,
    0x63, 0x08, 0x63, 0x08, 0x63, 0x08, 0x63, 0x08, 0x63, 0x08, 0x63, 0x08, 0x63, 0x08, 0x63, 0x08,
    0x63, 0x08, 0x63, 0x08, 0x63, 0x08, 0x63, 0x08, 0x63, 0x08, 0x63, 0x08, 0x63, 0x08, 0x63, 0x08,
    0x63, 0x08, 0x63, 0x08, 0x63, 0x08, 0x63, 0x08, 0x63, 0x08, 0x63, 0x08, 0x63, 0x08, 0x63, 0x08,
    0x63, 0x08, 0x63, 0x08, 0x63, 0x08, 0x63, 0x08, 0x63, 0x08, 0x63, 0x08, 0x63, 0x08, 0x63, 0x08,
    0x63, 0x08, 0x63, 0x08, 0x63, 0x08, 0x63, 0x08, 0x63, 0x08, 0x63, 0x08, 0x63, 0x00, 0x63, 0x00,
    0x63, 0x00, 0x63, 0x00, 0x63, 0x00, 0x63, 0x00, 0x63, 0x00, 0x63, 0x00, 0x63, 0x00, 0x63, 0x00,
    0x63, 0x00, 0x63, 0x00, 0x63, 0x00, 0x63, 0x00, 0x63, 0x00, 0x63, 0x00, 0x62, 0x00, 0x62, 0x00,
    0x62, 0x00, 0x62, 0x00, 0x62, 0x00, 0x62, 0x00, 0x62, 0x00, 0x62, 0x00, 0x42, 0x00, 0x42, 0x00,
    0x42, 0x00, 0x42, 0x00, 0x42, 0x00, 0x42, 0x00, 0x42, 0x00, 0x42, 0x00, 0x42, 0x00, 0x42, 0x00,
    0x42, 0x00, 0x62, 0x00, 0x62, 0x00, 0x62, 0x00, 0x62, 0x00, 0x63, 0x00, 0x63, 0x00, 0x63, 0x00,
    0x63, 0x00, 0x63, 0x00, 0x63, 0x00, 0x63, 0x00, 0x63, 0x00, 0x63, 0x00, 0x63, 0x00, 0x63, 0x00,
    0x63, 0x00, 0x63, 0x00, 0x63, 0x00, 0x63, 0x00, 0x63, 0x00, 0x63, 0x00, 0x63, 0x00, 0x63, 0x00,
    0x63, 0x00, 0x63, 0x08, 0x63, 0x08, 0x63, 0x08, 0x63, 0x08, 0x63, 0x08, 0x63, 0x08, 0x63, 0x08,
    0x63, 0x08, 0x63, 0x08, 0x63, 0x08, 0x63, 0x08, 0x63, 0x08, 0x63, 0x08, 0x63, 0x08, 0x63, 0x08,
    0x63, 0x08, 0x63, 0x08, 0x63, 0x08, 0x63, 0x08, 0x63, 0x08, 0x63, 0x08, 0x63, 0x08, 0x63, 0x08,
    0x63, 0x08, 0x63, 0x08, 0x63, 0x08, 0x63, 0x08, 0x63, 0x08, 0x63, 0x08, 0x63, 0x08, 0x63, 0x08,
    0x63, 0x08, 0x63, 0x08, 0x63, 0x08, 0x63, 0x08, 0x63, 0x08, 0x63, 0x08, 0x63, 0x08, 0x63, 0x08,
    0x63, 0x08, 0x63, 0x08, 0x63, 0x08, 0x63, 0x08, 0x63, 0x08, 0x63, 0x08, 0x63, 0x08, 0x63, 0x08,
    0x63, 0x08, 0x63, 0x08, 0x63, 0x08, 0x63, 0x08, 0x63, 0x08, 0x63, 0x08, 0x63, 0x08, 0x63, 0x08,
    0x63, 0x08, 0x63, 0x08, 0x63, 0x08, 0x83, 0x08, 0x83, 0x08, 0x83, 0x08, 0x83, 0x08, 0x83, 0x08,
    0x83, 0x08, 0x83, 0x08, 0x83, 0x08, 0x83, 0x08, 0x83, 0x08, 0x83, 0x08, 0x83, 0x08, 0x83, 0x08,
    0x83, 0x08, 0x83, 0x08, 0x83, 0x08, 0x83, 0x08, 0x83, 0x08, 0x83, 0x08, 0x83, 0x08, 0x83, 0x08,
    0x83, 0x08, 0x83, 0x08, 0x83, 0x08, 0x83, 0x08, 0x83, 0x08, 0x83, 0x08, 0x83, 0x08, 0x83, 0x08,
    0x83, 0x08, 0x83, 0x08, 0x83, 0x08, 0x83, 0x08, 0x83, 0x08, 0x83, 0x08, 0x83, 0x08, 0x83, 0x08,
    0x83, 0x08, 0x83, 0x08, 0x83, 0x08, 0x83, 0x08, 0x83, 0x08, 0x83, 0x08, 0x83, 0x08, 0x83, 0x08,
    0x83, 0x08, 0x83, 0x08, 0x83, 0x08, 0x83, 0x08, 0x83, 0x08, 0x83, 0x08, 0x83, 0x08, 0x83, 0x08,
    0x83, 0x08, 0x83, 0x08, 0x83, 0x08, 0x83, 0x08, 0x83, 0x08, 0x83, 0x08, 0x83, 0x08, 0x83, 0x08,
    0x83, 0x08, 0x83, 0x08, 0x83, 0x08, 0x83, 0x08, 0x83, 0x08, 0x83, 0x08, 0x83, 0x08, 0x83, 0x08,
    0x83, 0x08, 0x83, 0x08, 0x83, 0x08, 0x83, 0x08, 0x83, 0x08, 0x83, 0x08, 0x63, 0x08, 0x63, 0x08,
    0x63, 0x08, 0x63, 0x08, 0x63, 0x08, 0x63, 0x08, 0x63, 0x08, 0x63, 0x08, 0x63, 0x08, 0x63, 0x08,
    0x63, 0x08, 0x63, 0x08, 0x63, 0x08, 0x63, 0x08, 0x63, 0x08, 0x63, 0x08, 0x63, 0x08, 0x63, 0x08,
    0x63, 0x08, 0x63, 0x08, 0x63, 0x08, 0x63, 0x08, 0x63, 0x08, 0x63, 0x08, 0x63, 0x08, 0x63, 0x08,
    0x63, 0x08, 0x63, 0x08, 0x63, 0x08, 0x63, 0x08, 0x63, 0x08, 0x63, 0x08, 0x63, 0x08, 0x63, 0x08,
    0x63, 0x08, 0x63, 0x08, 0x63, 0x08, 0x63, 0x08, 0x63, 0x08, 0x63, 0x08, 0x63, 0x08, 0x63, 0x08,
    0x63, 0x08, 0x63, 0x08, 0x63, 0x08, 0x63, 0x08, 0x63, 0x08, 0x63, 0x08, 0x63, 0x08, 0x63, 0x08,
    0x63, 0x08, 0x63, 0x08, 0x63, 0x08, 0x63, 0x08, 0x63, 0x08, 0x63, 0x08, 0x63, 0x08, 0x63, 0x08,
    0x63, 0x00, 0x63, 0x00, 0x63, 0x00, 0x63, 0x00, 0x63, 0x00, 0x63, 0x00, 0x63, 0x00, 0x63, 0x00,
    0x63, 0x00, 0x63, 0x00, 0x63, 0x00, 0x63, 0x00, 0x63, 0x00, 0x63, 0x00, 0x63, 0x00, 0x63, 0x00,
    0x63, 0x00, 0x63, 0x00, 0x63, 0x00, 0x63, 0x00, 0x62, 0x00, 0x62, 0x00, 0x62, 0x00, 0x62, 0x00,
    0x42, 0x00, 0x42, 0x00, 0x42, 0x00, 0x42, 0x00, 0x42, 0x00, 0x42, 0x00, 0x42, 0x00, 0x42, 0x00,
    0x42, 0x00, 0x42, 0x00, 0x42, 0x00, 0x42, 0x00, 0x42, 0x00, 0x42, 0x00, 0x42, 0x00, 0x42, 0x00,
    0x42, 0x00, 0x62, 0x00, 0x62, 0x00, 0x62, 0x00, 0x62, 0x00, 0x62, 0x00, 0x62, 0x00, 0x62, 0x00,
    0x62, 0x00, 0x63, 0x00, 0x63, 0x00, 0x63, 0x00, 0x63, 0x00, 0x63, 0x00, 0x63, 0x00, 0x63, 0x00,
    0x63, 0x00, 0x63, 0x00, 0x63, 0x00, 0x63, 0x00, 0x63, 0x00, 0x63, 0x00, 0x63, 0x00, 0x63, 0x00,
    0x63, 0x00, 0x63, 0x08, 0x63, 0x08, 0x63, 0x08, 0x63, 0x08, 0x63, 0x08, 0x63, 0x08, 0x63, 0x08,
    0x63, 0x08, 0x63, 0x08, 0x63, 0x08, 0x63, 0x08, 0x63, 0x08, 0x63, 0x08, 0x63, 0x08, 0x63, 0x08,
    0x63, 0x08, 0x63, 0x08, 0x63, 0x08, 0x63, 0x08, 0x63, 0x08, 0x63, 0x08, 0x63, 0x08, 0x63, 0x08,
    0x63, 0x08, 0x63, 0x08, 0x63, 0x08, 0x63, 0x08, 0x63, 0x08, 0x63, 0x08, 0x63, 0x08, 0x63, 0x08,
    0x63, 0x08, 0x63, 0x08, 0x63, 0x08, 0x63, 0x08, 0x63, 0x08, 0x63, 0x08, 0x63, 0x08, 0x63, 0x08,
    0x63, 0x08, 0x63, 0x08, 0x63, 0x08, 0x63, 0x08, 0x63, 0x08, 0x63, 0x08, 0x63, 0x08, 0x63, 0x08,
    0x63, 0x08, 0x63, 0x08, 0x63, 0x08, 0x63, 0x08, 0x63, 0x08, 0x63, 0x08, 0x63, 0x08, 0x63, 0x08,
    0x63, 0x08, 0x63, 0x08, 0x63, 0x08, 0x63, 0x08, 0x63, 0x08, 0x63, 0x08, 0x63, 0x08, 0x63, 0x08,
    0x63, 0x08, 0x63, 0x08, 0x63, 0x08, 0x63, 0x08, 0x63, 0x08, 0x63, 0x08, 0x63, 0x08, 0x63, 0x08,
    0x63, 0x08, 0x63, 0x08, 0x63, 0x08, 0x63, 0x08, 0x63, 0x08, 0x63, 0x08, 0x63, 0x08, 0x63, 0x08,
    0x63, 0x08, 0x63, 0x08, 0x63, 0x08, 0x63, 0x08, 0x63, 0x08, 0x63, 0x08, 0x63, 0x08, 0x63, 0x08,
    0x63, 0x08, 0x63, 0x08, 0x63, 0x08, 0x63, 0x08, 0x63, 0x08, 0x63, 0x08, 0x63, 0x08, 0x63, 0x08,
    0x63, 0x08, 0x63, 0x08, 0x63, 0x08, 0x63, 0x08, 0x63, 0x08, 0x63, 0x08, 0x63, 0x08, 0x63, 0x08,
    0x63, 0x08, 0x63, 0x08, 0x63, 0x08, 0x63, 0x08, 0x63, 0x08, 0x63, 0x08, 0x63, 0x08, 0x63, 0x08,
    0x63, 0x08, 0x63, 0x08, 0x63, 0x08, 0x63, 0x08, 0x63, 0x08, 0x63, 0x08, 0x63, 0x08, 0x63, 0x08,
    0x63, 0x08, 0x63, 0x08, 0x63, 0x08, 0x63, 0x08, 0x63, 0x08, 0x63, 0x08, 0x63, 0x08, 0x63, 0x08,
    0x63, 0x08, 0x63, 0x08, 0x63, 0x08, 0x63, 0x08, 0x63, 0x08, 0x63, 0x08, 0x63, 0x08, 0x63, 0x08,
    0x63, 0x08, 0x63, 0x08, 0x63, 0x08, 0x63, 0x08, 0x63, 0x08, 0x63, 0x08, 0x63, 0x08, 0x63, 0x08,
    0x63, 0x08, 0x63, 0x08, 0x63, 0x08, 0x63, 0x08, 0x63, 0x08, 0x63, 0x08, 0x63, 0x08, 0x63, 0x08,
    0x63, 0x08, 0x63, 0x08, 0x63, 0x08, 0x63, 0x08, 0x63, 0x08, 0x63, 0x08, 0x63, 0x08, 0x63, 0x08,
    0x63, 0x00, 0x63, 0x00, 0x63, 0x00, 0x63, 0x00, 0x63, 0x00, 0x63, 0x00, 0x63, 0x00, 0x63, 0x00,
    0x63, 0x00, 0x63, 0x00, 0x63, 0x00, 0x63, 0x00, 0x63, 0x00, 0x63, 0x00, 0x63, 0x00, 0x63, 0x00,
    0x62, 0x00, 0x62, 0x00, 0x62, 0x00, 0x62, 0x00, 0x62, 0x00, 0x62, 0x00, 0x62, 0x00, 0x62, 0x00,
    0x42, 0x00, 0x42, 0x00, 0x42, 0x00, 0x42, 0x00, 0x42, 0x00, 0x42, 0x00, 0x42, 0x00, 0x42, 0x00,
    0x42, 0x00, 0x42, 0x00, 0x42, 0x00, 0x42, 0x00, 0x42, 0x00, 0x42, 0x00, 0x42, 0x00, 0x42, 0x00,
    0x42, 0x00, 0x42, 0x00, 0x42, 0x00, 0x42, 0x00, 0x42, 0x00, 0x42, 0x00, 0x42, 0x00, 0x42, 0x00,
    0x42, 0x00, 0x42, 0x00, 0x42, 0x00, 0x42, 0x00, 0x42, 0x00, 0x42, 0x00, 0x42, 0x00, 0x42, 0x00,
    0x42, 0x00, 0x42, 0x00, 0x42, 0x00, 0x42, 0x00, 0x62, 0x00, 0x62, 0x00, 0x62, 0x00, 0x62, 0x00,
    0x62, 0x00, 0x62, 0x00, 0x62, 0x00, 0x62, 0x00, 0x63, 0x00, 0x63, 0x00, 0x63, 0x00, 0x63, 0x00,
    0x63, 0x00, 0x63, 0x00, 0x63, 0x00, 0x63, 0x00, 0x63, 0x00, 0x63, 0x00, 0x63, 0x00, 0x63, 0x00,
    0x63, 0x00, 0x63, 0x00, 0x63, 0x00, 0x63, 0x00, 0x63, 0x08, 0x63, 0x08, 0x63, 0x08, 0x63, 0x08,
    0x63, 0x08, 0x63, 0x08, 0x63, 0x08, 0x63, 0x08, 0x63, 0x08, 0x63, 0x08, 0x63, 0x08, 0x63, 0x08,
    0x63, 0x08, 0x63, 0x08, 0x63, 0x08, 0x63, 0x08, 0x63, 0x08, 0x63, 0x08, 0x63, 0x08, 0x63, 0x08,
    0x63, 0x08, 0x63, 0x08, 0x63, 0x08, 0x63, 0x08, 0x63, 0x08, 0x63, 0x08, 0x63, 0x08, 0x63, 0x08,
    0x63, 0x08, 0x63, 0x08, 0x63, 0x08, 0x63, 0x08, 0x63, 0x08, 0x63, 0x08, 0x63, 0x08, 0x63, 0x08,
    0x63, 0x08, 0x63, 0x08, 0x63, 0x08, 0x63, 0x08, 0x63, 0x08, 0x63, 0x08, 0x63, 0x08, 0x63, 0x08,
    0x63, 0x08, 0x63, 0x08, 0x63, 0x08, 0x63, 0x08, 0x63, 0x08, 0x63, 0x08, 0x63, 0x08, 0x63, 0x08,
    0x63, 0x08, 0x63, 0x08, 0x63, 0x08, 0x63, 0x08, 0x63, 0x08, 0x63, 0x08, 0x63, 0x08, 0x63, 0x08,
    0x63, 0x08, 0x63, 0x08, 0x63, 0x08, 0x63, 0x08, 0x63, 0x08, 0x63, 0x08, 0x63, 0x08, 0x63, 0x08,
    0x63, 0x08, 0x63, 0x08, 0x63, 0x08, 0x63, 0x08, 0x63, 0x08, 0x63, 0x08, 0x63, 0x08, 0x63, 0x08,
    0x63, 0x08, 0x63, 0x08, 0x63, 0x08, 0x63, 0x08, 0x63, 0x08, 0x63, 0x08, 0x63, 0x08, 0x63, 0x08,
    0x63, 0x08, 0x63, 0x08, 0x63, 0x08, 0x63, 0x08, 0x63, 0x08, 0x63, 0x08, 0x63, 0x08, 0x63, 0x08,
    0x63, 0x08, 0x63, 0x08, 0x63, 0x08, 0x63, 0x08, 0x63, 0x08, 0x63, 0x08, 0x63, 0x08, 0x63, 0x08,
    0x63, 0x08, 0x63, 0x08, 0x63, 0x08, 0x63, 0x08, 0x63, 0x08, 0x63, 0x08, 0x63, 0x08, 0x63, 0x08,
    0x63, 0x08, 0x63, 0x08, 0x63, 0x08, 0x63, 0x08, 0x63, 0x08, 0x63, 0x08, 0x63, 0x08, 0x63, 0x08,
    0x63, 0x08, 0x63, 0x08, 0x63, 0x08, 0x63, 0x08, 0x63, 0x08, 0x63, 0x08, 0x63, 0x08, 0x63, 0x08,
    0x63, 0x08, 0x63, 0x08, 0x63, 0x08, 0x63, 0x08, 0x63, 0x08, 0x63, 0x08, 0x63, 0x08, 0x63, 0x08,
    0x63, 0x08, 0x63, 0x08, 0x63, 0x08, 0x63, 0x08, 0x63, 0x08, 0x63, 0x08, 0x63, 0x08, 0x63, 0x08,
    0x63, 0x08, 0x63, 0x08, 0x63, 0x08, 0x63, 0x08, 0x63, 0x08, 0x63, 0x08, 0x63, 0x08, 0x63, 0x08,
    0x63, 0x08, 0x63, 0x08, 0x63, 0x08, 0x63, 0x08, 0x63, 0x08, 0x63, 0x00, 0x63, 0x00, 0x63, 0x00,
    0x63, 0x00, 0x63, 0x00, 0x63, 0x00, 0x63, 0x00, 0x63, 0x00, 0x63, 0x00, 0x63, 0x00, 0x63, 0x00,
    0x63, 0x00, 0x63, 0x00, 0x63, 0x00, 0x63, 0x00, 0x63, 0x00, 0x62, 0x00, 0x62, 0x00, 0x62, 0x00,
    0x62, 0x00, 0x62, 0x00, 0x62, 0x00, 0x62, 0x00, 0x62, 0x00, 0x42, 0x00, 0x42, 0x00, 0x42, 0x00,
    0x42, 0x00, 0x42, 0x00, 0x42, 0x00, 0x42, 0x00, 0x42, 0x00, 0x42, 0x00, 0x42, 0x00, 0x42, 0x00,
    0x42, 0x00, 0x42, 0x00, 0x42, 0x00, 0x42, 0x00, 0x42, 0x00, 0x42, 0x00, 0x42, 0x00, 0x42, 0x00,
    0x42, 0x00, 0x42, 0x00, 0x42, 0x00, 0x42, 0x00, 0x42, 0x00, 0x42, 0x00, 0x42, 0x00, 0x42, 0x00,
    0x42, 0x00, 0x62, 0x00, 0x62, 0x00, 0x62, 0x00, 0x62, 0x00, 0x62, 0x00, 0x63, 0x00, 0x63, 0x00,
    0x63, 0x00, 0x63, 0x00, 0x63, 0x00, 0x63, 0x00, 0x63, 0x00, 0x63, 0x00, 0x63, 0x00, 0x63, 0x00,
    0x63, 0x00, 0x63, 0x00, 0x63, 0x00, 0x63, 0x00, 0x63, 0x00, 0x63, 0x00, 0x63, 0x00, 0x63, 0x00,
    0x63, 0x00, 0x63, 0x08, 0x63, 0x08, 0x63, 0x08, 0x63, 0x08, 0x63, 0x08, 0x63, 0x08, 0x63, 0x08,
    0x63, 0x08, 0x63, 0x08, 0x63, 0x08, 0x63, 0x08, 0x63, 0x08, 0x63, 0x08, 0x63, 0x08, 0x63, 0x08,
    0x63, 0x08, 0x63, 0x08, 0x63, 0x08, 0x63, 0x08, 0x63, 0x08, 0x63, 0x08, 0x63, 0x08, 0x63, 0x08,
    0x63, 0x08, 0x63, 0x08, 0x63, 0x08, 0x63, 0x08, 0x63, 0x08, 0x63, 0x08, 0x63, 0x08, 0x63, 0x08,
    0x63, 0x08, 0x63, 0x08, 0x63, 0x08, 0x63, 0x08, 0x63, 0x08, 0x63, 0x08, 0x63, 0x08, 0x63, 0x08,
    0x63, 0x08, 0x63, 0x08, 0x63, 0x08, 0x63, 0x08, 0x63, 0x08, 0x63, 0x08, 0x63, 0x08, 0x63, 0x08,
    0x63, 0x08, 0x63, 0x08, 0x63, 0x08, 0x63, 0x08, 0x63, 0x08, 0x63, 0x08, 0x63, 0x08, 0x63, 0x08,
    0x63, 0x08, 0x63, 0x08, 0x63, 0x08, 0x63, 0x08, 0x63, 0x08, 0x63, 0x08, 0x63, 0x08, 0x63, 0x08,
    0x63, 0x08, 0x63, 0x08, 0x63, 0x08, 0x63, 0x08, 0x63, 0x08, 0x63, 0x08, 0x63, 0x08, 0x63, 0x08,
    0x63, 0x08, 0x63, 0x08, 0x63, 0x08, 0x63, 0x08, 0x63, 0x08, 0x63, 0x08, 0x63, 0x08, 0x63, 0x08,
    0x63, 0x08, 0x63, 0x08, 0x63, 0x08, 0x63, 0x08, 0x63, 0x08, 0x63, 0x08, 0x63, 0x08, 0x63, 0x08,
    0x63, 0x08, 0x63, 0x08, 0x63, 0x08, 0x63, 0x08, 0x63, 0x08, 0x63, 0x08, 0x63, 0x08, 0x63, 0x08,
    0x63, 0x08, 0x63, 0x08, 0x63, 0x08, 0x63, 0x08, 0x63, 0x08, 0x63, 0x08, 0x63, 0x08, 0x63, 0x08,
    0x63, 0x08, 0x63, 0x08, 0x63, 0x08, 0x63, 0x08, 0x63, 0x08, 0x63, 0x08, 0x63, 0x08, 0x63, 0x08,
    0x63, 0x08, 0x63, 0x08, 0x63, 0x08, 0x63, 0x08, 0x63, 0x08, 0x63, 0x08, 0x63, 0x08, 0x63, 0x08,
    0x63, 0x08, 0x63, 0x08, 0x63, 0x08, 0x63, 0x08, 0x63, 0x08, 0x63, 0x08, 0x63, 0x08, 0x63, 0x08,
    0x63, 0x08, 0x63, 0x08, 0x63, 0x08, 0x63, 0x08, 0x63, 0x08, 0x63, 0x08, 0x63, 0x08, 0x63, 0x08,
    0x63, 0x08, 0x63, 0x08, 0x63, 0x08, 0x63, 0x08, 0x63, 0x08, 0x63, 0x08, 0x63, 0x08, 0x63, 0x08,
    0x63, 0x08, 0x63, 0x08, 0x63, 0x08, 0x63, 0x08, 0x63, 0x08, 0x63, 0x08, 0x63, 0x08, 0x63, 0x08,
    0x63, 0x08, 0x63, 0x08, 0x63, 0x08, 0x63, 0x08, 0x63, 0x08, 0x63, 0x08, 0x63, 0x08, 0x63, 0x08,
    0x63, 0x08, 0x63, 0x08, 0x63, 0x08, 0x63, 0x08, 0x63, 0x08, 0x63, 0x08, 0x63, 0x08, 0x63, 0x08,
    0x63, 0x08, 0x63, 0x08, 0x63, 0x08, 0x63, 0x08, 0x63, 0x08, 0x63, 0x08, 0x63, 0x08, 0x63, 0x08,
    0x63, 0x00, 0x63, 0x00, 0x63, 0x00, 0x63, 0x00, 0x63, 0x00, 0x63, 0x00, 0x63, 0x00, 0x63, 0x00,
    0x63, 0x00, 0x63, 0x00, 0x63, 0x00, 0x63, 0x00, 0x63, 0x00, 0x63, 0x00, 0x63, 0x00, 0x63, 0x00,
    0x63, 0x00, 0x63, 0x00, 0x63, 0x00, 0x62, 0x00, 0x62, 0x00, 0x62, 0x00, 0x62, 0x00, 0x62, 0x00,
    0x42, 0x00, 0x42, 0x00, 0x42, 0x00, 0x42, 0x00, 0x42, 0x00, 0x42, 0x00, 0x42, 0x00, 0x42, 0x00,
    0x42, 0x00, 0x42, 0x00, 0x42, 0x00, 0x42, 0x00, 0x42, 0x00, 0x42, 0x00, 0x42, 0x00, 0x42, 0x00,
    0x42, 0x00, 0x42, 0x00, 0x42, 0x00, 0x42, 0x00, 0x42, 0x00, 0x42, 0x00, 0x42, 0x00, 0x42, 0x00,
    0x42, 0x00, 0x42, 0x00, 0x42, 0x00, 0x42, 0x00, 0x42, 0x00, 0x42, 0x00, 0x42, 0x00, 0x42, 0x00,
    0x42, 0x00, 0x42, 0x00, 0x42, 0x00, 0x62, 0x00, 0x62, 0x00, 0x62, 0x00, 0x62, 0x00, 0x62, 0x00,
    0x62, 0x00, 0x62, 0x00, 0x62, 0x00, 0x62, 0x00, 0x63, 0x00, 0x63, 0x00, 0x63, 0x00, 0x63, 0x00,
    0x63, 0x00, 0x63, 0x00, 0x63, 0x00, 0x63, 0x00, 0x63, 0x00, 0x63, 0x00, 0x63, 0x00, 0x63, 0x00,
    0x63, 0x00, 0x63, 0x00, 0x63, 0x00, 0x63, 0x08, 0x63, 0x08, 0x63, 0x08, 0x63, 0x08, 0x63, 0x08,
    0x63, 0x08, 0x63, 0x08, 0x63, 0x08, 0x63, 0x08, 0x63, 0x08, 0x63, 0x08, 0x63, 0x08, 0x63, 0x08,
    0x63, 0x08, 0x63, 0x08, 0x63, 0x08, 0x63, 0x08, 0x63, 0x08, 0x63, 0x08, 0x63, 0x08, 0x63, 0x08,
    0x63, 0x08, 0x63, 0x08, 0x63, 0x08, 0x63, 0x08, 0x63, 0x08, 0x63, 0x08, 0x63, 0x08, 0x63, 0x08,
    0x63, 0x08, 0x63, 0x08, 0x63, 0x08, 0x63, 0x08, 0x63, 0x08, 0x63, 0x08, 0x63, 0x08, 0x63, 0x08,
    0x63, 0x08, 0x63, 0x08, 0x63, 0x08, 0x63, 0x08, 0x63, 0x08, 0x63, 0x08, 0x63, 0x08, 0x63, 0x08,
    0x63, 0x08, 0x63, 0x08, 0x63, 0x08, 0x63, 0x08, 0x63, 0x08, 0x63, 0x08, 0x63, 0x08, 0x63, 0x08,
    0x63, 0x08, 0x63, 0x08, 0x63, 0x08, 0x63, 0x08, 0x63, 0x08, 0x63, 0x08, 0x63, 0x08, 0x63, 0x08,
    0x63, 0x08, 0x63, 0x08, 0x63, 0x08, 0x63, 0x08, 0x63, 0x08, 0x63, 0x08, 0x63, 0x08, 0x63, 0x08,
    0x63, 0x08, 0x63, 0x08, 0x63, 0x08, 0x63, 0x08, 0x63, 0x08, 0x63, 0x08, 0x63, 0x08, 0x63, 0x08,
    0x63, 0x08, 0x63, 0x08, 0x63, 0x08, 0x63, 0x08, 0x63, 0x08, 0x63, 0x08, 0x63, 0x08, 0x63, 0x08,
    0x63, 0x08, 0x63, 0x08, 0x63, 0x08, 0x63, 0x08, 0x63, 0x08, 0x63, 0x08, 0x63, 0x08, 0x63, 0x08,
    0x63, 0x08, 0x63, 0x08, 0x63, 0x08, 0x63, 0x08, 0x63, 0x08, 0x63, 0x08, 0x63, 0x08, 0x63, 0x08,
    0x63, 0x08, 0x63, 0x08, 0x63, 0x08, 0x63, 0x08, 0x63, 0x08, 0x63, 0x08, 0x63, 0x08, 0x63, 0x08,
    0x63, 0x08, 0x63, 0x08, 0x63, 0x08, 0x63, 0x08, 0x63, 0x08, 0x63, 0x08, 0x63, 0x08, 0x63, 0x08,
    0x63, 0x08, 0x63, 0x08, 0x63, 0x08, 0x63, 0x08, 0x63, 0x08, 0x63, 0x08, 0x63, 0x08, 0x63, 0x08,
    0x63, 0x08, 0x63, 0x08, 0x63, 0x08, 0x63, 0x08, 0x63, 0x08, 0x63, 0x08, 0x63, 0x08, 0x63, 0x08,
    0x63, 0x08, 0x63, 0x08, 0x63, 0x08, 0x63, 0x08, 0x63, 0x08, 0x63, 0x08, 0x63, 0x00, 0x63, 0x00,
    0x63, 0x00, 0x63, 0x00, 0x63, 0x00, 0x63, 0x00, 0x63, 0x00, 0x63, 0x00, 0x63, 0x00, 0x63, 0x00,
    0x63, 0x00, 0x63, 0x00, 0x63, 0x00, 0x63, 0x00, 0x63, 0x00, 0x62, 0x00, 0x62, 0x00, 0x62, 0x00,
    0x62, 0x00, 0x62, 0x00, 0x62, 0x00, 0x62, 0x00, 0x62, 0x00, 0x62, 0x00, 0x42, 0x00, 0x42, 0x00,
    0x42, 0x00, 0x42, 0x00, 0x42, 0x00, 0x42, 0x00, 0x42, 0x00, 0x42, 0x00, 0x42, 0x00, 0x42, 0x00,
    0x42, 0x00, 0x42, 0x00, 0x42, 0x00, 0x42, 0x00, 0x42, 0x00, 0x42, 0x00, 0x42, 0x00, 0x42, 0x00,
    0x42, 0x00, 0x42, 0x00, 0x42, 0x00, 0x42, 0x00, 0x42, 0x00, 0x42, 0x00, 0x42, 0x00, 0x42, 0x00,
    0x42, 0x00, 0x42, 0x00, 0x42, 0x00, 0x42, 0x00, 0x42, 0x00, 0x42, 0x00, 0x42, 0x00, 0x42, 0x00,
    0x42, 0x00, 0x42, 0x00, 0x42, 0x00, 0x42, 0x00, 0x42, 0x00, 0x42, 0x00, 0x42, 0x00, 0x42, 0x00,
    0x42, 0x00, 0x42, 0x00, 0x42, 0x00, 0x42, 0x00, 0x42, 0x00, 0x42, 0x00, 0x42, 0x00, 0x42, 0x00,
    0x42, 0x00, 0x42, 0x00, 0x42, 0x00, 0x42, 0x00, 0x42, 0x00, 0x42, 0x00, 0x62, 0x00, 0x62, 0x00,
    0x62, 0x00, 0x62, 0x00, 0x62, 0x00, 0x62, 0x00, 0x62, 0x00, 0x62, 0x00, 0x62, 0x00, 0x62, 0x00,
    0x63, 0x00, 0x63, 0x00, 0x63, 0x00, 0x63, 0x00, 0x63, 0x00, 0x63, 0x00, 0x63, 0x00, 0x63, 0x00,
    0x63, 0x00, 0x63, 0x00, 0x63, 0x00, 0x63, 0x00, 0x63, 0x00, 0x63, 0x00, 0x63, 0x00, 0x63, 0x08,
    0x63, 0x08, 0x63, 0x08, 0x63, 0x08, 0x63, 0x08, 0x63, 0x08, 0x63, 0x08, 0x63, 0x08, 0x63, 0x08,
    0x63, 0x08, 0x63, 0x08, 0x63, 0x08, 0x63, 0x08, 0x63, 0x08, 0x63, 0x08, 0x63, 0x08, 0x63, 0x08,
    0x63, 0x08, 0x63, 0x08, 0x63, 0x08, 0x63, 0x08, 0x63, 0x08, 0x63, 0x08, 0x63, 0x08, 0x63, 0x08,
    0x63, 0x08, 0x63, 0x08, 0x63, 0x08, 0x63, 0x08, 0x63, 0x08, 0x63, 0x08, 0x63, 0x08, 0x63, 0x08,
    0x63, 0x08, 0x63, 0x08, 0x63, 0x08, 0x63, 0x08, 0x63, 0x08, 0x63, 0x08, 0x63, 0x08, 0x63, 0x08,
    0x63, 0x08, 0x63, 0x08, 0x63, 0x08, 0x63, 0x08, 0x63, 0x08, 0x63, 0x08, 0x63, 0x08, 0x63, 0x08,
    0x63, 0x08, 0x63, 0x08, 0x63, 0x08, 0x63, 0x08, 0x63, 0x08, 0x63, 0x08, 0x63, 0x08, 0x63, 0x08,
    0x63, 0x08, 0x63, 0x08, 0x63, 0x08, 0x63, 0x08, 0x63, 0x08, 0x63, 0x08, 0x63, 0x08, 0x63, 0x08,
    0x63, 0x08, 0x63, 0x08, 0x63, 0x08, 0x63, 0x08, 0x63, 0x08, 0x63, 0x08, 0x63, 0x08, 0x63, 0x08,
    0x63, 0x08, 0x63, 0x08, 0x63, 0x08, 0x63, 0x08, 0x63, 0x08, 0x63, 0x08, 0x63, 0x08, 0x63, 0x08,
    0x63, 0x08, 0x63, 0x08, 0x63, 0x08, 0x63, 0x08, 0x63, 0x08, 0x63, 0x08, 0x63, 0x08, 0x63, 0x08,
    0x63, 0x08, 0x63, 0x08, 0x63, 0x08, 0x63, 0x08, 0x63, 0x08, 0x63, 0x08, 0x63, 0x08, 0x63, 0x08,
    0x63, 0x08, 0x63, 0x08, 0x63, 0x08, 0x63, 0x08, 0x63, 0x08, 0x63, 0x08, 0x63, 0x08, 0x63, 0x08,
    0x63, 0x08, 0x63, 0x08, 0x63, 0x08, 0x63, 0x08, 0x63, 0x08, 0x63, 0x08, 0x63, 0x08, 0x63, 0x08,
    0x63, 0x08, 0x63, 0x08, 0x63, 0x08, 0x63, 0x08, 0x63, 0x08, 0x63, 0x08, 0x63, 0x08, 0x63, 0x08,
    0x63, 0x08, 0x63, 0x08, 0x63, 0x08, 0x63, 0x08, 0x63, 0x08, 0x63, 0x08, 0x63, 0x08, 0x63, 0x08,
    0x63, 0x08, 0x63, 0x08, 0x63, 0x00, 0x63, 0x00, 0x63, 0x00, 0x63, 0x00, 0x63, 0x00, 0x63, 0x00,
    0x63, 0x00, 0x63, 0x00, 0x63, 0x00, 0x63, 0x00, 0x63, 0x00, 0x63, 0x00, 0x63, 0x00, 0x63, 0x00,
    0x63, 0x00, 0x62, 0x00, 0x62, 0x00, 0x62, 0x00, 0x62, 0x00, 0x62, 0x00, 0x62, 0x00, 0x62, 0x00,
    0x62, 0x00, 0x62, 0x00, 0x62, 0x00, 0x42, 0x00, 0x42, 0x00, 0x42, 0x00, 0x42, 0x00, 0x42, 0x00,
    0x42, 0x00, 0x42, 0x00, 0x42, 0x00, 0x42, 0x00, 0x42, 0x00, 0x42, 0x00, 0x42, 0x00, 0x42, 0x00,
    0x42, 0x00, 0x42, 0x00, 0x42, 0x00, 0x42, 0x00, 0x42, 0x00, 0x42, 0x00, 0x42, 0x00, 0x42, 0x00,
    0x42, 0x00, 0x42, 0x00, 0x42, 0x00, 0x42, 0x00, 0x42, 0x00, 0x42, 0x00, 0x42, 0x00, 0x42, 0x00,
    0x42, 0x00, 0x42, 0x00, 0x42, 0x00, 0x42, 0x00, 0x42, 0x00, 0x42, 0x00, 0x42, 0x00, 0x42, 0x00,
    0x42, 0x00, 0x42, 0x00, 0x42, 0x00, 0x42, 0x00, 0x42, 0x00, 0x42, 0x00, 0x42, 0x00, 0x42, 0x00,
    0x42, 0x00, 0x42, 0x00, 0x62, 0x00, 0x62, 0x00, 0x62, 0x00, 0x62, 0x00, 0x62, 0x00, 0x63, 0x00,
    0x63, 0x00, 0x63, 0x00, 0x63, 0x00, 0x63, 0x00, 0x63, 0x00, 0x63, 0x00, 0x63, 0x00, 0x63, 0x00,
    0x63, 0x00, 0x63, 0x00, 0x63, 0x00, 0x63, 0x00, 0x63, 0x00, 0x63, 0x00, 0x63, 0x00, 0x63, 0x00,
    0x63, 0x00, 0x63, 0x00, 0x63, 0x08, 0x63, 0x08, 0x63, 0x08, 0x63, 0x08, 0x63, 0x08, 0x63, 0x08,
    0x63, 0x08, 0x63, 0x08, 0x63, 0x08, 0x63, 0x08, 0x63, 0x08, 0x63, 0x08, 0x63, 0x08, 0x63, 0x08,
    0x63, 0x08, 0x63, 0x08, 0x63, 0x08, 0x63, 0x08, 0x63, 0x08, 0x63, 0x08, 0x63, 0x08, 0x63, 0x08,
    0x63, 0x08, 0x63, 0x08, 0x63, 0x08, 0x63, 0x08, 0x63, 0x08, 0x63, 0x08, 0x63, 0x08, 0x63, 0x08,
    0x63, 0x08, 0x63, 0x08, 0x63, 0x08, 0x63, 0x08, 0x63, 0x08, 0x63, 0x08, 0x63, 0x08, 0x63, 0x08,
    0x63, 0x08, 0x63, 0x08, 0x63, 0x08, 0x63, 0x08, 0x63, 0x08, 0x63, 0x08, 0x63, 0x08, 0x63, 0x08,
    0x63, 0x08, 0x63, 0x08, 0x63, 0x08, 0x63, 0x08, 0x63, 0x08, 0x63, 0x08, 0x63, 0x08, 0x63, 0x08,
    0x63, 0x08, 0x63, 0x08, 0x63, 0x08, 0x63, 0x08, 0x63, 0x08, 0x63, 0x08, 0x63, 0x08, 0x63, 0x08,
    0x63, 0x08, 0x63, 0x08, 0x63, 0x08, 0x63, 0x08, 0x63, 0x08, 0x63, 0x08, 0x63, 0x08, 0x63, 0x08,
    0x63, 0x08, 0x63, 0x08, 0x63, 0x08, 0x63, 0x08, 0x63, 0x08, 0x63, 0x08, 0x63, 0x08, 0x63, 0x08,
    0x63, 0x08, 0x63, 0x08, 0x63, 0x08, 0x63, 0x08, 0x63, 0x08, 0x63, 0x08, 0x63, 0x08, 0x63, 0x08,
    0x63, 0x08, 0x63, 0x08, 0x63, 0x08, 0x63, 0x08, 0x63, 0x08, 0x63, 0x08, 0x63, 0x08, 0x63, 0x08,
    0x63, 0x08, 0x63, 0x08, 0x63, 0x08, 0x63, 0x08, 0x63, 0x08, 0x63, 0x08, 0x63, 0x08, 0x63, 0x08,
    0x63, 0x08, 0x63, 0x08, 0x63, 0x08, 0x63, 0x08, 0x63, 0x08, 0x63, 0x08, 0x63, 0x08, 0x63, 0x08,
    0x63, 0x08, 0x63, 0x08, 0x63, 0x08, 0x63, 0x08, 0x63, 0x08, 0x63, 0x08, 0x63, 0x08, 0x63, 0x08,
    0x63, 0x08, 0x63, 0x08, 0x63, 0x08, 0x63, 0x08, 0x63, 0x08, 0x63, 0x08, 0x63, 0x08, 0x63, 0x08,
    0x63, 0x08, 0x63, 0x08, 0x63, 0x08, 0x63, 0x08, 0x63, 0x08, 0x63, 0x08, 0x63, 0x08, 0x63, 0x08,
    0x63, 0x08, 0x63, 0x08, 0x63, 0x08, 0x63, 0x08, 0x63, 0x08, 0x63, 0x08, 0x63, 0x08, 0x63, 0x08,
    0x63, 0x08, 0x63, 0x08, 0x63, 0x08, 0x63, 0x08, 0x63, 0x08, 0x63, 0x08, 0x63, 0x08, 0x63, 0x08,
    0x63, 0x08, 0x63, 0x08, 0x63, 0x08, 0x63, 0x08, 0x63, 0x08, 0x63, 0x08, 0x63, 0x08, 0x63, 0x00,
    0x63, 0x00, 0x63, 0x00, 0x63, 0x00, 0x63, 0x00, 0x63, 0x00, 0x63, 0x00, 0x63, 0x00, 0x63, 0x00,
    0x63, 0x00, 0x63, 0x00, 0x63, 0x00, 0x63, 0x00, 0x63, 0x00, 0x63, 0x00, 0x63, 0x00, 0x63, 0x00,
    0x63, 0x00, 0x63, 0x00, 0x62, 0x00, 0x62, 0x00, 0x62, 0x00, 0x62, 0x00, 0x62, 0x00, 0x42, 0x00,
    0x42, 0x00, 0x42, 0x00, 0x42, 0x00, 0x42, 0x00, 0x42, 0x00, 0x42, 0x00, 0x42, 0x00, 0x42, 0x00,
    0x42, 0x00, 0x42, 0x00, 0x42, 0x00, 0x42, 0x00, 0x42, 0x00, 0x42, 0x00, 0x42, 0x00, 0x42, 0x00,
    0x42, 0x00, 0x42, 0x00, 0x42, 0x00, 0x42, 0x00, 0x42, 0x00, 0x42, 0x00, 0x42, 0x00, 0x42, 0x00,
    0x42, 0x00, 0x42, 0x00, 0x42, 0x00, 0x42, 0x00, 0x42, 0x00, 0x42, 0x00, 0x42, 0x00, 0x42, 0x00,
    0x42, 0x00, 0x42, 0x00, 0x42, 0x00, 0x42, 0x00, 0x42, 0x00, 0x42, 0x00, 0x42, 0x00, 0x42, 0x00,
    0x42, 0x00, 0x42, 0x00, 0x42, 0x00, 0x42, 0x00, 0x42, 0x00, 0x42, 0x00, 0x42, 0x00, 0x42, 0x00,
    0x42, 0x00, 0x42, 0x00, 0x42, 0x00, 0x42, 0x00, 0x42, 0x00, 0x62, 0x00, 0x62, 0x00, 0x62, 0x00,
    0x62, 0x00, 0x62, 0x00, 0x62, 0x00, 0x62, 0x00, 0x62, 0x00, 0x62, 0x00, 0x62, 0x00, 0x62, 0x00,
    0x63, 0x00, 0x63, 0x00, 0x63, 0x00, 0x63, 0x00, 0x63, 0x00, 0x63, 0x00, 0x63, 0x00, 0x63, 0x00,
    0x63, 0x00, 0x63, 0x00, 0x63, 0x00, 0x63, 0x00, 0x63, 0x00, 0x63, 0x00, 0x63, 0x08, 0x63, 0x08,
    0x63, 0x08, 0x63, 0x08, 0x63, 0x08, 0x63, 0x08, 0x63, 0x08, 0x63, 0x08, 0x63, 0x08, 0x63, 0x08,
    0x63, 0x08, 0x63, 0x08, 0x63, 0x08, 0x63, 0x08, 0x63, 0x08, 0x63, 0x08, 0x63, 0x08, 0x63, 0x08,
    0x63, 0x08, 0x63, 0x08, 0x63, 0x08, 0x63, 0x08, 0x63, 0x08, 0x63, 0x08, 0x63, 0x08, 0x63, 0x08,
    0x63, 0x08, 0x63, 0x08, 0x63, 0x08, 0x63, 0x08, 0x63, 0x08, 0x63, 0x08, 0x63, 0x08, 0x63, 0x08,
    0x63, 0x08, 0x63, 0x08, 0x63, 0x08, 0x63, 0x08, 0x63, 0x08, 0x63, 0x08, 0x63, 0x08, 0x63, 0x08,
    0x63, 0x08, 0x63, 0x08, 0x63, 0x08, 0x63, 0x08, 0x63, 0x08, 0x63, 0x08, 0x63, 0x08, 0x63, 0x08,
    0x63, 0x08, 0x63, 0x08, 0x63, 0x08, 0x63, 0x08, 0x63, 0x08, 0x63, 0x08, 0x63, 0x08, 0x63, 0x08,
    0x63, 0x08, 0x63, 0x08, 0x63, 0x08, 0x63, 0x08, 0x63, 0x08, 0x63, 0x08, 0x63, 0x08, 0x63, 0x08,
    0x63, 0x08, 0x63, 0x08, 0x63, 0x08, 0x63, 0x08, 0x63, 0x08, 0x63, 0x08, 0x63, 0x08, 0x63, 0x08,
    0x63, 0x08, 0x63, 0x08, 0x63, 0x08, 0x63, 0x08, 0x63, 0x08, 0x63, 0x08, 0x63, 0x08, 0x63, 0x08,
    0x63, 0x08, 0x63, 0x08, 0x63, 0x08, 0x63, 0x08, 0x63, 0x08, 0x63, 0x08, 0x63, 0x08, 0x63, 0x08,
    0x63, 0x08, 0x63, 0x08, 0x63, 0x08, 0x63, 0x08, 0x63, 0x08, 0x63, 0x08, 0x63, 0x08, 0x63, 0x08,
    0x63, 0x08, 0x63, 0x08, 0x63, 0x08, 0x63, 0x08, 0x63, 0x08, 0x63, 0x08, 0x63, 0x08, 0x63, 0x08,
    0x63, 0x08, 0x63, 0x08, 0x63, 0x08, 0x63, 0x08, 0x63, 0x08, 0x63, 0x08, 0x63, 0x08, 0x63, 0x08,
    0x63, 0x08, 0x63, 0x08, 0x63, 0x08, 0x63, 0x00, 0x63, 0x00, 0x63, 0x00, 0x63, 0x00, 0x63, 0x00,
    0x63, 0x00, 0x63, 0x00, 0x63, 0x00, 0x63, 0x00, 0x63, 0x00, 0x63, 0x00, 0x63, 0x00, 0x63, 0x00,
    0x63, 0x00, 0x62, 0x00, 0x62, 0x00, 0x62, 0x00, 0x62, 0x00, 0x62, 0x00, 0x62, 0x00, 0x62, 0x00,
    0x62, 0x00, 0x62, 0x00, 0x62, 0x00, 0x62, 0x00, 0x42, 0x00, 0x42, 0x00, 0x42, 0x00, 0x42, 0x00,
    0x42, 0x00, 0x42, 0x00, 0x42, 0x00, 0x42, 0x00, 0x42, 0x00, 0x42, 0x00, 0x42, 0x00, 0x42, 0x00,
    0x42, 0x00, 0x42, 0x00, 0x42, 0x00, 0x42, 0x00, 0x42, 0x00, 0x42, 0x00, 0x42, 0x00, 0x42, 0x00,
    0x42, 0x00, 0x42, 0x00, 0x42, 0x00, 0x42, 0x00, 0x42, 0x00, 0x42, 0x00, 0x42, 0x00, 0x42, 0x00,
    0x42, 0x00, 0x42, 0x00, 0x42, 0x00, 0x42, 0x00, 0x42, 0x00, 0x42, 0x00, 0x42, 0x00, 0x42, 0x00,
    0x42, 0x00, 0x42, 0x00, 0x42, 0x00, 0x42, 0x00, 0x42, 0x00, 0x42, 0x00, 0x42, 0x00, 0x42, 0x00,
    0x42, 0x00, 0x42, 0x00, 0x42, 0x00, 0x42, 0x00, 0x42, 0x00, 0x42, 0x00, 0x42, 0x00, 0x42, 0x00,
    0x42, 0x00, 0x42, 0x00, 0x42, 0x00, 0x42, 0x00, 0x42, 0x00, 0x42, 0x00, 0x42, 0x00, 0x42, 0x00,
    0x42, 0x00, 0x42, 0x00, 0x42, 0x00, 0x42, 0x00, 0x42, 0x00, 0x42, 0x00, 0x42, 0x00, 0x42, 0x00,
    0x42, 0x00, 0x42, 0x00, 0x42, 0x00, 0x42, 0x00, 0x42, 0x00, 0x42, 0x00, 0x42, 0x00, 0x42, 0x00,
    0x42, 0x00, 0x62, 0x00, 0x62, 0x00, 0x62, 0x00, 0x62, 0x00, 0x62, 0x00, 0x62, 0x00, 0x62, 0x00,
    0x62, 0x00, 0x62, 0x00, 0x62, 0x00, 0x62, 0x00, 0x62, 0x00, 0x63, 0x00, 0x63, 0x00, 0x63, 0x00,
    0x63, 0x00, 0x63, 0x00, 0x63, 0x00, 0x63, 0x00, 0x63, 0x00, 0x63, 0x00, 0x63, 0x00, 0x63, 0x00,
    0x63, 0x00, 0x63, 0x00, 0x63, 0x00, 0x63, 0x08, 0x63, 0x08, 0x63, 0x08, 0x63, 0x08, 0x63, 0x08,
    0x63, 0x08, 0x63, 0x08, 0x63, 0x08, 0x63, 0x08, 0x63, 0x08, 0x63, 0x08, 0x63, 0x08, 0x63, 0x08,
    0x63, 0x08, 0x63, 0x08, 0x63, 0x08, 0x63, 0x08, 0x63, 0x08, 0x63, 0x08, 0x63, 0x08, 0x63, 0x08,
    0x63, 0x08, 0x63, 0x08, 0x63, 0x08, 0x63, 0x08, 0x63, 0x08, 0x63, 0x08, 0x63, 0x08, 0x63, 0x08,
    0x63, 0x08, 0x63, 0x08, 0x63, 0x08, 0x63, 0x08, 0x63, 0x08, 0x63, 0x08, 0x63, 0x08, 0x63, 0x08,
    0x63, 0x08, 0x63, 0x08, 0x63, 0x08, 0x63, 0x08, 0x63, 0x08, 0x63, 0x08, 0x63, 0x08, 0x63, 0x08,
    0x63, 0x08, 0x63, 0x08, 0x63, 0x08, 0x63, 0x08, 0x63, 0x08, 0x63, 0x08, 0x63, 0x08, 0x63, 0x08,
    0x63, 0x08, 0x63, 0x08, 0x63, 0x08, 0x63, 0x08, 0x63, 0x08, 0x63, 0x08, 0x63, 0x08, 0x63, 0x08,
    0x63, 0x08, 0x63, 0x08, 0x63, 0x08, 0x63, 0x08, 0x63, 0x08, 0x63, 0x08, 0x63, 0x08, 0x63, 0x08,
    0x63, 0x08, 0x63, 0x08, 0x63, 0x08, 0x63, 0x08, 0x63, 0x08, 0x63, 0x08, 0x63, 0x08, 0x63, 0x08,
    0x63, 0x08, 0x63, 0x08, 0x63, 0x08, 0x63, 0x08, 0x63, 0x08, 0x63, 0x08, 0x63, 0x08, 0x63, 0x08,
    0x63, 0x08, 0x63, 0x08, 0x63, 0x08, 0x63, 0x08, 0x63, 0x08, 0x63, 0x08, 0x63, 0x08, 0x63, 0x08,
    0x63, 0x08, 0x63, 0x08, 0x63, 0x08, 0x63, 0x08, 0x63, 0x08, 0x63, 0x08, 0x63, 0x08, 0x63, 0x08,
    0x63, 0x08, 0x63, 0x08, 0x63, 0x08, 0x63, 0x08, 0x63, 0x08, 0x63, 0x08, 0x63, 0x00, 0x63, 0x00,
    0x63, 0x00, 0x63, 0x00, 0x63, 0x00, 0x63, 0x00, 0x63, 0x00, 0x63, 0x00, 0x63, 0x00, 0x63, 0x00,
    0x63, 0x00, 0x63, 0x00, 0x63, 0x00, 0x63, 0x00, 0x62, 0x00, 0x62, 0x00, 0x62, 0x00, 0x62, 0x00,
    0x62, 0x00, 0x62, 0x00, 0x62, 0x00, 0x62, 0x00, 0x62, 0x00, 0x62, 0x00, 0x62, 0x00, 0x62, 0x00,
    0x42, 0x00, 0x42, 0x00, 0x42, 0x00, 0x42, 0x00, 0x42, 0x00, 0x42, 0x00, 0x42, 0x00, 0x42, 0x00,
    0x42, 0x00, 0x42, 0x00, 0x42, 0x00, 0x42, 0x00, 0x42, 0x00, 0x42, 0x00, 0x42, 0x00, 0x42, 0x00,
    0x42, 0x00, 0x42, 0x00, 0x42, 0x00, 0x42, 0x00, 0x42, 0x00, 0x42, 0x00, 0x42, 0x00, 0x42, 0x00,
    0x42, 0x00, 0x42, 0x00, 0x42, 0x00, 0x42, 0x00, 0x42, 0x00, 0x42, 0x00, 0x42, 0x00, 0x42, 0x00,
    0x42, 0x00, 0x42, 0x00, 0x42, 0x00, 0x42, 0x00, 0x42, 0x00, 0x42, 0x00, 0x42, 0x00, 0x42, 0x00,
    0x42, 0x00, 0x42, 0x00, 0x42, 0x00, 0x42, 0x00, 0x42, 0x00, 0x42, 0x00, 0x42, 0x00, 0x42, 0x00,
    0x42, 0x00, 0x42, 0x00, 0x42, 0x00, 0x42, 0x00, 0x42, 0x00, 0x42, 0x00, 0x42, 0x00, 0x42, 0x00,
    0x42, 0x00, 0x42, 0x00, 0x42, 0x00, 0x42, 0x00, 0x42, 0x00, 0x42, 0x00, 0x42, 0x00, 0x42, 0x00,
    0x42, 0x00, 0x42, 0x00, 0x42, 0x00, 0x42, 0x00, 0x62, 0x00, 0x62, 0x00, 0x62, 0x00, 0x62, 0x00,
    0x62, 0x00, 0x62, 0x00, 0x63, 0x00, 0x63, 0x00, 0x63, 0x00, 0x63, 0x00, 0x63, 0x00, 0x63, 0x00,
    0x63, 0x00, 0x63, 0x00, 0x63, 0x00, 0x63, 0x00, 0x63, 0x00, 0x63, 0x00, 0x63, 0x00, 0x63, 0x00,
    0x63, 0x00, 0x63, 0x00, 0x63, 0x00, 0x63, 0x00, 0x63, 0x08, 0x63, 0x08, 0x63, 0x08, 0x63, 0x08,
    0x63, 0x08, 0x63, 0x08, 0x63, 0x08, 0x63, 0x08, 0x63, 0x08, 0x63, 0x08, 0x63, 0x08, 0x63, 0x08,
    0x63, 0x08, 0x63, 0x08, 0x63, 0x08, 0x63, 0x08, 0x63, 0x08, 0x63, 0x08, 0x63, 0x08, 0x63, 0x08,
    0x63, 0x08, 0x63, 0x08, 0x63, 0x08, 0x63, 0x08, 0x63, 0x08, 0x63, 0x08, 0x63, 0x08, 0x63, 0x08,
    0x63, 0x08, 0x63, 0x08, 0x63, 0x08, 0x63, 0x08, 0x63, 0x08, 0x63, 0x08, 0x63, 0x08, 0x63, 0x08,
    0x63, 0x08, 0x63, 0x08, 0x63, 0x08, 0x63, 0x08, 0x63, 0x08, 0x63, 0x08, 0x63, 0x08, 0x63, 0x08,
    0x63, 0x08, 0x63, 0x08, 0x63, 0x08, 0x63, 0x08, 0x63, 0x08, 0x63, 0x08, 0x63, 0x08, 0x63, 0x08,
    0x63, 0x08, 0x63, 0x08, 0x63, 0x08, 0x63, 0x08, 0x63, 0x08, 0x63, 0x08, 0x63, 0x08, 0x63, 0x08,
    0x63, 0x08, 0x63, 0x08, 0x63, 0x08, 0x63, 0x08, 0x63, 0x08, 0x63, 0x08, 0x63, 0x08, 0x63, 0x08,
    0x63, 0x08, 0x63, 0x08, 0x63, 0x08, 0x63, 0x08, 0x63, 0x08, 0x63, 0x08, 0x63, 0x08, 0x63, 0x08,
    0x63, 0x08, 0x63, 0x08, 0x63, 0x08, 0x63, 0x08, 0x63, 0x08, 0x63, 0x08, 0x63, 0x08, 0x63, 0x08,
    0x63, 0x08, 0x63, 0x08, 0x63, 0x08, 0x63, 0x08, 0x63, 0x08, 0x63, 0x08, 0x63, 0x08, 0x63, 0x08,
    0x63, 0x08, 0x63, 0x08, 0x63, 0x08, 0x63, 0x08, 0x63, 0x08, 0x63, 0x08, 0x63, 0x08, 0x63, 0x08,
    0x63, 0x08, 0x63, 0x08, 0x63, 0x08, 0x63, 0x08, 0x63, 0x08, 0x63, 0x08, 0x63, 0x08, 0x63, 0x08,
    0x63, 0x08, 0x63, 0x08, 0x63, 0x08, 0x63, 0x08, 0x63, 0x08, 0x63, 0x08, 0x63, 0x08, 0x63, 0x08,
    0x63, 0x08, 0x63, 0x08, 0x63, 0x08, 0x63, 0x08, 0x63, 0x08, 0x63, 0x08, 0x63, 0x08, 0x63, 0x08,
    0x63, 0x08, 0x63, 0x08, 0x63, 0x08, 0x63, 0x08, 0x63, 0x08, 0x63, 0x08, 0x63, 0x08, 0x63, 0x08,
    0x63, 0x08, 0x63, 0x08, 0x63, 0x08, 0x63, 0x08, 0x63, 0x08, 0x63, 0x00, 0x63, 0x00, 0x63, 0x00,
    0x63, 0x00, 0x63, 0x00, 0x63, 0x00, 0x63, 0x00, 0x63, 0x00, 0x63, 0x00, 0x63, 0x00, 0x63, 0x00,
    0x63, 0x00, 0x63, 0x00, 0x63, 0x00, 0x63, 0x00, 0x63, 0x00, 0x63, 0x00, 0x63, 0x00, 0x62, 0x00,
    0x62, 0x00, 0x62, 0x00, 0x62, 0x00, 0x62, 0x00, 0x62, 0x00, 0x42, 0x00, 0x42, 0x00, 0x42, 0x00,
    0x42, 0x00, 0x42, 0x00, 0x42, 0x00, 0x42, 0x00, 0x42, 0x00, 0x42, 0x00, 0x42, 0x00, 0x42, 0x00,
    0x42, 0x00, 0x42, 0x00, 0x42, 0x00, 0x42, 0x00, 0x42, 0x00, 0x42, 0x00, 0x42, 0x00, 0x42, 0x00,
    0x42, 0x00, 0x42, 0x00, 0x42, 0x00, 0x42, 0x00, 0x42, 0x00, 0x42, 0x00, 0x42, 0x00, 0x42, 0x00,
    0x42, 0x00, 0x42, 0x00, 0x42, 0x00, 0x42, 0x00, 0x42, 0x00, 0x42, 0x00, 0x42, 0x00, 0x42, 0x00,
    0x42, 0x00, 0x42, 0x00, 0x42, 0x00, 0x42, 0x00, 0x42, 0x00, 0x42, 0x00, 0x42, 0x00, 0x42, 0x00,
    0x42, 0x00, 0x42, 0x00, 0x42, 0x00, 0x42, 0x00, 0x42, 0x00, 0x42, 0x00, 0x42, 0x00, 0x42, 0x00,
    0x42, 0x00, 0x42, 0x00, 0x42, 0x00, 0x42, 0x00, 0x42, 0x00, 0x42, 0x00, 0x42, 0x00, 0x42, 0x00,
    0x42, 0x00, 0x42, 0x00, 0x42, 0x00, 0x42, 0x00, 0x42, 0x00, 0x42, 0x00, 0x42, 0x00, 0x42, 0x00,
    0x42, 0x00, 0x42, 0x00, 0x42, 0x00, 0x42, 0x00, 0x42, 0x00, 0x42, 0x00, 0x42, 0x00, 0x42, 0x00,
    0x42, 0x00, 0x42, 0x00, 0x62, 0x00, 0x62, 0x00, 0x62, 0x00, 0x62, 0x00, 0x62, 0x00, 0x62, 0x00,
    0x62, 0x00, 0x62, 0x00, 0x62, 0x00, 0x62, 0x00, 0x62, 0x00, 0x62, 0x00, 0x62, 0x00, 0x62, 0x00,
    0x63, 0x00, 0x63, 0x00, 0x63, 0x00, 0x63, 0x00, 0x63, 0x00, 0x63, 0x00, 0x63, 0x00, 0x63, 0x00,
    0x63, 0x00, 0x63, 0x00, 0x63, 0x00, 0x63, 0x00, 0x63, 0x00, 0x63, 0x08, 0x63, 0x08, 0x63, 0x08,
    0x63, 0x08, 0x63, 0x08, 0x63, 0x08, 0x63, 0x08, 0x63, 0x08, 0x63, 0x08, 0x63, 0x08, 0x63, 0x08,
    0x63, 0x08, 0x63, 0x08, 0x63, 0x08, 0x63, 0x08, 0x63, 0x08, 0x63, 0x08, 0x63, 0x08, 0x63, 0x08,
    0x63, 0x08, 0x63, 0x08, 0x63, 0x08, 0x63, 0x08, 0x63, 0x08, 0x63, 0x08, 0x63, 0x08, 0x63, 0x08,
    0x63, 0x08, 0x63, 0x08, 0x63, 0x08, 0x63, 0x08, 0x63, 0x08, 0x63, 0x08, 0x63, 0x08, 0x63, 0x08,
    0x63, 0x08, 0x63, 0x08, 0x63, 0x08, 0x63, 0x08, 0x63, 0x08, 0x63, 0x08, 0x63, 0x08, 0x63, 0x08,
    0x63, 0x08, 0x63, 0x08, 0x63, 0x08, 0x63, 0x08, 0x63, 0x08, 0x63, 0x08, 0x63, 0x08, 0x63, 0x08,
    0x63, 0x08, 0x63, 0x08, 0x63, 0x08, 0x63, 0x08, 0x63, 0x08, 0x63, 0x08, 0x63, 0x08, 0x63, 0x08,
    0x63, 0x08, 0x63, 0x08, 0x63, 0x08, 0x63, 0x08, 0x63, 0x08, 0x63, 0x08, 0x63, 0x08, 0x63, 0x08,
    0x63, 0x08, 0x63, 0x08, 0x63, 0x08, 0x63, 0x08, 0x63, 0x08, 0x63, 0x08, 0x63, 0x08, 0x63, 0x08,
    0x63, 0x08, 0x63, 0x08, 0x63, 0x08, 0x63, 0x08, 0x63, 0x08, 0x63, 0x08, 0x63, 0x08, 0x63, 0x08,
    0x63, 0x08, 0x63, 0x08, 0x63, 0x08, 0x63, 0x08, 0x63, 0x00, 0x63, 0x00, 0x63, 0x00, 0x63, 0x00,
    0x63, 0x00, 0x63, 0x00, 0x63, 0x00, 0x63, 0x00, 0x63, 0x00, 0x63, 0x00, 0x63, 0x00, 0x63, 0x00,
    0x63, 0x00, 0x62, 0x00, 0x62, 0x00, 0x62, 0x00, 0x62, 0x00, 0x62, 0x00, 0x62, 0x00, 0x62, 0x00,
    0x62, 0x00, 0x62, 0x00, 0x62, 0x00, 0x62, 0x00, 0x62, 0x00, 0x62, 0x00, 0x62, 0x00, 0x42, 0x00,
    0x42, 0x00, 0x42, 0x00, 0x42, 0x00, 0x42, 0x00, 0x42, 0x00, 0x42, 0x00, 0x42, 0x00, 0x42, 0x00,
    0x42, 0x00, 0x42, 0x00, 0x42, 0x00, 0x42, 0x00, 0x42, 0x00, 0x42, 0x00, 0x42, 0x00, 0x42, 0x00,
    0x42, 0x00, 0x42, 0x00, 0x42, 0x00, 0x42, 0x00, 0x42, 0x00, 0x42, 0x00, 0x42, 0x00, 0x42, 0x00,
    0x42, 0x00, 0x42, 0x00, 0x42, 0x00, 0x42, 0x00, 0x42, 0x00, 0x42, 0x00, 0x42, 0x00, 0x42, 0x00,
    0x42, 0x00, 0x42, 0x00, 0x42, 0x00, 0x42, 0x00, 0x42, 0x00, 0x42, 0x00, 0x42, 0x00, 0x42, 0x00,
    0x42, 0x00, 0x42, 0x00, 0x42, 0x00, 0x42, 0x00, 0x42, 0x00, 0x42, 0x00, 0x42, 0x00, 0x42, 0x00,
    0x42, 0x00, 0x42, 0x00, 0x42, 0x00, 0x42, 0x00, 0x42, 0x00, 0x42, 0x00, 0x42, 0x00, 0x42, 0x00,
    0x42, 0x00, 0x42, 0x00, 0x42, 0x00, 0x42, 0x00, 0x42, 0x00, 0x42, 0x00, 0x42, 0x00, 0x42, 0x00,
    0x42, 0x00, 0x42, 0x00, 0x42, 0x00, 0x42, 0x00, 0x42, 0x00, 0x42, 0x00, 0x42, 0x00, 0x42, 0x00,
    0x42, 0x00, 0x42, 0x00, 0x42, 0x00, 0x42, 0x00, 0x42, 0x00, 0x42, 0x00, 0x42, 0x00, 0x42, 0x00,
    0x42, 0x00, 0x42, 0x00, 0x42, 0x00, 0x42, 0x00, 0x42, 0x00, 0x42, 0x00, 0x42, 0x00, 0x42, 0x00,
    0x42, 0x00, 0x42, 0x00, 0x42, 0x00, 0x42, 0x00, 0x42, 0x00, 0x42, 0x00, 0x42, 0x00, 0x42, 0x00,
    0x42, 0x00, 0x42, 0x00, 0x42, 0x00, 0x42, 0x00, 0x42, 0x00, 0x42, 0x00, 0x42, 0x00, 0x62, 0x00,
    0x62, 0x00, 0x62, 0x00, 0x62, 0x00, 0x62, 0x00, 0x62, 0x00, 0x62, 0x00, 0x62, 0x00, 0x62, 0x00,
    0x62, 0x00, 0x62, 0x00, 0x62, 0x00, 0x62, 0x00, 0x62, 0x00, 0x62, 0x00, 0x63, 0x00, 0x63, 0x00,
    0x63, 0x00, 0x63, 0x00, 0x63, 0x00, 0x63, 0x00, 0x63, 0x00, 0x63, 0x00, 0x63, 0x00, 0x63, 0x00,
    0x63, 0x00, 0x63, 0x00, 0x63, 0x00, 0x63, 0x08, 0x63, 0x08, 0x63, 0x08, 0x63, 0x08, 0x63, 0x08,
    0x63, 0x08, 0x63, 0x08, 0x63, 0x08, 0x63, 0x08, 0x63, 0x08, 0x63, 0x08, 0x63, 0x08, 0x63, 0x08,
    0x63, 0x08, 0x63, 0x08, 0x63, 0x08, 0x63, 0x08, 0x63, 0x08, 0x63, 0x08, 0x63, 0x08, 0x63, 0x08,
    0x63, 0x08, 0x63, 0x08, 0x63, 0x08, 0x63, 0x08, 0x63, 0x08, 0x63, 0x08, 0x63, 0x08, 0x63, 0x08,
    0x63, 0x08, 0x63, 0x08, 0x63, 0x08, 0x63, 0x08, 0x63, 0x08, 0x63, 0x08, 0x63, 0x08, 0x63, 0x08,
    0x63, 0x08, 0x63, 0x08, 0x63, 0x08, 0x63, 0x08, 0x63, 0x08, 0x63, 0x08, 0x63, 0x08, 0x63, 0x08,
    0x63, 0x08, 0x63, 0x08, 0x63, 0x08, 0x63, 0x08, 0x63, 0x08, 0x63, 0x08, 0x63, 0x08, 0x63, 0x08,
    0x63, 0x08, 0x63, 0x08, 0x63, 0x08, 0x63, 0x08, 0x63, 0x08, 0x63, 0x08, 0x63, 0x08, 0x63, 0x08,
    0x63, 0x08, 0x63, 0x08, 0x63, 0x08, 0x63, 0x08, 0x63, 0x08, 0x63, 0x08, 0x63, 0x08, 0x63, 0x08,
    0x63, 0x08, 0x63, 0x08, 0x63, 0x08, 0x63, 0x08, 0x63, 0x08, 0x63, 0x08, 0x63, 0x00, 0x63, 0x00,
    0x63, 0x00, 0x63, 0x00, 0x63, 0x00, 0x63, 0x00, 0x63, 0x00, 0x63, 0x00, 0x63, 0x00, 0x63, 0x00,
    0x63, 0x00, 0x63, 0x00, 0x63, 0x00, 0x62, 0x00, 0x62, 0x00, 0x62, 0x00, 0x62, 0x00, 0x62, 0x00,
    0x62, 0x00, 0x62, 0x00, 0x62, 0x00, 0x62, 0x00, 0x62, 0x00, 0x62, 0x00, 0x62, 0x00, 0x62, 0x00,
    0x62, 0x00, 0x62, 0x00, 0x42, 0x00, 0x42, 0x00, 0x42, 0x00, 0x42, 0x00, 0x42, 0x00, 0x42, 0x00,
    0x42, 0x00, 0x42, 0x00, 0x42, 0x00, 0x42, 0x00, 0x42, 0x00, 0x42, 0x00, 0x42, 0x00, 0x42, 0x00,
    0x42, 0x00, 0x42, 0x00, 0x42, 0x00, 0x42, 0x00, 0x42, 0x00, 0x42, 0x00, 0x42, 0x00, 0x42, 0x00,
    0x42, 0x00, 0x42, 0x00, 0x42, 0x00, 0x42, 0x00, 0x42, 0x00, 0x42, 0x00, 0x42, 0x00, 0x42, 0x00,
    0x42, 0x00, 0x42, 0x00, 0x42, 0x00, 0x42, 0x00, 0x42, 0x00, 0x42, 0x00, 0x42, 0x00, 0x42, 0x00,
    0x42, 0x00, 0x42, 0x00, 0x42, 0x00, 0x42, 0x00, 0x42, 0x00, 0x42, 0x00, 0x42, 0x00, 0x42, 0x00,
    0x42, 0x00, 0x42, 0x00, 0x42, 0x00, 0x42, 0x00, 0x42, 0x00, 0x42, 0x00, 0x42, 0x00, 0x42, 0x00,
    0x42, 0x00, 0x42, 0x00, 0x42, 0x00, 0x42, 0x00, 0x42, 0x00, 0x42, 0x00, 0x42, 0x00, 0x42, 0x00,
    0x42, 0x00, 0x42, 0x00, 0x42, 0x00, 0x42, 0x00, 0x42, 0x00, 0x42, 0x00, 0x42, 0x00, 0x42, 0x00,
    0x42, 0x00, 0x42, 0x00, 0x42, 0x00, 0x42, 0x00, 0x42, 0x00, 0x42, 0x00, 0x42, 0x00, 0x42, 0x00,
    0x42, 0x00, 0x42, 0x00, 0x42, 0x00, 0x42, 0x00, 0x42, 0x00, 0x42, 0x00, 0x42, 0x00, 0x42, 0x00,
    0x42, 0x00, 0x42, 0x00, 0x42, 0x00, 0x42, 0x00, 0x42, 0x00, 0x42, 0x00, 0x42, 0x00, 0x62, 0x00,
    0x62, 0x00, 0x62, 0x00, 0x62, 0x00, 0x62, 0x00, 0x62, 0x00, 0x62, 0x00, 0x62, 0x00, 0x63, 0x00,
    0x63, 0x00, 0x63, 0x00, 0x63, 0x00, 0x63, 0x00, 0x63, 0x00, 0x63, 0x00, 0x63, 0x00, 0x63, 0x00,
    0x63, 0x00, 0x63, 0x00, 0x63, 0x00, 0x63, 0x00, 0x63, 0x00, 0x63, 0x00, 0x63, 0x00, 0x63, 0x00,
    0x63, 0x08, 0x63, 0x08, 0x63, 0x08, 0x63, 0x08, 0x63, 0x08, 0x63, 0x08, 0x63, 0x08, 0x63, 0x08,
    0x63, 0x08, 0x63, 0x08, 0x63, 0x08, 0x63, 0x08, 0x63, 0x08, 0x63, 0x08, 0x63, 0x08, 0x63, 0x08,
    0x63, 0x08, 0x63, 0x08, 0x63, 0x08, 0x63, 0x08, 0x63, 0x08, 0x63, 0x08, 0x63, 0x08, 0x63, 0x08,
    0x63, 0x08, 0x63, 0x08, 0x63, 0x08, 0x63, 0x08, 0x63, 0x08, 0x63, 0x08, 0x63, 0x08, 0x63, 0x08,
    0x63, 0x08, 0x63, 0x08, 0x63, 0x08, 0x63, 0x08, 0x63, 0x08, 0x63, 0x08, 0x63, 0x08, 0x63, 0x08,
    0x63, 0x08, 0x63, 0x08, 0x63, 0x08, 0x63, 0x08, 0x63, 0x08, 0x63, 0x08, 0x63, 0x08, 0x63, 0x08,
    0x63, 0x08, 0x63, 0x08, 0x63, 0x08, 0x63, 0x08, 0x63, 0x08, 0x63, 0x08, 0x63, 0x08, 0x63, 0x08,
    0x63, 0x08, 0x63, 0x08, 0x63, 0x08, 0x63, 0x08, 0x63, 0x08, 0x63, 0x08, 0x63, 0x08, 0x63, 0x08,
    0x63, 0x08, 0x63, 0x08, 0x63, 0x08, 0x63, 0x08, 0x63, 0x08, 0x63, 0x08, 0x63, 0x08, 0x63, 0x08,
    0x63, 0x08, 0x63, 0x08, 0x63, 0x08, 0x63, 0x08, 0x63, 0x08, 0x63, 0x08, 0x63, 0x08, 0x63, 0x08,
    0x63, 0x08, 0x63, 0x08, 0x63, 0x08, 0x63, 0x08, 0x63, 0x08, 0x63, 0x08, 0x63, 0x08, 0x63, 0x08,
    0x63, 0x08, 0x63, 0x08, 0x63, 0x08, 0x63, 0x08, 0x63, 0x08, 0x63, 0x08, 0x63, 0x08, 0x63, 0x08,
    0x63, 0x08, 0x63, 0x08, 0x63, 0x08, 0x63, 0x08, 0x63, 0x08, 0x63, 0x08, 0x63, 0x08, 0x63, 0x08,
    0x63, 0x08, 0x63, 0x08, 0x63, 0x08, 0x63, 0x08, 0x63, 0x08, 0x63, 0x08, 0x63, 0x08, 0x63, 0x08,
    0x63, 0x08, 0x63, 0x00, 0x63, 0x00, 0x63, 0x00, 0x63, 0x00, 0x63, 0x00, 0x63, 0x00, 0x63, 0x00,
    0x63, 0x00, 0x63, 0x00, 0x63, 0x00, 0x63, 0x00, 0x63, 0x00, 0x63, 0x00, 0x63, 0x00, 0x63, 0x00,
    0x63, 0x00, 0x63, 0x00, 0x62, 0x00, 0x62, 0x00, 0x62, 0x00, 0x62, 0x00, 0x62, 0x00, 0x62, 0x00,
    0x62, 0x00, 0x62, 0x00, 0x42, 0x00, 0x42, 0x00, 0x42, 0x00, 0x42, 0x00, 0x42, 0x00, 0x42, 0x00,
    0x42, 0x00, 0x42, 0x00, 0x42, 0x00, 0x42, 0x00, 0x42, 0x00, 0x42, 0x00, 0x42, 0x00, 0x42, 0x00,
    0x42, 0x00, 0x42, 0x00, 0x42, 0x00, 0x42, 0x00, 0x42, 0x00, 0x42, 0x00, 0x42, 0x00, 0x42, 0x00,
    0x42, 0x00, 0x42, 0x00, 0x42, 0x00, 0x42, 0x00, 0x42, 0x00, 0x42, 0x00, 0x42, 0x00, 0x42, 0x00,
    0x42, 0x00, 0x42, 0x00, 0x42, 0x00, 0x42, 0x00, 0x42, 0x00, 0x42, 0x00, 0x42, 0x00, 0x42, 0x00,
    0x42, 0x00, 0x42, 0x00, 0x42, 0x00, 0x42, 0x00, 0x42, 0x00, 0x42, 0x00, 0x42, 0x00, 0x42, 0x00,
    0x42, 0x00, 0x42, 0x00, 0x42, 0x00, 0x42, 0x00, 0x42, 0x00, 0x42, 0x00, 0x42, 0x00, 0x42, 0x00,
    0x42, 0x00, 0x42, 0x00, 0x42, 0x00, 0x42, 0x00, 0x42, 0x00, 0x42, 0x00, 0x42, 0x00, 0x42, 0x00,
    0x42, 0x00, 0x42, 0x00, 0x42, 0x00, 0x42, 0x00, 0x42, 0x00, 0x42, 0x00, 0x42, 0x00, 0x42, 0x00,
    0x42, 0x00, 0x42, 0x00, 0x42, 0x00, 0x42, 0x00, 0x42, 0x00, 0x42, 0x00, 0x42, 0x00, 0x42, 0x00,
    0x42, 0x00, 0x42, 0x00, 0x42, 0x00, 0x42, 0x00, 0x42, 0x00, 0x42, 0x00, 0x42, 0x00, 0x42, 0x00,
    0x42, 0x00, 0x42, 0x00, 0x42, 0x00, 0x42, 0x00, 0x42, 0x00, 0x42, 0x00, 0x42, 0x00, 0x42, 0x00,
    0x42, 0x00, 0x42, 0x00, 0x42, 0x00, 0x42, 0x00, 0x42, 0x00, 0x42, 0x00, 0x42, 0x00, 0x42, 0x00,
    0x42, 0x00, 0x42, 0x00, 0x62, 0x00, 0x62, 0x00, 0x62, 0x00, 0x62, 0x00, 0x62, 0x00, 0x62, 0x00,
    0x62, 0x00, 0x62, 0x00, 0x62, 0x00, 0x62, 0x00, 0x62, 0x00, 0x62, 0x00, 0x62, 0x00, 0x62, 0x00,
    0x62, 0x00, 0x62, 0x00, 0x62, 0x00, 0x62, 0x00, 0x62, 0x00, 0x62, 0x00, 0x63, 0x00, 0x63, 0x00,
    0x63, 0x00, 0x63, 0x00, 0x63, 0x00, 0x63, 0x00, 0x63, 0x00, 0x63, 0x00, 0x63, 0x00, 0x63, 0x00,
    0x63, 0x00, 0x63, 0x00, 0x63, 0x00, 0x63, 0x00, 0x63, 0x00, 0x63, 0x08, 0x63, 0x08, 0x63, 0x08,
    0x63, 0x08, 0x63, 0x08, 0x63, 0x08, 0x63, 0x08, 0x63, 0x08, 0x63, 0x08, 0x63, 0x08, 0x63, 0x08,
    0x63, 0x08, 0x63, 0x08, 0x63, 0x08, 0x63, 0x08, 0x63, 0x08, 0x63, 0x08, 0x63, 0x08, 0x63, 0x08,
    0x63, 0x08, 0x63, 0x08, 0x63, 0x08, 0x63, 0x08, 0x63, 0x08, 0x63, 0x08, 0x63, 0x08, 0x63, 0x08,
    0x63, 0x08, 0x63, 0x08, 0x63, 0x08, 0x63, 0x08, 0x63, 0x08, 0x63, 0x08, 0x63, 0x08, 0x63, 0x08,
    0x63, 0x08, 0x63, 0x08, 0x63, 0x08, 0x63, 0x08, 0x63, 0x00, 0x63, 0x00, 0x63, 0x00, 0x63, 0x00,
    0x63, 0x00, 0x63, 0x00, 0x63, 0x00, 0x63, 0x00, 0x63, 0x00, 0x63, 0x00, 0x63, 0x00, 0x63, 0x00,
    0x63, 0x00, 0x63, 0x00, 0x63, 0x00, 0x62, 0x00, 0x62, 0x00, 0x62, 0x00, 0x62, 0x00, 0x62, 0x00,
    0x62, 0x00, 0x62, 0x00, 0x62, 0x00, 0x62, 0x00, 0x62, 0x00, 0x62, 0x00, 0x62, 0x00, 0x62, 0x00,
    0x62, 0x00, 0x62, 0x00, 0x62, 0x00, 0x62, 0x00, 0x62, 0x00, 0x62, 0x00, 0x62, 0x00, 0x42, 0x00,
    0x42, 0x00, 0x42, 0x00, 0x42, 0x00, 0x42, 0x00, 0x42, 0x00, 0x42, 0x00, 0x42, 0x00, 0x42, 0x00,
    0x42, 0x00, 0x42, 0x00, 0x42, 0x00, 0x42, 0x00, 0x42, 0x00, 0x42, 0x00, 0x42, 0x00, 0x42, 0x00,
    0x42, 0x00, 0x42, 0x00, 0x42, 0x00, 0x42, 0x00, 0x42, 0x00, 0x42, 0x00, 0x42, 0x00, 0x42, 0x00,
    0x42, 0x00, 0x42, 0x00, 0x42, 0x00, 0x42, 0x00, 0x42, 0x00, 0x42, 0x00, 0x42, 0x00, 0x42, 0x00,
    0x42, 0x00, 0x42, 0x00, 0x42, 0x00, 0x42, 0x00, 0x42, 0x00, 0x42, 0x00, 0x42, 0x00, 0x42, 0x00,
    0x42, 0x00, 0x42, 0x00, 0x42, 0x00, 0x42, 0x00, 0x42, 0x00, 0x42, 0x00, 0x42, 0x00, 0x42, 0x00,
    0x42, 0x00, 0x42, 0x00, 0x42, 0x00, 0x42, 0x00, 0x42, 0x00, 0x42, 0x00, 0x42, 0x00, 0x42, 0x00,
    0x42, 0x00, 0x42, 0x00, 0x42, 0x00, 0x42, 0x00, 0x42, 0x00, 0x42, 0x00, 0x42, 0x00, 0x42, 0x00,
    0x42, 0x00, 0x42, 0x00, 0x42, 0x00, 0x42, 0x00, 0x42, 0x00, 0x42, 0x00, 0x42, 0x00, 0x42, 0x00,
    0x42, 0x00, 0x42, 0x00, 0x42, 0x00, 0x42, 0x00, 0x42, 0x00, 0x42, 0x00, 0x42, 0x00, 0x42, 0x00,
    0x42, 0x00, 0x42, 0x00, 0x42, 0x00, 0x42, 0x00, 0x42, 0x00, 0x42, 0x00, 0x42, 0x00, 0x42, 0x00,
    0x42, 0x00, 0x42, 0x00, 0x42, 0x00, 0x42, 0x00, 0x42, 0x00, 0x42, 0x00, 0x42, 0x00, 0x42, 0x00,
    0x42, 0x00, 0x42, 0x00, 0x42, 0x00, 0x42, 0x00, 0x42, 0x00, 0x42, 0x00, 0x42, 0x00, 0x42, 0x00,
    0x42, 0x00, 0x42, 0x00, 0x42, 0x00, 0x42, 0x00, 0x42, 0x00, 0x42, 0x00, 0x42, 0x00, 0x42, 0x00,
    0x42, 0x00, 0x42, 0x00, 0x42, 0x00, 0x42, 0x00, 0x42, 0x00, 0x42, 0x00, 0x42, 0x00, 0x42, 0x00,
    0x42, 0x00, 0x42, 0x00, 0x42, 0x00, 0x42, 0x00, 0x42, 0x00, 0x42, 0x00, 0x42, 0x00, 0x42, 0x00,
    0x42, 0x00, 0x42, 0x00, 0x42, 0x00, 0x42, 0x00, 0x42, 0x00, 0x42, 0x00, 0x42, 0x00, 0x42, 0x00,
    0x62, 0x00, 0x62, 0x00, 0x62, 0x00, 0x62, 0x00, 0x62, 0x00, 0x62, 0x00, 0x62, 0x00, 0x62, 0x00,
    0x62, 0x00, 0x62, 0x00, 0x62, 0x00, 0x62, 0x00, 0x62, 0x00, 0x62, 0x00, 0x62, 0x00, 0x62, 0x00,
    0x62, 0x00, 0x62, 0x00, 0x62, 0x00, 0x62, 0x00, 0x62, 0x00, 0x62, 0x00, 0x62, 0x00, 0x62, 0x00,
    0x62, 0x00, 0x62, 0x00, 0x63, 0x00, 0x63, 0x00, 0x63, 0x00, 0x63, 0x00, 0x63, 0x00, 0x63, 0x00,
    0x63, 0x00, 0x63, 0x00, 0x63, 0x00, 0x63, 0x00, 0x63, 0x00, 0x63, 0x00, 0x63, 0x00, 0x63, 0x00,
    0x63, 0x00, 0x63, 0x00, 0x63, 0x00, 0x63, 0x00, 0x63, 0x00, 0x63, 0x00, 0x63, 0x00, 0x63, 0x00,
    0x63, 0x00, 0x63, 0x00, 0x63, 0x00, 0x63, 0x00, 0x63, 0x00, 0x63, 0x00, 0x63, 0x00, 0x63, 0x00,
    0x63, 0x00, 0x63, 0x00, 0x63, 0x00, 0x63, 0x00, 0x63, 0x00, 0x63, 0x00, 0x63, 0x00, 0x63, 0x00,
    0x63, 0x00, 0x63, 0x00, 0x63, 0x00, 0x63, 0x00, 0x63, 0x00, 0x63, 0x00, 0x63, 0x00, 0x62, 0x00,
    0x62, 0x00, 0x62, 0x00, 0x62, 0x00, 0x62, 0x00, 0x62, 0x00, 0x62, 0x00, 0x62, 0x00, 0x62, 0x00,
    0x62, 0x00, 0x62, 0x00, 0x62, 0x00, 0x62, 0x00, 0x62, 0x00, 0x62, 0x00, 0x62, 0x00, 0x62, 0x00,
    0x62, 0x00, 0x62, 0x00, 0x62, 0x00, 0x62, 0x00, 0x62, 0x00, 0x62, 0x00, 0x62, 0x00, 0x62, 0x00,
    0x62, 0x00, 0x42, 0x00, 0x42, 0x00, 0x42, 0x00, 0x42, 0x00, 0x42, 0x00, 0x42, 0x00, 0x42, 0x00,
    0x42, 0x00, 0x42, 0x00, 0x42, 0x00, 0x42, 0x00, 0x42, 0x00, 0x42, 0x00, 0x42, 0x00, 0x42, 0x00,
    0x42, 0x00, 0x42, 0x00, 0x42, 0x00, 0x42, 0x00, 0x42, 0x00, 0x42, 0x00, 0x42, 0x00, 0x42, 0x00,
    0x42, 0x00, 0x42, 0x00, 0x42, 0x00, 0x42, 0x00, 0x42, 0x00, 0x42, 0x00, 0x42, 0x00, 0x42, 0x00,
    0x42, 0x00, 0x42, 0x00, 0x42, 0x00, 0x42, 0x00, 0x42, 0x00, 0x42, 0x00, 0x42, 0x00, 0x42, 0x00,
    0x42, 0x00, 0x42, 0x00, 0x42, 0x00, 0x42, 0x00, 0x42, 0x00, 0x42, 0x00, 0x42, 0x00, 0x42, 0x00,
    0x42, 0x00, 0x42, 0x00, 0x42, 0x00, 0x42, 0x00, 0x42, 0x00, 0x42, 0x00, 0x42, 0x00, 0x42, 0x00,
    0x42, 0x00, 0x42, 0x00, 0x42, 0x00, 0x42, 0x00, 0x42, 0x00, 0x42, 0x00, 0x42, 0x00, 0x42, 0x00,
    0x42, 0x00, 0x42, 0x00, 0x42, 0x00, 0x42, 0x00, 0x42, 0x00, 0x42, 0x00, 0x42, 0x00, 0x42, 0x00,
    0x42, 0x00, 0x42, 0x00, 0x42, 0x00, 0x42, 0x00, 0x42, 0x00, 0x42, 0x00, 0x42, 0x00, 0x42, 0x00,
    0x42, 0x00, 0x42, 0x00, 0x42, 0x00, 0x42, 0x00, 0x42, 0x00, 0x42, 0x00, 0x42, 0x00, 0x42, 0x00,
    0x42, 0x00, 0x42, 0x00, 0x42, 0x00, 0x42, 0x00, 0x42, 0x00, 0x42, 0x00, 0x42, 0x00, 0x42, 0x00,
    0x42, 0x00, 0x42, 0x00, 0x42, 0x00, 0x42, 0x00, 0x42, 0x00, 0x42, 0x00, 0x42, 0x00, 0x42, 0x00,
    0x42, 0x00, 0x42, 0x00, 0x42, 0x00, 0x42, 0x00, 0x42, 0x00, 0x42, 0x00, 0x42, 0x00, 0x42, 0x00,
    0x42, 0x00, 0x42, 0x00, 0x42, 0x00, 0x42, 0x00, 0x42, 0x00, 0x42, 0x00, 0x42, 0x00, 0x42, 0x00,
    0x42, 0x00, 0x42, 0x00, 0x42, 0x00, 0x42, 0x00, 0x42, 0x00, 0x62, 0x00, 0x62, 0x00, 0x62, 0x00,
    0x62, 0x00, 0x62, 0x00, 0x62, 0x00, 0x62, 0x00, 0x62, 0x00, 0x62, 0x00, 0x63, 0x00, 0x63, 0x00,
    0x63, 0x00, 0x63, 0x00, 0x63, 0x00, 0x63, 0x00, 0x63, 0x00, 0x63, 0x00, 0x63, 0x00, 0x63, 0x00,
    0x63, 0x00, 0x63, 0x00, 0x63, 0x00, 0x63, 0x00, 0x63, 0x00, 0x63, 0x00, 0x63, 0x00, 0x63, 0x00,
    0x63, 0x08, 0x63, 0x08, 0x63, 0x08, 0x63, 0x08, 0x63, 0x08, 0x63, 0x08, 0x63, 0x08, 0x63, 0x08,
    0x63, 0x08, 0x63, 0x08, 0x63, 0x08, 0x63, 0x08, 0x63, 0x08, 0x63, 0x08, 0x63, 0x08, 0x63, 0x08,
    0x63, 0x08, 0x63, 0x08, 0x63, 0x08, 0x63, 0x08, 0x63, 0x08, 0x63, 0x08, 0x63, 0x08, 0x63, 0x08,
    0x63, 0x08, 0x63, 0x08, 0x63, 0x08, 0x63, 0x08, 0x63, 0x08, 0x63, 0x08, 0x63, 0x08, 0x63, 0x08,
    0x63, 0x08, 0x63, 0x08, 0x63, 0x08, 0x63, 0x08, 0x63, 0x08, 0x63, 0x08, 0x63, 0x08, 0x63, 0x08,
    0x63, 0x08, 0x63, 0x08, 0x63, 0x08, 0x63, 0x08, 0x63, 0x08, 0x63, 0x08, 0x63, 0x08, 0x63, 0x08,
    0x63, 0x08, 0x63, 0x08, 0x63, 0x08, 0x63, 0x08, 0x63, 0x08, 0x63, 0x08, 0x63, 0x08, 0x63, 0x08,
    0x63, 0x08, 0x63, 0x08, 0x63, 0x08, 0x63, 0x08, 0x63, 0x08, 0x63, 0x08, 0x63, 0x08, 0x63, 0x08,
    0x63, 0x08, 0x63, 0x08, 0x63, 0x08, 0x63, 0x08, 0x63, 0x08, 0x63, 0x08, 0x63, 0x08, 0x63, 0x08,
    0x63, 0x08, 0x63, 0x08, 0x63, 0x08, 0x63, 0x08, 0x63, 0x08, 0x63, 0x08, 0x63, 0x08, 0x63, 0x08,
    0x63, 0x08, 0x63, 0x00, 0x63, 0x00, 0x63, 0x00, 0x63, 0x00, 0x63, 0x00, 0x63, 0x00, 0x63, 0x00,
    0x63, 0x00, 0x63, 0x00, 0x63, 0x00, 0x63, 0x00, 0x63, 0x00, 0x63, 0x00, 0x63, 0x00, 0x63, 0x00,
    0x63, 0x00, 0x63, 0x00, 0x63, 0x00, 0x62, 0x00, 0x62, 0x00, 0x62, 0x00, 0x62, 0x00, 0x62, 0x00,
    0x62, 0x00, 0x62, 0x00, 0x62, 0x00, 0x62, 0x00, 0x42, 0x00, 0x42, 0x00, 0x42, 0x00, 0x42, 0x00,
    0x42, 0x00, 0x42, 0x00, 0x42, 0x00, 0x42, 0x00, 0x42, 0x00, 0x42, 0x00, 0x42, 0x00, 0x42, 0x00,
    0x42, 0x00, 0x42, 0x00, 0x42, 0x00, 0x42, 0x00, 0x42, 0x00, 0x42, 0x00, 0x42, 0x00, 0x42, 0x00,
    0x42, 0x00, 0x42, 0x00, 0x42, 0x00, 0x42, 0x00, 0x42, 0x00, 0x42, 0x00, 0x42, 0x00, 0x42, 0x00,
    0x42, 0x00, 0x42, 0x00, 0x42, 0x00, 0x42, 0x00, 0x42, 0x00, 0x42, 0x00, 0x42, 0x00, 0x42, 0x00,
    0x42, 0x00, 0x42, 0x00, 0x42, 0x00, 0x42, 0x00, 0x42, 0x00, 0x42, 0x00, 0x42, 0x00, 0x42, 0x00,
    0x42, 0x00, 0x42, 0x00, 0x42, 0x00, 0x42, 0x00, 0x42, 0x00, 0x42, 0x00, 0x42, 0x00, 0x42, 0x00,
    0x42, 0x00, 0x42, 0x00, 0x42, 0x00, 0x42, 0x00, 0x42, 0x00, 0x42, 0x00, 0x42, 0x00, 0x42, 0x00,
    0x42, 0x00, 0x42, 0x00, 0x42, 0x00, 0x42, 0x00, 0x42, 0x00, 0x42, 0x00, 0x42, 0x00, 0x42, 0x00,
    0x42, 0x00, 0x42, 0x00, 0x42, 0x00, 0x42, 0x00, 0x42, 0x00, 0x42, 0x00, 0x42, 0x00, 0x42, 0x00,
    0x42, 0x00, 0x42, 0x00, 0x42, 0x00, 0x42, 0x00, 0x42, 0x00, 0x42, 0x00, 0x42, 0x00, 0x42, 0x00,
    0x42, 0x00, 0x42, 0x00, 0x42, 0x00, 0x42, 0x00, 0x42, 0x00, 0x42, 0x00, 0x42, 0x00, 0x42, 0x00,
    0x42, 0x00, 0x42, 0x00, 0x42, 0x00, 0x42, 0x00, 0x42, 0x00, 0x42, 0x00, 0x42, 0x00, 0x42, 0x00,
    0x42, 0x00, 0x42, 0x00, 0x42, 0x00, 0x42, 0x00, 0x42, 0x00, 0x42, 0x00, 0x42, 0x00, 0x42, 0x00,
    0x42, 0x00, 0x42, 0x00, 0x42, 0x00, 0x42, 0x00, 0x42, 0x00, 0x42, 0x00, 0x42, 0x00, 0x42, 0x00,
    0x42, 0x00, 0x42, 0x00, 0x42, 0x00, 0x42, 0x00, 0x42, 0x00, 0x42, 0x00, 0x42, 0x00, 0x42, 0x00,
    0x42, 0x00, 0x42, 0x00, 0x42, 0x00, 0x42, 0x00, 0x42, 0x00, 0x42, 0x00, 0x42, 0x00, 0x42, 0x00,
    0x42, 0x00, 0x42, 0x00, 0x42, 0x00, 0x42, 0x00, 0x42, 0x00, 0x42, 0x00, 0x42, 0x00, 0x42, 0x00,
    0x42, 0x00, 0x62, 0x00, 0x62, 0x00, 0x62, 0x00, 0x62, 0x00, 0x62, 0x00, 0x62, 0x00, 0x62, 0x00,
    0x62, 0x00, 0x62, 0x00, 0x62, 0x00, 0x62, 0x00, 0x62, 0x00, 0x62, 0x00, 0x62, 0x00, 0x62, 0x00,
    0x62, 0x00, 0x62, 0x00, 0x62, 0x00, 0x62, 0x00, 0x62, 0x00, 0x62, 0x00, 0x62, 0x00, 0x62, 0x00,
    0x62, 0x00, 0x62, 0x00, 0x62, 0x00, 0x62, 0x00, 0x62, 0x00, 0x62, 0x00, 0x62, 0x00, 0x62, 0x00,
    0x62, 0x00, 0x62, 0x00, 0x62, 0x00, 0x62, 0x00, 0x62, 0x00, 0x62, 0x00, 0x62, 0x00, 0x62, 0x00,
    0x62, 0x00, 0x62, 0x00, 0x62, 0x00, 0x62, 0x00, 0x62, 0x00, 0x62, 0x00, 0x62, 0x00, 0x62, 0x00,
    0x62, 0x00, 0x62, 0x00, 0x62, 0x00, 0x62, 0x00, 0x62, 0x00, 0x62, 0x00, 0x62, 0x00, 0x62, 0x00,
    0x62, 0x00, 0x62, 0x00, 0x62, 0x00, 0x62, 0x00, 0x62, 0x00, 0x62, 0x00, 0x62, 0x00, 0x62, 0x00,
    0x42, 0x00, 0x42, 0x00, 0x42, 0x00, 0x42, 0x00, 0x42, 0x00, 0x42, 0x00, 0x42, 0x00, 0x42, 0x00,
    0x42, 0x00, 0x42, 0x00, 0x42, 0x00, 0x42, 0x00, 0x42, 0x00, 0x42, 0x00, 0x42, 0x00, 0x42, 0x00,
    0x42, 0x00, 0x42, 0x00, 0x42, 0x00, 0x42, 0x00, 0x42, 0x00, 0x42, 0x00, 0x42, 0x00, 0x42, 0x00,
    0x42, 0x00, 0x42, 0x00, 0x42, 0x00, 0x42, 0x00, 0x42, 0x00, 0x42, 0x00, 0x42, 0x00, 0x42, 0x00,
    0x42, 0x00, 0x42, 0x00, 0x42, 0x00, 0x42, 0x00, 0x42, 0x00, 0x42, 0x00, 0x42, 0x00, 0x42, 0x00,
    0x42, 0x00, 0x42, 0x00, 0x42, 0x00, 0x42, 0x00, 0x42, 0x00, 0x42, 0x00, 0x42, 0x00, 0x42, 0x00,
    0x42, 0x00, 0x42, 0x00, 0x42, 0x00, 0x42, 0x00, 0x42, 0x00, 0x42, 0x00, 0x42, 0x00, 0x42, 0x00,
    0x42, 0x00, 0x42, 0x00, 0x42, 0x00, 0x42, 0x00, 0x42, 0x00, 0x42, 0x00, 0x42, 0x00, 0x42, 0x00,
    0x42, 0x00, 0x42, 0x00, 0x42, 0x00, 0x42, 0x00, 0x42, 0x00, 0x42, 0x00, 0x42, 0x00, 0x42, 0x00,
    0x42, 0x00, 0x42, 0x00, 0x42, 0x00, 0x42, 0x00, 0x42, 0x00, 0x42, 0x00, 0x42, 0x00, 0x42, 0x00,
    0x42, 0x00, 0x42, 0x00, 0x42, 0x00, 0x42, 0x00, 0x42, 0x00, 0x42, 0x00, 0x42, 0x00, 0x42, 0x00,
    0x42, 0x00, 0x42, 0x00, 0x42, 0x00, 0x42, 0x00, 0x42, 0x00, 0x42, 0x00, 0x42, 0x00, 0x42, 0x00,
    0x42, 0x00, 0x42, 0x00, 0x42, 0x00, 0x42, 0x00, 0x42, 0x00, 0x42, 0x00, 0x42, 0x00, 0x42, 0x00,
    0x42, 0x00, 0x42, 0x00, 0x42, 0x00, 0x42, 0x00, 0x42, 0x00, 0x42, 0x00, 0x42, 0x00, 0x42, 0x00,
    0x42, 0x00, 0x42, 0x00, 0x42, 0x00, 0x42, 0x00, 0x42, 0x00, 0x42, 0x00, 0x42, 0x00, 0x42, 0x00,
    0x42, 0x00, 0x42, 0x00, 0x42, 0x00, 0x42, 0x00, 0x42, 0x00, 0x42, 0x00, 0x42, 0x00, 0x42, 0x00,
    0x42, 0x00, 0x42, 0x00, 0x42, 0x00, 0x42, 0x00, 0x42, 0x00, 0x42, 0x00, 0x42, 0x00, 0x42, 0x00,
    0x42, 0x00, 0x42, 0x00, 0x42, 0x00, 0x42, 0x00, 0x42, 0x00, 0x42, 0x00, 0x42, 0x00, 0x42, 0x00,
    0x42, 0x00, 0x42, 0x00, 0x42, 0x00, 0x42, 0x00, 0x42, 0x00, 0x42, 0x00, 0x42, 0x00, 0x42, 0x00,
    0x42, 0x00, 0x42, 0x00, 0x42, 0x00, 0x42, 0x00, 0x42, 0x00, 0x42, 0x00, 0x42, 0x00, 0x42, 0x00,
    0x42, 0x00, 0x42, 0x00, 0x42, 0x00, 0x42, 0x00, 0x42, 0x00, 0x42, 0x00, 0x42, 0x00, 0x42, 0x00,
    0x42, 0x00, 0x42, 0x00, 0x42, 0x00, 0x42, 0x00, 0x42, 0x00, 0x42, 0x00, 0x42, 0x00, 0x42, 0x00,
    0x42, 0x00, 0x42, 0x00, 0x42, 0x00, 0x42, 0x00, 0x42, 0x00, 0x42, 0x00, 0x42, 0x00, 0x42, 0x00,
    0x42, 0x00, 0x42, 0x00, 0x42, 0x00, 0x42, 0x00, 0x42, 0x00, 0x42, 0x00, 0x62, 0x00, 0x62, 0x00,
    0x62, 0x00, 0x62, 0x00, 0x62, 0x00, 0x62, 0x00, 0x62, 0x00, 0x62, 0x00, 0x62, 0x00, 0x62, 0x00,
    0x62, 0x00, 0x62, 0x00, 0x62, 0x00, 0x62, 0x00, 0x62, 0x00, 0x62, 0x00, 0x62, 0x00, 0x62, 0x00,
    0x62, 0x00, 0x62, 0x00, 0x62, 0x00, 0x62, 0x00, 0x62, 0x00, 0x62, 0x00, 0x62, 0x00, 0x62, 0x00,
    0x62, 0x00, 0x62, 0x00, 0x62, 0x00, 0x62, 0x00, 0x62, 0x00, 0x62, 0x00, 0x62, 0x00, 0x62, 0x00,
    0x62, 0x00, 0x62, 0x00, 0x62, 0x00, 0x42, 0x00, 0x42, 0x00, 0x42, 0x00, 0x42, 0x00, 0x42, 0x00,
    0x42, 0x00, 0x42, 0x00, 0x42, 0x00, 0x42, 0x00, 0x42, 0x00, 0x42, 0x00, 0x42, 0x00, 0x42, 0x00,
    0x42, 0x00, 0x42, 0x00, 0x42, 0x00, 0x42, 0x00, 0x42, 0x00, 0x42, 0x00, 0x42, 0x00, 0x42, 0x00,
    0x42, 0x00, 0x42, 0x00, 0x42, 0x00, 0x42, 0x00, 0x42, 0x00, 0x42, 0x00, 0x42, 0x00, 0x42, 0x00,
    0x42, 0x00, 0x42, 0x00, 0x42, 0x00, 0x42, 0x00, 0x42, 0x00, 0x42, 0x00, 0x42, 0x00, 0x42, 0x00,
    0x42, 0x00, 0x42, 0x00, 0x42, 0x00, 0x42, 0x00, 0x42, 0x00, 0x42, 0x00, 0x42, 0x00, 0x42, 0x00,
    0x42, 0x00, 0x42, 0x00, 0x42, 0x00, 0x42, 0x00, 0x42, 0x00, 0x42, 0x00, 0x42, 0x00, 0x42, 0x00,
    0x42, 0x00, 0x42, 0x00, 0x42, 0x00, 0x42, 0x00, 0x42, 0x00, 0x42, 0x00, 0x42, 0x00, 0x42, 0x00,
    0x42, 0x00, 0x42, 0x00, 0x42, 0x00, 0x42, 0x00, 0x42, 0x00, 0x42, 0x00, 0x42, 0x00, 0x42, 0x00,
    0x42, 0x00, 0x42, 0x00, 0x42, 0x00, 0x42, 0x00, 0x42, 0x00, 0x42, 0x00, 0x42, 0x00, 0x42, 0x00,
    0x42, 0x00, 0x42, 0x00, 0x42, 0x00, 0x42, 0x00, 0x42, 0x00, 0x42, 0x00, 0x42, 0x00, 0x42, 0x00,
    0x42, 0x00, 0x42, 0x00, 0x42, 0x00, 0x42, 0x00, 0x42, 0x00, 0x42, 0x00, 0x42, 0x00, 0x42, 0x00,
    0x42, 0x00, 0x42, 0x00, 0x42, 0x00, 0x42, 0x00, 0x42, 0x00, 0x42, 0x00, 0x42, 0x00, 0x42, 0x00,
    0x42, 0x00, 0x42, 0x00, 0x42, 0x00, 0x42, 0x00, 0x42, 0x00, 0x42, 0x00, 0x42, 0x00, 0x42, 0x00,
    0x42, 0x00, 0x42, 0x00, 0x42, 0x00, 0x42, 0x00, 0x42, 0x00, 0x42, 0x00, 0x42, 0x00, 0x42, 0x00,
    0x42, 0x00, 0x42, 0x00, 0x42, 0x00, 0x42, 0x00, 0x42, 0x00, 0x42, 0x00, 0x42, 0x00, 0x42, 0x00,
    0x42, 0x00, 0x42, 0x00, 0x42, 0x00, 0x42, 0x00, 0x42, 0x00, 0x42, 0x00, 0x42, 0x00, 0x42, 0x00,
    0x42, 0x00, 0x42, 0x00, 0x42, 0x00, 0x42, 0x00, 0x42, 0x00, 0x42, 0x00, 0x42, 0x00, 0x42, 0x00,
    0x42, 0x00, 0x42, 0x00, 0x42, 0x00, 0x42, 0x00, 0x42, 0x00, 0x42, 0x00, 0x42, 0x00, 0x42, 0x00,
    0x42, 0x00, 0x42, 0x00, 0x42, 0x00, 0x42, 0x00, 0x42, 0x00, 0x42, 0x00, 0x42, 0x00, 0x42, 0x00,
    0x42, 0x00, 0x42, 0x00, 0x42, 0x00, 0x42, 0x00, 0x42, 0x00, 0x42, 0x00, 0x42, 0x00, 0x42, 0x00,
    0x42, 0x00, 0x42, 0x00, 0x42, 0x00, 0x42, 0x00, 0x42, 0x00, 0x42, 0x00, 0x62, 0x00, 0x62, 0x00,
    0x62, 0x00, 0x62, 0x00, 0x62, 0x00, 0x62, 0x00, 0x62, 0x00, 0x62, 0x00, 0x62, 0x00, 0x62, 0x00,
    0x62, 0x00, 0x62, 0x00, 0x62, 0x00, 0x62, 0x00, 0x63, 0x00, 0x63, 0x00, 0x63, 0x00, 0x63, 0x00,
    0x63, 0x00, 0x63, 0x00, 0x63, 0x00, 0x63, 0x00, 0x63, 0x00, 0x63, 0x00, 0x63, 0x00, 0x63, 0x00,
    0x63, 0x00, 0x63, 0x00, 0x63, 0x00, 0x63, 0x00, 0x63, 0x00, 0x63, 0x00, 0x63, 0x00, 0x63, 0x00,
    0x63, 0x00, 0x63, 0x00, 0x63, 0x00, 0x63, 0x00, 0x63, 0x00, 0x63, 0x00, 0x63, 0x00, 0x63, 0x00,
    0x63, 0x08, 0x63, 0x08, 0x63, 0x08, 0x63, 0x08, 0x63, 0x08, 0x63, 0x08, 0x63, 0x08, 0x63, 0x08,
    0x63, 0x08, 0x63, 0x08, 0x63, 0x08, 0x63, 0x08, 0x63, 0x08, 0x63, 0x08, 0x63, 0x08, 0x63, 0x08,
    0x63, 0x08, 0x63, 0x00, 0x63, 0x00, 0x63, 0x00, 0x63, 0x00, 0x63, 0x00, 0x63, 0x00, 0x63, 0x00,
    0x63, 0x00, 0x63, 0x00, 0x63, 0x00, 0x63, 0x00, 0x63, 0x00, 0x63, 0x00, 0x63, 0x00, 0x63, 0x00,
    0x63, 0x00, 0x63, 0x00, 0x63, 0x00, 0x63, 0x00, 0x63, 0x00, 0x63, 0x00, 0x63, 0x00, 0x63, 0x00,
    0x63, 0x00, 0x63, 0x00, 0x63, 0x00, 0x63, 0x00, 0x63, 0x00, 0x62, 0x00, 0x62, 0x00, 0x62, 0x00,
    0x62, 0x00, 0x62, 0x00, 0x62, 0x00, 0x62, 0x00, 0x62, 0x00, 0x62, 0x00, 0x62, 0x00, 0x62, 0x00,
    0x62, 0x00, 0x62, 0x00, 0x62, 0x00, 0x42, 0x00, 0x42, 0x00, 0x42, 0x00, 0x42, 0x00, 0x42, 0x00,
    0x42, 0x00, 0x42, 0x00, 0x42, 0x00, 0x42, 0x00, 0x42, 0x00, 0x42, 0x00, 0x42, 0x00, 0x42, 0x00,
    0x42, 0x00, 0x42, 0x00, 0x42, 0x00, 0x42, 0x00, 0x42, 0x00, 0x42, 0x00, 0x42, 0x00, 0x42, 0x00,
    0x42, 0x00, 0x42, 0x00, 0x42, 0x00, 0x42, 0x00, 0x42, 0x00, 0x42, 0x00, 0x42, 0x00, 0x42, 0x00,
    0x42, 0x00, 0x42, 0x00, 0x42, 0x00, 0x42, 0x00, 0x42, 0x00, 0x42, 0x00, 0x42, 0x00, 0x42, 0x00,
    0x42, 0x00, 0x42, 0x00, 0x42, 0x00, 0x42, 0x00, 0x42, 0x00, 0x42, 0x00, 0x42, 0x00, 0x42, 0x00,
    0x42, 0x00, 0x42, 0x00, 0x42, 0x00, 0x42, 0x00, 0x42, 0x00, 0x42, 0x00, 0x42, 0x00, 0x42, 0x00,
    0x42, 0x00, 0x42, 0x00, 0x42, 0x00, 0x42, 0x00, 0x42, 0x00, 0x42, 0x00, 0x42, 0x00, 0x42, 0x00,
    0x42, 0x00, 0x42, 0x00, 0x42, 0x00, 0x42, 0x00, 0x42, 0x00, 0x42, 0x00, 0x42, 0x00, 0x42, 0x00,
    0x42, 0x00, 0x42, 0x00, 0x42, 0x00, 0x42, 0x00, 0x42, 0x00, 0x42, 0x00, 0x42, 0x00, 0x42, 0x00,
    0x42, 0x00, 0x42, 0x00, 0x42, 0x00, 0x42, 0x00, 0x42, 0x00, 0x42, 0x00, 0x42, 0x00, 0x42, 0x00,
    0x42, 0x00, 0x42, 0x00, 0x42, 0x00, 0x42, 0x00, 0x42, 0x00, 0x42, 0x00, 0x42, 0x00, 0x42, 0x00,
    0x42, 0x00, 0x42, 0x00, 0x42, 0x00, 0x42, 0x00, 0x42, 0x00, 0x42, 0x00, 0x42, 0x00, 0x42, 0x00,
    0x42, 0x00, 0x42, 0x00, 0x42, 0x00, 0x42, 0x00, 0x42, 0x00, 0x42, 0x00, 0x42, 0x00, 0x42, 0x00,
    0x42, 0x00, 0x42, 0x00, 0x42, 0x00, 0x42, 0x00, 0x42, 0x00, 0x42, 0x00, 0x42, 0x00, 0x42, 0x00,
    0x42, 0x00, 0x42, 0x00, 0x42, 0x00, 0x42, 0x00, 0x42, 0x00, 0x42, 0x00, 0x42, 0x00, 0x42, 0x00,
    0x42, 0x00, 0x42, 0x00, 0x42, 0x00, 0x42, 0x00, 0x42, 0x00, 0x42, 0x00, 0x42, 0x00, 0x42, 0x00,
    0x42, 0x00, 0x42, 0x00, 0x42, 0x00, 0x42, 0x00, 0x42, 0x00, 0x42, 0x00, 0x42, 0x00, 0x42, 0x00,
    0x42, 0x00, 0x42, 0x00, 0x42, 0x00, 0x42, 0x00, 0x42, 0x00, 0x42, 0x00, 0x42, 0x00, 0x42, 0x00,
    0x42, 0x00, 0x42, 0x00, 0x42, 0x00, 0x42, 0x00, 0x42, 0x00, 0x42, 0x00, 0x42, 0x00, 0x42, 0x00,
    0x42, 0x00, 0x42, 0x00, 0x42, 0x00, 0x42, 0x00, 0x42, 0x00, 0x42, 0x00, 0x42, 0x00, 0x42, 0x00,
    0x42, 0x00, 0x42, 0x00, 0x42, 0x00, 0x42, 0x00, 0x42, 0x00, 0x42, 0x00, 0x42, 0x00, 0x42, 0x00,
    0x42, 0x00, 0x42, 0x00, 0x42, 0x00, 0x42, 0x00, 0x42, 0x00, 0x42, 0x00, 0x42, 0x00, 0x42, 0x00,
    0x42, 0x00, 0x42, 0x00, 0x42, 0x00, 0x42, 0x00, 0x42, 0x00, 0x42, 0x00, 0x42, 0x00, 0x42, 0x00,
    0x42, 0x00, 0x42, 0x00, 0x42, 0x00, 0x42, 0x00, 0x42, 0x00, 0x42, 0x00, 0x42, 0x00, 0x42, 0x00,
    0x42, 0x00, 0x42, 0x00, 0x42, 0x00, 0x42, 0x00, 0x42, 0x00, 0x42, 0x00, 0x42, 0x00, 0x42, 0x00,
    0x42, 0x00, 0x42, 0x00, 0x42, 0x00, 0x42, 0x00, 0x42, 0x00, 0x42, 0x00, 0x42, 0x00, 0x42, 0x00,
    0x42, 0x00, 0x42, 0x00, 0x42, 0x00, 0x42, 0x00, 0x42, 0x00, 0x42, 0x00, 0x42, 0x00, 0x42, 0x00,
    0x42, 0x00, 0x42, 0x00, 0x42, 0x00, 0x42, 0x00, 0x42, 0x00, 0x42, 0x00, 0x42, 0x00, 0x42, 0x00,
    0x42, 0x00, 0x42, 0x00, 0x42, 0x00, 0x42, 0x00, 0x42, 0x00, 0x42, 0x00, 0x42, 0x00, 0x42, 0x00,
    0x42, 0x00, 0x42, 0x00, 0x42, 0x00, 0x42, 0x00, 0x42, 0x00, 0x42, 0x00, 0x42, 0x00, 0x42, 0x00,
    0x42, 0x00, 0x42, 0x00, 0x42, 0x00, 0x42, 0x00, 0x42, 0x00, 0x42, 0x00, 0x42, 0x00, 0x42, 0x00,
    0x42, 0x00, 0x42, 0x00, 0x42, 0x00, 0x42, 0x00, 0x42, 0x00, 0x42, 0x00, 0x42, 0x00, 0x42, 0x00,
    0x42, 0x00, 0x42, 0x00, 0x42, 0x00, 0x42, 0x00, 0x42, 0x00, 0x42, 0x00, 0x42, 0x00, 0x42, 0x00,
    0x42, 0x00, 0x42, 0x00, 0x42, 0x00, 0x42, 0x00, 0x42, 0x00, 0x42, 0x00, 0x42, 0x00, 0x42, 0x00,
    0x42, 0x00, 0x42, 0x00, 0x42, 0x00, 0x42, 0x00, 0x42, 0x00, 0x42, 0x00, 0x42, 0x00, 0x42, 0x00,
    0x42, 0x00, 0x42, 0x00, 0x42, 0x00, 0x42, 0x00, 0x42, 0x00, 0x42, 0x00, 0x42, 0x00, 0x42, 0x00,
    0x42, 0x00, 0x42, 0x00, 0x42, 0x00, 0x42, 0x00, 0x42, 0x00, 0x42, 0x00, 0x42, 0x00, 0x42, 0x00,
    0x42, 0x00, 0x42, 0x00, 0x42, 0x00, 0x42, 0x00, 0x42, 0x00, 0x42, 0x00, 0x42, 0x00, 0x42, 0x00,
    0x42, 0x00, 0x42, 0x00, 0x42, 0x00, 0x42, 0x00, 0x42, 0x00, 0x42, 0x00, 0x42, 0x00, 0x42, 0x00,
    0x42, 0x00, 0x42, 0x00, 0x42, 0x00, 0x42, 0x00, 0x42, 0x00, 0x42, 0x00, 0x42, 0x00, 0x42, 0x00,
    0x42, 0x00, 0x42, 0x00, 0x42, 0x00, 0x42, 0x00, 0x42, 0x00, 0x42, 0x00, 0x42, 0x00, 0x42, 0x00,
    0x42, 0x00, 0x42, 0x00, 0x42, 0x00, 0x42, 0x00, 0x42, 0x00, 0x42, 0x00, 0x42, 0x00, 0x42, 0x00,
    0x42, 0x00, 0x42, 0x00, 0x42, 0x00, 0x42, 0x00, 0x42, 0x00, 0x42, 0x00, 0x42, 0x00, 0x42, 0x00,
    0x42, 0x00, 0x42, 0x00, 0x42, 0x00, 0x42, 0x00, 0x42, 0x00, 0x42, 0x00, 0x42, 0x00, 0x42, 0x00,
    0x42, 0x00, 0x42, 0x00, 0x42, 0x00, 0x42, 0x00, 0x42, 0x00, 0x42, 0x00, 0x42, 0x00, 0x42, 0x00,
    0x42, 0x00, 0x42, 0x00, 0x42, 0x00, 0x42, 0x00, 0x42, 0x00, 0x42, 0x00, 0x42, 0x00, 0x42, 0x00,
    0x42, 0x00, 0x42, 0x00, 0x42, 0x00, 0x42, 0x00, 0x42, 0x00, 0x42, 0x00, 0x42, 0x00, 0x42, 0x00,
    0x42, 0x00, 0x42, 0x00, 0x42, 0x00, 0x42, 0x00, 0x42, 0x00, 0x42, 0x00, 0x42, 0x00, 0x42, 0x00,
    0x42, 0x00, 0x42, 0x00, 0x42, 0x00, 0x42, 0x00, 0x42, 0x00, 0x42, 0x00, 0x42, 0x00, 0x42, 0x00,
    0x42, 0x00, 0x42, 0x00, 0x42, 0x00, 0x42, 0x00, 0x42, 0x00, 0x42, 0x00, 0x42, 0x00, 0x42, 0x00,
    0x42, 0x00, 0x42, 0x00, 0x42, 0x00, 0x42, 0x00, 0x42, 0x00, 0x42, 0x00, 0x42, 0x00, 0x42, 0x00,
    0x42, 0x00, 0x42, 0x00, 0x42, 0x00, 0x42, 0x00, 0x42, 0x00, 0x42, 0x00, 0x42, 0x00, 0x42, 0x00,
    0x42, 0x00, 0x42, 0x00, 0x42, 0x00, 0x42, 0x00, 0x42, 0x00, 0x42, 0x00, 0x42, 0x00, 0x42, 0x00,
    0x42, 0x00, 0x42, 0x00, 0x42, 0x00, 0x42, 0x00, 0x42, 0x00, 0x42, 0x00, 0x42, 0x00, 0x42, 0x00,
    0x42, 0x00, 0x42, 0x00, 0x42, 0x00, 0x42, 0x00, 0x42, 0x00, 0x42, 0x00, 0x42, 0x00, 0x42, 0x00,
    0x42, 0x00, 0x42, 0x00, 0x42, 0x00, 0x42, 0x00, 0x42, 0x00, 0x42, 0x00, 0x42, 0x00, 0x42, 0x00,
    0x42, 0x00, 0x42, 0x00, 0x42, 0x00, 0x42, 0x00, 0x42, 0x00, 0x42, 0x00, 0x42, 0x00, 0x42, 0x00,
    0x42, 0x00, 0x42, 0x00, 0x42, 0x00, 0x42, 0x00, 0x42, 0x00, 0x42, 0x00, 0x42, 0x00, 0x42, 0x00,
    0x42, 0x00, 0x42, 0x00, 0x42, 0x00, 0x42, 0x00, 0x42, 0x00, 0x42, 0x00, 0x42, 0x00, 0x42, 0x00,
    0x42, 0x00, 0x42, 0x00, 0x42, 0x00, 0x42, 0x00, 0x42, 0x00, 0x42, 0x00, 0x42, 0x00, 0x42, 0x00,
    0x42, 0x00, 0x42, 0x00, 0x42, 0x00, 0x42, 0x00, 0x42, 0x00, 0x42, 0x00, 0x42, 0x00, 0x42, 0x00,
    0x42, 0x00, 0x42, 0x00, 0x42, 0x00, 0x42, 0x00, 0x42, 0x00, 0x42, 0x00, 0x42, 0x00, 0x42, 0x00,
    0x42, 0x00, 0x42, 0x00, 0x42, 0x00, 0x42, 0x00, 0x42, 0x00, 0x42, 0x00, 0x42, 0x00, 0x42, 0x00,
    0x42, 0x00, 0x42, 0x00, 0x42, 0x00, 0x42, 0x00, 0x42, 0x00, 0x42, 0x00, 0x42, 0x00, 0x42, 0x00,
    0x42, 0x00, 0x42, 0x00, 0x42, 0x00, 0x42, 0x00, 0x42, 0x00, 0x42, 0x00, 0x42, 0x00, 0x42, 0x00,
    0x42, 0x00, 0x42, 0x00, 0x42, 0x00, 0x42, 0x00, 0x42, 0x00, 0x42, 0x00, 0x42, 0x00, 0x42, 0x00,
    0x42, 0x00, 0x42, 0x00, 0x42, 0x00, 0x42, 0x00, 0x42, 0x00, 0x42, 0x00, 0x42, 0x00, 0x42, 0x00,
    0x42, 0x00, 0x42, 0x00, 0x42, 0x00, 0x42, 0x00, 0x42, 0x00, 0x42, 0x00, 0x42, 0x00, 0x42, 0x00,
    0x42, 0x00, 0x42, 0x00, 0x42, 0x00, 0x42, 0x00, 0x42, 0x00, 0x42, 0x00, 0x42, 0x00, 0x42, 0x00,
    0x42, 0x00, 0x42, 0x00, 0x42, 0x00, 0x42, 0x00, 0x42, 0x00, 0x42, 0x00, 0x42, 0x00, 0x42, 0x00,
    0x42, 0x00, 0x42, 0x00, 0x42, 0x00, 0x42, 0x00, 0x42, 0x00, 0x42, 0x00, 0x42, 0x00, 0x42, 0x00,
    0x42, 0x00, 0x42, 0x00, 0x42, 0x00, 0x42, 0x00, 0x42, 0x00, 0x42, 0x00, 0x42, 0x00, 0x42, 0x00,
    0x42, 0x00, 0x42, 0x00, 0x42, 0x00, 0x42, 0x00, 0x42, 0x00, 0x42, 0x00, 0x42, 0x00, 0x42, 0x00,
    0x42, 0x00, 0x42, 0x00, 0x42, 0x00, 0x42, 0x00, 0x42, 0x00, 0x42, 0x00, 0x42, 0x00, 0x42, 0x00,
    0x42, 0x00, 0x42, 0x00, 0x42, 0x00, 0x42, 0x00, 0x42, 0x00, 0x42, 0x00, 0x42, 0x00, 0x42, 0x00,
    0x42, 0x00, 0x42, 0x00, 0x42, 0x00, 0x42, 0x00, 0x42, 0x00, 0x42, 0x00, 0x42, 0x00, 0x42, 0x00,
    0x42, 0x00, 0x42, 0x00, 0x42, 0x00, 0x42, 0x00, 0x42, 0x00, 0x42, 0x00, 0x42, 0x00, 0x42, 0x00,
    0x42, 0x00, 0x42, 0x00, 0x42, 0x00, 0x42, 0x00, 0x42, 0x00, 0x42, 0x00, 0x42, 0x00, 0x42, 0x00,
    0x42, 0x00, 0x42, 0x00, 0x42, 0x00, 0x42, 0x00, 0x42, 0x00, 0x42, 0x00, 0x42, 0x00, 0x42, 0x00,
    0x42, 0x00, 0x42, 0x00, 0x42, 0x00, 0x42, 0x00, 0x42, 0x00, 0x42, 0x00, 0x42, 0x00, 0x42, 0x00,
    0x42, 0x00, 0x42, 0x00, 0x62, 0x00, 0x62, 0x00, 0x62, 0x00, 0x62, 0x00, 0x62, 0x00, 0x62, 0x00,
    0x62, 0x00, 0x62, 0x00, 0x62, 0x00, 0x62, 0x00, 0x62, 0x00, 0x62, 0x00, 0x62, 0x00, 0x62, 0x00,
    0x62, 0x00, 0x62, 0x00, 0x62, 0x00, 0x62, 0x00, 0x62, 0x00, 0x62, 0x00, 0x62, 0x00, 0x62, 0x00,
    0x62, 0x00, 0x62, 0x00, 0x62, 0x00, 0x62, 0x00, 0x62, 0x00, 0x62, 0x00, 0x62, 0x00, 0x62, 0x00,
    0x62, 0x00, 0x62, 0x00, 0x62, 0x00, 0x62, 0x00, 0x62, 0x00, 0x62, 0x00, 0x62, 0x00, 0x62, 0x00,
    0x62, 0x00, 0x62, 0x00, 0x62, 0x00, 0x62, 0x00, 0x62, 0x00, 0x62, 0x00, 0x62, 0x00, 0x42, 0x00,
    0x42, 0x00, 0x42, 0x00, 0x42, 0x00, 0x42, 0x00, 0x42, 0x00, 0x42, 0x00, 0x42, 0x00, 0x42, 0x00,
    0x42, 0x00, 0x42, 0x00, 0x42, 0x00, 0x42, 0x00, 0x42, 0x00, 0x42, 0x00, 0x42, 0x00, 0x42, 0x00,
    0x42, 0x00, 0x42, 0x00, 0x42, 0x00, 0x42, 0x00, 0x42, 0x00, 0x42, 0x00, 0x42, 0x00, 0x42, 0x00,
    0x42, 0x00, 0x42, 0x00, 0x42, 0x00, 0x42, 0x00, 0x42, 0x00, 0x42, 0x00, 0x42, 0x00, 0x42, 0x00,
    0x42, 0x00, 0x42, 0x00, 0x42, 0x00, 0x42, 0x00, 0x42, 0x00, 0x42, 0x00, 0x42, 0x00, 0x42, 0x00,
    0x42, 0x00, 0x42, 0x00, 0x42, 0x00, 0x42, 0x00, 0x42, 0x00, 0x42, 0x00, 0x42, 0x00, 0x42, 0x00,
    0x42, 0x00, 0x42, 0x00, 0x42, 0x00, 0x42, 0x00, 0x42, 0x00, 0x42, 0x00, 0x42, 0x00, 0x42, 0x00,
    0x42, 0x00, 0x42, 0x00, 0x42, 0x00, 0x42, 0x00, 0x42, 0x00, 0x42, 0x00, 0x42, 0x00, 0x42, 0x00,
    0x42, 0x00, 0x42, 0x00, 0x42, 0x00, 0x42, 0x00, 0x42, 0x00, 0x42, 0x00, 0x42, 0x00, 0x42, 0x00,
    0x42, 0x00, 0x42, 0x00, 0x42, 0x00, 0x42, 0x00, 0x42, 0x00, 0x42, 0x00, 0x42, 0x00, 0x42, 0x00,
    0x42, 0x00, 0x42, 0x00, 0x42, 0x00, 0x42, 0x00, 0x42, 0x00, 0x42, 0x00, 0x42, 0x00, 0x42, 0x00,
    0x42, 0x00, 0x42, 0x00, 0x42, 0x00, 0x42, 0x00, 0x42, 0x00, 0x42, 0x00, 0x42, 0x00, 0x42, 0x00,
    0x22, 0x00, 0x22, 0x00, 0x22, 0x00, 0x22, 0x00, 0x22, 0x00, 0x42, 0x00, 0x42, 0x00, 0x42, 0x00,
    0x42, 0x00, 0x42, 0x00, 0x42, 0x00, 0x42, 0x00, 0x42, 0x00, 0x42, 0x00, 0x42, 0x00, 0x42, 0x00,
    0x42, 0x00, 0x42, 0x00, 0x42, 0x00, 0x42, 0x00, 0x42, 0x00, 0x42, 0x00, 0x42, 0x00, 0x42, 0x00,
    0x42, 0x00, 0x42, 0x00, 0x42, 0x00, 0x42, 0x00, 0x42, 0x00, 0x42, 0x00, 0x42, 0x00, 0x42, 0x00,
    0x42, 0x00, 0x42, 0x00, 0x42, 0x00, 0x42, 0x00, 0x42, 0x00, 0x42, 0x00, 0x42, 0x00, 0x42, 0x00,
    0x42, 0x00, 0x42, 0x00, 0x42, 0x00, 0x42, 0x00, 0x42, 0x00, 0x42, 0x00, 0x42, 0x00, 0x42, 0x00,
    0x42, 0x00, 0x42, 0x00, 0x42, 0x00, 0x42, 0x00, 0x42, 0x00, 0x42, 0x00, 0x42, 0x00, 0x42, 0x00,
    0x42, 0x00, 0x42, 0x00, 0x42, 0x00, 0x42, 0x00, 0x42, 0x00, 0x42, 0x00, 0x42, 0x00, 0x42, 0x00,
    0x42, 0x00, 0x42, 0x00, 0x42, 0x00, 0x42, 0x00, 0x42, 0x00, 0x42, 0x00, 0x42, 0x00, 0x42, 0x00,
    0x42, 0x00, 0x42, 0x00, 0x42, 0x00, 0x42, 0x00, 0x42, 0x00, 0x42, 0x00, 0x42, 0x00, 0x42, 0x00,
    0x42, 0x00, 0x42, 0x00, 0x42, 0x00, 0x42, 0x00, 0x42, 0x00, 0x42, 0x00, 0x42, 0x00, 0x42, 0x00,
    0x42, 0x00, 0x42, 0x00, 0x42, 0x00, 0x42, 0x00, 0x42, 0x00, 0x42, 0x00, 0x42, 0x00, 0x42, 0x00,
    0x42, 0x00, 0x42, 0x00, 0x42, 0x00, 0x42, 0x00, 0x42, 0x00, 0x42, 0x00, 0x42, 0x00, 0x42, 0x00,
    0x42, 0x00, 0x42, 0x00, 0x42, 0x00, 0x42, 0x00, 0x42, 0x00, 0x42, 0x00, 0x42, 0x00, 0x42, 0x00,
    0x42, 0x00, 0x42, 0x00, 0x42, 0x00, 0x42, 0x00, 0x42, 0x00, 0x42, 0x00, 0x42, 0x00, 0x42, 0x00,
    0x42, 0x00, 0x42, 0x00, 0x42, 0x00, 0x42, 0x00, 0x42, 0x00, 0x42, 0x00, 0x42, 0x00, 0x42, 0x00,
    0x42, 0x00, 0x42, 0x00, 0x42, 0x00, 0x42, 0x00, 0x42, 0x00, 0x42, 0x00, 0x42, 0x00, 0x42, 0x00,
    0x42, 0x00, 0x42, 0x00, 0x42, 0x00, 0x42, 0x00, 0x42, 0x00, 0x42, 0x00, 0x42, 0x00, 0x42, 0x00,
    0x42, 0x00, 0x42, 0x00, 0x42, 0x00, 0x42, 0x00, 0x42, 0x00, 0x42, 0x00, 0x42, 0x00, 0x42, 0x00,
    0x42, 0x00, 0x42, 0x00, 0x42, 0x00, 0x42, 0x00, 0x42, 0x00, 0x42, 0x00, 0x42, 0x00, 0x42, 0x00,
    0x42, 0x00, 0x42, 0x00, 0x42, 0x00, 0x42, 0x00, 0x42, 0x00, 0x42, 0x00, 0x42, 0x00, 0x42, 0x00,
    0x42, 0x00, 0x42, 0x00, 0x42, 0x00, 0x42, 0x00, 0x42, 0x00, 0x42, 0x00, 0x42, 0x00, 0x42, 0x00,
    0x42, 0x00, 0x42, 0x00, 0x42, 0x00, 0x42, 0x00, 0x42, 0x00, 0x42, 0x00, 0x42, 0x00, 0x42, 0x00,
    0x42, 0x00, 0x42, 0x00, 0x42, 0x00, 0x42, 0x00, 0x42, 0x00, 0x42, 0x00, 0x42, 0x00, 0x42, 0x00,
    0x42, 0x00, 0x42, 0x00, 0x42, 0x00, 0x42, 0x00, 0x42, 0x00, 0x42, 0x00, 0x42, 0x00, 0x42, 0x00,
    0x42, 0x00, 0x42, 0x00, 0x42, 0x00, 0x42, 0x00, 0x42, 0x00, 0x42, 0x00, 0x42, 0x00, 0x42, 0x00,
    0x42, 0x00, 0x42, 0x00, 0x42, 0x00, 0x42, 0x00, 0x42, 0x00, 0x42, 0x00, 0x42, 0x00, 0x42, 0x00,
    0x42, 0x00, 0x42, 0x00, 0x42, 0x00, 0x42, 0x00, 0x42, 0x00, 0x42, 0x00, 0x42, 0x00, 0x42, 0x00,
    0x42, 0x00, 0x42, 0x00, 0x42, 0x00, 0x42, 0x00, 0x42, 0x00, 0x42, 0x00, 0x42, 0x00, 0x42, 0x00,
    0x42, 0x00, 0x42, 0x00, 0x42, 0x00, 0x42, 0x00, 0x22, 0x00, 0x22, 0x00, 0x22, 0x00, 0x22, 0x00,
    0x22, 0x00, 0x22, 0x00, 0x22, 0x00, 0x22, 0x00, 0x22, 0x00, 0x22, 0x00, 0x22, 0x00, 0x22, 0x00,
    0x42, 0x00, 0x42, 0x00, 0x42, 0x00, 0x42, 0x00, 0x42, 0x00, 0x42, 0x00, 0x42, 0x00, 0x42, 0x00,
    0x42, 0x00, 0x42, 0x00, 0x42, 0x00, 0x42, 0x00, 0x42, 0x00, 0x42, 0x00, 0x42, 0x00, 0x42, 0x00,
    0x42, 0x00, 0x42, 0x00, 0x42, 0x00, 0x42, 0x00, 0x42, 0x00, 0x42, 0x00, 0x42, 0x00, 0x42, 0x00,
    0x42, 0x00, 0x42, 0x00, 0x42, 0x00, 0x42, 0x00, 0x42, 0x00, 0x42, 0x00, 0x42, 0x00, 0x42, 0x00,
    0x42, 0x00, 0x42, 0x00, 0x42, 0x00, 0x42, 0x00, 0x42, 0x00, 0x42, 0x00, 0x42, 0x00, 0x42, 0x00,
    0x42, 0x00, 0x42, 0x00, 0x42, 0x00, 0x42, 0x00, 0x42, 0x00, 0x42, 0x00, 0x42, 0x00, 0x42, 0x00,
    0x42, 0x00, 0x42, 0x00, 0x42, 0x00, 0x42, 0x00, 0x42, 0x00, 0x42, 0x00, 0x42, 0x00, 0x42, 0x00,
    0x42, 0x00, 0x42, 0x00, 0x42, 0x00, 0x42, 0x00, 0x42, 0x00, 0x42, 0x00, 0x42, 0x00, 0x42, 0x00,
    0x42, 0x00, 0x42, 0x00, 0x42, 0x00, 0x42, 0x00, 0x42, 0x00, 0x42, 0x00, 0x42, 0x00, 0x42, 0x00,
    0x42, 0x00, 0x42, 0x00, 0x42, 0x00, 0x42, 0x00, 0x42, 0x00, 0x42, 0x00, 0x42, 0x00, 0x42, 0x00,
    0x42, 0x00, 0x42, 0x00, 0x42, 0x00, 0x42, 0x00, 0x42, 0x00, 0x42, 0x00, 0x42, 0x00, 0x42, 0x00,
    0x42, 0x00, 0x42, 0x00, 0x42, 0x00, 0x42, 0x00, 0x42, 0x00, 0x42, 0x00, 0x42, 0x00, 0x42, 0x00,
    0x42, 0x00, 0x42, 0x00, 0x42, 0x00, 0x42, 0x00, 0x42, 0x00, 0x42, 0x00, 0x42, 0x00, 0x42, 0x00,
    0x42, 0x00, 0x42, 0x00, 0x42, 0x00, 0x42, 0x00, 0x42, 0x00, 0x42, 0x00, 0x42, 0x00, 0x42, 0x00,
    0x42, 0x00, 0x42, 0x00, 0x42, 0x00, 0x42, 0x00, 0x42, 0x00, 0x42, 0x00, 0x42, 0x00, 0x42, 0x00,
    0x42, 0x00, 0x42, 0x00, 0x42, 0x00, 0x42, 0x00, 0x42, 0x00, 0x42, 0x00, 0x42, 0x00, 0x42, 0x00,
    0x42, 0x00, 0x42, 0x00, 0x42, 0x00, 0x42, 0x00, 0x42, 0x00, 0x42, 0x00, 0x42, 0x00, 0x42, 0x00,
    0x42, 0x00, 0x42, 0x00, 0x42, 0x00, 0x42, 0x00, 0x42, 0x00, 0x42, 0x00, 0x42, 0x00, 0x42, 0x00,
    0x42, 0x00, 0x42, 0x00, 0x42, 0x00, 0x42, 0x00, 0x42, 0x00, 0x42, 0x00, 0x42, 0x00, 0x42, 0x00,
    0x42, 0x00, 0x42, 0x00, 0x42, 0x00, 0x42, 0x00, 0x42, 0x00, 0x42, 0x00, 0x42, 0x00, 0x42, 0x00,
    0x42, 0x00, 0x42, 0x00, 0x42, 0x00, 0x42, 0x00, 0x42, 0x00, 0x42, 0x00, 0x42, 0x00, 0x42, 0x00,
    0x42, 0x00, 0x42, 0x00, 0x42, 0x00, 0x42, 0x00, 0x42, 0x00, 0x42, 0x00, 0x42, 0x00, 0x42, 0x00,
    0x42, 0x00, 0x42, 0x00, 0x42, 0x00, 0x42, 0x00, 0x42, 0x00, 0x42, 0x00, 0x42, 0x00, 0x42, 0x00,
    0x42, 0x00, 0x42, 0x00, 0x42, 0x00, 0x42, 0x00, 0x42, 0x00, 0x42, 0x00, 0x42, 0x00, 0x42, 0x00,
    0x42, 0x00, 0x42, 0x00, 0x42, 0x00, 0x42, 0x00, 0x42, 0x00, 0x42, 0x00, 0x42, 0x00, 0x42, 0x00,
    0x42, 0x00, 0x42, 0x00, 0x42, 0x00, 0x42, 0x00, 0x42, 0x00, 0x42, 0x00, 0x42, 0x00, 0x42, 0x00,
    0x42, 0x00, 0x42, 0x00, 0x42, 0x00, 0x42, 0x00, 0x42, 0x00, 0x42, 0x00, 0x42, 0x00, 0x42, 0x00,
    0x42, 0x00, 0x42, 0x00, 0x42, 0x00, 0x42, 0x00, 0x42, 0x00, 0x42, 0x00, 0x42, 0x00, 0x42, 0x00,
    0x42, 0x00, 0x22, 0x00, 0x22, 0x00, 0x22, 0x00, 0x22, 0x00, 0x22, 0x00, 0x22, 0x00, 0x22, 0x00,
    0x42, 0x00, 0x42, 0x00, 0x42, 0x00, 0x42, 0x00, 0x42, 0x00, 0x42, 0x00, 0x42, 0x00, 0x42, 0x00,
    0x42, 0x00, 0x42, 0x00, 0x42, 0x00, 0x42, 0x00, 0x42, 0x00, 0x42, 0x00, 0x42, 0x00, 0x42, 0x00,
    0x42, 0x00, 0x42, 0x00, 0x42, 0x00, 0x42, 0x00, 0x42, 0x00, 0x42, 0x00, 0x42, 0x00, 0x42, 0x00,
    0x42, 0x00, 0x42, 0x00, 0x42, 0x00, 0x42, 0x00, 0x42, 0x00, 0x42, 0x00, 0x42, 0x00, 0x42, 0x00,
    0x42, 0x00, 0x42, 0x00, 0x42, 0x00, 0x42, 0x00, 0x42, 0x00, 0x42, 0x00, 0x42, 0x00, 0x42, 0x00,
    0x42, 0x00, 0x42, 0x00, 0x42, 0x00, 0x42, 0x00, 0x42, 0x00, 0x42, 0x00, 0x42, 0x00, 0x42, 0x00,
    0x42, 0x00, 0x42, 0x00, 0x42, 0x00, 0x42, 0x00, 0x42, 0x00, 0x42, 0x00, 0x42, 0x00, 0x42, 0x00,
    0x42, 0x00, 0x42, 0x00, 0x42, 0x00, 0x42, 0x00, 0x42, 0x00, 0x42, 0x00, 0x42, 0x00, 0x42, 0x00,
    0x42, 0x00, 0x42, 0x00, 0x42, 0x00, 0x42, 0x00, 0x42, 0x00, 0x42, 0x00, 0x42, 0x00, 0x42, 0x00,
    0x42, 0x00, 0x42, 0x00, 0x42, 0x00, 0x42, 0x00, 0x42, 0x00, 0x42, 0x00, 0x42, 0x00, 0x42, 0x00,
    0x42, 0x00, 0x42, 0x00, 0x42, 0x00, 0x42, 0x00, 0x42, 0x00, 0x42, 0x00, 0x42, 0x00, 0x42, 0x00,
    0x42, 0x00, 0x42, 0x00, 0x42, 0x00, 0x42, 0x00, 0x42, 0x00, 0x42, 0x00, 0x42, 0x00, 0x42, 0x00,
    0x42, 0x00, 0x42, 0x00, 0x42, 0x00, 0x42, 0x00, 0x42, 0x00, 0x42, 0x00, 0x42, 0x00, 0x42, 0x00,
    0x42, 0x00, 0x42, 0x00, 0x42, 0x00, 0x42, 0x00, 0x42, 0x00, 0x42, 0x00, 0x42, 0x00, 0x42, 0x00,
    0x42, 0x00, 0x42, 0x00, 0x42, 0x00, 0x42, 0x00, 0x42, 0x00, 0x42, 0x00, 0x42, 0x00, 0x42, 0x00,
    0x42, 0x00, 0x42, 0x00, 0x42, 0x00, 0x42, 0x00, 0x42, 0x00, 0x42, 0x00, 0x42, 0x00, 0x42, 0x00,
    0x42, 0x00, 0x42, 0x00, 0x42, 0x00, 0x42, 0x00, 0x42, 0x00, 0x42, 0x00, 0x42, 0x00, 0x42, 0x00,
    0x42, 0x00, 0x42, 0x00, 0x42, 0x00, 0x42, 0x00, 0x42, 0x00, 0x42, 0x00, 0x42, 0x00, 0x42, 0x00,
    0x42, 0x00, 0x42, 0x00, 0x42, 0x00, 0x42, 0x00, 0x42, 0x00, 0x42, 0x00, 0x42, 0x00, 0x42, 0x00,
    0x42, 0x00, 0x42, 0x00, 0x42, 0x00, 0x42, 0x00, 0x42, 0x00, 0x42, 0x00, 0x42, 0x00, 0x42, 0x00,
    0x42, 0x00, 0x42, 0x00, 0x42, 0x00, 0x42, 0x00, 0x42, 0x00, 0x42, 0x00, 0x42, 0x00, 0x42, 0x00,
    0x42, 0x00, 0x42, 0x00, 0x42, 0x00, 0x42, 0x00, 0x42, 0x00, 0x42, 0x00, 0x42, 0x00, 0x42, 0x00,
    0x42, 0x00, 0x42, 0x00, 0x42, 0x00, 0x42, 0x00, 0x42, 0x00, 0x42, 0x00, 0x42, 0x00, 0x42, 0x00,
    0x42, 0x00, 0x42, 0x00, 0x42, 0x00, 0x42, 0x00, 0x42, 0x00, 0x42, 0x00, 0x42, 0x00, 0x42, 0x00,
    0x42, 0x00, 0x42, 0x00, 0x42, 0x00, 0x42, 0x00, 0x42, 0x00, 0x42, 0x00, 0x42, 0x00, 0x42, 0x00,
    0x42, 0x00, 0x42, 0x00, 0x42, 0x00, 0x42, 0x00, 0x42, 0x00, 0x42, 0x00, 0x42, 0x00, 0x42, 0x00,
    0x42, 0x00, 0x42, 0x00, 0x42, 0x00, 0x42, 0x00, 0x42, 0x00, 0x42, 0x00, 0x42, 0x00, 0x42, 0x00,
    0x42, 0x00, 0x42, 0x00, 0x42, 0x00, 0x42, 0x00, 0x42, 0x00, 0x42, 0x00, 0x42, 0x00, 0x42, 0x00,
    0x42, 0x00, 0x42, 0x00, 0x42, 0x00, 0x42, 0x00, 0x42, 0x00, 0x42, 0x00, 0x42, 0x00, 0x42, 0x00,
    0x42, 0x00, 0x42, 0x00, 0x42, 0x00, 0x42, 0x00, 0x42, 0x00, 0x42, 0x00, 0x42, 0x00, 0x42, 0x00,
    0x21, 0x00, 0x21, 0x00, 0x21, 0x00, 0x21, 0x00, 0x21, 0x00, 0x21, 0x00, 0x22, 0x00, 0x22, 0x00,
    0x22, 0x00, 0x22, 0x00, 0x22, 0x00, 0x22, 0x00, 0x22, 0x00, 0x22, 0x00, 0x42, 0x00, 0x42, 0x00,
    0x42, 0x00, 0x42, 0x00, 0x42, 0x00, 0x42, 0x00, 0x42, 0x00, 0x42, 0x00, 0x42, 0x00, 0x42, 0x00,
    0x42, 0x00, 0x42, 0x00, 0x42, 0x00, 0x42, 0x00, 0x42, 0x00, 0x42, 0x00, 0x42, 0x00, 0x42, 0x00,
    0x42, 0x00, 0x42, 0x00, 0x42, 0x00, 0x42, 0x00, 0x42, 0x00, 0x42, 0x00, 0x42, 0x00, 0x42, 0x00,
    0x42, 0x00, 0x42, 0x00, 0x42, 0x00, 0x42, 0x00, 0x42, 0x00, 0x42, 0x00, 0x42, 0x00, 0x42, 0x00,
    0x42, 0x00, 0x42, 0x00, 0x42, 0x00, 0x42, 0x00, 0x42, 0x00, 0x42, 0x00, 0x42, 0x00, 0x42, 0x00,
    0x42, 0x00, 0x42, 0x00, 0x42, 0x00, 0x42, 0x00, 0x42, 0x00, 0x42, 0x00, 0x42, 0x00, 0x42, 0x00,
    0x42, 0x00, 0x42, 0x00, 0x42, 0x00, 0x42, 0x00, 0x42, 0x00, 0x42, 0x00, 0x42, 0x00, 0x42, 0x00,
    0x42, 0x00, 0x42, 0x00, 0x42, 0x00, 0x42, 0x00, 0x42, 0x00, 0x42, 0x00, 0x42, 0x00, 0x42, 0x00,
    0x42, 0x00, 0x42, 0x00, 0x42, 0x00, 0x42, 0x00, 0x42, 0x00, 0x42, 0x00, 0x42, 0x00, 0x42, 0x00,
    0x42, 0x00, 0x42, 0x00, 0x42, 0x00, 0x42, 0x00, 0x42, 0x00, 0x42, 0x00, 0x42, 0x00, 0x42, 0x00,
    0x42, 0x00, 0x42, 0x00, 0x42, 0x00, 0x42, 0x00, 0x42, 0x00, 0x42, 0x00, 0x42, 0x00, 0x42, 0x00,
    0x42, 0x00, 0x42, 0x00, 0x42, 0x00, 0x42, 0x00, 0x42, 0x00, 0x42, 0x00, 0x42, 0x00, 0x42, 0x00,
    0x42, 0x00, 0x42, 0x00, 0x42, 0x00, 0x42, 0x00, 0x42, 0x00, 0x42, 0x00, 0x42, 0x00, 0x42, 0x00,
    0x42, 0x00, 0x42, 0x00, 0x42, 0x00, 0x42, 0x00, 0x42, 0x00, 0x42, 0x00, 0x42, 0x00, 0x42, 0x00,
    0x42, 0x00, 0x42, 0x00, 0x42, 0x00, 0x42, 0x00, 0x42, 0x00, 0x42, 0x00, 0x42, 0x00, 0x42, 0x00,
    0x42, 0x00, 0x42, 0x00, 0x42, 0x00, 0x42, 0x00, 0x42, 0x00, 0x42, 0x00, 0x42, 0x00, 0x42, 0x00,
    0x42, 0x00, 0x42, 0x00, 0x42, 0x00, 0x42, 0x00, 0x42, 0x00, 0x42, 0x00, 0x42, 0x00, 0x42, 0x00,
    0x42, 0x00, 0x42, 0x00, 0x42, 0x00, 0x42, 0x00, 0x42, 0x00, 0x42, 0x00, 0x42, 0x00, 0x42, 0x00,
    0x42, 0x00, 0x42, 0x00, 0x42, 0x00, 0x42, 0x00, 0x42, 0x00, 0x42, 0x00, 0x42, 0x00, 0x42, 0x00,
    0x42, 0x00, 0x42, 0x00, 0x42, 0x00, 0x42, 0x00, 0x42, 0x00, 0x42, 0x00, 0x42, 0x00, 0x42, 0x00,
    0x42, 0x00, 0x42, 0x00, 0x42, 0x00, 0x42, 0x00, 0x42, 0x00, 0x42, 0x00, 0x42, 0x00, 0x42, 0x00,
    0x42, 0x00, 0x42, 0x00, 0x42, 0x00, 0x42, 0x00, 0x42, 0x00, 0x42, 0x00, 0x42, 0x00, 0x42, 0x00,
    0x42, 0x00, 0x42, 0x00, 0x42, 0x00, 0x42, 0x00, 0x42, 0x00, 0x42, 0x00, 0x42, 0x00, 0x42, 0x00,
    0x42, 0x00, 0x42, 0x00, 0x42, 0x00, 0x42, 0x00, 0x42, 0x00, 0x42, 0x00, 0x42, 0x00, 0x42, 0x00,
    0x42, 0x00, 0x42, 0x00, 0x42, 0x00, 0x42, 0x00, 0x42, 0x00, 0x42, 0x00, 0x42, 0x00, 0x42, 0x00,
    0x42, 0x00, 0x42, 0x00, 0x42, 0x00, 0x42, 0x00, 0x42, 0x00, 0x42, 0x00, 0x42, 0x00, 0x42, 0x00,
    0x42, 0x00, 0x42, 0x00, 0x42, 0x00, 0x22, 0x00, 0x22, 0x00, 0x22, 0x00, 0x22, 0x00, 0x22, 0x00,
    0x22, 0x00, 0x22, 0x00, 0x22, 0x00, 0x21, 0x00, 0x21, 0x00, 0x21, 0x00, 0x21, 0x00, 0x21, 0x00,
    0x21, 0x00, 0x21, 0x00, 0x21, 0x00, 0x21, 0x00, 0x21, 0x00, 0x21, 0x00, 0x21, 0x00, 0x21, 0x00,
    0x21, 0x00, 0x22, 0x00, 0x22, 0x00, 0x22, 0x00, 0x22, 0x00, 0x22, 0x00, 0x22, 0x00, 0x22, 0x00,
    0x22, 0x00, 0x22, 0x00, 0x42, 0x00, 0x42, 0x00, 0x42, 0x00, 0x42, 0x00, 0x42, 0x00, 0x42, 0x00,
    0x42, 0x00, 0x42, 0x00, 0x42, 0x00, 0x42, 0x00, 0x42, 0x00, 0x42, 0x00, 0x42, 0x00, 0x42, 0x00,
    0x42, 0x00, 0x42, 0x00, 0x42, 0x00, 0x42, 0x00, 0x42, 0x00, 0x42, 0x00, 0x42, 0x00, 0x42, 0x00,
    0x42, 0x00, 0x42, 0x00, 0x42, 0x00, 0x42, 0x00, 0x42, 0x00, 0x42, 0x00, 0x42, 0x00, 0x42, 0x00,
    0x42, 0x00, 0x42, 0x00, 0x42, 0x00, 0x42, 0x00, 0x42, 0x00, 0x42, 0x00, 0x42, 0x00, 0x42, 0x00,
    0x42, 0x00, 0x42, 0x00, 0x42, 0x00, 0x42, 0x00, 0x42, 0x00, 0x42, 0x00, 0x42, 0x00, 0x42, 0x00,
    0x42, 0x00, 0x42, 0x00, 0x42, 0x00, 0x42, 0x00, 0x42, 0x00, 0x42, 0x00, 0x42, 0x00, 0x42, 0x00,
    0x42, 0x00, 0x42, 0x00, 0x42, 0x00, 0x42, 0x00, 0x42, 0x00, 0x42, 0x00, 0x42, 0x00, 0x42, 0x00,
    0x42, 0x00, 0x42, 0x00, 0x42, 0x00, 0x42, 0x00, 0x42, 0x00, 0x42, 0x00, 0x42, 0x00, 0x42, 0x00,
    0x42, 0x00, 0x42, 0x00, 0x42, 0x00, 0x42, 0x00, 0x42, 0x00, 0x42, 0x00, 0x42, 0x00, 0x42, 0x00,
    0x42, 0x00, 0x42, 0x00, 0x42, 0x00, 0x42, 0x00, 0x42, 0x00, 0x42, 0x00, 0x42, 0x00, 0x42, 0x00,
    0x42, 0x00, 0x42, 0x00, 0x42, 0x00, 0x42, 0x00, 0x42, 0x00, 0x42, 0x00, 0x42, 0x00, 0x42, 0x00,
    0x42, 0x00, 0x42, 0x00, 0x42, 0x00, 0x42, 0x00, 0x42, 0x00, 0x42, 0x00, 0x42, 0x00, 0x42, 0x00,
    0x42, 0x00, 0x42, 0x00, 0x42, 0x00, 0x42, 0x00, 0x42, 0x00, 0x42, 0x00, 0x42, 0x00, 0x42, 0x00,
    0x42, 0x00, 0x42, 0x00, 0x42, 0x00, 0x42, 0x00, 0x42, 0x00, 0x42, 0x00, 0x42, 0x00, 0x42, 0x00,
    0x42, 0x00, 0x42, 0x00, 0x42, 0x00, 0x42, 0x00, 0x42, 0x00, 0x42, 0x00, 0x42, 0x00, 0x42, 0x00,
    0x42, 0x00, 0x42, 0x00, 0x42, 0x00, 0x42, 0x00, 0x42, 0x00, 0x42, 0x00, 0x42, 0x00, 0x42, 0x00,
    0x42, 0x00, 0x42, 0x00, 0x42, 0x00, 0x42, 0x00, 0x42, 0x00, 0x42, 0x00, 0x42, 0x00, 0x42, 0x00,
    0x42, 0x00, 0x42, 0x00, 0x42, 0x00, 0x42, 0x00, 0x42, 0x00, 0x42, 0x00, 0x42, 0x00, 0x42, 0x00,
    0x42, 0x00, 0x42, 0x00, 0x42, 0x00, 0x42, 0x00, 0x42, 0x00, 0x42, 0x00, 0x42, 0x00, 0x42, 0x00,
    0x42, 0x00, 0x42, 0x00, 0x42, 0x00, 0x42, 0x00, 0x42, 0x00, 0x42, 0x00, 0x42, 0x00, 0x42, 0x00,
    0x42, 0x00, 0x42, 0x00, 0x42, 0x00, 0x42, 0x00, 0x42, 0x00, 0x42, 0x00, 0x42, 0x00, 0x42, 0x00,
    0x42, 0x00, 0x42, 0x00, 0x42, 0x00, 0x42, 0x00, 0x42, 0x00, 0x42, 0x00, 0x42, 0x00, 0x42, 0x00,
    0x42, 0x00, 0x42, 0x00, 0x42, 0x00, 0x42, 0x00, 0x42, 0x00, 0x42, 0x00, 0x42, 0x00, 0x42, 0x00,
    0x42, 0x00, 0x42, 0x00, 0x42, 0x00, 0x42, 0x00, 0x42, 0x00, 0x42, 0x00, 0x42, 0x00, 0x42, 0x00,
    0x42, 0x00, 0x42, 0x00, 0x42, 0x00, 0x42, 0x00, 0x42, 0x00, 0x42, 0x00, 0x42, 0x00, 0x22, 0x00,
    0x22, 0x00, 0x22, 0x00, 0x22, 0x00, 0x22, 0x00, 0x22, 0x00, 0x22, 0x00, 0x22, 0x00, 0x22, 0x00,
    0x21, 0x00, 0x21, 0x00, 0x21, 0x00, 0x21, 0x00, 0x21, 0x00, 0x21, 0x00, 0x21, 0x00, 0x21, 0x00,
    0x22, 0x00, 0x22, 0x00, 0x22, 0x00, 0x22, 0x00, 0x22, 0x00, 0x22, 0x00, 0x22, 0x00, 0x22, 0x00,
    0x22, 0x00, 0x42, 0x00, 0x42, 0x00, 0x42, 0x00, 0x42, 0x00, 0x42, 0x00, 0x42, 0x00, 0x42, 0x00,
    0x42, 0x00, 0x42, 0x00, 0x42, 0x00, 0x42, 0x00, 0x42, 0x00, 0x42, 0x00, 0x42, 0x00, 0x42, 0x00,
    0x42, 0x00, 0x42, 0x00, 0x42, 0x00, 0x42, 0x00, 0x42, 0x00, 0x42, 0x00, 0x42, 0x00, 0x42, 0x00,
    0x42, 0x00, 0x42, 0x00, 0x42, 0x00, 0x42, 0x00, 0x42, 0x00, 0x42, 0x00, 0x42, 0x00, 0x42, 0x00,
    0x42, 0x00, 0x42, 0x00, 0x42, 0x00, 0x42, 0x00, 0x42, 0x00, 0x42, 0x00, 0x42, 0x00, 0x42, 0x00,
    0x42, 0x00, 0x42, 0x00, 0x42, 0x00, 0x42, 0x00, 0x42, 0x00, 0x42, 0x00, 0x42, 0x00, 0x42, 0x00,
    0x42, 0x00, 0x42, 0x00, 0x42, 0x00, 0x42, 0x00, 0x42, 0x00, 0x42, 0x00, 0x42, 0x00, 0x42, 0x00,
    0x42, 0x00, 0x42, 0x00, 0x42, 0x00, 0x42, 0x00, 0x42, 0x00, 0x42, 0x00, 0x42, 0x00, 0x42, 0x00,
    0x42, 0x00, 0x42, 0x00, 0x42, 0x00, 0x42, 0x00, 0x42, 0x00, 0x42, 0x00, 0x42, 0x00, 0x42, 0x00,
    0x42, 0x00, 0x42, 0x00, 0x42, 0x00, 0x42, 0x00, 0x42, 0x00, 0x42, 0x00, 0x42, 0x00, 0x42, 0x00,
    0x42, 0x00, 0x42, 0x00, 0x42, 0x00, 0x42, 0x00, 0x42, 0x00, 0x42, 0x00, 0x42, 0x00, 0x42, 0x00,
    0x42, 0x00, 0x42, 0x00, 0x42, 0x00, 0x42, 0x00, 0x42, 0x00, 0x42, 0x00, 0x42, 0x00, 0x42, 0x00,
    0x42, 0x00, 0x42, 0x00, 0x42, 0x00, 0x42, 0x00, 0x42, 0x00, 0x42, 0x00, 0x42, 0x00, 0x42, 0x00,
    0x42, 0x00, 0x42, 0x00, 0x42, 0x00, 0x42, 0x00, 0x42, 0x00, 0x42, 0x00, 0x42, 0x00, 0x42, 0x00,
    0x42, 0x00, 0x42, 0x00, 0x42, 0x00, 0x42, 0x00, 0x42, 0x00, 0x42, 0x00, 0x42, 0x00, 0x42, 0x00,
    0x42, 0x00, 0x42, 0x00, 0x42, 0x00, 0x42, 0x00, 0x42, 0x00, 0x42, 0x00, 0x42, 0x00, 0x42, 0x00,
    0x42, 0x00, 0x42, 0x00, 0x42, 0x00, 0x42, 0x00, 0x42, 0x00, 0x42, 0x00, 0x42, 0x00, 0x42, 0x00,
    0x42, 0x00, 0x42, 0x00, 0x42, 0x00, 0x42, 0x00, 0x42, 0x00, 0x42, 0x00, 0x42, 0x00, 0x42, 0x00,
    0x42, 0x00, 0x42, 0x00, 0x42, 0x00, 0x42, 0x00, 0x42, 0x00, 0x42, 0x00, 0x42, 0x00, 0x42, 0x00,
    0x42, 0x00, 0x42, 0x00, 0x42, 0x00, 0x42, 0x00, 0x42, 0x00, 0x42, 0x00, 0x42, 0x00, 0x42, 0x00,
    0x42, 0x00, 0x42, 0x00, 0x42, 0x00, 0x42, 0x00, 0x42, 0x00, 0x42, 0x00, 0x42, 0x00, 0x42, 0x00,
    0x42, 0x00, 0x42, 0x00, 0x42, 0x00, 0x42, 0x00, 0x42, 0x00, 0x42, 0x00, 0x42, 0x00, 0x42, 0x00,
    0x42, 0x00, 0x42, 0x00, 0x42, 0x00, 0x42, 0x00, 0x42, 0x00, 0x42, 0x00, 0x42, 0x00, 0x42, 0x00,
    0x42, 0x00, 0x42, 0x00, 0x42, 0x00, 0x42, 0x00, 0x42, 0x00, 0x42, 0x00, 0x42, 0x00, 0x42, 0x00,
    0x42, 0x00, 0x42, 0x00, 0x42, 0x00, 0x42, 0x00, 0x42, 0x00, 0x42, 0x00, 0x42, 0x00, 0x42, 0x00,
    0x42, 0x00, 0x42, 0x00, 0x42, 0x00, 0x42, 0x00, 0x42, 0x00, 0x42, 0x00, 0x42, 0x00, 0x42, 0x00,
    0x42, 0x00, 0x42, 0x00, 0x42, 0x00, 0x42, 0x00, 0x42, 0x00, 0x42, 0x00, 0x42, 0x00, 0x42, 0x00,
    0x42, 0x00, 0x42, 0x00, 0x42, 0x00, 0x42, 0x00, 0x42, 0x00, 0x42, 0x00, 0x42, 0x00, 0x42, 0x00,
    0x22, 0x00, 0x22, 0x00, 0x22, 0x00, 0x22, 0x00, 0x22, 0x00, 0x22, 0x00, 0x22, 0x00, 0x22, 0x00,
    0x21, 0x00, 0x21, 0x00, 0x21, 0x00, 0x21, 0x00, 0x21, 0x00, 0x21, 0x00, 0x21, 0x00, 0x21, 0x00,
    0x21, 0x00, 0x21, 0x00, 0x21, 0x00, 0x21, 0x00, 0x21, 0x00, 0x21, 0x00, 0x21, 0x00, 0x21, 0x00,
    0x22, 0x00, 0x22, 0x00, 0x22, 0x00, 0x22, 0x00, 0x22, 0x00, 0x22, 0x00, 0x22, 0x00, 0x22, 0x00,
    0x22, 0x00, 0x42, 0x00, 0x42, 0x00, 0x42, 0x00, 0x42, 0x00, 0x42, 0x00, 0x42, 0x00, 0x42, 0x00,
    0x42, 0x00, 0x42, 0x00, 0x42, 0x00, 0x42, 0x00, 0x42, 0x00, 0x42, 0x00, 0x42, 0x00, 0x42, 0x00,
    0x42, 0x00, 0x42, 0x00, 0x42, 0x00, 0x42, 0x00, 0x42, 0x00, 0x42, 0x00, 0x42, 0x00, 0x42, 0x00,
    0x42, 0x00, 0x42, 0x00, 0x42, 0x00, 0x42, 0x00, 0x42, 0x00, 0x42, 0x00, 0x42, 0x00, 0x42, 0x00,
    0x42, 0x00, 0x42, 0x00, 0x42, 0x00, 0x42, 0x00, 0x42, 0x00, 0x42, 0x00, 0x42, 0x00, 0x42, 0x00,
    0x42, 0x00, 0x42, 0x00, 0x42, 0x00, 0x42, 0x00, 0x42, 0x00, 0x42, 0x00, 0x42, 0x00, 0x42, 0x00,
    0x42, 0x00, 0x42, 0x00, 0x42, 0x00, 0x42, 0x00, 0x42, 0x00, 0x42, 0x00, 0x42, 0x00, 0x42, 0x00,
    0x42, 0x00, 0x42, 0x00, 0x42, 0x00, 0x42, 0x00, 0x42, 0x00, 0x42, 0x00, 0x42, 0x00, 0x42, 0x00,
    0x42, 0x00, 0x42, 0x00, 0x42, 0x00, 0x42, 0x00, 0x42, 0x00, 0x42, 0x00, 0x42, 0x00, 0x42, 0x00,
    0x42, 0x00, 0x42, 0x00, 0x42, 0x00, 0x42, 0x00, 0x42, 0x00, 0x42, 0x00, 0x42, 0x00, 0x42, 0x00,
    0x42, 0x00, 0x42, 0x00, 0x42, 0x00, 0x42, 0x00, 0x42, 0x00, 0x42, 0x00, 0x42, 0x00, 0x42, 0x00,
    0x42, 0x00, 0x42, 0x00, 0x42, 0x00, 0x42, 0x00, 0x42, 0x00, 0x42, 0x00, 0x42, 0x00, 0x42, 0x00,
    0x42, 0x00, 0x42, 0x00, 0x42, 0x00, 0x42, 0x00, 0x42, 0x00, 0x42, 0x00, 0x42, 0x00, 0x42, 0x00,
    0x42, 0x00, 0x42, 0x00, 0x42, 0x00, 0x42, 0x00, 0x42, 0x00, 0x42, 0x00, 0x42, 0x00, 0x42, 0x00,
    0x42, 0x00, 0x42, 0x00, 0x42, 0x00, 0x42, 0x00, 0x42, 0x00, 0x42, 0x00, 0x42, 0x00, 0x42, 0x00,
    0x42, 0x00, 0x42, 0x00, 0x42, 0x00, 0x42, 0x00, 0x42, 0x00, 0x42, 0x00, 0x42, 0x00, 0x42, 0x00,
    0x42, 0x00, 0x42, 0x00, 0x42, 0x00, 0x42, 0x00, 0x42, 0x00, 0x42, 0x00, 0x42, 0x00, 0x42, 0x00,
    0x42, 0x00, 0x42, 0x00, 0x42, 0x00, 0x42, 0x00, 0x42, 0x00, 0x42, 0x00, 0x42, 0x00, 0x42, 0x00,
    0x42, 0x00, 0x42, 0x00, 0x42, 0x00, 0x42, 0x00, 0x42, 0x00, 0x42, 0x00, 0x42, 0x00, 0x42, 0x00,
    0x42, 0x00, 0x42, 0x00, 0x42, 0x00, 0x42, 0x00, 0x42, 0x00, 0x42, 0x00, 0x42, 0x00, 0x42, 0x00,
    0x42, 0x00, 0x42, 0x00, 0x42, 0x00, 0x42, 0x00, 0x42, 0x00, 0x42, 0x00, 0x42, 0x00, 0x42, 0x00,
    0x42, 0x00, 0x42, 0x00, 0x42, 0x00, 0x42, 0x00, 0x42, 0x00, 0x42, 0x00, 0x42, 0x00, 0x42, 0x00,
    0x42, 0x00, 0x42, 0x00, 0x42, 0x00, 0x42, 0x00, 0x42, 0x00, 0x42, 0x00, 0x42, 0x00, 0x42, 0x00,
    0x42, 0x00, 0x42, 0x00, 0x42, 0x00, 0x42, 0x00, 0x42, 0x00, 0x42, 0x00, 0x42, 0x00, 0x42, 0x00,
    0x22, 0x00, 0x22, 0x00, 0x22, 0x00, 0x22, 0x00, 0x22, 0x00, 0x22, 0x00, 0x22, 0x00, 0x22, 0x00,
    0x22, 0x00, 0x21, 0x00, 0x21, 0x00, 0x21, 0x00, 0x21, 0x00, 0x21, 0x00, 0x21, 0x00, 0x21, 0x00,
    0x21, 0x00, 0x21, 0x00, 0x21, 0x00, 0x21, 0x00, 0x21, 0x00, 0x21, 0x00, 0x21, 0x00, 0x21, 0x00,
    0x21, 0x00, 0x21, 0x00, 0x21, 0x00, 0x21, 0x00, 0x21, 0x00, 0x21, 0x00, 0x21, 0x00, 0x21, 0x00,
    0x21, 0x00, 0x21, 0x00, 0x21, 0x00, 0x21, 0x00, 0x21, 0x00, 0x21, 0x00, 0x21, 0x00, 0x21, 0x00,
    0x21, 0x00, 0x21, 0x00, 0x21, 0x00, 0x22, 0x00, 0x22, 0x00, 0x22, 0x00, 0x22, 0x00, 0x22, 0x00,
    0x22, 0x00, 0x22, 0x00, 0x22, 0x00, 0x22, 0x00, 0x22, 0x00, 0x42, 0x00, 0x42, 0x00, 0x42, 0x00,
    0x42, 0x00, 0x42, 0x00, 0x42, 0x00, 0x42, 0x00, 0x42, 0x00, 0x42, 0x00, 0x42, 0x00, 0x42, 0x00,
    0x42, 0x00, 0x42, 0x00, 0x42, 0x00, 0x42, 0x00, 0x42, 0x00, 0x42, 0x00, 0x42, 0x00, 0x42, 0x00,
    0x42, 0x00, 0x42, 0x00, 0x42, 0x00, 0x42, 0x00, 0x42, 0x00, 0x42, 0x00, 0x42, 0x00, 0x42, 0x00,
    0x42, 0x00, 0x42, 0x00, 0x42, 0x00, 0x42, 0x00, 0x42, 0x00, 0x42, 0x00, 0x42, 0x00, 0x42, 0x00,
    0x42, 0x00, 0x42, 0x00, 0x42, 0x00, 0x42, 0x00, 0x42, 0x00, 0x42, 0x00, 0x42, 0x00, 0x42, 0x00,
    0x42, 0x00, 0x42, 0x00, 0x42, 0x00, 0x42, 0x00, 0x42, 0x00, 0x42, 0x00, 0x42, 0x00, 0x42, 0x00,
    0x42, 0x00, 0x42, 0x00, 0x42, 0x00, 0x42, 0x00, 0x42, 0x00, 0x42, 0x00, 0x42, 0x00, 0x42, 0x00,
    0x42, 0x00, 0x42, 0x00, 0x42, 0x00, 0x42, 0x00, 0x42, 0x00, 0x42, 0x00, 0x42, 0x00, 0x42, 0x00,
    0x42, 0x00, 0x42, 0x00, 0x42, 0x00, 0x42, 0x00, 0x42, 0x00, 0x42, 0x00, 0x42, 0x00, 0x42, 0x00,
    0x42, 0x00, 0x42, 0x00, 0x42, 0x00, 0x42, 0x00, 0x42, 0x00, 0x42, 0x00, 0x42, 0x00, 0x42, 0x00,
    0x42, 0x00, 0x42, 0x00, 0x42, 0x00, 0x42, 0x00, 0x42, 0x00, 0x42, 0x00, 0x42, 0x00, 0x42, 0x00,
    0x42, 0x00, 0x42, 0x00, 0x42, 0x00, 0x42, 0x00, 0x42, 0x00, 0x42, 0x00, 0x42, 0x00, 0x42, 0x00,
    0x42, 0x00, 0x42, 0x00, 0x42, 0x00, 0x42, 0x00, 0x42, 0x00, 0x42, 0x00, 0x42, 0x00, 0x42, 0x00,
    0x42, 0x00, 0x42, 0x00, 0x42, 0x00, 0x42, 0x00, 0x42, 0x00, 0x42, 0x00, 0x42, 0x00, 0x42, 0x00,
    0x42, 0x00, 0x42, 0x00, 0x42, 0x00, 0x42, 0x00, 0x42, 0x00, 0x42, 0x00, 0x42, 0x00, 0x42, 0x00,
    0x42, 0x00, 0x42, 0x00, 0x42, 0x00, 0x42, 0x00, 0x42, 0x00, 0x42, 0x00, 0x42, 0x00, 0x42, 0x00,
    0x42, 0x00, 0x42, 0x00, 0x42, 0x00, 0x42, 0x00, 0x42, 0x00, 0x42, 0x00, 0x42, 0x00, 0x42, 0x00,
    0x42, 0x00, 0x42, 0x00, 0x42, 0x00, 0x42, 0x00, 0x42, 0x00, 0x42, 0x00, 0x42, 0x00, 0x42, 0x00,
    0x42, 0x00, 0x42, 0x00, 0x42, 0x00, 0x42, 0x00, 0x42, 0x00, 0x42, 0x00, 0x42, 0x00, 0x42, 0x00,
    0x42, 0x00, 0x42, 0x00, 0x42, 0x00, 0x42, 0x00, 0x42, 0x00, 0x42, 0x00, 0x42, 0x00, 0x42, 0x00,
    0x42, 0x00, 0x42, 0x00, 0x42, 0x00, 0x42, 0x00, 0x42, 0x00, 0x42, 0x00, 0x42, 0x00, 0x42, 0x00,
    0x42, 0x00, 0x42, 0x00, 0x42, 0x00, 0x42, 0x00, 0x42, 0x00, 0x42, 0x00, 0x42, 0x00, 0x42, 0x00,
    0x42, 0x00, 0x42, 0x00, 0x42, 0x00, 0x42, 0x00, 0x22, 0x00, 0x22, 0x00, 0x22, 0x00, 0x22, 0x00,
    0x22, 0x00, 0x22, 0x00, 0x22, 0x00, 0x22, 0x00, 0x22, 0x00, 0x22, 0x00, 0x21, 0x00, 0x21, 0x00,
    0x21, 0x00, 0x21, 0x00, 0x21, 0x00, 0x21, 0x00, 0x21, 0x00, 0x21, 0x00, 0x21, 0x00, 0x21, 0x00,
    0x21, 0x00, 0x21, 0x00, 0x21, 0x00, 0x21, 0x00, 0x21, 0x00, 0x21, 0x00, 0x21, 0x00, 0x21, 0x00,
    0x21, 0x00, 0x21, 0x00, 0x21, 0x00, 0x21, 0x00, 0x21, 0x00, 0x21, 0x00, 0x21, 0x00, 0x21, 0x00,
    0x22, 0x00, 0x22, 0x00, 0x22, 0x00, 0x22, 0x00, 0x22, 0x00, 0x22, 0x00, 0x22, 0x00, 0x22, 0x00,
    0x22, 0x00, 0x22, 0x00, 0x22, 0x00, 0x22, 0x00, 0x42, 0x00, 0x42, 0x00, 0x42, 0x00, 0x42, 0x00,
    0x42, 0x00, 0x42, 0x00, 0x42, 0x00, 0x42, 0x00, 0x42, 0x00, 0x42, 0x00, 0x42, 0x00, 0x42, 0x00,
    0x42, 0x00, 0x42, 0x00, 0x42, 0x00, 0x42, 0x00, 0x42, 0x00, 0x42, 0x00, 0x42, 0x00, 0x42, 0x00,
    0x42, 0x00, 0x42, 0x00, 0x42, 0x00, 0x42, 0x00, 0x42, 0x00, 0x42, 0x00, 0x42, 0x00, 0x42, 0x00,
    0x42, 0x00, 0x42, 0x00, 0x42, 0x00, 0x42, 0x00, 0x42, 0x00, 0x42, 0x00, 0x42, 0x00, 0x42, 0x00,
    0x42, 0x00, 0x42, 0x00, 0x42, 0x00, 0x42, 0x00, 0x42, 0x00, 0x42, 0x00, 0x42, 0x00, 0x42, 0x00,
    0x42, 0x00, 0x42, 0x00, 0x42, 0x00, 0x42, 0x00, 0x42, 0x00, 0x42, 0x00, 0x42, 0x00, 0x42, 0x00,
    0x42, 0x00, 0x42, 0x00, 0x42, 0x00, 0x42, 0x00, 0x42, 0x00, 0x42, 0x00, 0x42, 0x00, 0x42, 0x00,
    0x42, 0x00, 0x42, 0x00, 0x42, 0x00, 0x42, 0x00, 0x42, 0x00, 0x42, 0x00, 0x42, 0x00, 0x42, 0x00,
    0x42, 0x00, 0x42, 0x00, 0x42, 0x00, 0x42, 0x00, 0x42, 0x00, 0x42, 0x00, 0x42, 0x00, 0x42, 0x00,
    0x42, 0x00, 0x42, 0x00, 0x42, 0x00, 0x42, 0x00, 0x42, 0x00, 0x42, 0x00, 0x42, 0x00, 0x42, 0x00,
    0x42, 0x00, 0x42, 0x00, 0x42, 0x00, 0x42, 0x00, 0x42, 0x00, 0x42, 0x00, 0x42, 0x00, 0x42, 0x00,
    0x42, 0x00, 0x42, 0x00, 0x42, 0x00, 0x42, 0x00, 0x42, 0x00, 0x42, 0x00, 0x42, 0x00, 0x42, 0x00,
    0x42, 0x00, 0x42, 0x00, 0x42, 0x00, 0x42, 0x00, 0x42, 0x00, 0x42, 0x00, 0x42, 0x00, 0x42, 0x00,
    0x42, 0x00, 0x42, 0x00, 0x42, 0x00, 0x42, 0x00, 0x42, 0x00, 0x42, 0x00, 0x42, 0x00, 0x42, 0x00,
    0x42, 0x00, 0x42, 0x00, 0x42, 0x00, 0x42, 0x00, 0x42, 0x00, 0x42, 0x00, 0x42, 0x00, 0x42, 0x00,
    0x42, 0x00, 0x42, 0x00, 0x42, 0x00, 0x42, 0x00, 0x42, 0x00, 0x42, 0x00, 0x42, 0x00, 0x42, 0x00,
    0x42, 0x00, 0x42, 0x00, 0x42, 0x00, 0x42, 0x00, 0x42, 0x00, 0x42, 0x00, 0x42, 0x00, 0x42, 0x00,
    0x42, 0x00, 0x42, 0x00, 0x42, 0x00, 0x42, 0x00, 0x42, 0x00, 0x42, 0x00, 0x42, 0x00, 0x42, 0x00,
    0x42, 0x00, 0x42, 0x00, 0x42, 0x00, 0x42, 0x00, 0x42, 0x00, 0x42, 0x00, 0x42, 0x00, 0x42, 0x00,
    0x42, 0x00, 0x42, 0x00, 0x42, 0x00, 0x42, 0x00, 0x42, 0x00, 0x42, 0x00, 0x42, 0x00, 0x42, 0x00,
    0x42, 0x00, 0x42, 0x00, 0x42, 0x00, 0x42, 0x00, 0x42, 0x00, 0x42, 0x00, 0x42, 0x00, 0x42, 0x00,
    0x42, 0x00, 0x42, 0x00, 0x42, 0x00, 0x42, 0x00, 0x42, 0x00, 0x42, 0x00, 0x42, 0x00, 0x42, 0x00,
    0x42, 0x00, 0x42, 0x00, 0x42, 0x00, 0x42, 0x00, 0x42, 0x00, 0x42, 0x00, 0x42, 0x00, 0x42, 0x00,
    0x42, 0x00, 0x42, 0x00, 0x42, 0x00, 0x42, 0x00, 0x42, 0x00, 0x42, 0x00, 0x42, 0x00, 0x42, 0x00,
    0x42, 0x00, 0x42, 0x00, 0x42, 0x00, 0x42, 0x00, 0x42, 0x00, 0x22, 0x00, 0x22, 0x00, 0x22, 0x00,
    0x22, 0x00, 0x22, 0x00, 0x22, 0x00, 0x22, 0x00, 0x22, 0x00, 0x22, 0x00, 0x22, 0x00, 0x22, 0x00,
    0x22, 0x00, 0x21, 0x00, 0x21, 0x00, 0x21, 0x00, 0x21, 0x00, 0x21, 0x00, 0x21, 0x00, 0x21, 0x00,
    0x21, 0x00, 0x21, 0x00, 0x21, 0x00, 0x21, 0x00, 0x21, 0x00, 0x21, 0x00, 0x21, 0x00, 0x21, 0x00,
    0x21, 0x00, 0x21, 0x00, 0x21, 0x00, 0x21, 0x00, 0x21, 0x00, 0x21, 0x00, 0x21, 0x00, 0x21, 0x00,
    0x21, 0x00, 0x21, 0x00, 0x21, 0x00, 0x21, 0x00, 0x21, 0x00, 0x21, 0x00, 0x21, 0x00, 0x21, 0x00,
    0x21, 0x00, 0x21, 0x00, 0x21, 0x00, 0x22, 0x00, 0x22, 0x00, 0x22, 0x00, 0x22, 0x00, 0x22, 0x00,
    0x22, 0x00, 0x22, 0x00, 0x22, 0x00, 0x22, 0x00, 0x22, 0x00, 0x22, 0x00, 0x42, 0x00, 0x42, 0x00,
    0x42, 0x00, 0x42, 0x00, 0x42, 0x00, 0x42, 0x00, 0x42, 0x00, 0x42, 0x00, 0x42, 0x00, 0x42, 0x00,
    0x42, 0x00, 0x42, 0x00, 0x42, 0x00, 0x42, 0x00, 0x42, 0x00, 0x42, 0x00, 0x42, 0x00, 0x42, 0x00,
    0x42, 0x00, 0x42, 0x00, 0x42, 0x00, 0x42, 0x00, 0x42, 0x00, 0x42, 0x00, 0x42, 0x00, 0x42, 0x00,
    0x42, 0x00, 0x42, 0x00, 0x42, 0x00, 0x42, 0x00, 0x42, 0x00, 0x42, 0x00, 0x42, 0x00, 0x42, 0x00,
    0x42, 0x00, 0x42, 0x00, 0x42, 0x00, 0x42, 0x00, 0x42, 0x00, 0x42, 0x00, 0x42, 0x00, 0x42, 0x00,
    0x42, 0x00, 0x42, 0x00, 0x42, 0x00, 0x42, 0x00, 0x42, 0x00, 0x42, 0x00, 0x42, 0x00, 0x42, 0x00,
    0x42, 0x00, 0x42, 0x00, 0x42, 0x00, 0x42, 0x00, 0x42, 0x00, 0x42, 0x00, 0x42, 0x00, 0x42, 0x00,
    0x42, 0x00, 0x42, 0x00, 0x42, 0x00, 0x42, 0x00, 0x42, 0x00, 0x42, 0x00, 0x42, 0x00, 0x42, 0x00,
    0x42, 0x00, 0x42, 0x00, 0x42, 0x00, 0x42, 0x00, 0x42, 0x00, 0x42, 0x00, 0x42, 0x00, 0x42, 0x00,
    0x42, 0x00, 0x42, 0x00, 0x42, 0x00, 0x42, 0x00, 0x42, 0x00, 0x42, 0x00, 0x42, 0x00, 0x42, 0x00,
    0x42, 0x00, 0x42, 0x00, 0x42, 0x00, 0x42, 0x00, 0x42, 0x00, 0x42, 0x00, 0x42, 0x00, 0x42, 0x00,
    0x42, 0x00, 0x42, 0x00, 0x42, 0x00, 0x42, 0x00, 0x42, 0x00, 0x42, 0x00, 0x42, 0x00, 0x42, 0x00,
    0x42, 0x00, 0x42, 0x00, 0x42, 0x00, 0x42, 0x00, 0x42, 0x00, 0x42, 0x00, 0x42, 0x00, 0x42, 0x00,
    0x42, 0x00, 0x42, 0x00, 0x42, 0x00, 0x42, 0x00, 0x42, 0x00, 0x42, 0x00, 0x42, 0x00, 0x42, 0x00,
    0x42, 0x00, 0x42, 0x00, 0x42, 0x00, 0x42, 0x00, 0x42, 0x00, 0x42, 0x00, 0x42, 0x00, 0x42, 0x00,
    0x42, 0x00, 0x42, 0x00, 0x42, 0x00, 0x42, 0x00, 0x42, 0x00, 0x42, 0x00, 0x42, 0x00, 0x42, 0x00,
    0x42, 0x00, 0x42, 0x00, 0x42, 0x00, 0x42, 0x00, 0x42, 0x00, 0x42, 0x00, 0x42, 0x00, 0x42, 0x00,
    0x42, 0x00, 0x42, 0x00, 0x42, 0x00, 0x42, 0x00, 0x42, 0x00, 0x42, 0x00, 0x42, 0x00, 0x42, 0x00,
    0x42, 0x00, 0x42, 0x00, 0x42, 0x00, 0x42, 0x00, 0x42, 0x00, 0x42, 0x00, 0x42, 0x00, 0x42, 0x00,
    0x42, 0x00, 0x42, 0x00, 0x42, 0x00, 0x42, 0x00, 0x42, 0x00, 0x42, 0x00, 0x42, 0x00, 0x42, 0x00,
    0x42, 0x00, 0x42, 0x00, 0x42, 0x00, 0x22, 0x00, 0x22, 0x00, 0x22, 0x00, 0x22, 0x00, 0x22, 0x00,
    0x22, 0x00, 0x22, 0x00, 0x22, 0x00, 0x22, 0x00, 0x22, 0x00, 0x22, 0x00, 0x21, 0x00, 0x21, 0x00,
    0x21, 0x00, 0x21, 0x00, 0x21, 0x00, 0x21, 0x00, 0x21, 0x00, 0x21, 0x00, 0x21, 0x00, 0x21, 0x00,
    0x21, 0x00, 0x21, 0x00, 0x21, 0x00, 0x21, 0x00, 0x21, 0x00, 0x21, 0x00, 0x21, 0x00, 0x21, 0x00,
    0x21, 0x00, 0x21, 0x00, 0x21, 0x00, 0x21, 0x00, 0x21, 0x00, 0x21, 0x00, 0x21, 0x00, 0x21, 0x00,
};

const lv_image_dsc_t img_slate_bg = {
    .header.cf = LV_COLOR_FORMAT_RGB565,
    .header.w = 240,
    .header.h = 320,
    .header.stride = 480,
    .data_size = 153600,
    .data = img_slate_bg_map,
};
