// Auto-generated from sheikah_eye.png -- DO NOT EDIT
// 150x150 LV_COLOR_FORMAT_ARGB8888, 90000 bytes
#include "lvgl.h"

#ifndef LV_ATTRIBUTE_MEM_ALIGN
#define LV_ATTRIBUTE_MEM_ALIGN
#endif

static const LV_ATTRIBUTE_MEM_ALIGN uint8_t img_sheikah_eye_map[] = {
    0x00, 0x00, 0x00, 0x00, 0x00, 0x00, 0x00, 0x00, 0x00, 0x00, 0x00, 0x00, 0x00, 0x00, 0x00, 0x00,
    0x00, 0x00, 0x00, 0x00, 0x00, 0x00, 0x00, 0x00, 0x00, 0x00, 0x00, 0x00, 0x00, 0x00, 0x00, 0x00,
    0x00, 0x00, 0x00, 0x00, 0x00, 0x00, 0x00, 0x00, 0x00, 0x00, 0x00, 0x00, 0x00, 0x00, 0x00, 0x00,
    0x00, 0x00, 0x00, 0x00, 0x00, 0x00, 0x00, 0x00, 0x00, 0x00, 0x00, 0x00, 0x00, 0x00, 0x00, 0x00,
    0x00, 0x00, 0x00, 0x00, 0x00, 0x00, 0x00, 0x00, 0x00, 0x00, 0x00, 0x00, 0x00, 0x00, 0x00, 0x00,
    0x00, 0x00, 0x00, 0x00, 0x00, 0x00, 0x00, 0x00, 0x00, 0x00, 0x00, 0x00, 0x00, 0x00, 0x00, 0x00,
    0x00, 0x00, 0x00, 0x00, 0x00, 0x00, 0x00, 0x00, 0x00, 0x00, 0x00, 0x00, 0x00, 0x00, 0x00, 0x00,
    0x00, 0x00, 0x00, 0x00, 0x00, 0x00, 0x00, 0x00, 0x00, 0x00, 0x00, 0x00, 0x00, 0x00, 0x00, 0x00,
    0x00, 0x00, 0x00, 0x00, 0x00, 0x00, 0x00, 0x00, 0x00, 0x00, 0x00, 0x00, 0x00, 0x00, 0x00, 0x00,
    0x00, 0x00, 0x00, 0x00, 0x00, 0x00, 0x00, 0x00, 0x00, 0x00, 0x00, 0x00, 0x00, 0x00, 0x00, 0x00,
    0x00, 0x00, 0x00, 0x00, 0x00, 0x00, 0x00, 0x00, 0x00, 0x00, 0x00, 0x00, 0x00, 0x00, 0x00, 0x00,
    0x00, 0x00, 0x00, 0x00, 0x00, 0x00, 0x00, 0x00, 0x00, 0x00, 0x00, 0x00, 0x00, 0x00, 0x00, 0x00,
    0x00, 0x00, 0x00, 0x00, 0x00, 0x00, 0x00, 0x00, 0x00, 0x00, 0x00, 0x00, 0x00, 0x00, 0x00, 0x00,
    0x00, 0x00, 0x00, 0x00, 0x00, 0x00, 0x00, 0x00, 0x00, 0x00, 0x00, 0x00, 0x00, 0x00, 0x00, 0x00,
    0x00, 0x00, 0x00, 0x00, 0x00, 0x00, 0x00, 0x00, 0x00, 0x00, 0x00, 0x00, 0x00, 0x00, 0x00, 0x00,
    0x00, 0x00, 0x00, 0x00, 0x00, 0x00, 0x00, 0x00, 0x00, 0x00, 0x00, 0x00, 0x00, 0x00, 0x00, 0x00,
    0x00, 0x00, 0x00, 0x00, 0x00, 0x00, 0x00, 0x00, 0x00, 0x00, 0x00, 0x00, 0x00, 0x00, 0x00, 0x00,
    0x00, 0x00, 0x00, 0x00, 0x00, 0x00, 0x00, 0x00, 0x00, 0x00, 0x00, 0x00, 0x00, 0x00, 0x00, 0x00,
    0x00, 0x00, 0x00, 0x00, 0x00, 0x00, 0x00, 0x00, 0x00, 0x00, 0x00, 0x00, 0x00, 0x00, 0x00, 0x00,
    0x00, 0x00, 0x00, 0x00, 0x00, 0x00, 0x00, 0x00, 0x00, 0x00, 0x00, 0x00, 0x00, 0x00, 0x00, 0x00,
    0x00, 0x00, 0x00, 0x00, 0x00, 0x00, 0x00, 0x00, 0x00, 0x00, 0x00, 0x00, 0x00, 0x00, 0x00, 0x00,
    0x00, 0x00, 0x00, 0x00, 0x00, 0x00, 0x00, 0x00, 0x00, 0x00, 0x00, 0x00, 0x00, 0x00, 0x00, 0x00,
    0x00, 0x00, 0x00, 0x00, 0x00, 0x00, 0x00, 0x00, 0x00, 0x00, 0x00, 0x00, 0x00, 0x00, 0x00, 0x00,
    0x00, 0x00, 0x00, 0x00, 0x00, 0x00, 0x00, 0x00, 0x00, 0x00, 0x00, 0x00, 0x00, 0x00, 0x00, 0x00,
    0x00, 0x00, 0x00, 0x00, 0x00, 0x00, 0x00, 0x00, 0x00, 0x00, 0x00, 0x00, 0x00, 0x00, 0x00, 0x00,
    0x00, 0x00, 0x00, 0x00, 0x00, 0x00, 0x00, 0x00, 0x00, 0x00, 0x00, 0x00, 0x00, 0x00, 0x00, 0x00,
    0x00, 0x00, 0x00, 0x00, 0x00, 0x00, 0x00, 0x00, 0x00, 0x00, 0x00, 0x00, 0x00, 0x00, 0x00, 0x00,
    0x00, 0x00, 0x00, 0x00, 0x00, 0x00, 0x00, 0x00, 0x00, 0x00, 0x00, 0x00, 0x00, 0x00, 0x00, 0x00,
    0x00, 0x00, 0x00, 0x00, 0x00, 0x00, 0x00, 0x00, 0x00, 0x00, 0x00, 0x00, 0x00, 0x00, 0x00, 0x00,
    0x00, 0x00, 0x00, 0x00, 0x00, 0x00, 0x00, 0x00, 0x00, 0x00, 0x00, 0x00, 0x00, 0x00, 0x00, 0x00,
    0x00, 0x00, 0x00, 0x00, 0x00, 0x00, 0x00, 0x00, 0x00, 0x00, 0x00, 0x00, 0x00, 0x00, 0x00, 0x00,
    0x00, 0x00, 0x00, 0x00, 0x00, 0x00, 0x00, 0x00, 0x00, 0x00, 0x00, 0x00, 0x00, 0x00, 0x00, 0x00,
    0x00, 0x00, 0x00, 0x00, 0x00, 0x00, 0x00, 0x00, 0x00, 0x00, 0x00, 0x00, 0x00, 0x00, 0x00, 0x00,
    0x00, 0x00, 0x00, 0x00, 0x00, 0x00, 0x00, 0x00, 0x00, 0x00, 0x00, 0x00, 0x00, 0x00, 0x00, 0x00,
    0x00, 0x00, 0x00, 0x00, 0x00, 0x00, 0x00, 0x00, 0x00, 0x00, 0x00, 0x00, 0x00, 0x00, 0x00, 0x00,
    0x00, 0x00, 0x00, 0x00, 0x00, 0x00, 0x00, 0x00, 0x00, 0x00, 0x00, 0x00, 0x00, 0x00, 0x00, 0x00,
    0x00, 0x00, 0x00, 0x00, 0x00, 0x00, 0x00, 0x00, 0x00, 0x00, 0x00, 0x00, 0x00, 0x00, 0x00, 0x00,
    0x00, 0x00, 0x00, 0x00, 0x00, 0x00, 0x00, 0x00, 0x00, 0x00, 0x00, 0x00, 0x00, 0x00, 0x00, 0x00,
    0x00, 0x00, 0x00, 0x00, 0x00, 0x00, 0x00, 0x00, 0x00, 0x00, 0x00, 0x00, 0x00, 0x00, 0x00, 0x00,
    0x00, 0x00, 0x00, 0x00, 0x00, 0x00, 0x00, 0x00, 0x00, 0x00, 0x00, 0x00, 0x00, 0x00, 0x00, 0x00,
    0x00, 0x00, 0x00, 0x00, 0x00, 0x00, 0x00, 0x00, 0x00, 0x00, 0x00, 0x00, 0x00, 0x00, 0x00, 0x00,
    0x00, 0x00, 0x00, 0x00, 0x00, 0x00, 0x00, 0x00, 0x00, 0x00, 0x00, 0x00, 0x00, 0x00, 0x00, 0x00,
    0x00, 0x00, 0x00, 0x00, 0x00, 0x00, 0x00, 0x00, 0x00, 0x00, 0x00, 0x00, 0x00, 0x00, 0x00, 0x00,
    0x00, 0x00, 0x00, 0x00, 0x00, 0x00, 0x00, 0x00, 0x00, 0x00, 0x00, 0x00, 0x00, 0x00, 0x00, 0x00,
    0x00, 0x00, 0x00, 0x00, 0x00, 0x00, 0x00, 0x00, 0x00, 0x00, 0x00, 0x00, 0x00, 0x00, 0x00, 0x00,
    0x00, 0x00, 0x00, 0x00, 0x00, 0x00, 0x00, 0x00, 0x00, 0x00, 0x00, 0x00, 0x00, 0x00, 0x00, 0x00,
    0x00, 0x00, 0x00, 0x00, 0x00, 0x00, 0x00, 0x00, 0x00, 0x00, 0x00, 0x00, 0x00, 0x00, 0x00, 0x00,
    0x00, 0x00, 0x00, 0x00, 0x00, 0x00, 0x00, 0x00, 0x00, 0x00, 0x00, 0x00, 0x00, 0x00, 0x00, 0x00,
    0x00, 0x00, 0x00, 0x00, 0x00, 0x00, 0x00, 0x00, 0x00, 0x00, 0x00, 0x00, 0x00, 0x00, 0x00, 0x00,
    0x00, 0x00, 0x00, 0x00, 0x00, 0x00, 0x00, 0x00, 0x00, 0x00, 0x00, 0x00, 0x00, 0x00, 0x00, 0x00,
    0x00, 0x00, 0x00, 0x00, 0x00, 0x00, 0x00, 0x00, 0x00, 0x00, 0x00, 0x00, 0x00, 0x00, 0x00, 0x00,
    0x00, 0x00, 0x00, 0x00, 0x00, 0x00, 0x00, 0x00, 0x00, 0x00, 0x00, 0x00, 0x00, 0x00, 0x00, 0x00,
    0x00, 0x00, 0x00, 0x00, 0x00, 0x00, 0x00, 0x00, 0x00, 0x00, 0x00, 0x00, 0x00, 0x00, 0x00, 0x00,
    0x00, 0x00, 0x00, 0x00, 0x00, 0x00, 0x00, 0x00, 0x00, 0x00, 0x00, 0x00, 0x00, 0x00, 0x00, 0x00,
    0x00, 0x00, 0x00, 0x00, 0x00, 0x00, 0x00, 0x00, 0x00, 0x00, 0x00, 0x00, 0x00, 0x00, 0x00, 0x00,
    0x00, 0x00, 0x00, 0x00, 0x00, 0x00, 0x00, 0x00, 0x00, 0x00, 0x00, 0x00, 0x00, 0x00, 0x00, 0x00,
    0x00, 0x00, 0x00, 0x00, 0x00, 0x00, 0x00, 0x00, 0x00, 0x00, 0x00, 0x00, 0x00, 0x00, 0x00, 0x00,
    0x00, 0x00, 0x00, 0x00, 0x00, 0x00, 0x00, 0x00, 0x00, 0x00, 0x00, 0x00, 0x00, 0x00, 0x00, 0x00,
    0x00, 0x00, 0x00, 0x00, 0x00, 0x00, 0x00, 0x00, 0x00, 0x00, 0x00, 0x00, 0x00, 0x00, 0x00, 0x00,
    0x00, 0x00, 0x00, 0x00, 0x00, 0x00, 0x00, 0x00, 0x00, 0x00, 0x00, 0x00, 0x00, 0x00, 0x00, 0x00,
    0x00, 0x00, 0x00, 0x00, 0x00, 0x00, 0x00, 0x00, 0x00, 0x00, 0x00, 0x00, 0x00, 0x00, 0x00, 0x00,
    0x00, 0x00, 0x00, 0x00, 0x00, 0x00, 0x00, 0x00, 0x00, 0x00, 0x00, 0x00, 0x00, 0x00, 0x00, 0x00,
    0x00, 0x00, 0x00, 0x00, 0x00, 0x00, 0x00, 0x00, 0x00, 0x00, 0x00, 0x00, 0x00, 0x00, 0x00, 0x00,
    0x00, 0x00, 0x00, 0x00, 0x00, 0x00, 0x00, 0x00, 0x00, 0x00, 0x00, 0x00, 0x00, 0x00, 0x00, 0x00,
    0x00, 0x00, 0x00, 0x00, 0x00, 0x00, 0x00, 0x00, 0x00, 0x00, 0x00, 0x00, 0x00, 0x00, 0x00, 0x00,
    0x00, 0x00, 0x00, 0x00, 0x00, 0x00, 0x00, 0x00, 0x00, 0x00, 0x00, 0x00, 0x00, 0x00, 0x00, 0x00,
    0x00, 0x00, 0x00, 0x00, 0x00, 0x00, 0x00, 0x00, 0x00, 0x00, 0x00, 0x00, 0x00, 0x00, 0x00, 0x00,
    0x00, 0x00, 0x00, 0x00, 0x00, 0x00, 0x00, 0x00, 0x00, 0x00, 0x00, 0x00, 0x00, 0x00, 0x00, 0x00,
    0x00, 0x00, 0x00, 0x00, 0x00, 0x00, 0x00, 0x00, 0x00, 0x00, 0x00, 0x00, 0x00, 0x00, 0x00, 0x00,
    0x00, 0x00, 0x00, 0x00, 0x00, 0x00, 0x00, 0x00, 0x00, 0x00, 0x00, 0x00, 0x00, 0x00, 0x00, 0x00,
    0x00, 0x00, 0x00, 0x00, 0x00, 0x00, 0x00, 0x00, 0x00, 0x00, 0x00, 0x00, 0x00, 0x00, 0x00, 0x00,
    0x00, 0x00, 0x00, 0x00, 0x00, 0x00, 0x00, 0x00, 0x00, 0x00, 0x00, 0x00, 0x00, 0x00, 0x00, 0x00,
    0x00, 0x00, 0x00, 0x00, 0x00, 0x00, 0x00, 0x00, 0x00, 0x00, 0x00, 0x00, 0x00, 0x00, 0x00, 0x00,
    0x00, 0x00, 0x00, 0x00, 0x00, 0x00, 0x00, 0x00, 0x00, 0x00, 0x00, 0x00, 0x00, 0x00, 0x00, 0x00,
    0x00, 0x00, 0x00, 0x00, 0x00, 0x00, 0x00, 0x00, 0x00, 0x00, 0x00, 0x00, 0x00, 0x00, 0x00, 0x00,
    0x00, 0x00, 0x00, 0x00, 0x00, 0x00, 0x00, 0x00, 0x00, 0x00, 0x00, 0x00, 0x00, 0x00, 0x00, 0x00,
    0x00, 0x00, 0x00, 0x00, 0x00, 0x00, 0x00, 0x00, 0x00, 0x00, 0x00, 0x00, 0x00, 0x00, 0x00, 0x00,
    0x00, 0x00, 0x00, 0x00, 0x00, 0x00, 0x00, 0x00, 0x00, 0x00, 0x00, 0x00, 0x00, 0x00, 0x00, 0x00,
    0x00, 0x00, 0x00, 0x00, 0x00, 0x00, 0x00, 0x00, 0x00, 0x00, 0x00, 0x00, 0x00, 0x00, 0x00, 0x00,
    0x00, 0x00, 0x00, 0x00, 0x00, 0x00, 0x00, 0x00, 0x00, 0x00, 0x00, 0x00, 0x00, 0x00, 0x00, 0x00,
    0x00, 0x00, 0x00, 0x00, 0x00, 0x00, 0x00, 0x00, 0x00, 0x00, 0x00, 0x00, 0x00, 0x00, 0x00, 0x00,
    0x00, 0x00, 0x00, 0x00, 0x00, 0x00, 0x00, 0x00, 0x00, 0x00, 0x00, 0x00, 0x00, 0x00, 0x00, 0x00,
    0x00, 0x00, 0x00, 0x00, 0x00, 0x00, 0x00, 0x00, 0x00, 0x00, 0x00, 0x00, 0x00, 0x00, 0x00, 0x00,
    0x00, 0x00, 0x00, 0x00, 0x00, 0x00, 0x00, 0x00, 0x00, 0x00, 0x00, 0x00, 0x00, 0x00, 0x00, 0x00,
    0x00, 0x00, 0x00, 0x00, 0x00, 0x00, 0x00, 0x00, 0x00, 0x00, 0x00, 0x00, 0x00, 0x00, 0x00, 0x00,
    0x00, 0x00, 0x00, 0x00, 0x00, 0x00, 0x00, 0x00, 0x00, 0x00, 0x00, 0x00, 0x00, 0x00, 0x00, 0x00,
    0x00, 0x00, 0x00, 0x00, 0x00, 0x00, 0x00, 0x00, 0x00, 0x00, 0x00, 0x00, 0x00, 0x00, 0x00, 0x00,
    0x00, 0x00, 0x00, 0x00, 0x00, 0x00, 0x00, 0x00, 0x00, 0x00, 0x00, 0x00, 0x00, 0x00, 0x00, 0x00,
    0x00, 0x00, 0x00, 0x00, 0x00, 0x00, 0x00, 0x00, 0x00, 0x00, 0x00, 0x00, 0x00, 0x00, 0x00, 0x00,
    0x00, 0x00, 0x00, 0x00, 0x00, 0x00, 0x00, 0x00, 0x00, 0x00, 0x00, 0x00, 0x00, 0x00, 0x00, 0x00,
    0x00, 0x00, 0x00, 0x00, 0x00, 0x00, 0x00, 0x00, 0x00, 0x00, 0x00, 0x00, 0x00, 0x00, 0x00, 0x00,
    0x00, 0x00, 0x00, 0x00, 0x00, 0x00, 0x00, 0x00, 0x00, 0x00, 0x00, 0x00, 0x00, 0x00, 0x00, 0x00,
    0x00, 0x00, 0x00, 0x00, 0x00, 0x00, 0x00, 0x00, 0x00, 0x00, 0x00, 0x00, 0x00, 0x00, 0x00, 0x00,
    0x00, 0x00, 0x00, 0x00, 0x00, 0x00, 0x00, 0x00, 0x00, 0x00, 0x00, 0x00, 0x00, 0x00, 0x00, 0x00,
    0x00, 0x00, 0x00, 0x00, 0x00, 0x00, 0x00, 0x00, 0x00, 0x00, 0x00, 0x00, 0x00, 0x00, 0x00, 0x00,
    0x00, 0x00, 0x00, 0x00, 0x00, 0x00, 0x00, 0x00, 0x00, 0x00, 0x00, 0x00, 0x00, 0x00, 0x00, 0x00,
    0x00, 0x00, 0x00, 0x00, 0x00, 0x00, 0x00, 0x00, 0x00, 0x00, 0x00, 0x00, 0x00, 0x00, 0x00, 0x00,
    0x00, 0x00, 0x00, 0x00, 0x00, 0x00, 0x00, 0x00, 0x00, 0x00, 0x00, 0x00, 0x00, 0x00, 0x00, 0x00,
    0x00, 0x00, 0x00, 0x00, 0x00, 0x00, 0x00, 0x00, 0x00, 0x00, 0x00, 0x00, 0x00, 0x00, 0x00, 0x00,
    0x00, 0x00, 0x00, 0x00, 0x00, 0x00, 0x00, 0x00, 0x00, 0x00, 0x00, 0x00, 0x00, 0x00, 0x00, 0x00,
    0x00, 0x00, 0x00, 0x00, 0x00, 0x00, 0x00, 0x00, 0x00, 0x00, 0x00, 0x00, 0x00, 0x00, 0x00, 0x00,
    0x00, 0x00, 0x00, 0x00, 0x00, 0x00, 0x00, 0x00, 0x00, 0x00, 0x00, 0x00, 0x00, 0x00, 0x00, 0x00,
    0x00, 0x00, 0x00, 0x00, 0x00, 0x00, 0x00, 0x00, 0x00, 0x00, 0x00, 0x00, 0x00, 0x00, 0x00, 0x00,
    0x00, 0x00, 0x00, 0x00, 0x00, 0x00, 0x00, 0x00, 0x00, 0x00, 0x00, 0x00, 0x00, 0x00, 0x00, 0x00,
    0x00, 0x00, 0x00, 0x00, 0x00, 0x00, 0x00, 0x00, 0x00, 0x00, 0x00, 0x00, 0x00, 0x00, 0x00, 0x00,
    0x00, 0x00, 0x00, 0x00, 0x00, 0x00, 0x00, 0x00, 0x00, 0x00, 0x00, 0x00, 0x00, 0x00, 0x00, 0x00,
    0x00, 0x00, 0x00, 0x00, 0x00, 0x00, 0x00, 0x00, 0x00, 0x00, 0x00, 0x00, 0x00, 0x00, 0x00, 0x00,
    0x00, 0x00, 0x00, 0x00, 0x00, 0x00, 0x00, 0x00, 0x00, 0x00, 0x00, 0x00, 0x00, 0x00, 0x00, 0x00,
    0x00, 0x00, 0x00, 0x00, 0x00, 0x00, 0x00, 0x00, 0x00, 0x00, 0x00, 0x00, 0x00, 0x00, 0x00, 0x00,
    0x00, 0x00, 0x00, 0x00, 0x00, 0x00, 0x00, 0x00, 0x00, 0x00, 0x00, 0x00, 0x00, 0x00, 0x00, 0x00,
    0x00, 0x00, 0x00, 0x00, 0x00, 0x00, 0x00, 0x00, 0x00, 0x00, 0x00, 0x00, 0x00, 0x00, 0x00, 0x00,
    0x00, 0x00, 0x00, 0x00, 0x00, 0x00, 0x00, 0x00, 0x00, 0x00, 0x00, 0x00, 0x00, 0x00, 0x00, 0x00,
    0x00, 0x00, 0x00, 0x00, 0x00, 0x00, 0x00, 0x00, 0x00, 0x00, 0x00, 0x00, 0x00, 0x00, 0x00, 0x00,
    0x00, 0x00, 0x00, 0x00, 0x00, 0x00, 0x00, 0x00, 0x00, 0x00, 0x00, 0x00, 0x00, 0x00, 0x00, 0x00,
    0x00, 0x00, 0x00, 0x00, 0x00, 0x00, 0x00, 0x00, 0x00, 0x00, 0x00, 0x00, 0x00, 0x00, 0x00, 0x00,
    0x00, 0x00, 0x00, 0x00, 0x00, 0x00, 0x00, 0x00, 0x00, 0x00, 0x00, 0x00, 0x00, 0x00, 0x00, 0x00,
    0x00, 0x00, 0x00, 0x00, 0x00, 0x00, 0x00, 0x00, 0x00, 0x00, 0x00, 0x00, 0x00, 0x00, 0x00, 0x00,
    0x00, 0x00, 0x00, 0x00, 0x00, 0x00, 0x00, 0x00, 0x00, 0x00, 0x00, 0x00, 0x00, 0x00, 0x00, 0x00,
    0x00, 0x00, 0x00, 0x00, 0x00, 0x00, 0x00, 0x00, 0x00, 0x00, 0x00, 0x00, 0x00, 0x00, 0x00, 0x00,
    0x00, 0x00, 0x00, 0x00, 0x00, 0x00, 0x00, 0x00, 0x00, 0x00, 0x00, 0x00, 0x00, 0x00, 0x00, 0x00,
    0x00, 0x00, 0x00, 0x00, 0x00, 0x00, 0x00, 0x00, 0x00, 0x00, 0x00, 0x00, 0x00, 0x00, 0x00, 0x00,
    0x00, 0x00, 0x00, 0x00, 0x00, 0x00, 0x00, 0x00, 0x00, 0x00, 0x00, 0x00, 0x00, 0x00, 0x00, 0x00,
    0x00, 0x00, 0x00, 0x00, 0x00, 0x00, 0x00, 0x00, 0x00, 0x00, 0x00, 0x00, 0x00, 0x00, 0x00, 0x00,
    0x00, 0x00, 0x00, 0x00, 0x00, 0x00, 0x00, 0x00, 0x00, 0x00, 0x00, 0x00, 0x00, 0x00, 0x00, 0x00,
    0x00, 0x00, 0x00, 0x00, 0x00, 0x00, 0x00, 0x00, 0x00, 0x00, 0x00, 0x00, 0x00, 0x00, 0x00, 0x00,
    0x00, 0x00, 0x00, 0x00, 0x00, 0x00, 0x00, 0x00, 0x00, 0x00, 0x00, 0x00, 0x00, 0x00, 0x00, 0x00,
    0x00, 0x00, 0x00, 0x00, 0x00, 0x00, 0x00, 0x00, 0x00, 0x00, 0x00, 0x00, 0x00, 0x00, 0x00, 0x00,
    0x00, 0x00, 0x00, 0x00, 0x00, 0x00, 0x00, 0x00, 0x00, 0x00, 0x00, 0x00, 0x00, 0x00, 0x00, 0x00,
    0x00, 0x00, 0x00, 0x00, 0x00, 0x00, 0x00, 0x00, 0x00, 0x00, 0x00, 0x00, 0x00, 0x00, 0x00, 0x00,
    0x00, 0x00, 0x00, 0x00, 0x00, 0x00, 0x00, 0x00, 0x00, 0x00, 0x00, 0x00, 0x00, 0x00, 0x00, 0x00,
    0x00, 0x00, 0x00, 0x00, 0x00, 0x00, 0x00, 0x00, 0x00, 0x00, 0x00, 0x00, 0x00, 0x00, 0x00, 0x00,
    0x00, 0x00, 0x00, 0x00, 0x00, 0x00, 0x00, 0x00, 0x00, 0x00, 0x00, 0x00, 0x00, 0x00, 0x00, 0x00,
    0x00, 0x00, 0x00, 0x00, 0x00, 0x00, 0x00, 0x00, 0x00, 0x00, 0x00, 0x00, 0x00, 0x00, 0x00, 0x00,
    0x00, 0x00, 0x00, 0x00, 0x00, 0x00, 0x00, 0x00, 0x00, 0x00, 0x00, 0x00, 0x00, 0x00, 0x00, 0x00,
    0x00, 0x00, 0x00, 0x00, 0x00, 0x00, 0x00, 0x00, 0x00, 0x00, 0x00, 0x00, 0x00, 0x00, 0x00, 0x00,
    0x00, 0x00, 0x00, 0x00, 0x00, 0x00, 0x00, 0x00, 0x00, 0x00, 0x00, 0x00, 0x00, 0x00, 0x00, 0x00,
    0x00, 0x00, 0x00, 0x00, 0x00, 0x00, 0x00, 0x00, 0x00, 0x00, 0x00, 0x00, 0x00, 0x00, 0x00, 0x00,
    0x00, 0x00, 0x00, 0x00, 0x00, 0x00, 0x00, 0x00, 0x00, 0x00, 0x00, 0x00, 0x00, 0x00, 0x00, 0x00,
    0x00, 0x00, 0x00, 0x00, 0x00, 0x00, 0x00, 0x00, 0x00, 0x00, 0x00, 0x00, 0x00, 0x00, 0x00, 0x00,
    0x00, 0x00, 0x00, 0x00, 0x00, 0x00, 0x00, 0x00, 0x00, 0x00, 0x00, 0x00, 0x00, 0x00, 0x00, 0x00,
    0x00, 0x00, 0x00, 0x00, 0x00, 0x00, 0x00, 0x00, 0x00, 0x00, 0x00, 0x00, 0x00, 0x00, 0x00, 0x00,
    0x00, 0x00, 0x00, 0x00, 0x00, 0x00, 0x00, 0x00, 0x00, 0x00, 0x00, 0x00, 0x00, 0x00, 0x00, 0x00,
    0x00, 0x00, 0x00, 0x00, 0x00, 0x00, 0x00, 0x00, 0x00, 0x00, 0x00, 0x00, 0x00, 0x00, 0x00, 0x00,
    0x00, 0x00, 0x00, 0x00, 0x00, 0x00, 0x00, 0x00, 0x00, 0x00, 0x00, 0x00, 0x00, 0x00, 0x00, 0x00,
    0x00, 0x00, 0x00, 0x00, 0x00, 0x00, 0x00, 0x00, 0x00, 0x00, 0x00, 0x00, 0x00, 0x00, 0x00, 0x00,
    0x00, 0x00, 0x00, 0x00, 0x00, 0x00, 0x00, 0x00, 0x00, 0x00, 0x00, 0x00, 0x00, 0x00, 0x00, 0x00,
    0x00, 0x00, 0x00, 0x00, 0x00, 0x00, 0x00, 0x00, 0x00, 0x00, 0x00, 0x00, 0x00, 0x00, 0x00, 0x00,
    0x00, 0x00, 0x00, 0x00, 0x00, 0x00, 0x00, 0x00, 0x00, 0x00, 0x00, 0x00, 0x00, 0x00, 0x00, 0x00,
    0x00, 0x00, 0x00, 0x00, 0x00, 0x00, 0x00, 0x00, 0x00, 0x00, 0x00, 0x00, 0x00, 0x00, 0x00, 0x00,
    0x00, 0x00, 0x00, 0x00, 0x00, 0x00, 0x00, 0x00, 0x00, 0x00, 0x00, 0x00, 0x00, 0x00, 0x00, 0x00,
    0x00, 0x00, 0x00, 0x00, 0x00, 0x00, 0x00, 0x00, 0x00, 0x00, 0x00, 0x00, 0x00, 0x00, 0x00, 0x00,
    0x00, 0x00, 0x00, 0x00, 0x00, 0x00, 0x00, 0x00, 0x00, 0x00, 0x00, 0x00, 0x00, 0x00, 0x00, 0x00,
    0x00, 0x00, 0x00, 0x00, 0x00, 0x00, 0x00, 0x00, 0x00, 0x00, 0x00, 0x00, 0x00, 0x00, 0x00, 0x00,
    0x00, 0x00, 0x00, 0x00, 0x00, 0x00, 0x00, 0x00, 0x00, 0x00, 0x00, 0x00, 0x00, 0x00, 0x00, 0x00,
    0x00, 0x00, 0x00, 0x00, 0x00, 0x00, 0x00, 0x00, 0x00, 0x00, 0x00, 0x00, 0x00, 0x00, 0x00, 0x00,
    0x00, 0x00, 0x00, 0x00, 0x00, 0x00, 0x00, 0x00, 0x00, 0x00, 0x00, 0x00, 0x00, 0x00, 0x00, 0x00,
    0x00, 0x00, 0x00, 0x00, 0x00, 0x00, 0x00, 0x00, 0x00, 0x00, 0x00, 0x00, 0x00, 0x00, 0x00, 0x00,
    0x00, 0x00, 0x00, 0x00, 0x00, 0x00, 0x00, 0x00, 0x00, 0x00, 0x00, 0x00, 0x00, 0x00, 0x00, 0x00,
    0x00, 0x00, 0x00, 0x00, 0x00, 0x00, 0x00, 0x00, 0x00, 0x00, 0x00, 0x00, 0x00, 0x00, 0x00, 0x00,
    0x00, 0x00, 0x00, 0x00, 0x00, 0x00, 0x00, 0x00, 0x00, 0x00, 0x00, 0x00, 0x00, 0x00, 0x00, 0x00,
    0x00, 0x00, 0x00, 0x00, 0x00, 0x00, 0x00, 0x00, 0x00, 0x00, 0x00, 0x00, 0x00, 0x00, 0x00, 0x00,
    0x00, 0x00, 0x00, 0x00, 0x00, 0x00, 0x00, 0x00, 0x00, 0x00, 0x00, 0x00, 0x00, 0x00, 0x00, 0x00,
    0x00, 0x00, 0x00, 0x00, 0x00, 0x00, 0x00, 0x00, 0x00, 0x00, 0x00, 0x00, 0x00, 0x00, 0x00, 0x00,
    0x00, 0x00, 0x00, 0x00, 0x00, 0x00, 0x00, 0x00, 0x00, 0x00, 0x00, 0x00, 0x00, 0x00, 0x00, 0x00,
    0x00, 0x00, 0x00, 0x00, 0x00, 0x00, 0x00, 0x00, 0x00, 0x00, 0x00, 0x00, 0x00, 0x00, 0x00, 0x00,
    0x00, 0x00, 0x00, 0x00, 0x00, 0x00, 0x00, 0x00, 0x00, 0x00, 0x00, 0x00, 0x00, 0x00, 0x00, 0x00,
    0x00, 0x00, 0x00, 0x00, 0x00, 0x00, 0x00, 0x00, 0x00, 0x00, 0x00, 0x00, 0x00, 0x00, 0x00, 0x00,
    0x00, 0x00, 0x00, 0x00, 0x00, 0x00, 0x00, 0x00, 0x00, 0x00, 0x00, 0x00, 0x00, 0x00, 0x00, 0x00,
    0x00, 0x00, 0x00, 0x00, 0x00, 0x00, 0x00, 0x00, 0x00, 0x00, 0x00, 0x00, 0x00, 0x00, 0x00, 0x00,
    0x00, 0x00, 0x00, 0x00, 0x00, 0x00, 0x00, 0x00, 0x00, 0x00, 0x00, 0x00, 0x00, 0x00, 0x00, 0x00,
    0x00, 0x00, 0x00, 0x00, 0x00, 0x00, 0x00, 0x00, 0x00, 0x00, 0x00, 0x00, 0x00, 0x00, 0x00, 0x00,
    0x00, 0x00, 0x00, 0x00, 0x00, 0x00, 0x00, 0x00, 0x00, 0x00, 0x00, 0x00, 0x00, 0x00, 0x00, 0x00,
    0x00, 0x00, 0x00, 0x00, 0x00, 0x00, 0x00, 0x00, 0x00, 0x00, 0x00, 0x00, 0x00, 0x00, 0x00, 0x00,
    0x00, 0x00, 0x00, 0x00, 0x00, 0x00, 0x00, 0x00, 0x00, 0x00, 0x00, 0x00, 0x00, 0x00, 0x00, 0x00,
    0x00, 0x00, 0x00, 0x00, 0x00, 0x00, 0x00, 0x00, 0x00, 0x00, 0x00, 0x00, 0x00, 0x00, 0x00, 0x00,
    0x00, 0x00, 0x00, 0x00, 0x00, 0x00, 0x00, 0x00, 0x00, 0x00, 0x00, 0x00, 0x00, 0x00, 0x00, 0x00,
    0x00, 0x00, 0x00, 0x00, 0x00, 0x00, 0x00, 0x00, 0x00, 0x00, 0x00, 0x00, 0x00, 0x00, 0x00, 0x00,
    0x00, 0x00, 0x00, 0x00, 0x00, 0x00, 0x00, 0x00, 0x00, 0x00, 0x00, 0x00, 0x00, 0x00, 0x00, 0x00,
    0x00, 0x00, 0x00, 0x00, 0x00, 0x00, 0x00, 0x00, 0x00, 0x00, 0x00, 0x00, 0x00, 0x00, 0x00, 0x00,
    0x00, 0x00, 0x00, 0x00, 0x00, 0x00, 0x00, 0x00, 0x00, 0x00, 0x00, 0x00, 0x00, 0x00, 0x00, 0x00,
    0x00, 0x00, 0x00, 0x00, 0x00, 0x00, 0x00, 0x00, 0x00, 0x00, 0x00, 0x00, 0x00, 0x00, 0x00, 0x00,
    0x00, 0x00, 0x00, 0x00, 0x00, 0x00, 0x00, 0x00, 0x00, 0x00, 0x00, 0x00, 0x00, 0x00, 0x00, 0x00,
    0x00, 0x00, 0x00, 0x00, 0x00, 0x00, 0x00, 0x00, 0x00, 0x00, 0x00, 0x00, 0x00, 0x00, 0x00, 0x00,
    0x00, 0x00, 0x00, 0x00, 0x00, 0x00, 0x00, 0x00, 0x00, 0x00, 0x00, 0x00, 0x00, 0x00, 0x00, 0x00,
    0x00, 0x00, 0x00, 0x00, 0x00, 0x00, 0x00, 0x00, 0x00, 0x00, 0x00, 0x00, 0x00, 0x00, 0x00, 0x00,
    0x00, 0x00, 0x00, 0x00, 0x00, 0x00, 0x00, 0x00, 0x00, 0x00, 0x00, 0x00, 0x00, 0x00, 0x00, 0x00,
    0x00, 0x00, 0x00, 0x00, 0x00, 0x00, 0x00, 0x00, 0x00, 0x00, 0x00, 0x00, 0x00, 0x00, 0x00, 0x00,
    0x00, 0x00, 0x00, 0x00, 0x00, 0x00, 0x00, 0x00, 0x00, 0x00, 0x00, 0x00, 0x00, 0x00, 0x00, 0x00,
    0x00, 0x00, 0x00, 0x00, 0x00, 0x00, 0x00, 0x00, 0x00, 0x00, 0x00, 0x00, 0x00, 0x00, 0x00, 0x00,
    0x00, 0x00, 0x00, 0x00, 0x00, 0x00, 0x00, 0x00, 0x00, 0x00, 0x00, 0x00, 0x00, 0x00, 0x00, 0x00,
    0x00, 0x00, 0x00, 0x00, 0x00, 0x00, 0x00, 0x00, 0x00, 0x00, 0x00, 0x00, 0x00, 0x00, 0x00, 0x00,
    0x00, 0x00, 0x00, 0x00, 0x00, 0x00, 0x00, 0x00, 0x00, 0x00, 0x00, 0x00, 0x00, 0x00, 0x00, 0x00,
    0x00, 0x00, 0x00, 0x00, 0x00, 0x00, 0x00, 0x00, 0x00, 0x00, 0x00, 0x00, 0x00, 0x00, 0x00, 0x00,
    0x00, 0x00, 0x00, 0x00, 0x00, 0x00, 0x00, 0x00, 0x00, 0x00, 0x00, 0x00, 0x00, 0x00, 0x00, 0x00,
    0x00, 0x00, 0x00, 0x00, 0x00, 0x00, 0x00, 0x00, 0x00, 0x00, 0x00, 0x00, 0x00, 0x00, 0x00, 0x00,
    0x00, 0x00, 0x00, 0x00, 0x00, 0x00, 0x00, 0x00, 0x00, 0x00, 0x00, 0x00, 0x00, 0x00, 0x00, 0x00,
    0x00, 0x00, 0x00, 0x00, 0x00, 0x00, 0x00, 0x00, 0x00, 0x00, 0x00, 0x00, 0x00, 0x00, 0x00, 0x00,
    0x00, 0x00, 0x00, 0x00, 0x00, 0x00, 0x00, 0x00, 0x00, 0x00, 0x00, 0x00, 0x00, 0x00, 0x00, 0x00,
    0x00, 0x00, 0x00, 0x00, 0x00, 0x00, 0x00, 0x00, 0x00, 0x00, 0x00, 0x00, 0x00, 0x00, 0x00, 0x00,
    0x00, 0x00, 0x00, 0x00, 0x00, 0x00, 0x00, 0x00, 0x00, 0x00, 0x00, 0x00, 0x00, 0x00, 0x00, 0x00,
    0x00, 0x00, 0x00, 0x00, 0x00, 0x00, 0x00, 0x00, 0x00, 0x00, 0x00, 0x00, 0x00, 0x00, 0x00, 0x00,
    0x00, 0x00, 0x00, 0x00, 0x00, 0x00, 0x00, 0x00, 0x00, 0x00, 0x00, 0x00, 0x00, 0x00, 0x00, 0x00,
    0x00, 0x00, 0x00, 0x00, 0x00, 0x00, 0x00, 0x00, 0x00, 0x00, 0x00, 0x00, 0x00, 0x00, 0x00, 0x00,
    0x00, 0x00, 0x00, 0x00, 0x00, 0x00, 0x00, 0x00, 0x00, 0x00, 0x00, 0x00, 0x00, 0x00, 0x00, 0x00,
    0x00, 0x00, 0x00, 0x00, 0x00, 0x00, 0x00, 0x00, 0x00, 0x00, 0x00, 0x00, 0x00, 0x00, 0x00, 0x00,
    0x00, 0x00, 0x00, 0x00, 0x00, 0x00, 0x00, 0x00, 0x00, 0x00, 0x00, 0x00, 0x00, 0x00, 0x00, 0x00,
    0x00, 0x00, 0x00, 0x00, 0x00, 0x00, 0x00, 0x00, 0x00, 0x00, 0x00, 0x00, 0x00, 0x00, 0x00, 0x00,
    0x00, 0x00, 0x00, 0x00, 0x00, 0x00, 0x00, 0x00, 0x00, 0x00, 0x00, 0x00, 0x00, 0x00, 0x00, 0x00,
    0x00, 0x00, 0x00, 0x00, 0x00, 0x00, 0x00, 0x00, 0x00, 0x00, 0x00, 0x00, 0x00, 0x00, 0x00, 0x00,
    0x00, 0x00, 0x00, 0x00, 0x00, 0x00, 0x00, 0x00, 0x00, 0x00, 0x00, 0x00, 0x00, 0x00, 0x00, 0x00,
    0x00, 0x00, 0x00, 0x00, 0x00, 0x00, 0x00, 0x00, 0x00, 0x00, 0x00, 0x00, 0x00, 0x00, 0x00, 0x00,
    0x00, 0x00, 0x00, 0x00, 0x00, 0x00, 0x00, 0x00, 0x00, 0x00, 0x00, 0x00, 0x00, 0x00, 0x00, 0x00,
    0x00, 0x00, 0x00, 0x00, 0x00, 0x00, 0x00, 0x00, 0x00, 0x00, 0x00, 0x00, 0x00, 0x00, 0x00, 0x00,
    0x00, 0x00, 0x00, 0x00, 0x00, 0x00, 0x00, 0x00, 0x00, 0x00, 0x00, 0x00, 0x00, 0x00, 0x00, 0x00,
    0x00, 0x00, 0x00, 0x00, 0x00, 0x00, 0x00, 0x00, 0x00, 0x00, 0x00, 0x00, 0x00, 0x00, 0x00, 0x00,
    0x00, 0x00, 0x00, 0x00, 0x00, 0x00, 0x00, 0x00, 0x00, 0x00, 0x00, 0x00, 0x00, 0x00, 0x00, 0x00,
    0x00, 0x00, 0x00, 0x00, 0x00, 0x00, 0x00, 0x00, 0x00, 0x00, 0x00, 0x00, 0x00, 0x00, 0x00, 0x00,
    0x00, 0x00, 0x00, 0x00, 0x00, 0x00, 0x00, 0x00, 0x00, 0x00, 0x00, 0x00, 0x00, 0x00, 0x00, 0x00,
    0x00, 0x00, 0x00, 0x00, 0x00, 0x00, 0x00, 0x00, 0x00, 0x00, 0x00, 0x00, 0x00, 0x00, 0x00, 0x00,
    0x00, 0x00, 0x00, 0x00, 0x00, 0x00, 0x00, 0x00, 0x00, 0x00, 0x00, 0x00, 0x00, 0x00, 0x00, 0x00,
    0x00, 0x00, 0x00, 0x00, 0x00, 0x00, 0x00, 0x00, 0x00, 0x00, 0x00, 0x00, 0x00, 0x00, 0x00, 0x00,
    0x00, 0x00, 0x00, 0x00, 0x00, 0x00, 0x00, 0x00, 0x00, 0x00, 0x00, 0x00, 0x00, 0x00, 0x00, 0x00,
    0x00, 0x00, 0x00, 0x00, 0x00, 0x00, 0x00, 0x00, 0x00, 0x00, 0x00, 0x00, 0x00, 0x00, 0x00, 0x00,
    0x00, 0x00, 0x00, 0x00, 0x00, 0x00, 0x00, 0x00, 0x00, 0x00, 0x00, 0x00, 0x00, 0x00, 0x00, 0x00,
    0x00, 0x00, 0x00, 0x00, 0x00, 0x00, 0x00, 0x00, 0x00, 0x00, 0x00, 0x00, 0x00, 0x00, 0x00, 0x00,
    0x00, 0x00, 0x00, 0x00, 0x00, 0x00, 0x00, 0x00, 0x00, 0x00, 0x00, 0x00, 0x00, 0x00, 0x00, 0x00,
    0x00, 0x00, 0x00, 0x00, 0x00, 0x00, 0x00, 0x00, 0x00, 0x00, 0x00, 0x00, 0x00, 0x00, 0x00, 0x00,
    0x00, 0x00, 0x00, 0x00, 0x00, 0x00, 0x00, 0x00, 0x00, 0x00, 0x00, 0x00, 0x00, 0x00, 0x00, 0x00,
    0x00, 0x00, 0x00, 0x00, 0x00, 0x00, 0x00, 0x00, 0x00, 0x00, 0x00, 0x00, 0x00, 0x00, 0x00, 0x00,
    0x00, 0x00, 0x00, 0x00, 0x00, 0x00, 0x00, 0x00, 0x00, 0x00, 0x00, 0x00, 0x00, 0x00, 0x00, 0x00,
    0x00, 0x00, 0x00, 0x00, 0x00, 0x00, 0x00, 0x00, 0x00, 0x00, 0x00, 0x00, 0x00, 0x00, 0x00, 0x00,
    0x00, 0x00, 0x00, 0x00, 0x00, 0x00, 0x00, 0x00, 0x00, 0x00, 0x00, 0x00, 0x00, 0x00, 0x00, 0x00,
    0x00, 0x00, 0x00, 0x00, 0x00, 0x00, 0x00, 0x00, 0x00, 0x00, 0x00, 0x00, 0x00, 0x00, 0x00, 0x00,
    0x00, 0x00, 0x00, 0x00, 0x00, 0x00, 0x00, 0x00, 0x00, 0x00, 0x00, 0x00, 0x00, 0x00, 0x00, 0x00,
    0x00, 0x00, 0x00, 0x00, 0x00, 0x00, 0x00, 0x00, 0x00, 0x00, 0x00, 0x00, 0x00, 0x00, 0x00, 0x00,
    0x00, 0x00, 0x00, 0x00, 0x00, 0x00, 0x00, 0x00, 0x00, 0x00, 0x00, 0x00, 0xFF, 0xFF, 0x7F, 0x02,
    0x00, 0x00, 0x00, 0x00, 0xFF, 0xD7, 0x55, 0x2D, 0xFF, 0xD7, 0x57, 0x95, 0xFF, 0xD7, 0x58, 0xD0,
    0xFF, 0xD8, 0x58, 0xE1, 0xFF, 0xD7, 0x57, 0xCE, 0xFF, 0xD9, 0x59, 0x8E, 0xFF, 0xD7, 0x5B, 0x27,
    0x00, 0x00, 0x00, 0x00, 0xFF, 0xFF, 0x00, 0x02, 0x00, 0x00, 0x00, 0x00, 0x00, 0x00, 0x00, 0x00,
    0x00, 0x00, 0x00, 0x00, 0x00, 0x00, 0x00, 0x00, 0x00, 0x00, 0x00, 0x00, 0x00, 0x00, 0x00, 0x00,
    0x00, 0x00, 0x00, 0x00, 0x00, 0x00, 0x00, 0x00, 0x00, 0x00, 0x00, 0x00, 0x00, 0x00, 0x00, 0x00,
    0x00, 0x00, 0x00, 0x00, 0x00, 0x00, 0x00, 0x00, 0x00, 0x00, 0x00, 0x00, 0x00, 0x00, 0x00, 0x00,
    0x00, 0x00, 0x00, 0x00, 0x00, 0x00, 0x00, 0x00, 0x00, 0x00, 0x00, 0x00, 0x00, 0x00, 0x00, 0x00,
    0x00, 0x00, 0x00, 0x00, 0x00, 0x00, 0x00, 0x00, 0x00, 0x00, 0x00, 0x00, 0x00, 0x00, 0x00, 0x00,
    0x00, 0x00, 0x00, 0x00, 0x00, 0x00, 0x00, 0x00, 0x00, 0x00, 0x00, 0x00, 0x00, 0x00, 0x00, 0x00,
    0x00, 0x00, 0x00, 0x00, 0x00, 0x00, 0x00, 0x00, 0x00, 0x00, 0x00, 0x00, 0x00, 0x00, 0x00, 0x00,
    0x00, 0x00, 0x00, 0x00, 0x00, 0x00, 0x00, 0x00, 0x00, 0x00, 0x00, 0x00, 0x00, 0x00, 0x00, 0x00,
    0x00, 0x00, 0x00, 0x00, 0x00, 0x00, 0x00, 0x00, 0x00, 0x00, 0x00, 0x00, 0x00, 0x00, 0x00, 0x00,
    0x00, 0x00, 0x00, 0x00, 0x00, 0x00, 0x00, 0x00, 0x00, 0x00, 0x00, 0x00, 0xFF, 0xFF, 0x00, 0x02,
    0x00, 0x00, 0x00, 0x00, 0xFF, 0xCE, 0x55, 0x15, 0xFF, 0xD5, 0x58, 0x87, 0xFF, 0xD7, 0x58, 0xE3,
    0xFF, 0xE4, 0x5D, 0xFF, 0xFF, 0xE8, 0x5F, 0xFF, 0xFF, 0xD7, 0x58, 0xF0, 0xFE, 0xD6, 0x58, 0xA4,
    0xFF, 0xD6, 0x56, 0x2C, 0x00, 0x00, 0x00, 0x00, 0xFF, 0xFF, 0x00, 0x02, 0x00, 0x00, 0x00, 0x00,
    0x00, 0x00, 0x00, 0x00, 0x00, 0x00, 0x00, 0x00, 0x00, 0x00, 0x00, 0x00, 0x00, 0x00, 0x00, 0x00,
    0x00, 0x00, 0x00, 0x00, 0x00, 0x00, 0x00, 0x00, 0x00, 0x00, 0x00, 0x00, 0x00, 0x00, 0x00, 0x00,
    0x00, 0x00, 0x00, 0x00, 0x00, 0x00, 0x00, 0x00, 0x00, 0x00, 0x00, 0x00, 0x00, 0x00, 0x00, 0x00,
    0x00, 0x00, 0x00, 0x00, 0x00, 0x00, 0x00, 0x00, 0x00, 0x00, 0x00, 0x00, 0x00, 0x00, 0x00, 0x00,
    0x00, 0x00, 0x00, 0x00, 0x00, 0x00, 0x00, 0x00, 0x00, 0x00, 0x00, 0x00, 0x00, 0x00, 0x00, 0x00,
    0x00, 0x00, 0x00, 0x00, 0x00, 0x00, 0x00, 0x00, 0x00, 0x00, 0x00, 0x00, 0x00, 0x00, 0x00, 0x00,
    0x00, 0x00, 0x00, 0x00, 0x00, 0x00, 0x00, 0x00, 0x00, 0x00, 0x00, 0x00, 0x00, 0x00, 0x00, 0x00,
    0x00, 0x00, 0x00, 0x00, 0x00, 0x00, 0x00, 0x00, 0x00, 0x00, 0x00, 0x00, 0x00, 0x00, 0x00, 0x00,
    0x00, 0x00, 0x00, 0x00, 0x00, 0x00, 0x00, 0x00, 0x00, 0x00, 0x00, 0x00, 0x00, 0x00, 0x00, 0x00,
    0x00, 0x00, 0x00, 0x00, 0x00, 0x00, 0x00, 0x00, 0x00, 0x00, 0x00, 0x00, 0x00, 0x00, 0x00, 0x00,
    0x00, 0x00, 0x00, 0x00, 0x00, 0x00, 0x00, 0x00, 0x00, 0x00, 0x00, 0x00, 0x00, 0x00, 0x00, 0x00,
    0x00, 0x00, 0x00, 0x00, 0x00, 0x00, 0x00, 0x00, 0x00, 0x00, 0x00, 0x00, 0x00, 0x00, 0x00, 0x00,
    0x00, 0x00, 0x00, 0x00, 0x00, 0x00, 0x00, 0x00, 0x00, 0x00, 0x00, 0x00, 0x00, 0x00, 0x00, 0x00,
    0x00, 0x00, 0x00, 0x00, 0x00, 0x00, 0x00, 0x00, 0x00, 0x00, 0x00, 0x00, 0x00, 0x00, 0x00, 0x00,
    0x00, 0x00, 0x00, 0x00, 0x00, 0x00, 0x00, 0x00, 0x00, 0x00, 0x00, 0x00, 0x00, 0x00, 0x00, 0x00,
    0x00, 0x00, 0x00, 0x00, 0x00, 0x00, 0x00, 0x00, 0x00, 0x00, 0x00, 0x00, 0x00, 0x00, 0x00, 0x00,
    0x00, 0x00, 0x00, 0x00, 0x00, 0x00, 0x00, 0x00, 0x00, 0x00, 0x00, 0x00, 0x00, 0x00, 0x00, 0x00,
    0x00, 0x00, 0x00, 0x00, 0x00, 0x00, 0x00, 0x00, 0x00, 0x00, 0x00, 0x00, 0x00, 0x00, 0x00, 0x00,
    0x00, 0x00, 0x00, 0x00, 0x00, 0x00, 0x00, 0x00, 0x00, 0x00, 0x00, 0x00, 0x00, 0x00, 0x00, 0x00,
    0x00, 0x00, 0x00, 0x00, 0x00, 0x00, 0x00, 0x00, 0x00, 0x00, 0x00, 0x00, 0x00, 0x00, 0x00, 0x00,
    0x00, 0x00, 0x00, 0x00, 0x00, 0x00, 0x00, 0x00, 0x00, 0x00, 0x00, 0x00, 0x00, 0x00, 0x00, 0x00,
    0xFF, 0x00, 0x00, 0x01, 0xFF, 0xFF, 0x00, 0x01, 0xFF, 0xD5, 0x57, 0x80, 0xFF, 0xE4, 0x5E, 0xFF,
    0xFF, 0xE0, 0x5B, 0xFA, 0xFF, 0xD5, 0x57, 0xBD, 0xFF, 0xD8, 0x58, 0x9E, 0xFF, 0xD6, 0x58, 0xC4,
    0xFF, 0xE1, 0x5C, 0xFD, 0xFF, 0xE4, 0x5D, 0xFB, 0xFF, 0xD5, 0x55, 0x74, 0x00, 0x00, 0x00, 0x00,
    0xFF, 0x7F, 0x7F, 0x02, 0x00, 0x00, 0x00, 0x00, 0x00, 0x00, 0x00, 0x00, 0x00, 0x00, 0x00, 0x00,
    0x00, 0x00, 0x00, 0x00, 0x00, 0x00, 0x00, 0x00, 0x00, 0x00, 0x00, 0x00, 0x00, 0x00, 0x00, 0x00,
    0x00, 0x00, 0x00, 0x00, 0x00, 0x00, 0x00, 0x00, 0x00, 0x00, 0x00, 0x00, 0x00, 0x00, 0x00, 0x00,
    0x00, 0x00, 0x00, 0x00, 0x00, 0x00, 0x00, 0x00, 0x00, 0x00, 0x00, 0x00, 0x00, 0x00, 0x00, 0x00,
    0x00, 0x00, 0x00, 0x00, 0x00, 0x00, 0x00, 0x00, 0x00, 0x00, 0x00, 0x00, 0x00, 0x00, 0x00, 0x00,
    0x00, 0x00, 0x00, 0x00, 0x00, 0x00, 0x00, 0x00, 0x00, 0x00, 0x00, 0x00, 0x00, 0x00, 0x00, 0x00,
    0x00, 0x00, 0x00, 0x00, 0x00, 0x00, 0x00, 0x00, 0x00, 0x00, 0x00, 0x00, 0x00, 0x00, 0x00, 0x00,
    0x00, 0x00, 0x00, 0x00, 0x00, 0x00, 0x00, 0x00, 0x00, 0x00, 0x00, 0x00, 0x00, 0x00, 0x00, 0x00,
    0x00, 0x00, 0x00, 0x00, 0x00, 0x00, 0x00, 0x00, 0x00, 0x00, 0x00, 0x00, 0x00, 0x00, 0x00, 0x00,
    0x00, 0x00, 0x00, 0x00, 0x00, 0x00, 0x00, 0x00, 0x00, 0x00, 0x00, 0x00, 0x00, 0x00, 0x00, 0x00,
    0xFF, 0xFF, 0x7F, 0x02, 0x00, 0x00, 0x00, 0x00, 0xFE, 0xD1, 0x56, 0x38, 0xFF, 0xDF, 0x5A, 0xE3,
    0xFF, 0xE8, 0x60, 0xFF, 0xFF, 0xD6, 0x57, 0xB2, 0xFF, 0xD7, 0x58, 0x68, 0xFF, 0xD9, 0x57, 0x60,
    0xFF, 0xD6, 0x58, 0x9C, 0xFF, 0xE2, 0x5C, 0xF7, 0xFF, 0xE4, 0x5D, 0xFB, 0xFF, 0xD2, 0x58, 0x68,
    0x00, 0x00, 0x00, 0x00, 0xFF, 0xFF, 0x00, 0x02, 0x00, 0x00, 0x00, 0x00, 0x00, 0x00, 0x00, 0x00,
    0x00, 0x00, 0x00, 0x00, 0x00, 0x00, 0x00, 0x00, 0x00, 0x00, 0x00, 0x00, 0x00, 0x00, 0x00, 0x00,
    0x00, 0x00, 0x00, 0x00, 0x00, 0x00, 0x00, 0x00, 0x00, 0x00, 0x00, 0x00, 0x00, 0x00, 0x00, 0x00,
    0x00, 0x00, 0x00, 0x00, 0x00, 0x00, 0x00, 0x00, 0x00, 0x00, 0x00, 0x00, 0x00, 0x00, 0x00, 0x00,
    0x00, 0x00, 0x00, 0x00, 0x00, 0x00, 0x00, 0x00, 0x00, 0x00, 0x00, 0x00, 0x00, 0x00, 0x00, 0x00,
    0x00, 0x00, 0x00, 0x00, 0x00, 0x00, 0x00, 0x00, 0x00, 0x00, 0x00, 0x00, 0x00, 0x00, 0x00, 0x00,
    0x00, 0x00, 0x00, 0x00, 0x00, 0x00, 0x00, 0x00, 0x00, 0x00, 0x00, 0x00, 0x00, 0x00, 0x00, 0x00,
    0x00, 0x00, 0x00, 0x00, 0x00, 0x00, 0x00, 0x00, 0x00, 0x00, 0x00, 0x00, 0x00, 0x00, 0x00, 0x00,
    0x00, 0x00, 0x00, 0x00, 0x00, 0x00, 0x00, 0x00, 0x00, 0x00, 0x00, 0x00, 0x00, 0x00, 0x00, 0x00,
    0x00, 0x00, 0x00, 0x00, 0x00, 0x00, 0x00, 0x00, 0x00, 0x00, 0x00, 0x00, 0x00, 0x00, 0x00, 0x00,
    0x00, 0x00, 0x00, 0x00, 0x00, 0x00, 0x00, 0x00, 0x00, 0x00, 0x00, 0x00, 0x00, 0x00, 0x00, 0x00,
    0x00, 0x00, 0x00, 0x00, 0x00, 0x00, 0x00, 0x00, 0x00, 0x00, 0x00, 0x00, 0x00, 0x00, 0x00, 0x00,
    0x00, 0x00, 0x00, 0x00, 0x00, 0x00, 0x00, 0x00, 0x00, 0x00, 0x00, 0x00, 0x00, 0x00, 0x00, 0x00,
    0x00, 0x00, 0x00, 0x00, 0x00, 0x00, 0x00, 0x00, 0x00, 0x00, 0x00, 0x00, 0x00, 0x00, 0x00, 0x00,
    0x00, 0x00, 0x00, 0x00, 0x00, 0x00, 0x00, 0x00, 0x00, 0x00, 0x00, 0x00, 0x00, 0x00, 0x00, 0x00,
    0x00, 0x00, 0x00, 0x00, 0x00, 0x00, 0x00, 0x00, 0x00, 0x00, 0x00, 0x00, 0x00, 0x00, 0x00, 0x00,
    0x00, 0x00, 0x00, 0x00, 0x00, 0x00, 0x00, 0x00, 0x00, 0x00, 0x00, 0x00, 0x00, 0x00, 0x00, 0x00,
    0x00, 0x00, 0x00, 0x00, 0x00, 0x00, 0x00, 0x00, 0x00, 0x00, 0x00, 0x00, 0x00, 0x00, 0x00, 0x00,
    0x00, 0x00, 0x00, 0x00, 0x00, 0x00, 0x00, 0x00, 0x00, 0x00, 0x00, 0x00, 0x00, 0x00, 0x00, 0x00,
    0x00, 0x00, 0x00, 0x00, 0x00, 0x00, 0x00, 0x00, 0x00, 0x00, 0x00, 0x00, 0x00, 0x00, 0x00, 0x00,
    0x00, 0x00, 0x00, 0x00, 0x00, 0x00, 0x00, 0x00, 0x00, 0x00, 0x00, 0x00, 0x00, 0x00, 0x00, 0x00,
    0x00, 0x00, 0x00, 0x00, 0xFF, 0x7F, 0x7F, 0x02, 0x00, 0x00, 0x00, 0x00, 0xFF, 0xD7, 0x58, 0x88,
    0xFF, 0xF2, 0x63, 0xFF, 0xFF, 0xD8, 0x59, 0x9A, 0xFF, 0xD0, 0x45, 0x0B, 0xFF, 0xD8, 0x59, 0x14,
    0xFF, 0xD6, 0x56, 0x2C, 0xFF, 0xCF, 0x4F, 0x10, 0xFF, 0xD4, 0x55, 0x12, 0xFF, 0xDB, 0x5A, 0xAC,
    0xFF, 0xF2, 0x63, 0xFF, 0xFF, 0xD6, 0x57, 0x78, 0x00, 0x00, 0x00, 0x00, 0xFF, 0xFF, 0x7F, 0x02,
    0x00, 0x00, 0x00, 0x00, 0x00, 0x00, 0x00, 0x00, 0x00, 0x00, 0x00, 0x00, 0x00, 0x00, 0x00, 0x00,
    0x00, 0x00, 0x00, 0x00, 0x00, 0x00, 0x00, 0x00, 0x00, 0x00, 0x00, 0x00, 0x00, 0x00, 0x00, 0x00,
    0x00, 0x00, 0x00, 0x00, 0x00, 0x00, 0x00, 0x00, 0x00, 0x00, 0x00, 0x00, 0x00, 0x00, 0x00, 0x00,
    0x00, 0x00, 0x00, 0x00, 0x00, 0x00, 0x00, 0x00, 0x00, 0x00, 0x00, 0x00, 0x00, 0x00, 0x00, 0x00,
    0x00, 0x00, 0x00, 0x00, 0x00, 0x00, 0x00, 0x00, 0x00, 0x00, 0x00, 0x00, 0x00, 0x00, 0x00, 0x00,
    0x00, 0x00, 0x00, 0x00, 0x00, 0x00, 0x00, 0x00, 0x00, 0x00, 0x00, 0x00, 0x00, 0x00, 0x00, 0x00,
    0x00, 0x00, 0x00, 0x00, 0x00, 0x00, 0x00, 0x00, 0x00, 0x00, 0x00, 0x00, 0x00, 0x00, 0x00, 0x00,
    0x00, 0x00, 0x00, 0x00, 0x00, 0x00, 0x00, 0x00, 0x00, 0x00, 0x00, 0x00, 0x00, 0x00, 0x00, 0x00,
    0x00, 0x00, 0x00, 0x00, 0x00, 0x00, 0x00, 0x00, 0x00, 0x00, 0x00, 0x00, 0x00, 0x00, 0x00, 0x00,
    0x00, 0x00, 0x00, 0x00, 0xFF, 0x7F, 0x7F, 0x02, 0x00, 0x00, 0x00, 0x00, 0xFF, 0xCA, 0x55, 0x27,
    0xFE, 0xE0, 0x5C, 0xED, 0xFE, 0xE0, 0x5C, 0xE0, 0xFF, 0xCA, 0x4E, 0x27, 0xFF, 0xDF, 0x4F, 0x10,
    0xFE, 0xD6, 0x57, 0x52, 0xFF, 0xD7, 0x57, 0x5A, 0xFF, 0xD8, 0x55, 0x21, 0xFE, 0xC8, 0x48, 0x0E,
    0xFE, 0xDD, 0x59, 0xB6, 0xFF, 0xEE, 0x62, 0xFF, 0xFE, 0xD2, 0x56, 0x5B, 0x00, 0x00, 0x00, 0x00,
    0xFF, 0xFF, 0x7F, 0x02, 0x00, 0x00, 0x00, 0x00, 0x00, 0x00, 0x00, 0x00, 0x00, 0x00, 0x00, 0x00,
    0x00, 0x00, 0x00, 0x00, 0x00, 0x00, 0x00, 0x00, 0x00, 0x00, 0x00, 0x00, 0x00, 0x00, 0x00, 0x00,
    0x00, 0x00, 0x00, 0x00, 0x00, 0x00, 0x00, 0x00, 0x00, 0x00, 0x00, 0x00, 0x00, 0x00, 0x00, 0x00,
    0x00, 0x00, 0x00, 0x00, 0x00, 0x00, 0x00, 0x00, 0x00, 0x00, 0x00, 0x00, 0x00, 0x00, 0x00, 0x00,
    0x00, 0x00, 0x00, 0x00, 0x00, 0x00, 0x00, 0x00, 0x00, 0x00, 0x00, 0x00, 0x00, 0x00, 0x00, 0x00,
    0x00, 0x00, 0x00, 0x00, 0x00, 0x00, 0x00, 0x00, 0x00, 0x00, 0x00, 0x00, 0x00, 0x00, 0x00, 0x00,
    0x00, 0x00, 0x00, 0x00, 0x00, 0x00, 0x00, 0x00, 0x00, 0x00, 0x00, 0x00, 0x00, 0x00, 0x00, 0x00,
    0x00, 0x00, 0x00, 0x00, 0x00, 0x00, 0x00, 0x00, 0x00, 0x00, 0x00, 0x00, 0x00, 0x00, 0x00, 0x00,
    0x00, 0x00, 0x00, 0x00, 0x00, 0x00, 0x00, 0x00, 0x00, 0x00, 0x00, 0x00, 0x00, 0x00, 0x00, 0x00,
    0x00, 0x00, 0x00, 0x00, 0x00, 0x00, 0x00, 0x00, 0x00, 0x00, 0x00, 0x00, 0x00, 0x00, 0x00, 0x00,
    0x00, 0x00, 0x00, 0x00, 0x00, 0x00, 0x00, 0x00, 0x00, 0x00, 0x00, 0x00, 0x00, 0x00, 0x00, 0x00,
    0x00, 0x00, 0x00, 0x00, 0x00, 0x00, 0x00, 0x00, 0x00, 0x00, 0x00, 0x00, 0x00, 0x00, 0x00, 0x00,
    0x00, 0x00, 0x00, 0x00, 0x00, 0x00, 0x00, 0x00, 0x00, 0x00, 0x00, 0x00, 0x00, 0x00, 0x00, 0x00,
    0x00, 0x00, 0x00, 0x00, 0x00, 0x00, 0x00, 0x00, 0x00, 0x00, 0x00, 0x00, 0x00, 0x00, 0x00, 0x00,
    0x00, 0x00, 0x00, 0x00, 0x00, 0x00, 0x00, 0x00, 0x00, 0x00, 0x00, 0x00, 0x00, 0x00, 0x00, 0x00,
    0x00, 0x00, 0x00, 0x00, 0x00, 0x00, 0x00, 0x00, 0x00, 0x00, 0x00, 0x00, 0x00, 0x00, 0x00, 0x00,
    0x00, 0x00, 0x00, 0x00, 0x00, 0x00, 0x00, 0x00, 0x00, 0x00, 0x00, 0x00, 0x00, 0x00, 0x00, 0x00,
    0x00, 0x00, 0x00, 0x00, 0x00, 0x00, 0x00, 0x00, 0x00, 0x00, 0x00, 0x00, 0x00, 0x00, 0x00, 0x00,
    0x00, 0x00, 0x00, 0x00, 0x00, 0x00, 0x00, 0x00, 0x00, 0x00, 0x00, 0x00, 0x00, 0x00, 0x00, 0x00,
    0x00, 0x00, 0x00, 0x00, 0x00, 0x00, 0x00, 0x00, 0x00, 0x00, 0x00, 0x00, 0x00, 0x00, 0x00, 0x00,
    0x00, 0x00, 0x00, 0x00, 0x00, 0x00, 0x00, 0x00, 0xFF, 0xAA, 0x55, 0x03, 0x00, 0x00, 0x00, 0x00,
    0xFF, 0xD7, 0x5A, 0x41, 0xFF, 0xEB, 0x61, 0xFF, 0xFF, 0xDB, 0x59, 0x8E, 0x00, 0x00, 0x00, 0x00,
    0xFF, 0xD7, 0x58, 0x99, 0xFF, 0xD8, 0x58, 0xFA, 0xFF, 0xDD, 0x5B, 0xFF, 0xFE, 0xD8, 0x59, 0xF6,
    0xFF, 0xD8, 0x57, 0x86, 0x00, 0x00, 0x00, 0x00, 0xFF, 0xDD, 0x5A, 0xA6, 0xFF, 0xE4, 0x5E, 0xFF,
    0xFF, 0xD3, 0x56, 0x35, 0x00, 0x00, 0x00, 0x00, 0xFF, 0xFF, 0x7F, 0x02, 0x00, 0x00, 0x00, 0x00,
    0x00, 0x00, 0x00, 0x00, 0x00, 0x00, 0x00, 0x00, 0x00, 0x00, 0x00, 0x00, 0x00, 0x00, 0x00, 0x00,
    0x00, 0x00, 0x00, 0x00, 0x00, 0x00, 0x00, 0x00, 0x00, 0x00, 0x00, 0x00, 0x00, 0x00, 0x00, 0x00,
    0x00, 0x00, 0x00, 0x00, 0x00, 0x00, 0x00, 0x00, 0x00, 0x00, 0x00, 0x00, 0x00, 0x00, 0x00, 0x00,
    0x00, 0x00, 0x00, 0x00, 0x00, 0x00, 0x00, 0x00, 0x00, 0x00, 0x00, 0x00, 0x00, 0x00, 0x00, 0x00,
    0x00, 0x00, 0x00, 0x00, 0x00, 0x00, 0x00, 0x00, 0x00, 0x00, 0x00, 0x00, 0x00, 0x00, 0x00, 0x00,
    0x00, 0x00, 0x00, 0x00, 0x00, 0x00, 0x00, 0x00, 0x00, 0x00, 0x00, 0x00, 0x00, 0x00, 0x00, 0x00,
    0x00, 0x00, 0x00, 0x00, 0x00, 0x00, 0x00, 0x00, 0x00, 0x00, 0x00, 0x00, 0x00, 0x00, 0x00, 0x00,
    0x00, 0x00, 0x00, 0x00, 0x00, 0x00, 0x00, 0x00, 0x00, 0x00, 0x00, 0x00, 0x00, 0x00, 0x00, 0x00,
    0x00, 0x00, 0x00, 0x00, 0x00, 0x00, 0x00, 0x00, 0x00, 0x00, 0x00, 0x00, 0xFF, 0xFF, 0x00, 0x01,
    0x00, 0x00, 0x00, 0x00, 0xFF, 0xDD, 0x5B, 0xAD, 0xFF, 0xDE, 0x5B, 0xFA, 0xFF, 0xD3, 0x57, 0x1D,
    0xFE, 0xD9, 0x57, 0x52, 0xFF, 0xD9, 0x58, 0xF7, 0xFF, 0xE5, 0x5E, 0xFF, 0xFF, 0xE4, 0x5E, 0xFE,
    0xFF, 0xDD, 0x5B, 0xFF, 0xFF, 0xD7, 0x56, 0x81, 0xFF, 0x7F, 0x3F, 0x04, 0xFF, 0xDD, 0x5B, 0xCB,
    0xFF, 0xDD, 0x5B, 0xEC, 0xFF, 0xC6, 0x55, 0x12, 0x00, 0x00, 0x00, 0x00, 0xFF, 0xFF, 0x00, 0x01,
    0x00, 0x00, 0x00, 0x00, 0x00, 0x00, 0x00, 0x00, 0x00, 0x00, 0x00, 0x00, 0x00, 0x00, 0x00, 0x00,
    0x00, 0x00, 0x00, 0x00, 0x00, 0x00, 0x00, 0x00, 0x00, 0x00, 0x00, 0x00, 0x00, 0x00, 0x00, 0x00,
    0x00, 0x00, 0x00, 0x00, 0x00, 0x00, 0x00, 0x00, 0x00, 0x00, 0x00, 0x00, 0x00, 0x00, 0x00, 0x00,
    0x00, 0x00, 0x00, 0x00, 0x00, 0x00, 0x00, 0x00, 0x00, 0x00, 0x00, 0x00, 0x00, 0x00, 0x00, 0x00,
    0x00, 0x00, 0x00, 0x00, 0x00, 0x00, 0x00, 0x00, 0x00, 0x00, 0x00, 0x00, 0x00, 0x00, 0x00, 0x00,
    0x00, 0x00, 0x00, 0x00, 0x00, 0x00, 0x00, 0x00, 0x00, 0x00, 0x00, 0x00, 0x00, 0x00, 0x00, 0x00,
    0x00, 0x00, 0x00, 0x00, 0x00, 0x00, 0x00, 0x00, 0x00, 0x00, 0x00, 0x00, 0x00, 0x00, 0x00, 0x00,
    0x00, 0x00, 0x00, 0x00, 0x00, 0x00, 0x00, 0x00, 0x00, 0x00, 0x00, 0x00, 0x00, 0x00, 0x00, 0x00,
    0x00, 0x00, 0x00, 0x00, 0x00, 0x00, 0x00, 0x00, 0x00, 0x00, 0x00, 0x00, 0x00, 0x00, 0x00, 0x00,
    0x00, 0x00, 0x00, 0x00, 0x00, 0x00, 0x00, 0x00, 0x00, 0x00, 0x00, 0x00, 0x00, 0x00, 0x00, 0x00,
    0x00, 0x00, 0x00, 0x00, 0x00, 0x00, 0x00, 0x00, 0x00, 0x00, 0x00, 0x00, 0x00, 0x00, 0x00, 0x00,
    0x00, 0x00, 0x00, 0x00, 0x00, 0x00, 0x00, 0x00, 0x00, 0x00, 0x00, 0x00, 0x00, 0x00, 0x00, 0x00,
    0x00, 0x00, 0x00, 0x00, 0x00, 0x00, 0x00, 0x00, 0x00, 0x00, 0x00, 0x00, 0x00, 0x00, 0x00, 0x00,
    0x00, 0x00, 0x00, 0x00, 0x00, 0x00, 0x00, 0x00, 0x00, 0x00, 0x00, 0x00, 0x00, 0x00, 0x00, 0x00,
    0x00, 0x00, 0x00, 0x00, 0x00, 0x00, 0x00, 0x00, 0x00, 0x00, 0x00, 0x00, 0x00, 0x00, 0x00, 0x00,
    0x00, 0x00, 0x00, 0x00, 0x00, 0x00, 0x00, 0x00, 0x00, 0x00, 0x00, 0x00, 0x00, 0x00, 0x00, 0x00,
    0x00, 0x00, 0x00, 0x00, 0x00, 0x00, 0x00, 0x00, 0x00, 0x00, 0x00, 0x00, 0x00, 0x00, 0x00, 0x00,
    0x00, 0x00, 0x00, 0x00, 0x00, 0x00, 0x00, 0x00, 0x00, 0x00, 0x00, 0x00, 0x00, 0x00, 0x00, 0x00,
    0x00, 0x00, 0x00, 0x00, 0x00, 0x00, 0x00, 0x00, 0x00, 0x00, 0x00, 0x00, 0x00, 0x00, 0x00, 0x00,
    0x00, 0x00, 0x00, 0x00, 0x00, 0x00, 0x00, 0x00, 0x00, 0x00, 0x00, 0x00, 0x00, 0x00, 0x00, 0x00,
    0xFF, 0xFF, 0x7F, 0x02, 0x00, 0x00, 0x00, 0x00, 0xFF, 0xDC, 0x5A, 0xAF, 0xFF, 0xDA, 0x5A, 0xEC,
    0xFF, 0xC6, 0x55, 0x09, 0xFF, 0xDC, 0x5B, 0xA8, 0xFF, 0xEE, 0x62, 0xFF, 0xFE, 0xDA, 0x5A, 0xFC,
    0xFF, 0xD7, 0x59, 0xFF, 0xFE, 0xDB, 0x5A, 0xFC, 0xFF, 0xEF, 0x62, 0xFF, 0xFF, 0xDA, 0x5A, 0x8D,
    0xFF, 0xCC, 0x4C, 0x14, 0xFF, 0xDA, 0x59, 0xFF, 0xFF, 0xDE, 0x5B, 0x9C, 0x00, 0x00, 0x00, 0x00,
    0xFF, 0xFF, 0x7F, 0x02, 0x00, 0x00, 0x00, 0x00, 0x00, 0x00, 0x00, 0x00, 0x00, 0x00, 0x00, 0x00,
    0x00, 0x00, 0x00, 0x00, 0x00, 0x00, 0x00, 0x00, 0x00, 0x00, 0x00, 0x00, 0x00, 0x00, 0x00, 0x00,
    0x00, 0x00, 0x00, 0x00, 0x00, 0x00, 0x00, 0x00, 0x00, 0x00, 0x00, 0x00, 0x00, 0x00, 0x00, 0x00,
    0x00, 0x00, 0x00, 0x00, 0x00, 0x00, 0x00, 0x00, 0x00, 0x00, 0x00, 0x00, 0x00, 0x00, 0x00, 0x00,
    0x00, 0x00, 0x00, 0x00, 0x00, 0x00, 0x00, 0x00, 0x00, 0x00, 0x00, 0x00, 0x00, 0x00, 0x00, 0x00,
    0x00, 0x00, 0x00, 0x00, 0x00, 0x00, 0x00, 0x00, 0x00, 0x00, 0x00, 0x00, 0x00, 0x00, 0x00, 0x00,
    0x00, 0x00, 0x00, 0x00, 0x00, 0x00, 0x00, 0x00, 0x00, 0x00, 0x00, 0x00, 0x00, 0x00, 0x00, 0x00,
    0x00, 0x00, 0x00, 0x00, 0x00, 0x00, 0x00, 0x00, 0x00, 0x00, 0x00, 0x00, 0x00, 0x00, 0x00, 0x00,
    0x00, 0x00, 0x00, 0x00, 0x00, 0x00, 0x00, 0x00, 0x00, 0x00, 0x00, 0x00, 0x00, 0x00, 0x00, 0x00,
    0xFF, 0x7F, 0x7F, 0x02, 0x00, 0x00, 0x00, 0x00, 0xFF, 0xDF, 0x57, 0x20, 0xFF, 0xE1, 0x5D, 0xFF,
    0xFE, 0xD7, 0x59, 0x7B, 0xFF, 0xD6, 0x56, 0x2C, 0xFF, 0xE0, 0x5C, 0xFE, 0xFF, 0xDD, 0x5B, 0xFF,
    0xFE, 0xD7, 0x59, 0xFC, 0xFE, 0xD7, 0x59, 0xFC, 0xFE, 0xD9, 0x5A, 0xFC, 0xFF, 0xED, 0x61, 0xFF,
    0xFF, 0xDA, 0x5A, 0x5A, 0xFF, 0xD8, 0x56, 0x3B, 0xFF, 0xEC, 0x61, 0xFF, 0xFF, 0xDC, 0x59, 0x61,
    0x00, 0x00, 0x00, 0x00, 0xFF, 0xBF, 0x3F, 0x04, 0x00, 0x00, 0x00, 0x00, 0x00, 0x00, 0x00, 0x00,
    0x00, 0x00, 0x00, 0x00, 0x00, 0x00, 0x00, 0x00, 0x00, 0x00, 0x00, 0x00, 0x00, 0x00, 0x00, 0x00,
    0x00, 0x00, 0x00, 0x00, 0x00, 0x00, 0x00, 0x00, 0x00, 0x00, 0x00, 0x00, 0x00, 0x00, 0x00, 0x00,
    0x00, 0x00, 0x00, 0x00, 0x00, 0x00, 0x00, 0x00, 0x00, 0x00, 0x00, 0x00, 0x00, 0x00, 0x00, 0x00,
    0x00, 0x00, 0x00, 0x00, 0x00, 0x00, 0x00, 0x00, 0x00, 0x00, 0x00, 0x00, 0x00, 0x00, 0x00, 0x00,
    0x00, 0x00, 0x00, 0x00, 0x00, 0x00, 0x00, 0x00, 0x00, 0x00, 0x00, 0x00, 0x00, 0x00, 0x00, 0x00,
    0x00, 0x00, 0x00, 0x00, 0x00, 0x00, 0x00, 0x00, 0x00, 0x00, 0x00, 0x00, 0x00, 0x00, 0x00, 0x00,
    0x00, 0x00, 0x00, 0x00, 0x00, 0x00, 0x00, 0x00, 0x00, 0x00, 0x00, 0x00, 0x00, 0x00, 0x00, 0x00,
    0x00, 0x00, 0x00, 0x00, 0x00, 0x00, 0x00, 0x00, 0x00, 0x00, 0x00, 0x00, 0x00, 0x00, 0x00, 0x00,
    0x00, 0x00, 0x00, 0x00, 0x00, 0x00, 0x00, 0x00, 0x00, 0x00, 0x00, 0x00, 0x00, 0x00, 0x00, 0x00,
    0x00, 0x00, 0x00, 0x00, 0x00, 0x00, 0x00, 0x00, 0x00, 0x00, 0x00, 0x00, 0x00, 0x00, 0x00, 0x00,
    0x00, 0x00, 0x00, 0x00, 0x00, 0x00, 0x00, 0x00, 0x00, 0x00, 0x00, 0x00, 0x00, 0x00, 0x00, 0x00,
    0x00, 0x00, 0x00, 0x00, 0x00, 0x00, 0x00, 0x00, 0x00, 0x00, 0x00, 0x00, 0x00, 0x00, 0x00, 0x00,
    0x00, 0x00, 0x00, 0x00, 0x00, 0x00, 0x00, 0x00, 0x00, 0x00, 0x00, 0x00, 0x00, 0x00, 0x00, 0x00,
    0x00, 0x00, 0x00, 0x00, 0x00, 0x00, 0x00, 0x00, 0x00, 0x00, 0x00, 0x00, 0x00, 0x00, 0x00, 0x00,
    0x00, 0x00, 0x00, 0x00, 0x00, 0x00, 0x00, 0x00, 0x00, 0x00, 0x00, 0x00, 0x00, 0x00, 0x00, 0x00,
    0x00, 0x00, 0x00, 0x00, 0x00, 0x00, 0x00, 0x00, 0x00, 0x00, 0x00, 0x00, 0x00, 0x00, 0x00, 0x00,
    0x00, 0x00, 0x00, 0x00, 0x00, 0x00, 0x00, 0x00, 0x00, 0x00, 0x00, 0x00, 0x00, 0x00, 0x00, 0x00,
    0x00, 0x00, 0x00, 0x00, 0x00, 0x00, 0x00, 0x00, 0x00, 0x00, 0x00, 0x00, 0x00, 0x00, 0x00, 0x00,
    0x00, 0x00, 0x00, 0x00, 0x00, 0x00, 0x00, 0x00, 0x00, 0x00, 0x00, 0x00, 0x00, 0x00, 0x00, 0x00,
    0x00, 0x00, 0x00, 0x00, 0xFF, 0xFF, 0x00, 0x01, 0x00, 0x00, 0x00, 0x00, 0xFF, 0xFF, 0x66, 0x05,
    0xFF, 0xDA, 0x59, 0xF4, 0xFF, 0xD8, 0x58, 0x90, 0xFF, 0xDF, 0x59, 0x28, 0xFF, 0xDE, 0x5B, 0xFF,
    0xFE, 0xD8, 0x59, 0xFC, 0xFF, 0xD8, 0x58, 0xFD, 0xFF, 0xD8, 0x59, 0xFF, 0xFE, 0xD8, 0x59, 0xFC,
    0xFF, 0xD9, 0x59, 0xFF, 0xFF, 0xDD, 0x5A, 0xF4, 0xFF, 0xD4, 0x55, 0x18, 0xFF, 0xD7, 0x58, 0xB0,
    0xFE, 0xDA, 0x59, 0xE0, 0xFF, 0xFF, 0xFF, 0x01, 0x00, 0x00, 0x00, 0x00, 0xFF, 0xFF, 0x00, 0x01,
    0x00, 0x00, 0x00, 0x00, 0x00, 0x00, 0x00, 0x00, 0x00, 0x00, 0x00, 0x00, 0x00, 0x00, 0x00, 0x00,
    0x00, 0x00, 0x00, 0x00, 0x00, 0x00, 0x00, 0x00, 0x00, 0x00, 0x00, 0x00, 0x00, 0x00, 0x00, 0x00,
    0x00, 0x00, 0x00, 0x00, 0x00, 0x00, 0x00, 0x00, 0x00, 0x00, 0x00, 0x00, 0x00, 0x00, 0x00, 0x00,
    0x00, 0x00, 0x00, 0x00, 0x00, 0x00, 0x00, 0x00, 0x00, 0x00, 0x00, 0x00, 0x00, 0x00, 0x00, 0x00,
    0x00, 0x00, 0x00, 0x00, 0x00, 0x00, 0x00, 0x00, 0x00, 0x00, 0x00, 0x00, 0x00, 0x00, 0x00, 0x00,
    0x00, 0x00, 0x00, 0x00, 0x00, 0x00, 0x00, 0x00, 0x00, 0x00, 0x00, 0x00, 0x00, 0x00, 0x00, 0x00,
    0x00, 0x00, 0x00, 0x00, 0x00, 0x00, 0x00, 0x00, 0x00, 0x00, 0x00, 0x00, 0x00, 0x00, 0x00, 0x00,
    0x00, 0x00, 0x00, 0x00, 0x00, 0x00, 0x00, 0x00, 0x00, 0x00, 0x00, 0x00, 0x00, 0x00, 0x00, 0x00,
    0x00, 0x00, 0x00, 0x00, 0x00, 0x00, 0x00, 0x00, 0xFF, 0xFF, 0x55, 0x03, 0x00, 0x00, 0x00, 0x00,
    0xFF, 0xDD, 0x5C, 0x53, 0xFF, 0xE2, 0x5D, 0xFF, 0xFF, 0xD0, 0x58, 0x31, 0xFF, 0xDF, 0x5B, 0x88,
    0xFF, 0xE8, 0x60, 0xFF, 0xFF, 0xD7, 0x58, 0xFA, 0xFF, 0xD8, 0x59, 0xFF, 0xFF, 0xD8, 0x59, 0xFF,
    0xFE, 0xD7, 0x59, 0xFC, 0xFF, 0xE1, 0x5D, 0xFF, 0xFF, 0xDC, 0x59, 0xBE, 0xFF, 0xBF, 0x55, 0x0C,
    0xFF, 0xD8, 0x59, 0xFB, 0xFF, 0xDA, 0x5A, 0x99, 0x00, 0x00, 0x00, 0x00, 0xFF, 0xFF, 0x55, 0x03,
    0x00, 0x00, 0x00, 0x00, 0x00, 0x00, 0x00, 0x00, 0x00, 0x00, 0x00, 0x00, 0x00, 0x00, 0x00, 0x00,
    0x00, 0x00, 0x00, 0x00, 0x00, 0x00, 0x00, 0x00, 0x00, 0x00, 0x00, 0x00, 0x00, 0x00, 0x00, 0x00,
    0x00, 0x00, 0x00, 0x00, 0x00, 0x00, 0x00, 0x00, 0x00, 0x00, 0x00, 0x00, 0x00, 0x00, 0x00, 0x00,
    0x00, 0x00, 0x00, 0x00, 0x00, 0x00, 0x00, 0x00, 0x00, 0x00, 0x00, 0x00, 0x00, 0x00, 0x00, 0x00,
    0x00, 0x00, 0x00, 0x00, 0x00, 0x00, 0x00, 0x00, 0x00, 0x00, 0x00, 0x00, 0x00, 0x00, 0x00, 0x00,
    0x00, 0x00, 0x00, 0x00, 0x00, 0x00, 0x00, 0x00, 0x00, 0x00, 0x00, 0x00, 0x00, 0x00, 0x00, 0x00,
    0x00, 0x00, 0x00, 0x00, 0x00, 0x00, 0x00, 0x00, 0x00, 0x00, 0x00, 0x00, 0x00, 0x00, 0x00, 0x00,
    0x00, 0x00, 0x00, 0x00, 0x00, 0x00, 0x00, 0x00, 0x00, 0x00, 0x00, 0x00, 0x00, 0x00, 0x00, 0x00,
    0x00, 0x00, 0x00, 0x00, 0x00, 0x00, 0x00, 0x00, 0x00, 0x00, 0x00, 0x00, 0x00, 0x00, 0x00, 0x00,
    0x00, 0x00, 0x00, 0x00, 0x00, 0x00, 0x00, 0x00, 0x00, 0x00, 0x00, 0x00, 0x00, 0x00, 0x00, 0x00,
    0x00, 0x00, 0x00, 0x00, 0x00, 0x00, 0x00, 0x00, 0x00, 0x00, 0x00, 0x00, 0x00, 0x00, 0x00, 0x00,
    0x00, 0x00, 0x00, 0x00, 0x00, 0x00, 0x00, 0x00, 0x00, 0x00, 0x00, 0x00, 0x00, 0x00, 0x00, 0x00,
    0x00, 0x00, 0x00, 0x00, 0x00, 0x00, 0x00, 0x00, 0x00, 0x00, 0x00, 0x00, 0x00, 0x00, 0x00, 0x00,
    0x00, 0x00, 0x00, 0x00, 0x00, 0x00, 0x00, 0x00, 0x00, 0x00, 0x00, 0x00, 0x00, 0x00, 0x00, 0x00,
    0x00, 0x00, 0x00, 0x00, 0x00, 0x00, 0x00, 0x00, 0x00, 0x00, 0x00, 0x00, 0x00, 0x00, 0x00, 0x00,
    0x00, 0x00, 0x00, 0x00, 0x00, 0x00, 0x00, 0x00, 0x00, 0x00, 0x00, 0x00, 0x00, 0x00, 0x00, 0x00,
    0x00, 0x00, 0x00, 0x00, 0x00, 0x00, 0x00, 0x00, 0x00, 0x00, 0x00, 0x00, 0x00, 0x00, 0x00, 0x00,
    0x00, 0x00, 0x00, 0x00, 0x00, 0x00, 0x00, 0x00, 0x00, 0x00, 0x00, 0x00, 0x00, 0x00, 0x00, 0x00,
    0x00, 0x00, 0x00, 0x00, 0x00, 0x00, 0x00, 0x00, 0x00, 0x00, 0x00, 0x00, 0x00, 0x00, 0x00, 0x00,
    0x00, 0x00, 0x00, 0x00, 0x00, 0x00, 0x00, 0x00, 0x00, 0x00, 0x00, 0x00, 0xFF, 0xFF, 0x00, 0x01,
    0x00, 0x00, 0x00, 0x00, 0xFF, 0xDD, 0x55, 0x0F, 0xFF, 0xE1, 0x5D, 0xFF, 0xFF, 0xD5, 0x58, 0x6E,
    0xFF, 0xE5, 0x5C, 0x45, 0xFF, 0xE2, 0x5D, 0xFF, 0xFF, 0xD7, 0x58, 0xFD, 0xFF, 0xD8, 0x59, 0xFF,
    0xFF, 0xD8, 0x59, 0xFF, 0xFF, 0xD8, 0x59, 0xFF, 0xFF, 0xD7, 0x59, 0xFF, 0xFF, 0xDC, 0x5A, 0xFF,
    0xFF, 0xEB, 0x5F, 0x33, 0xFF, 0xD5, 0x57, 0x8C, 0xFF, 0xD7, 0x58, 0xFD, 0xFE, 0xDA, 0x48, 0x07,
    0x00, 0x00, 0x00, 0x00, 0xFF, 0xFF, 0x00, 0x01, 0x00, 0x00, 0x00, 0x00, 0x00, 0x00, 0x00, 0x00,
    0x00, 0x00, 0x00, 0x00, 0x00, 0x00, 0x00, 0x00, 0x00, 0x00, 0x00, 0x00, 0x00, 0x00, 0x00, 0x00,
    0x00, 0x00, 0x00, 0x00, 0x00, 0x00, 0x00, 0x00, 0x00, 0x00, 0x00, 0x00, 0x00, 0x00, 0x00, 0x00,
    0x00, 0x00, 0x00, 0x00, 0x00, 0x00, 0x00, 0x00, 0x00, 0x00, 0x00, 0x00, 0x00, 0x00, 0x00, 0x00,
    0x00, 0x00, 0x00, 0x00, 0x00, 0x00, 0x00, 0x00, 0x00, 0x00, 0x00, 0x00, 0x00, 0x00, 0x00, 0x00,
    0x00, 0x00, 0x00, 0x00, 0x00, 0x00, 0x00, 0x00, 0x00, 0x00, 0x00, 0x00, 0x00, 0x00, 0x00, 0x00,
    0x00, 0x00, 0x00, 0x00, 0x00, 0x00, 0x00, 0x00, 0x00, 0x00, 0x00, 0x00, 0x00, 0x00, 0x00, 0x00,
    0x00, 0x00, 0x00, 0x00, 0x00, 0x00, 0x00, 0x00, 0x00, 0x00, 0x00, 0x00, 0x00, 0x00, 0x00, 0x00,
    0x00, 0x00, 0x00, 0x00, 0x00, 0x00, 0x00, 0x00, 0x00, 0x00, 0x00, 0x00, 0x00, 0x00, 0x00, 0x00,
    0xFF, 0xBF, 0x3F, 0x04, 0x00, 0x00, 0x00, 0x00, 0xFF, 0xDD, 0x5B, 0x62, 0xFF, 0xE0, 0x5C, 0xFF,
    0xFF, 0xD6, 0x57, 0x26, 0xFF, 0xDE, 0x5A, 0x9D, 0xFF, 0xE4, 0x5E, 0xFF, 0xFE, 0xD7, 0x59, 0xFC,
    0xFF, 0xD8, 0x59, 0xFF, 0xFF, 0xD8, 0x59, 0xFF, 0xFF, 0xD7, 0x59, 0xFE, 0xFF, 0xDD, 0x5B, 0xFF,
    0xFF, 0xDC, 0x5A, 0xD4, 0xFF, 0xFF, 0x5C, 0x0B, 0xFF, 0xD7, 0x58, 0xE7, 0xFF, 0xD8, 0x58, 0xAC,
    0x00, 0x00, 0x00, 0x00, 0xFF, 0xFF, 0x7F, 0x02, 0x00, 0x00, 0x00, 0x00, 0x00, 0x00, 0x00, 0x00,
    0x00, 0x00, 0x00, 0x00, 0x00, 0x00, 0x00, 0x00, 0x00, 0x00, 0x00, 0x00, 0x00, 0x00, 0x00, 0x00,
    0x00, 0x00, 0x00, 0x00, 0x00, 0x00, 0x00, 0x00, 0x00, 0x00, 0x00, 0x00, 0x00, 0x00, 0x00, 0x00,
    0x00, 0x00, 0x00, 0x00, 0x00, 0x00, 0x00, 0x00, 0x00, 0x00, 0x00, 0x00, 0x00, 0x00, 0x00, 0x00,
    0x00, 0x00, 0x00, 0x00, 0x00, 0x00, 0x00, 0x00, 0x00, 0x00, 0x00, 0x00, 0x00, 0x00, 0x00, 0x00,
    0x00, 0x00, 0x00, 0x00, 0x00, 0x00, 0x00, 0x00, 0x00, 0x00, 0x00, 0x00, 0x00, 0x00, 0x00, 0x00,
    0x00, 0x00, 0x00, 0x00, 0x00, 0x00, 0x00, 0x00, 0x00, 0x00, 0x00, 0x00, 0x00, 0x00, 0x00, 0x00,
    0x00, 0x00, 0x00, 0x00, 0x00, 0x00, 0x00, 0x00, 0x00, 0x00, 0x00, 0x00, 0x00, 0x00, 0x00, 0x00,
    0x00, 0x00, 0x00, 0x00, 0x00, 0x00, 0x00, 0x00, 0x00, 0x00, 0x00, 0x00, 0x00, 0x00, 0x00, 0x00,
    0x00, 0x00, 0x00, 0x00, 0x00, 0x00, 0x00, 0x00, 0x00, 0x00, 0x00, 0x00, 0x00, 0x00, 0x00, 0x00,
    0x00, 0x00, 0x00, 0x00, 0x00, 0x00, 0x00, 0x00, 0x00, 0x00, 0x00, 0x00, 0x00, 0x00, 0x00, 0x00,
    0x00, 0x00, 0x00, 0x00, 0x00, 0x00, 0x00, 0x00, 0x00, 0x00, 0x00, 0x00, 0x00, 0x00, 0x00, 0x00,
    0x00, 0x00, 0x00, 0x00, 0x00, 0x00, 0x00, 0x00, 0x00, 0x00, 0x00, 0x00, 0x00, 0x00, 0x00, 0x00,
    0x00, 0x00, 0x00, 0x00, 0x00, 0x00, 0x00, 0x00, 0x00, 0x00, 0x00, 0x00, 0x00, 0x00, 0x00, 0x00,
    0x00, 0x00, 0x00, 0x00, 0x00, 0x00, 0x00, 0x00, 0x00, 0x00, 0x00, 0x00, 0x00, 0x00, 0x00, 0x00,
    0x00, 0x00, 0x00, 0x00, 0x00, 0x00, 0x00, 0x00, 0x00, 0x00, 0x00, 0x00, 0x00, 0x00, 0x00, 0x00,
    0x00, 0x00, 0x00, 0x00, 0x00, 0x00, 0x00, 0x00, 0x00, 0x00, 0x00, 0x00, 0x00, 0x00, 0x00, 0x00,
    0x00, 0x00, 0x00, 0x00, 0x00, 0x00, 0x00, 0x00, 0x00, 0x00, 0x00, 0x00, 0x00, 0x00, 0x00, 0x00,
    0x00, 0x00, 0x00, 0x00, 0x00, 0x00, 0x00, 0x00, 0x00, 0x00, 0x00, 0x00, 0x00, 0x00, 0x00, 0x00,
    0x00, 0x00, 0x00, 0x00, 0x00, 0x00, 0x00, 0x00, 0x00, 0x00, 0x00, 0x00, 0x00, 0x00, 0x00, 0x00,
    0x00, 0x00, 0x00, 0x00, 0xFF, 0xFF, 0x00, 0x01, 0x00, 0x00, 0x00, 0x00, 0xFE, 0xFE, 0x48, 0x07,
    0xFF, 0xDA, 0x59, 0xFA, 0xFF, 0xD5, 0x58, 0x88, 0xFF, 0xDF, 0x5A, 0x30, 0xFF, 0xE1, 0x5D, 0xFF,
    0xFE, 0xD7, 0x59, 0xFC, 0xFF, 0xD7, 0x59, 0xFE, 0xFF, 0xD8, 0x59, 0xFF, 0xFF, 0xD8, 0x59, 0xFD,
    0xFF, 0xD7, 0x58, 0xFE, 0xFF, 0xDC, 0x5A, 0xFA, 0xFF, 0xDF, 0x57, 0x20, 0xFE, 0xD7, 0x59, 0xA3,
    0xFF, 0xD9, 0x59, 0xE8, 0xFF, 0xFF, 0x55, 0x03, 0x00, 0x00, 0x00, 0x00, 0xFF, 0xFF, 0x00, 0x01,
    0x00, 0x00, 0x00, 0x00, 0x00, 0x00, 0x00, 0x00, 0x00, 0x00, 0x00, 0x00, 0x00, 0x00, 0x00, 0x00,
    0x00, 0x00, 0x00, 0x00, 0x00, 0x00, 0x00, 0x00, 0x00, 0x00, 0x00, 0x00, 0x00, 0x00, 0x00, 0x00,
    0x00, 0x00, 0x00, 0x00, 0x00, 0x00, 0x00, 0x00, 0x00, 0x00, 0x00, 0x00, 0x00, 0x00, 0x00, 0x00,
    0x00, 0x00, 0x00, 0x00, 0x00, 0x00, 0x00, 0x00, 0x00, 0x00, 0x00, 0x00, 0x00, 0x00, 0x00, 0x00,
    0x00, 0x00, 0x00, 0x00, 0x00, 0x00, 0x00, 0x00, 0x00, 0x00, 0x00, 0x00, 0x00, 0x00, 0x00, 0x00,
    0x00, 0x00, 0x00, 0x00, 0x00, 0x00, 0x00, 0x00, 0x00, 0x00, 0x00, 0x00, 0x00, 0x00, 0x00, 0x00,
    0x00, 0x00, 0x00, 0x00, 0x00, 0x00, 0x00, 0x00, 0x00, 0x00, 0x00, 0x00, 0x00, 0x00, 0x00, 0x00,
    0x00, 0x00, 0x00, 0x00, 0x00, 0x00, 0x00, 0x00, 0x00, 0x00, 0x00, 0x00, 0x00, 0x00, 0x00, 0x00,
    0x00, 0x00, 0x00, 0x00, 0x00, 0x00, 0x00, 0x00, 0xFF, 0xAA, 0x55, 0x03, 0x00, 0x00, 0x00, 0x00,
    0xFF, 0xDB, 0x5C, 0x48, 0xFF, 0xE5, 0x5E, 0xFF, 0xFF, 0xD3, 0x57, 0x40, 0xFE, 0xDF, 0x5C, 0x71,
    0xFF, 0xEB, 0x61, 0xFF, 0xFF, 0xD7, 0x58, 0xF8, 0xFF, 0xD7, 0x59, 0xFE, 0xFF, 0xD7, 0x59, 0xFE,
    0xFF, 0xD7, 0x59, 0xF9, 0xFF, 0xE5, 0x5E, 0xFF, 0xFF, 0xDF, 0x5A, 0xAB, 0xFF, 0xD7, 0x4E, 0x0D,
    0xFF, 0xDC, 0x5A, 0xFF, 0xFF, 0xDB, 0x59, 0x8E, 0x00, 0x00, 0x00, 0x00, 0xFF, 0xBF, 0x3F, 0x04,
    0x00, 0x00, 0x00, 0x00, 0x00, 0x00, 0x00, 0x00, 0x00, 0x00, 0x00, 0x00, 0x00, 0x00, 0x00, 0x00,
    0x00, 0x00, 0x00, 0x00, 0x00, 0x00, 0x00, 0x00, 0x00, 0x00, 0x00, 0x00, 0x00, 0x00, 0x00, 0x00,
    0x00, 0x00, 0x00, 0x00, 0x00, 0x00, 0x00, 0x00, 0x00, 0x00, 0x00, 0x00, 0x00, 0x00, 0x00, 0x00,
    0x00, 0x00, 0x00, 0x00, 0x00, 0x00, 0x00, 0x00, 0x00, 0x00, 0x00, 0x00, 0x00, 0x00, 0x00, 0x00,
    0x00, 0x00, 0x00, 0x00, 0x00, 0x00, 0x00, 0x00, 0x00, 0x00, 0x00, 0x00, 0x00, 0x00, 0x00, 0x00,
    0x00, 0x00, 0x00, 0x00, 0x00, 0x00, 0x00, 0x00, 0x00, 0x00, 0x00, 0x00, 0x00, 0x00, 0x00, 0x00,
    0x00, 0x00, 0x00, 0x00, 0x00, 0x00, 0x00, 0x00, 0x00, 0x00, 0x00, 0x00, 0x00, 0x00, 0x00, 0x00,
    0x00, 0x00, 0x00, 0x00, 0x00, 0x00, 0x00, 0x00, 0x00, 0x00, 0x00, 0x00, 0x00, 0x00, 0x00, 0x00,
    0x00, 0x00, 0x00, 0x00, 0x00, 0x00, 0x00, 0x00, 0x00, 0x00, 0x00, 0x00, 0x00, 0x00, 0x00, 0x00,
    0x00, 0x00, 0x00, 0x00, 0x00, 0x00, 0x00, 0x00, 0x00, 0x00, 0x00, 0x00, 0x00, 0x00, 0x00, 0x00,
    0x00, 0x00, 0x00, 0x00, 0x00, 0x00, 0x00, 0x00, 0x00, 0x00, 0x00, 0x00, 0x00, 0x00, 0x00, 0x00,
    0x00, 0x00, 0x00, 0x00, 0x00, 0x00, 0x00, 0x00, 0x00, 0x00, 0x00, 0x00, 0x00, 0x00, 0x00, 0x00,
    0x00, 0x00, 0x00, 0x00, 0x00, 0x00, 0x00, 0x00, 0x00, 0x00, 0x00, 0x00, 0x00, 0x00, 0x00, 0x00,
    0x00, 0x00, 0x00, 0x00, 0x00, 0x00, 0x00, 0x00, 0x00, 0x00, 0x00, 0x00, 0x00, 0x00, 0x00, 0x00,
    0x00, 0x00, 0x00, 0x00, 0x00, 0x00, 0x00, 0x00, 0x00, 0x00, 0x00, 0x00, 0x00, 0x00, 0x00, 0x00,
    0x00, 0x00, 0x00, 0x00, 0x00, 0x00, 0x00, 0x00, 0x00, 0x00, 0x00, 0x00, 0x00, 0x00, 0x00, 0x00,
    0x00, 0x00, 0x00, 0x00, 0x00, 0x00, 0x00, 0x00, 0x00, 0x00, 0x00, 0x00, 0x00, 0x00, 0x00, 0x00,
    0x00, 0x00, 0x00, 0x00, 0x00, 0x00, 0x00, 0x00, 0x00, 0x00, 0x00, 0x00, 0x00, 0x00, 0x00, 0x00,
    0x00, 0x00, 0x00, 0x00, 0x00, 0x00, 0x00, 0x00, 0x00, 0x00, 0x00, 0x00, 0x00, 0x00, 0x00, 0x00,
    0x00, 0x00, 0x00, 0x00, 0x00, 0x00, 0x00, 0x00, 0x00, 0x00, 0x00, 0x00, 0x00, 0x00, 0x00, 0x00,
    0xFF, 0xFF, 0x00, 0x01, 0x00, 0x00, 0x00, 0x00, 0xFF, 0xDD, 0x5A, 0xBD, 0xFF, 0xDB, 0x5A, 0xDD,
    0xFE, 0xB6, 0x48, 0x07, 0xFF, 0xDD, 0x5B, 0xC0, 0xFF, 0xEB, 0x60, 0xFF, 0xFE, 0xD7, 0x59, 0xFC,
    0xFF, 0xD8, 0x59, 0xFB, 0xFF, 0xD8, 0x59, 0xFB, 0xFF, 0xEE, 0x62, 0xFF, 0xFF, 0xDC, 0x5A, 0xAA,
    0xFF, 0xCC, 0x4C, 0x0A, 0xFF, 0xD9, 0x59, 0xF1, 0xFF, 0xDD, 0x5A, 0xA9, 0x00, 0x00, 0x00, 0x00,
    0xFF, 0xFF, 0x7F, 0x02, 0x00, 0x00, 0x00, 0x00, 0x00, 0x00, 0x00, 0x00, 0x00, 0x00, 0x00, 0x00,
    0x00, 0x00, 0x00, 0x00, 0x00, 0x00, 0x00, 0x00, 0x00, 0x00, 0x00, 0x00, 0x00, 0x00, 0x00, 0x00,
    0x00, 0x00, 0x00, 0x00, 0x00, 0x00, 0x00, 0x00, 0x00, 0x00, 0x00, 0x00, 0x00, 0x00, 0x00, 0x00,
    0x00, 0x00, 0x00, 0x00, 0x00, 0x00, 0x00, 0x00, 0x00, 0x00, 0x00, 0x00, 0x00, 0x00, 0x00, 0x00,
    0x00, 0x00, 0x00, 0x00, 0x00, 0x00, 0x00, 0x00, 0x00, 0x00, 0x00, 0x00, 0x00, 0x00, 0x00, 0x00,
    0x00, 0x00, 0x00, 0x00, 0x00, 0x00, 0x00, 0x00, 0x00, 0x00, 0x00, 0x00, 0x00, 0x00, 0x00, 0x00,
    0x00, 0x00, 0x00, 0x00, 0x00, 0x00, 0x00, 0x00, 0x00, 0x00, 0x00, 0x00, 0x00, 0x00, 0x00, 0x00,
    0x00, 0x00, 0x00, 0x00, 0x00, 0x00, 0x00, 0x00, 0x00, 0x00, 0x00, 0x00, 0x00, 0x00, 0x00, 0x00,
    0x00, 0x00, 0x00, 0x00, 0x00, 0x00, 0x00, 0x00, 0x00, 0x00, 0x00, 0x00, 0x00, 0x00, 0x00, 0x00,
    0xFF, 0xFF, 0x00, 0x01, 0x00, 0x00, 0x00, 0x00, 0xFF, 0xD6, 0x5D, 0x13, 0xFF, 0xDC, 0x5B, 0xF9,
    0xFF, 0xDA, 0x5A, 0xA1, 0xFF, 0xC3, 0x4B, 0x11, 0xFE, 0xDF, 0x5B, 0xE2, 0xFF, 0xE8, 0x5F, 0xFF,
    0xFF, 0xDA, 0x59, 0xFD, 0xFF, 0xD9, 0x5A, 0xFE, 0xFF, 0xE2, 0x5D, 0xFF, 0xFF, 0xDF, 0x5C, 0xFE,
    0xFF, 0xD1, 0x56, 0x32, 0xFF, 0xDA, 0x5A, 0x5A, 0xFF, 0xE7, 0x5F, 0xFF, 0xFF, 0xD6, 0x57, 0x4C,
    0x00, 0x00, 0x00, 0x00, 0xFF, 0xFF, 0x66, 0x05, 0xFF, 0xFF, 0x00, 0x01, 0x00, 0x00, 0x00, 0x00,
    0x00, 0x00, 0x00, 0x00, 0x00, 0x00, 0x00, 0x00, 0x00, 0x00, 0x00, 0x00, 0x00, 0x00, 0x00, 0x00,
    0x00, 0x00, 0x00, 0x00, 0x00, 0x00, 0x00, 0x00, 0x00, 0x00, 0x00, 0x00, 0x00, 0x00, 0x00, 0x00,
    0x00, 0x00, 0x00, 0x00, 0x00, 0x00, 0x00, 0x00, 0x00, 0x00, 0x00, 0x00, 0x00, 0x00, 0x00, 0x00,
    0x00, 0x00, 0x00, 0x00, 0x00, 0x00, 0x00, 0x00, 0x00, 0x00, 0x00, 0x00, 0x00, 0x00, 0x00, 0x00,
    0x00, 0x00, 0x00, 0x00, 0x00, 0x00, 0x00, 0x00, 0x00, 0x00, 0x00, 0x00, 0x00, 0x00, 0x00, 0x00,
    0x00, 0x00, 0x00, 0x00, 0x00, 0x00, 0x00, 0x00, 0x00, 0x00, 0x00, 0x00, 0x00, 0x00, 0x00, 0x00,
    0x00, 0x00, 0x00, 0x00, 0x00, 0x00, 0x00, 0x00, 0x00, 0x00, 0x00, 0x00, 0x00, 0x00, 0x00, 0x00,
    0x00, 0x00, 0x00, 0x00, 0x00, 0x00, 0x00, 0x00, 0x00, 0x00, 0x00, 0x00, 0x00, 0x00, 0x00, 0x00,
    0x00, 0x00, 0x00, 0x00, 0x00, 0x00, 0x00, 0x00, 0x00, 0x00, 0x00, 0x00, 0x00, 0x00, 0x00, 0x00,
    0x00, 0x00, 0x00, 0x00, 0x00, 0x00, 0x00, 0x00, 0x00, 0x00, 0x00, 0x00, 0x00, 0x00, 0x00, 0x00,
    0x00, 0x00, 0x00, 0x00, 0x00, 0x00, 0x00, 0x00, 0x00, 0x00, 0x00, 0x00, 0x00, 0x00, 0x00, 0x00,
    0x00, 0x00, 0x00, 0x00, 0x00, 0x00, 0x00, 0x00, 0x00, 0x00, 0x00, 0x00, 0x00, 0x00, 0x00, 0x00,
    0x00, 0x00, 0x00, 0x00, 0x00, 0x00, 0x00, 0x00, 0x00, 0x00, 0x00, 0x00, 0x00, 0x00, 0x00, 0x00,
    0x00, 0x00, 0x00, 0x00, 0x00, 0x00, 0x00, 0x00, 0x00, 0x00, 0x00, 0x00, 0x00, 0x00, 0x00, 0x00,
    0x00, 0x00, 0x00, 0x00, 0x00, 0x00, 0x00, 0x00, 0x00, 0x00, 0x00, 0x00, 0x00, 0x00, 0x00, 0x00,
    0x00, 0x00, 0x00, 0x00, 0x00, 0x00, 0x00, 0x00, 0x00, 0x00, 0x00, 0x00, 0x00, 0x00, 0x00, 0x00,
    0x00, 0x00, 0x00, 0x00, 0x00, 0x00, 0x00, 0x00, 0x00, 0x00, 0x00, 0x00, 0x00, 0x00, 0x00, 0x00,
    0x00, 0x00, 0x00, 0x00, 0x00, 0x00, 0x00, 0x00, 0x00, 0x00, 0x00, 0x00, 0x00, 0x00, 0x00, 0x00,
    0x00, 0x00, 0x00, 0x00, 0x00, 0x00, 0x00, 0x00, 0xFF, 0x00, 0x00, 0x01, 0xFF, 0x00, 0x00, 0x01,
    0x00, 0x00, 0x00, 0x00, 0x00, 0x00, 0x00, 0x00, 0xFF, 0xFF, 0x55, 0x03, 0x00, 0x00, 0x00, 0x00,
    0xFF, 0xD8, 0x5A, 0x57, 0xFF, 0xEF, 0x63, 0xFF, 0xFE, 0xDA, 0x5B, 0x70, 0xFF, 0xCF, 0x4F, 0x10,
    0xFF, 0xD6, 0x57, 0xC4, 0xFF, 0xE1, 0x5D, 0xFF, 0xFF, 0xE8, 0x5F, 0xFD, 0xFF, 0xE0, 0x5C, 0xFF,
    0xFF, 0xD7, 0x57, 0xB4, 0xFE, 0xDA, 0x48, 0x07, 0xFF, 0xD8, 0x59, 0x86, 0xFF, 0xEB, 0x61, 0xFF,
    0xFF, 0xD5, 0x5A, 0x44, 0x00, 0x00, 0x00, 0x00, 0xFF, 0xAA, 0x55, 0x03, 0x00, 0x00, 0x00, 0x00,
    0x00, 0x00, 0x00, 0x00, 0x00, 0x00, 0x00, 0x00, 0x00, 0x00, 0x00, 0x00, 0x00, 0x00, 0x00, 0x00,
    0x00, 0x00, 0x00, 0x00, 0x00, 0x00, 0x00, 0x00, 0x00, 0x00, 0x00, 0x00, 0x00, 0x00, 0x00, 0x00,
    0x00, 0x00, 0x00, 0x00, 0x00, 0x00, 0x00, 0x00, 0x00, 0x00, 0x00, 0x00, 0x00, 0x00, 0x00, 0x00,
    0x00, 0x00, 0x00, 0x00, 0x00, 0x00, 0x00, 0x00, 0x00, 0x00, 0x00, 0x00, 0x00, 0x00, 0x00, 0x00,
    0x00, 0x00, 0x00, 0x00, 0x00, 0x00, 0x00, 0x00, 0x00, 0x00, 0x00, 0x00, 0x00, 0x00, 0x00, 0x00,
    0x00, 0x00, 0x00, 0x00, 0x00, 0x00, 0x00, 0x00, 0x00, 0x00, 0x00, 0x00, 0x00, 0x00, 0x00, 0x00,
    0x00, 0x00, 0x00, 0x00, 0x00, 0x00, 0x00, 0x00, 0x00, 0x00, 0x00, 0x00, 0x00, 0x00, 0x00, 0x00,
    0x00, 0x00, 0x00, 0x00, 0x00, 0x00, 0x00, 0x00, 0x00, 0x00, 0x00, 0x00, 0x00, 0x00, 0x00, 0x00,
    0x00, 0x00, 0x00, 0x00, 0x00, 0x00, 0x00, 0x00, 0x00, 0x00, 0x00, 0x00, 0xFF, 0xFF, 0x7F, 0x02,
    0x00, 0x00, 0x00, 0x00, 0xFF, 0xD9, 0x59, 0x89, 0xFF, 0xEF, 0x62, 0xFF, 0xFF, 0xD6, 0x57, 0x4C,
    0xFF, 0xD6, 0x51, 0x19, 0xFF, 0xD9, 0x59, 0xBD, 0xFE, 0xD7, 0x59, 0xF6, 0xFF, 0xD7, 0x59, 0xF8,
    0xFF, 0xD7, 0x57, 0xD4, 0xFF, 0xD7, 0x57, 0x3A, 0xFF, 0xD3, 0x57, 0x1D, 0xFF, 0xDE, 0x5C, 0xE3,
    0xFF, 0xEB, 0x61, 0xFF, 0xFF, 0xD8, 0x59, 0xB9, 0xFF, 0xD2, 0x52, 0x22, 0x00, 0x00, 0x00, 0x00,
    0xFF, 0xFF, 0x7F, 0x02, 0xFF, 0xFF, 0x7F, 0x02, 0x00, 0x00, 0x00, 0x00, 0x00, 0x00, 0x00, 0x00,
    0x00, 0x00, 0x00, 0x00, 0x00, 0x00, 0x00, 0x00, 0x00, 0x00, 0x00, 0x00, 0x00, 0x00, 0x00, 0x00,
    0x00, 0x00, 0x00, 0x00, 0x00, 0x00, 0x00, 0x00, 0x00, 0x00, 0x00, 0x00, 0x00, 0x00, 0x00, 0x00,
    0x00, 0x00, 0x00, 0x00, 0x00, 0x00, 0x00, 0x00, 0x00, 0x00, 0x00, 0x00, 0x00, 0x00, 0x00, 0x00,
    0x00, 0x00, 0x00, 0x00, 0x00, 0x00, 0x00, 0x00, 0x00, 0x00, 0x00, 0x00, 0x00, 0x00, 0x00, 0x00,
    0x00, 0x00, 0x00, 0x00, 0x00, 0x00, 0x00, 0x00, 0x00, 0x00, 0x00, 0x00, 0x00, 0x00, 0x00, 0x00,
    0x00, 0x00, 0x00, 0x00, 0x00, 0x00, 0x00, 0x00, 0x00, 0x00, 0x00, 0x00, 0x00, 0x00, 0x00, 0x00,
    0x00, 0x00, 0x00, 0x00, 0x00, 0x00, 0x00, 0x00, 0x00, 0x00, 0x00, 0x00, 0x00, 0x00, 0x00, 0x00,
    0x00, 0x00, 0x00, 0x00, 0x00, 0x00, 0x00, 0x00, 0x00, 0x00, 0x00, 0x00, 0x00, 0x00, 0x00, 0x00,
    0x00, 0x00, 0x00, 0x00, 0x00, 0x00, 0x00, 0x00, 0x00, 0x00, 0x00, 0x00, 0x00, 0x00, 0x00, 0x00,
    0x00, 0x00, 0x00, 0x00, 0x00, 0x00, 0x00, 0x00, 0x00, 0x00, 0x00, 0x00, 0x00, 0x00, 0x00, 0x00,
    0x00, 0x00, 0x00, 0x00, 0x00, 0x00, 0x00, 0x00, 0x00, 0x00, 0x00, 0x00, 0x00, 0x00, 0x00, 0x00,
    0x00, 0x00, 0x00, 0x00, 0x00, 0x00, 0x00, 0x00, 0x00, 0x00, 0x00, 0x00, 0x00, 0x00, 0x00, 0x00,
    0x00, 0x00, 0x00, 0x00, 0x00, 0x00, 0x00, 0x00, 0x00, 0x00, 0x00, 0x00, 0x00, 0x00, 0x00, 0x00,
    0x00, 0x00, 0x00, 0x00, 0x00, 0x00, 0x00, 0x00, 0x00, 0x00, 0x00, 0x00, 0x00, 0x00, 0x00, 0x00,
    0x00, 0x00, 0x00, 0x00, 0x00, 0x00, 0x00, 0x00, 0x00, 0x00, 0x00, 0x00, 0x00, 0x00, 0x00, 0x00,
    0x00, 0x00, 0x00, 0x00, 0x00, 0x00, 0x00, 0x00, 0x00, 0x00, 0x00, 0x00, 0x00, 0x00, 0x00, 0x00,
    0x00, 0x00, 0x00, 0x00, 0x00, 0x00, 0x00, 0x00, 0x00, 0x00, 0x00, 0x00, 0x00, 0x00, 0x00, 0x00,
    0x00, 0x00, 0x00, 0x00, 0x00, 0x00, 0x00, 0x00, 0x00, 0x00, 0x00, 0x00, 0xFF, 0xFF, 0x7F, 0x02,
    0xFF, 0xFF, 0xFF, 0x01, 0x00, 0x00, 0x00, 0x00, 0x00, 0x00, 0x00, 0x00, 0x00, 0x00, 0x00, 0x00,
    0x00, 0x00, 0x00, 0x00, 0xFF, 0xFF, 0x00, 0x01, 0x00, 0x00, 0x00, 0x00, 0xFF, 0xDA, 0x5A, 0xA6,
    0xFF, 0xEF, 0x62, 0xFF, 0xFE, 0xD6, 0x58, 0x71, 0xFF, 0xFF, 0x00, 0x01, 0xFF, 0xD5, 0x58, 0x31,
    0xFF, 0xD6, 0x57, 0x4C, 0xFF, 0xD5, 0x58, 0x2B, 0xFF, 0x00, 0x00, 0x01, 0xFF, 0xD7, 0x58, 0x81,
    0xFF, 0xF2, 0x63, 0xFF, 0xFF, 0xDB, 0x58, 0x95, 0x00, 0x00, 0x00, 0x00, 0xFF, 0xFF, 0x00, 0x01,
    0x00, 0x00, 0x00, 0x00, 0x00, 0x00, 0x00, 0x00, 0x00, 0x00, 0x00, 0x00, 0x00, 0x00, 0x00, 0x00,
    0x00, 0x00, 0x00, 0x00, 0x00, 0x00, 0x00, 0x00, 0x00, 0x00, 0x00, 0x00, 0x00, 0x00, 0x00, 0x00,
    0x00, 0x00, 0x00, 0x00, 0x00, 0x00, 0x00, 0x00, 0x00, 0x00, 0x00, 0x00, 0x00, 0x00, 0x00, 0x00,
    0x00, 0x00, 0x00, 0x00, 0x00, 0x00, 0x00, 0x00, 0x00, 0x00, 0x00, 0x00, 0x00, 0x00, 0x00, 0x00,
    0x00, 0x00, 0x00, 0x00, 0x00, 0x00, 0x00, 0x00, 0x00, 0x00, 0x00, 0x00, 0x00, 0x00, 0x00, 0x00,
    0x00, 0x00, 0x00, 0x00, 0x00, 0x00, 0x00, 0x00, 0x00, 0x00, 0x00, 0x00, 0x00, 0x00, 0x00, 0x00,
    0x00, 0x00, 0x00, 0x00, 0x00, 0x00, 0x00, 0x00, 0x00, 0x00, 0x00, 0x00, 0x00, 0x00, 0x00, 0x00,
    0x00, 0x00, 0x00, 0x00, 0x00, 0x00, 0x00, 0x00, 0x00, 0x00, 0x00, 0x00, 0x00, 0x00, 0x00, 0x00,
    0x00, 0x00, 0x00, 0x00, 0x00, 0x00, 0x00, 0x00, 0x00, 0x00, 0x00, 0x00, 0x00, 0x00, 0x00, 0x00,
    0x00, 0x00, 0x00, 0x00, 0xFF, 0xFF, 0x00, 0x01, 0x00, 0x00, 0x00, 0x00, 0xFF, 0xBF, 0x55, 0x0C,
    0xFF, 0xDD, 0x5A, 0xC3, 0xFF, 0xEA, 0x60, 0xFF, 0xFF, 0xD5, 0x58, 0x6E, 0xFF, 0xD4, 0x55, 0x06,
    0xFF, 0xCC, 0x55, 0x1E, 0xFF, 0xD0, 0x55, 0x21, 0xFF, 0xFF, 0x7F, 0x04, 0xFF, 0xD0, 0x55, 0x42,
    0xFF, 0xE1, 0x5C, 0xEB, 0xFF, 0xE1, 0x5D, 0xE4, 0xFE, 0xD1, 0x55, 0x65, 0xFE, 0xDD, 0x5B, 0xE0,
    0xFF, 0xE0, 0x5C, 0xFB, 0xFE, 0xD3, 0x56, 0x70, 0xFF, 0xFF, 0x55, 0x03, 0x00, 0x00, 0x00, 0x00,
    0xFF, 0xAA, 0x55, 0x03, 0xFF, 0xFF, 0x00, 0x01, 0x00, 0x00, 0x00, 0x00, 0x00, 0x00, 0x00, 0x00,
    0x00, 0x00, 0x00, 0x00, 0x00, 0x00, 0x00, 0x00, 0x00, 0x00, 0x00, 0x00, 0x00, 0x00, 0x00, 0x00,
    0x00, 0x00, 0x00, 0x00, 0x00, 0x00, 0x00, 0x00, 0x00, 0x00, 0x00, 0x00, 0x00, 0x00, 0x00, 0x00,
    0x00, 0x00, 0x00, 0x00, 0x00, 0x00, 0x00, 0x00, 0x00, 0x00, 0x00, 0x00, 0x00, 0x00, 0x00, 0x00,
    0x00, 0x00, 0x00, 0x00, 0x00, 0x00, 0x00, 0x00, 0x00, 0x00, 0x00, 0x00, 0x00, 0x00, 0x00, 0x00,
    0x00, 0x00, 0x00, 0x00, 0x00, 0x00, 0x00, 0x00, 0x00, 0x00, 0x00, 0x00, 0x00, 0x00, 0x00, 0x00,
    0x00, 0x00, 0x00, 0x00, 0x00, 0x00, 0x00, 0x00, 0x00, 0x00, 0x00, 0x00, 0x00, 0x00, 0x00, 0x00,
    0x00, 0x00, 0x00, 0x00, 0x00, 0x00, 0x00, 0x00, 0x00, 0x00, 0x00, 0x00, 0x00, 0x00, 0x00, 0x00,
    0x00, 0x00, 0x00, 0x00, 0x00, 0x00, 0x00, 0x00, 0x00, 0x00, 0x00, 0x00, 0x00, 0x00, 0x00, 0x00,
    0x00, 0x00, 0x00, 0x00, 0x00, 0x00, 0x00, 0x00, 0x00, 0x00, 0x00, 0x00, 0x00, 0x00, 0x00, 0x00,
    0x00, 0x00, 0x00, 0x00, 0x00, 0x00, 0x00, 0x00, 0x00, 0x00, 0x00, 0x00, 0x00, 0x00, 0x00, 0x00,
    0x00, 0x00, 0x00, 0x00, 0x00, 0x00, 0x00, 0x00, 0x00, 0x00, 0x00, 0x00, 0x00, 0x00, 0x00, 0x00,
    0x00, 0x00, 0x00, 0x00, 0x00, 0x00, 0x00, 0x00, 0x00, 0x00, 0x00, 0x00, 0x00, 0x00, 0x00, 0x00,
    0x00, 0x00, 0x00, 0x00, 0x00, 0x00, 0x00, 0x00, 0x00, 0x00, 0x00, 0x00, 0x00, 0x00, 0x00, 0x00,
    0x00, 0x00, 0x00, 0x00, 0x00, 0x00, 0x00, 0x00, 0x00, 0x00, 0x00, 0x00, 0x00, 0x00, 0x00, 0x00,
    0x00, 0x00, 0x00, 0x00, 0x00, 0x00, 0x00, 0x00, 0x00, 0x00, 0x00, 0x00, 0x00, 0x00, 0x00, 0x00,
    0x00, 0x00, 0x00, 0x00, 0x00, 0x00, 0x00, 0x00, 0x00, 0x00, 0x00, 0x00, 0x00, 0x00, 0x00, 0x00,
    0x00, 0x00, 0x00, 0x00, 0x00, 0x00, 0x00, 0x00, 0x00, 0x00, 0x00, 0x00, 0x00, 0x00, 0x00, 0x00,
    0xFF, 0xFF, 0x7F, 0x02, 0x00, 0x00, 0x00, 0x00, 0x00, 0x00, 0x00, 0x00, 0xFF, 0x00, 0x00, 0x01,
    0x00, 0x00, 0x00, 0x00, 0x00, 0x00, 0x00, 0x00, 0x00, 0x00, 0x00, 0x00, 0xFF, 0xFF, 0x00, 0x01,
    0x00, 0x00, 0x00, 0x00, 0xFF, 0xE5, 0x4C, 0x0A, 0xFE, 0xD8, 0x58, 0xA4, 0xFF, 0xEF, 0x63, 0xFF,
    0xFF, 0xDC, 0x5A, 0xDE, 0xFF, 0xD5, 0x57, 0x8E, 0xFF, 0xD8, 0x59, 0x72, 0xFF, 0xD5, 0x56, 0x93,
    0xFE, 0xDE, 0x5B, 0xE5, 0xFF, 0xEE, 0x62, 0xFF, 0xFF, 0xD6, 0x57, 0x97, 0xFF, 0xFF, 0x3F, 0x04,
    0x00, 0x00, 0x00, 0x00, 0xFF, 0x00, 0x00, 0x01, 0x00, 0x00, 0x00, 0x00, 0x00, 0x00, 0x00, 0x00,
    0x00, 0x00, 0x00, 0x00, 0x00, 0x00, 0x00, 0x00, 0x00, 0x00, 0x00, 0x00, 0x00, 0x00, 0x00, 0x00,
    0x00, 0x00, 0x00, 0x00, 0x00, 0x00, 0x00, 0x00, 0x00, 0x00, 0x00, 0x00, 0x00, 0x00, 0x00, 0x00,
    0x00, 0x00, 0x00, 0x00, 0x00, 0x00, 0x00, 0x00, 0x00, 0x00, 0x00, 0x00, 0x00, 0x00, 0x00, 0x00,
    0x00, 0x00, 0x00, 0x00, 0x00, 0x00, 0x00, 0x00, 0x00, 0x00, 0x00, 0x00, 0x00, 0x00, 0x00, 0x00,
    0x00, 0x00, 0x00, 0x00, 0x00, 0x00, 0x00, 0x00, 0x00, 0x00, 0x00, 0x00, 0x00, 0x00, 0x00, 0x00,
    0x00, 0x00, 0x00, 0x00, 0x00, 0x00, 0x00, 0x00, 0x00, 0x00, 0x00, 0x00, 0x00, 0x00, 0x00, 0x00,
    0x00, 0x00, 0x00, 0x00, 0x00, 0x00, 0x00, 0x00, 0x00, 0x00, 0x00, 0x00, 0x00, 0x00, 0x00, 0x00,
    0x00, 0x00, 0x00, 0x00, 0x00, 0x00, 0x00, 0x00, 0x00, 0x00, 0x00, 0x00, 0x00, 0x00, 0x00, 0x00,
    0x00, 0x00, 0x00, 0x00, 0x00, 0x00, 0x00, 0x00, 0x00, 0x00, 0x00, 0x00, 0x00, 0x00, 0x00, 0x00,
    0xFF, 0xFF, 0x00, 0x01, 0x00, 0x00, 0x00, 0x00, 0xFF, 0xD4, 0x55, 0x12, 0xFF, 0xD6, 0x57, 0xAB,
    0xFF, 0xEC, 0x62, 0xFF, 0xFF, 0xDF, 0x5B, 0xF0, 0xFF, 0xD6, 0x58, 0xBB, 0xFF, 0xD7, 0x58, 0xB3,
    0xFE, 0xD9, 0x59, 0xE2, 0xFF, 0xEE, 0x62, 0xFF, 0xFE, 0xDA, 0x59, 0xD1, 0xFF, 0xD2, 0x58, 0x2E,
    0x00, 0x00, 0x00, 0x00, 0xFF, 0xC3, 0x5A, 0x11, 0xFF, 0xD6, 0x58, 0x9C, 0xFF, 0xEB, 0x61, 0xFF,
    0xFE, 0xDB, 0x5A, 0xCA, 0xFF, 0xD4, 0x55, 0x30, 0x00, 0x00, 0x00, 0x00, 0xFF, 0xFF, 0x7F, 0x02,
    0xFF, 0xFF, 0x7F, 0x02, 0x00, 0x00, 0x00, 0x00, 0x00, 0x00, 0x00, 0x00, 0x00, 0x00, 0x00, 0x00,
    0x00, 0x00, 0x00, 0x00, 0x00, 0x00, 0x00, 0x00, 0x00, 0x00, 0x00, 0x00, 0x00, 0x00, 0x00, 0x00,
    0x00, 0x00, 0x00, 0x00, 0x00, 0x00, 0x00, 0x00, 0x00, 0x00, 0x00, 0x00, 0x00, 0x00, 0x00, 0x00,
    0x00, 0x00, 0x00, 0x00, 0x00, 0x00, 0x00, 0x00, 0x00, 0x00, 0x00, 0x00, 0x00, 0x00, 0x00, 0x00,
    0x00, 0x00, 0x00, 0x00, 0x00, 0x00, 0x00, 0x00, 0x00, 0x00, 0x00, 0x00, 0x00, 0x00, 0x00, 0x00,
    0x00, 0x00, 0x00, 0x00, 0x00, 0x00, 0x00, 0x00, 0x00, 0x00, 0x00, 0x00, 0x00, 0x00, 0x00, 0x00,
    0x00, 0x00, 0x00, 0x00, 0x00, 0x00, 0x00, 0x00, 0x00, 0x00, 0x00, 0x00, 0x00, 0x00, 0x00, 0x00,
    0x00, 0x00, 0x00, 0x00, 0x00, 0x00, 0x00, 0x00, 0x00, 0x00, 0x00, 0x00, 0x00, 0x00, 0x00, 0x00,
    0x00, 0x00, 0x00, 0x00, 0x00, 0x00, 0x00, 0x00, 0x00, 0x00, 0x00, 0x00, 0x00, 0x00, 0x00, 0x00,
    0x00, 0x00, 0x00, 0x00, 0x00, 0x00, 0x00, 0x00, 0x00, 0x00, 0x00, 0x00, 0x00, 0x00, 0x00, 0x00,
    0x00, 0x00, 0x00, 0x00, 0x00, 0x00, 0x00, 0x00, 0x00, 0x00, 0x00, 0x00, 0x00, 0x00, 0x00, 0x00,
    0x00, 0x00, 0x00, 0x00, 0x00, 0x00, 0x00, 0x00, 0x00, 0x00, 0x00, 0x00, 0x00, 0x00, 0x00, 0x00,
    0x00, 0x00, 0x00, 0x00, 0x00, 0x00, 0x00, 0x00, 0x00, 0x00, 0x00, 0x00, 0x00, 0x00, 0x00, 0x00,
    0x00, 0x00, 0x00, 0x00, 0x00, 0x00, 0x00, 0x00, 0x00, 0x00, 0x00, 0x00, 0x00, 0x00, 0x00, 0x00,
    0x00, 0x00, 0x00, 0x00, 0x00, 0x00, 0x00, 0x00, 0x00, 0x00, 0x00, 0x00, 0x00, 0x00, 0x00, 0x00,
    0x00, 0x00, 0x00, 0x00, 0x00, 0x00, 0x00, 0x00, 0x00, 0x00, 0x00, 0x00, 0x00, 0x00, 0x00, 0x00,
    0x00, 0x00, 0x00, 0x00, 0x00, 0x00, 0x00, 0x00, 0x00, 0x00, 0x00, 0x00, 0x00, 0x00, 0x00, 0x00,
    0xFF, 0xFF, 0x00, 0x01, 0xFF, 0xFF, 0x55, 0x03, 0x00, 0x00, 0x00, 0x00, 0xFF, 0xD5, 0x5A, 0x1F,
    0xFF, 0xD8, 0x58, 0xBB, 0xFF, 0xD7, 0x57, 0x8E, 0x00, 0x00, 0x00, 0x00, 0xFF, 0xFF, 0x7F, 0x02,
    0x00, 0x00, 0x00, 0x00, 0x00, 0x00, 0x00, 0x00, 0xFF, 0x00, 0x00, 0x01, 0xFF, 0xFF, 0xFF, 0x01,
    0x00, 0x00, 0x00, 0x00, 0xFF, 0xD7, 0x59, 0x4D, 0xFF, 0xD7, 0x58, 0xBC, 0xFF, 0xD8, 0x58, 0xF9,
    0xFF, 0xD9, 0x59, 0xFF, 0xFF, 0xD7, 0x59, 0xF8, 0xFE, 0xD9, 0x59, 0xB6, 0xFF, 0xD9, 0x56, 0x44,
    0x00, 0x00, 0x00, 0x00, 0xFF, 0x7F, 0x7F, 0x02, 0xFF, 0x00, 0x00, 0x01, 0x00, 0x00, 0x00, 0x00,
    0x00, 0x00, 0x00, 0x00, 0x00, 0x00, 0x00, 0x00, 0x00, 0x00, 0x00, 0x00, 0x00, 0x00, 0x00, 0x00,
    0x00, 0x00, 0x00, 0x00, 0x00, 0x00, 0x00, 0x00, 0x00, 0x00, 0x00, 0x00, 0x00, 0x00, 0x00, 0x00,
    0x00, 0x00, 0x00, 0x00, 0x00, 0x00, 0x00, 0x00, 0x00, 0x00, 0x00, 0x00, 0x00, 0x00, 0x00, 0x00,
    0x00, 0x00, 0x00, 0x00, 0x00, 0x00, 0x00, 0x00, 0x00, 0x00, 0x00, 0x00, 0x00, 0x00, 0x00, 0x00,
    0x00, 0x00, 0x00, 0x00, 0x00, 0x00, 0x00, 0x00, 0x00, 0x00, 0x00, 0x00, 0x00, 0x00, 0x00, 0x00,
    0x00, 0x00, 0x00, 0x00, 0x00, 0x00, 0x00, 0x00, 0x00, 0x00, 0x00, 0x00, 0x00, 0x00, 0x00, 0x00,
    0x00, 0x00, 0x00, 0x00, 0x00, 0x00, 0x00, 0x00, 0x00, 0x00, 0x00, 0x00, 0x00, 0x00, 0x00, 0x00,
    0x00, 0x00, 0x00, 0x00, 0x00, 0x00, 0x00, 0x00, 0x00, 0x00, 0x00, 0x00, 0x00, 0x00, 0x00, 0x00,
    0x00, 0x00, 0x00, 0x00, 0x00, 0x00, 0x00, 0x00, 0x00, 0x00, 0x00, 0x00, 0x00, 0x00, 0x00, 0x00,
    0x00, 0x00, 0x00, 0x00, 0x00, 0x00, 0x00, 0x00, 0x00, 0x00, 0x00, 0x00, 0xFF, 0xFF, 0x00, 0x01,
    0xFF, 0xFF, 0x00, 0x01, 0x00, 0x00, 0x00, 0x00, 0xFF, 0xD5, 0x5A, 0x3E, 0xFF, 0xD7, 0x58, 0x99,
    0xFF, 0xD8, 0x58, 0xCC, 0xFF, 0xD6, 0x58, 0xD2, 0xFF, 0xD9, 0x59, 0xA9, 0xFF, 0xD8, 0x58, 0x56,
    0xFE, 0xDA, 0x48, 0x07, 0x00, 0x00, 0x00, 0x00, 0xFF, 0xFF, 0x55, 0x03, 0xFF, 0xFF, 0x00, 0x01,
    0x00, 0x00, 0x00, 0x00, 0xFF, 0xD3, 0x56, 0x47, 0xFE, 0xDD, 0x5A, 0xE2, 0xFF, 0xE5, 0x5E, 0xFF,
    0xFF, 0xD5, 0x57, 0x80, 0xFF, 0xFF, 0x66, 0x05, 0x00, 0x00, 0x00, 0x00, 0xFF, 0xAA, 0x55, 0x03,
    0xFF, 0x00, 0x00, 0x01, 0x00, 0x00, 0x00, 0x00, 0x00, 0x00, 0x00, 0x00, 0x00, 0x00, 0x00, 0x00,
    0x00, 0x00, 0x00, 0x00, 0x00, 0x00, 0x00, 0x00, 0x00, 0x00, 0x00, 0x00, 0x00, 0x00, 0x00, 0x00,
    0x00, 0x00, 0x00, 0x00, 0x00, 0x00, 0x00, 0x00, 0x00, 0x00, 0x00, 0x00, 0x00, 0x00, 0x00, 0x00,
    0x00, 0x00, 0x00, 0x00, 0x00, 0x00, 0x00, 0x00, 0x00, 0x00, 0x00, 0x00, 0x00, 0x00, 0x00, 0x00,
    0x00, 0x00, 0x00, 0x00, 0x00, 0x00, 0x00, 0x00, 0x00, 0x00, 0x00, 0x00, 0x00, 0x00, 0x00, 0x00,
    0x00, 0x00, 0x00, 0x00, 0x00, 0x00, 0x00, 0x00, 0x00, 0x00, 0x00, 0x00, 0x00, 0x00, 0x00, 0x00,
    0x00, 0x00, 0x00, 0x00, 0x00, 0x00, 0x00, 0x00, 0x00, 0x00, 0x00, 0x00, 0x00, 0x00, 0x00, 0x00,
    0x00, 0x00, 0x00, 0x00, 0x00, 0x00, 0x00, 0x00, 0x00, 0x00, 0x00, 0x00, 0x00, 0x00, 0x00, 0x00,
    0x00, 0x00, 0x00, 0x00, 0x00, 0x00, 0x00, 0x00, 0x00, 0x00, 0x00, 0x00, 0x00, 0x00, 0x00, 0x00,
    0x00, 0x00, 0x00, 0x00, 0x00, 0x00, 0x00, 0x00, 0x00, 0x00, 0x00, 0x00, 0x00, 0x00, 0x00, 0x00,
    0x00, 0x00, 0x00, 0x00, 0x00, 0x00, 0x00, 0x00, 0x00, 0x00, 0x00, 0x00, 0x00, 0x00, 0x00, 0x00,
    0x00, 0x00, 0x00, 0x00, 0x00, 0x00, 0x00, 0x00, 0x00, 0x00, 0x00, 0x00, 0x00, 0x00, 0x00, 0x00,
    0x00, 0x00, 0x00, 0x00, 0x00, 0x00, 0x00, 0x00, 0x00, 0x00, 0x00, 0x00, 0x00, 0x00, 0x00, 0x00,
    0x00, 0x00, 0x00, 0x00, 0x00, 0x00, 0x00, 0x00, 0x00, 0x00, 0x00, 0x00, 0x00, 0x00, 0x00, 0x00,
    0x00, 0x00, 0x00, 0x00, 0x00, 0x00, 0x00, 0x00, 0x00, 0x00, 0x00, 0x00, 0x00, 0x00, 0x00, 0x00,
    0x00, 0x00, 0x00, 0x00, 0x00, 0x00, 0x00, 0x00, 0x00, 0x00, 0x00, 0x00, 0x00, 0x00, 0x00, 0x00,
    0x00, 0x00, 0x00, 0x00, 0xFF, 0x7F, 0x00, 0x02, 0xFF, 0xAA, 0x55, 0x03, 0x00, 0x00, 0x00, 0x00,
    0xFE, 0xD2, 0x56, 0x5B, 0xFF, 0xE1, 0x5D, 0xF4, 0xFF, 0xE1, 0x5C, 0xF7, 0xFF, 0xD0, 0x56, 0x58,
    0x00, 0x00, 0x00, 0x00, 0xFF, 0xFF, 0x7F, 0x02, 0x00, 0x00, 0x00, 0x00, 0x00, 0x00, 0x00, 0x00,
    0x00, 0x00, 0x00, 0x00, 0xFF, 0xFF, 0x00, 0x01, 0xFF, 0xFF, 0x00, 0x01, 0x00, 0x00, 0x00, 0x00,
    0x00, 0x00, 0x00, 0x00, 0xFF, 0xD4, 0x55, 0x06, 0xFF, 0xC9, 0x50, 0x13, 0xFF, 0xCC, 0x66, 0x05,
    0x00, 0x00, 0x00, 0x00, 0x00, 0x00, 0x00, 0x00, 0xFF, 0xFF, 0x00, 0x01, 0xFF, 0xFF, 0x00, 0x01,
    0x00, 0x00, 0x00, 0x00, 0x00, 0x00, 0x00, 0x00, 0x00, 0x00, 0x00, 0x00, 0x00, 0x00, 0x00, 0x00,
    0x00, 0x00, 0x00, 0x00, 0x00, 0x00, 0x00, 0x00, 0x00, 0x00, 0x00, 0x00, 0x00, 0x00, 0x00, 0x00,
    0x00, 0x00, 0x00, 0x00, 0x00, 0x00, 0x00, 0x00, 0x00, 0x00, 0x00, 0x00, 0x00, 0x00, 0x00, 0x00,
    0x00, 0x00, 0x00, 0x00, 0x00, 0x00, 0x00, 0x00, 0x00, 0x00, 0x00, 0x00, 0x00, 0x00, 0x00, 0x00,
    0x00, 0x00, 0x00, 0x00, 0x00, 0x00, 0x00, 0x00, 0x00, 0x00, 0x00, 0x00, 0x00, 0x00, 0x00, 0x00,
    0x00, 0x00, 0x00, 0x00, 0x00, 0x00, 0x00, 0x00, 0x00, 0x00, 0x00, 0x00, 0x00, 0x00, 0x00, 0x00,
    0x00, 0x00, 0x00, 0x00, 0x00, 0x00, 0x00, 0x00, 0x00, 0x00, 0x00, 0x00, 0x00, 0x00, 0x00, 0x00,
    0x00, 0x00, 0x00, 0x00, 0x00, 0x00, 0x00, 0x00, 0x00, 0x00, 0x00, 0x00, 0x00, 0x00, 0x00, 0x00,
    0x00, 0x00, 0x00, 0x00, 0x00, 0x00, 0x00, 0x00, 0x00, 0x00, 0x00, 0x00, 0x00, 0x00, 0x00, 0x00,
    0x00, 0x00, 0x00, 0x00, 0x00, 0x00, 0x00, 0x00, 0x00, 0x00, 0x00, 0x00, 0x00, 0x00, 0x00, 0x00,
    0x00, 0x00, 0x00, 0x00, 0x00, 0x00, 0x00, 0x00, 0xFF, 0xFF, 0x00, 0x01, 0xFF, 0x7F, 0x00, 0x02,
    0x00, 0x00, 0x00, 0x00, 0x00, 0x00, 0x00, 0x00, 0x00, 0x00, 0x00, 0x00, 0x00, 0x00, 0x00, 0x00,
    0x00, 0x00, 0x00, 0x00, 0x00, 0x00, 0x00, 0x00, 0xFF, 0xFF, 0x00, 0x01, 0xFF, 0x7F, 0x00, 0x02,
    0x00, 0x00, 0x00, 0x00, 0xFF, 0xFF, 0x00, 0x01, 0xFF, 0xAA, 0x55, 0x03, 0x00, 0x00, 0x00, 0x00,
    0xFF, 0xD7, 0x62, 0x0D, 0xFF, 0xD5, 0x57, 0x94, 0xFF, 0xEA, 0x60, 0xFF, 0xFF, 0xDD, 0x5A, 0xCE,
    0xFF, 0xD7, 0x55, 0x2D, 0x00, 0x00, 0x00, 0x00, 0xFF, 0xFF, 0x55, 0x03, 0xFF, 0xFF, 0x00, 0x01,
    0x00, 0x00, 0x00, 0x00, 0x00, 0x00, 0x00, 0x00, 0x00, 0x00, 0x00, 0x00, 0x00, 0x00, 0x00, 0x00,
    0x00, 0x00, 0x00, 0x00, 0x00, 0x00, 0x00, 0x00, 0x00, 0x00, 0x00, 0x00, 0x00, 0x00, 0x00, 0x00,
    0x00, 0x00, 0x00, 0x00, 0x00, 0x00, 0x00, 0x00, 0x00, 0x00, 0x00, 0x00, 0x00, 0x00, 0x00, 0x00,
    0x00, 0x00, 0x00, 0x00, 0x00, 0x00, 0x00, 0x00, 0x00, 0x00, 0x00, 0x00, 0x00, 0x00, 0x00, 0x00,
    0x00, 0x00, 0x00, 0x00, 0x00, 0x00, 0x00, 0x00, 0x00, 0x00, 0x00, 0x00, 0x00, 0x00, 0x00, 0x00,
    0x00, 0x00, 0x00, 0x00, 0x00, 0x00, 0x00, 0x00, 0x00, 0x00, 0x00, 0x00, 0x00, 0x00, 0x00, 0x00,
    0x00, 0x00, 0x00, 0x00, 0x00, 0x00, 0x00, 0x00, 0x00, 0x00, 0x00, 0x00, 0x00, 0x00, 0x00, 0x00,
    0x00, 0x00, 0x00, 0x00, 0x00, 0x00, 0x00, 0x00, 0x00, 0x00, 0x00, 0x00, 0x00, 0x00, 0x00, 0x00,
    0x00, 0x00, 0x00, 0x00, 0x00, 0x00, 0x00, 0x00, 0x00, 0x00, 0x00, 0x00, 0x00, 0x00, 0x00, 0x00,
    0x00, 0x00, 0x00, 0x00, 0x00, 0x00, 0x00, 0x00, 0x00, 0x00, 0x00, 0x00, 0x00, 0x00, 0x00, 0x00,
    0x00, 0x00, 0x00, 0x00, 0x00, 0x00, 0x00, 0x00, 0x00, 0x00, 0x00, 0x00, 0x00, 0x00, 0x00, 0x00,
    0x00, 0x00, 0x00, 0x00, 0x00, 0x00, 0x00, 0x00, 0x00, 0x00, 0x00, 0x00, 0x00, 0x00, 0x00, 0x00,
    0x00, 0x00, 0x00, 0x00, 0x00, 0x00, 0x00, 0x00, 0x00, 0x00, 0x00, 0x00, 0x00, 0x00, 0x00, 0x00,
    0x00, 0x00, 0x00, 0x00, 0x00, 0x00, 0x00, 0x00, 0x00, 0x00, 0x00, 0x00, 0x00, 0x00, 0x00, 0x00,
    0x00, 0x00, 0x00, 0x00, 0x00, 0x00, 0x00, 0x00, 0x00, 0x00, 0x00, 0x00, 0x00, 0x00, 0x00, 0x00,
    0x00, 0x00, 0x00, 0x00, 0x00, 0x00, 0x00, 0x00, 0xFF, 0xFF, 0x7F, 0x02, 0x00, 0x00, 0x00, 0x00,
    0xFF, 0xCC, 0x33, 0x05, 0xFF, 0xD9, 0x57, 0x94, 0xFF, 0xEF, 0x62, 0xFF, 0xFF, 0xD9, 0x59, 0xB7,
    0xFE, 0xD1, 0x51, 0x1C, 0x00, 0x00, 0x00, 0x00, 0xFF, 0xFF, 0x00, 0x01, 0x00, 0x00, 0x00, 0x00,
    0x00, 0x00, 0x00, 0x00, 0x00, 0x00, 0x00, 0x00, 0x00, 0x00, 0x00, 0x00, 0x00, 0x00, 0x00, 0x00,
    0x00, 0x00, 0x00, 0x00, 0xFF, 0xAA, 0x55, 0x03, 0xFF, 0xFF, 0xFF, 0x01, 0x00, 0x00, 0x00, 0x00,
    0x00, 0x00, 0x00, 0x00, 0x00, 0x00, 0x00, 0x00, 0xFF, 0xFF, 0xFF, 0x01, 0xFF, 0xAA, 0x55, 0x03,
    0x00, 0x00, 0x00, 0x00, 0x00, 0x00, 0x00, 0x00, 0x00, 0x00, 0x00, 0x00, 0x00, 0x00, 0x00, 0x00,
    0x00, 0x00, 0x00, 0x00, 0x00, 0x00, 0x00, 0x00, 0x00, 0x00, 0x00, 0x00, 0x00, 0x00, 0x00, 0x00,
    0x00, 0x00, 0x00, 0x00, 0x00, 0x00, 0x00, 0x00, 0x00, 0x00, 0x00, 0x00, 0x00, 0x00, 0x00, 0x00,
    0x00, 0x00, 0x00, 0x00, 0x00, 0x00, 0x00, 0x00, 0x00, 0x00, 0x00, 0x00, 0x00, 0x00, 0x00, 0x00,
    0x00, 0x00, 0x00, 0x00, 0x00, 0x00, 0x00, 0x00, 0x00, 0x00, 0x00, 0x00, 0x00, 0x00, 0x00, 0x00,
    0x00, 0x00, 0x00, 0x00, 0x00, 0x00, 0x00, 0x00, 0x00, 0x00, 0x00, 0x00, 0x00, 0x00, 0x00, 0x00,
    0x00, 0x00, 0x00, 0x00, 0x00, 0x00, 0x00, 0x00, 0x00, 0x00, 0x00, 0x00, 0x00, 0x00, 0x00, 0x00,
    0x00, 0x00, 0x00, 0x00, 0x00, 0x00, 0x00, 0x00, 0x00, 0x00, 0x00, 0x00, 0x00, 0x00, 0x00, 0x00,
    0x00, 0x00, 0x00, 0x00, 0x00, 0x00, 0x00, 0x00, 0x00, 0x00, 0x00, 0x00, 0x00, 0x00, 0x00, 0x00,
    0x00, 0x00, 0x00, 0x00, 0x00, 0x00, 0x00, 0x00, 0x00, 0x00, 0x00, 0x00, 0x00, 0x00, 0x00, 0x00,
    0x00, 0x00, 0x00, 0x00, 0x00, 0x00, 0x00, 0x00, 0x00, 0x00, 0x00, 0x00, 0x00, 0x00, 0x00, 0x00,
    0x00, 0x00, 0x00, 0x00, 0x00, 0x00, 0x00, 0x00, 0xFF, 0xFF, 0x7F, 0x02, 0xFF, 0xAA, 0x55, 0x03,
    0x00, 0x00, 0x00, 0x00, 0x00, 0x00, 0x00, 0x00, 0xFF, 0xFF, 0x7F, 0x02, 0xFF, 0xFF, 0x55, 0x03,
    0x00, 0x00, 0x00, 0x00, 0x00, 0x00, 0x00, 0x00, 0x00, 0x00, 0x00, 0x00, 0x00, 0x00, 0x00, 0x00,
    0x00, 0x00, 0x00, 0x00, 0xFF, 0xFF, 0x00, 0x02, 0xFF, 0xFF, 0x7F, 0x02, 0x00, 0x00, 0x00, 0x00,
    0xFF, 0xD3, 0x56, 0x41, 0xFE, 0xDD, 0x5B, 0xDF, 0xFF, 0xE2, 0x5D, 0xFE, 0xFF, 0xD2, 0x58, 0x6E,
    0x00, 0x00, 0x00, 0x00, 0xFF, 0xFF, 0x00, 0x01, 0xFF, 0xFF, 0x7F, 0x02, 0x00, 0x00, 0x00, 0x00,
    0x00, 0x00, 0x00, 0x00, 0x00, 0x00, 0x00, 0x00, 0x00, 0x00, 0x00, 0x00, 0x00, 0x00, 0x00, 0x00,
    0x00, 0x00, 0x00, 0x00, 0x00, 0x00, 0x00, 0x00, 0x00, 0x00, 0x00, 0x00, 0x00, 0x00, 0x00, 0x00,
    0x00, 0x00, 0x00, 0x00, 0x00, 0x00, 0x00, 0x00, 0x00, 0x00, 0x00, 0x00, 0x00, 0x00, 0x00, 0x00,
    0x00, 0x00, 0x00, 0x00, 0x00, 0x00, 0x00, 0x00, 0x00, 0x00, 0x00, 0x00, 0x00, 0x00, 0x00, 0x00,
    0x00, 0x00, 0x00, 0x00, 0x00, 0x00, 0x00, 0x00, 0x00, 0x00, 0x00, 0x00, 0x00, 0x00, 0x00, 0x00,
    0x00, 0x00, 0x00, 0x00, 0x00, 0x00, 0x00, 0x00, 0x00, 0x00, 0x00, 0x00, 0x00, 0x00, 0x00, 0x00,
    0x00, 0x00, 0x00, 0x00, 0x00, 0x00, 0x00, 0x00, 0x00, 0x00, 0x00, 0x00, 0x00, 0x00, 0x00, 0x00,
    0x00, 0x00, 0x00, 0x00, 0x00, 0x00, 0x00, 0x00, 0x00, 0x00, 0x00, 0x00, 0x00, 0x00, 0x00, 0x00,
    0x00, 0x00, 0x00, 0x00, 0x00, 0x00, 0x00, 0x00, 0x00, 0x00, 0x00, 0x00, 0x00, 0x00, 0x00, 0x00,
    0x00, 0x00, 0x00, 0x00, 0x00, 0x00, 0x00, 0x00, 0x00, 0x00, 0x00, 0x00, 0x00, 0x00, 0x00, 0x00,
    0x00, 0x00, 0x00, 0x00, 0x00, 0x00, 0x00, 0x00, 0x00, 0x00, 0x00, 0x00, 0x00, 0x00, 0x00, 0x00,
    0x00, 0x00, 0x00, 0x00, 0x00, 0x00, 0x00, 0x00, 0x00, 0x00, 0x00, 0x00, 0x00, 0x00, 0x00, 0x00,
    0x00, 0x00, 0x00, 0x00, 0x00, 0x00, 0x00, 0x00, 0x00, 0x00, 0x00, 0x00, 0x00, 0x00, 0x00, 0x00,
    0x00, 0x00, 0x00, 0x00, 0x00, 0x00, 0x00, 0x00, 0x00, 0x00, 0x00, 0x00, 0x00, 0x00, 0x00, 0x00,
    0x00, 0x00, 0x00, 0x00, 0x00, 0x00, 0x00, 0x00, 0x00, 0x00, 0x00, 0x00, 0xFF, 0xFF, 0x55, 0x03,
    0x00, 0x00, 0x00, 0x00, 0xFF, 0xD0, 0x51, 0x16, 0xFF, 0xDD, 0x5B, 0xC1, 0xFF, 0xE6, 0x5E, 0xFF,
    0xFF, 0xD5, 0x57, 0x6F, 0x00, 0x00, 0x00, 0x00, 0xFF, 0xFF, 0x00, 0x01, 0xFF, 0x7F, 0x7F, 0x02,
    0x00, 0x00, 0x00, 0x00, 0x00, 0x00, 0x00, 0x00, 0x00, 0x00, 0x00, 0x00, 0x00, 0x00, 0x00, 0x00,
    0x00, 0x00, 0x00, 0x00, 0x00, 0x00, 0x00, 0x00, 0x00, 0x00, 0x00, 0x00, 0x00, 0x00, 0x00, 0x00,
    0x00, 0x00, 0x00, 0x00, 0x00, 0x00, 0x00, 0x00, 0xFF, 0xFF, 0x00, 0x01, 0x00, 0x00, 0x00, 0x00,
    0x00, 0x00, 0x00, 0x00, 0x00, 0x00, 0x00, 0x00, 0x00, 0x00, 0x00, 0x00, 0x00, 0x00, 0x00, 0x00,
    0x00, 0x00, 0x00, 0x00, 0x00, 0x00, 0x00, 0x00, 0x00, 0x00, 0x00, 0x00, 0x00, 0x00, 0x00, 0x00,
    0x00, 0x00, 0x00, 0x00, 0x00, 0x00, 0x00, 0x00, 0x00, 0x00, 0x00, 0x00, 0x00, 0x00, 0x00, 0x00,
    0x00, 0x00, 0x00, 0x00, 0x00, 0x00, 0x00, 0x00, 0x00, 0x00, 0x00, 0x00, 0x00, 0x00, 0x00, 0x00,
    0x00, 0x00, 0x00, 0x00, 0x00, 0x00, 0x00, 0x00, 0x00, 0x00, 0x00, 0x00, 0x00, 0x00, 0x00, 0x00,
    0x00, 0x00, 0x00, 0x00, 0x00, 0x00, 0x00, 0x00, 0x00, 0x00, 0x00, 0x00, 0x00, 0x00, 0x00, 0x00,
    0x00, 0x00, 0x00, 0x00, 0x00, 0x00, 0x00, 0x00, 0x00, 0x00, 0x00, 0x00, 0x00, 0x00, 0x00, 0x00,
    0x00, 0x00, 0x00, 0x00, 0x00, 0x00, 0x00, 0x00, 0x00, 0x00, 0x00, 0x00, 0x00, 0x00, 0x00, 0x00,
    0x00, 0x00, 0x00, 0x00, 0x00, 0x00, 0x00, 0x00, 0x00, 0x00, 0x00, 0x00, 0x00, 0x00, 0x00, 0x00,
    0x00, 0x00, 0x00, 0x00, 0x00, 0x00, 0x00, 0x00, 0x00, 0x00, 0x00, 0x00, 0x00, 0x00, 0x00, 0x00,
    0x00, 0x00, 0x00, 0x00, 0x00, 0x00, 0x00, 0x00, 0x00, 0x00, 0x00, 0x00, 0x00, 0x00, 0x00, 0x00,
    0x00, 0x00, 0x00, 0x00, 0x00, 0x00, 0x00, 0x00, 0x00, 0x00, 0x00, 0x00, 0x00, 0x00, 0x00, 0x00,
    0x00, 0x00, 0x00, 0x00, 0x00, 0x00, 0x00, 0x00, 0x00, 0x00, 0x00, 0x00, 0x00, 0x00, 0x00, 0x00,
    0x00, 0x00, 0x00, 0x00, 0x00, 0x00, 0x00, 0x00, 0x00, 0x00, 0x00, 0x00, 0x00, 0x00, 0x00, 0x00,
    0x00, 0x00, 0x00, 0x00, 0x00, 0x00, 0x00, 0x00, 0x00, 0x00, 0x00, 0x00, 0x00, 0x00, 0x00, 0x00,
    0xFF, 0xFF, 0x00, 0x01, 0xFF, 0xFF, 0x55, 0x03, 0x00, 0x00, 0x00, 0x00, 0xFF, 0xE7, 0x5C, 0x0B,
    0xFF, 0xD7, 0x58, 0x96, 0xFF, 0xEC, 0x61, 0xFF, 0xFF, 0xDA, 0x59, 0xB1, 0xFF, 0xD6, 0x50, 0x13,
    0x00, 0x00, 0x00, 0x00, 0xFF, 0xFF, 0x55, 0x03, 0x00, 0x00, 0x00, 0x00, 0x00, 0x00, 0x00, 0x00,
    0x00, 0x00, 0x00, 0x00, 0x00, 0x00, 0x00, 0x00, 0x00, 0x00, 0x00, 0x00, 0x00, 0x00, 0x00, 0x00,
    0x00, 0x00, 0x00, 0x00, 0x00, 0x00, 0x00, 0x00, 0x00, 0x00, 0x00, 0x00, 0x00, 0x00, 0x00, 0x00,
    0x00, 0x00, 0x00, 0x00, 0x00, 0x00, 0x00, 0x00, 0x00, 0x00, 0x00, 0x00, 0x00, 0x00, 0x00, 0x00,
    0x00, 0x00, 0x00, 0x00, 0x00, 0x00, 0x00, 0x00, 0x00, 0x00, 0x00, 0x00, 0x00, 0x00, 0x00, 0x00,
    0x00, 0x00, 0x00, 0x00, 0x00, 0x00, 0x00, 0x00, 0x00, 0x00, 0x00, 0x00, 0x00, 0x00, 0x00, 0x00,
    0x00, 0x00, 0x00, 0x00, 0x00, 0x00, 0x00, 0x00, 0x00, 0x00, 0x00, 0x00, 0x00, 0x00, 0x00, 0x00,
    0x00, 0x00, 0x00, 0x00, 0x00, 0x00, 0x00, 0x00, 0x00, 0x00, 0x00, 0x00, 0x00, 0x00, 0x00, 0x00,
    0x00, 0x00, 0x00, 0x00, 0x00, 0x00, 0x00, 0x00, 0x00, 0x00, 0x00, 0x00, 0x00, 0x00, 0x00, 0x00,
    0x00, 0x00, 0x00, 0x00, 0x00, 0x00, 0x00, 0x00, 0x00, 0x00, 0x00, 0x00, 0x00, 0x00, 0x00, 0x00,
    0x00, 0x00, 0x00, 0x00, 0x00, 0x00, 0x00, 0x00, 0x00, 0x00, 0x00, 0x00, 0x00, 0x00, 0x00, 0x00,
    0x00, 0x00, 0x00, 0x00, 0x00, 0x00, 0x00, 0x00, 0x00, 0x00, 0x00, 0x00, 0x00, 0x00, 0x00, 0x00,
    0x00, 0x00, 0x00, 0x00, 0x00, 0x00, 0x00, 0x00, 0x00, 0x00, 0x00, 0x00, 0x00, 0x00, 0x00, 0x00,
    0x00, 0x00, 0x00, 0x00, 0x00, 0x00, 0x00, 0x00, 0x00, 0x00, 0x00, 0x00, 0x00, 0x00, 0x00, 0x00,
    0x00, 0x00, 0x00, 0x00, 0x00, 0x00, 0x00, 0x00, 0x00, 0x00, 0x00, 0x00, 0x00, 0x00, 0x00, 0x00,
    0xFF, 0xBF, 0x3F, 0x04, 0x00, 0x00, 0x00, 0x00, 0xFF, 0xCE, 0x55, 0x2A, 0xFE, 0xDF, 0x5B, 0xE2,
    0xFF, 0xDE, 0x5A, 0xE6, 0xFF, 0xD0, 0x53, 0x37, 0x00, 0x00, 0x00, 0x00, 0xFF, 0xAA, 0x55, 0x03,
    0xFF, 0x7F, 0x7F, 0x02, 0x00, 0x00, 0x00, 0x00, 0x00, 0x00, 0x00, 0x00, 0x00, 0x00, 0x00, 0x00,
    0x00, 0x00, 0x00, 0x00, 0x00, 0x00, 0x00, 0x00, 0x00, 0x00, 0x00, 0x00, 0x00, 0x00, 0x00, 0x00,
    0x00, 0x00, 0x00, 0x00, 0x00, 0x00, 0x00, 0x00, 0x00, 0x00, 0x00, 0x00, 0x00, 0x00, 0x00, 0x00,
    0x00, 0x00, 0x00, 0x00, 0x00, 0x00, 0x00, 0x00, 0x00, 0x00, 0x00, 0x00, 0x00, 0x00, 0x00, 0x00,
    0x00, 0x00, 0x00, 0x00, 0x00, 0x00, 0x00, 0x00, 0x00, 0x00, 0x00, 0x00, 0x00, 0x00, 0x00, 0x00,
    0x00, 0x00, 0x00, 0x00, 0x00, 0x00, 0x00, 0x00, 0x00, 0x00, 0x00, 0x00, 0x00, 0x00, 0x00, 0x00,
    0x00, 0x00, 0x00, 0x00, 0x00, 0x00, 0x00, 0x00, 0x00, 0x00, 0x00, 0x00, 0x00, 0x00, 0x00, 0x00,
    0x00, 0x00, 0x00, 0x00, 0x00, 0x00, 0x00, 0x00, 0x00, 0x00, 0x00, 0x00, 0x00, 0x00, 0x00, 0x00,
    0x00, 0x00, 0x00, 0x00, 0x00, 0x00, 0x00, 0x00, 0x00, 0x00, 0x00, 0x00, 0x00, 0x00, 0x00, 0x00,
    0x00, 0x00, 0x00, 0x00, 0x00, 0x00, 0x00, 0x00, 0x00, 0x00, 0x00, 0x00, 0x00, 0x00, 0x00, 0x00,
    0x00, 0x00, 0x00, 0x00, 0x00, 0x00, 0x00, 0x00, 0x00, 0x00, 0x00, 0x00, 0x00, 0x00, 0x00, 0x00,
    0x00, 0x00, 0x00, 0x00, 0x00, 0x00, 0x00, 0x00, 0x00, 0x00, 0x00, 0x00, 0x00, 0x00, 0x00, 0x00,
    0x00, 0x00, 0x00, 0x00, 0x00, 0x00, 0x00, 0x00, 0x00, 0x00, 0x00, 0x00, 0x00, 0x00, 0x00, 0x00,
    0x00, 0x00, 0x00, 0x00, 0x00, 0x00, 0x00, 0x00, 0x00, 0x00, 0x00, 0x00, 0x00, 0x00, 0x00, 0x00,
    0x00, 0x00, 0x00, 0x00, 0x00, 0x00, 0x00, 0x00, 0x00, 0x00, 0x00, 0x00, 0x00, 0x00, 0x00, 0x00,
    0x00, 0x00, 0x00, 0x00, 0x00, 0x00, 0x00, 0x00, 0x00, 0x00, 0x00, 0x00, 0x00, 0x00, 0x00, 0x00,
    0x00, 0x00, 0x00, 0x00, 0x00, 0x00, 0x00, 0x00, 0x00, 0x00, 0x00, 0x00, 0x00, 0x00, 0x00, 0x00,
    0x00, 0x00, 0x00, 0x00, 0x00, 0x00, 0x00, 0x00, 0x00, 0x00, 0x00, 0x00, 0x00, 0x00, 0x00, 0x00,
    0x00, 0x00, 0x00, 0x00, 0x00, 0x00, 0x00, 0x00, 0x00, 0x00, 0x00, 0x00, 0x00, 0x00, 0x00, 0x00,
    0xFF, 0xAA, 0x00, 0x03, 0xFF, 0xFF, 0x7F, 0x02, 0x00, 0x00, 0x00, 0x00, 0xFF, 0xD4, 0x55, 0x4E,
    0xFF, 0xDF, 0x5C, 0xF0, 0xFF, 0xDF, 0x5B, 0xE4, 0xFF, 0xD0, 0x53, 0x37, 0x00, 0x00, 0x00, 0x00,
    0xFF, 0xFF, 0x55, 0x03, 0xFF, 0xFF, 0x00, 0x01, 0x00, 0x00, 0x00, 0x00, 0x00, 0x00, 0x00, 0x00,
    0x00, 0x00, 0x00, 0x00, 0x00, 0x00, 0x00, 0x00, 0x00, 0x00, 0x00, 0x00, 0x00, 0x00, 0x00, 0x00,
    0x00, 0x00, 0x00, 0x00, 0x00, 0x00, 0x00, 0x00, 0x00, 0x00, 0x00, 0x00, 0x00, 0x00, 0x00, 0x00,
    0x00, 0x00, 0x00, 0x00, 0x00, 0x00, 0x00, 0x00, 0x00, 0x00, 0x00, 0x00, 0x00, 0x00, 0x00, 0x00,
    0x00, 0x00, 0x00, 0x00, 0x00, 0x00, 0x00, 0x00, 0x00, 0x00, 0x00, 0x00, 0x00, 0x00, 0x00, 0x00,
    0x00, 0x00, 0x00, 0x00, 0x00, 0x00, 0x00, 0x00, 0x00, 0x00, 0x00, 0x00, 0x00, 0x00, 0x00, 0x00,
    0x00, 0x00, 0x00, 0x00, 0x00, 0x00, 0x00, 0x00, 0x00, 0x00, 0x00, 0x00, 0x00, 0x00, 0x00, 0x00,
    0x00, 0x00, 0x00, 0x00, 0x00, 0x00, 0x00, 0x00, 0x00, 0x00, 0x00, 0x00, 0x00, 0x00, 0x00, 0x00,
    0x00, 0x00, 0x00, 0x00, 0x00, 0x00, 0x00, 0x00, 0x00, 0x00, 0x00, 0x00, 0x00, 0x00, 0x00, 0x00,
    0x00, 0x00, 0x00, 0x00, 0x00, 0x00, 0x00, 0x00, 0x00, 0x00, 0x00, 0x00, 0x00, 0x00, 0x00, 0x00,
    0x00, 0x00, 0x00, 0x00, 0x00, 0x00, 0x00, 0x00, 0x00, 0x00, 0x00, 0x00, 0x00, 0x00, 0x00, 0x00,
    0x00, 0x00, 0x00, 0x00, 0x00, 0x00, 0x00, 0x00, 0x00, 0x00, 0x00, 0x00, 0x00, 0x00, 0x00, 0x00,
    0x00, 0x00, 0x00, 0x00, 0x00, 0x00, 0x00, 0x00, 0x00, 0x00, 0x00, 0x00, 0x00, 0x00, 0x00, 0x00,
    0x00, 0x00, 0x00, 0x00, 0x00, 0x00, 0x00, 0x00, 0x00, 0x00, 0x00, 0x00, 0x00, 0x00, 0x00, 0x00,
    0x00, 0x00, 0x00, 0x00, 0xFF, 0xBF, 0x7F, 0x04, 0x00, 0x00, 0x00, 0x00, 0xFF, 0xCF, 0x52, 0x41,
    0xFF, 0xDE, 0x5B, 0xF7, 0xFF, 0xDC, 0x5A, 0xC0, 0xFF, 0xC9, 0x50, 0x13, 0x00, 0x00, 0x00, 0x00,
    0xFF, 0xFF, 0x55, 0x03, 0x00, 0x00, 0x00, 0x00, 0x00, 0x00, 0x00, 0x00, 0x00, 0x00, 0x00, 0x00,
    0x00, 0x00, 0x00, 0x00, 0x00, 0x00, 0x00, 0x00, 0x00, 0x00, 0x00, 0x00, 0x00, 0x00, 0x00, 0x00,
    0x00, 0x00, 0x00, 0x00, 0x00, 0x00, 0x00, 0x00, 0x00, 0x00, 0x00, 0x00, 0x00, 0x00, 0x00, 0x00,
    0x00, 0x00, 0x00, 0x00, 0x00, 0x00, 0x00, 0x00, 0x00, 0x00, 0x00, 0x00, 0x00, 0x00, 0x00, 0x00,
    0x00, 0x00, 0x00, 0x00, 0x00, 0x00, 0x00, 0x00, 0x00, 0x00, 0x00, 0x00, 0x00, 0x00, 0x00, 0x00,
    0x00, 0x00, 0x00, 0x00, 0x00, 0x00, 0x00, 0x00, 0x00, 0x00, 0x00, 0x00, 0x00, 0x00, 0x00, 0x00,
    0x00, 0x00, 0x00, 0x00, 0x00, 0x00, 0x00, 0x00, 0x00, 0x00, 0x00, 0x00, 0x00, 0x00, 0x00, 0x00,
    0x00, 0x00, 0x00, 0x00, 0x00, 0x00, 0x00, 0x00, 0x00, 0x00, 0x00, 0x00, 0x00, 0x00, 0x00, 0x00,
    0x00, 0x00, 0x00, 0x00, 0x00, 0x00, 0x00, 0x00, 0x00, 0x00, 0x00, 0x00, 0x00, 0x00, 0x00, 0x00,
    0x00, 0x00, 0x00, 0x00, 0x00, 0x00, 0x00, 0x00, 0x00, 0x00, 0x00, 0x00, 0x00, 0x00, 0x00, 0x00,
    0x00, 0x00, 0x00, 0x00, 0x00, 0x00, 0x00, 0x00, 0x00, 0x00, 0x00, 0x00, 0x00, 0x00, 0x00, 0x00,
    0x00, 0x00, 0x00, 0x00, 0x00, 0x00, 0x00, 0x00, 0x00, 0x00, 0x00, 0x00, 0x00, 0x00, 0x00, 0x00,
    0x00, 0x00, 0x00, 0x00, 0x00, 0x00, 0x00, 0x00, 0x00, 0x00, 0x00, 0x00, 0x00, 0x00, 0x00, 0x00,
    0x00, 0x00, 0x00, 0x00, 0x00, 0x00, 0x00, 0x00, 0x00, 0x00, 0x00, 0x00, 0x00, 0x00, 0x00, 0x00,
    0x00, 0x00, 0x00, 0x00, 0x00, 0x00, 0x00, 0x00, 0x00, 0x00, 0x00, 0x00, 0x00, 0x00, 0x00, 0x00,
    0x00, 0x00, 0x00, 0x00, 0x00, 0x00, 0x00, 0x00, 0x00, 0x00, 0x00, 0x00, 0x00, 0x00, 0x00, 0x00,
    0x00, 0x00, 0x00, 0x00, 0x00, 0x00, 0x00, 0x00, 0x00, 0x00, 0x00, 0x00, 0x00, 0x00, 0x00, 0x00,
    0x00, 0x00, 0x00, 0x00, 0x00, 0x00, 0x00, 0x00, 0x00, 0x00, 0x00, 0x00, 0x00, 0x00, 0x00, 0x00,
    0x00, 0x00, 0x00, 0x00, 0x00, 0x00, 0x00, 0x00, 0x00, 0x00, 0x00, 0x00, 0x00, 0x00, 0x00, 0x00,
    0x00, 0x00, 0x00, 0x00, 0x00, 0x00, 0x00, 0x00, 0x00, 0x00, 0x00, 0x00, 0xFF, 0xFF, 0x00, 0x01,
    0xFF, 0xFF, 0x55, 0x03, 0x00, 0x00, 0x00, 0x00, 0xFF, 0xD4, 0x55, 0x18, 0xFF, 0xDC, 0x5A, 0xC0,
    0xFF, 0xE4, 0x5D, 0xFF, 0xFF, 0xD5, 0x58, 0x62, 0x00, 0x00, 0x00, 0x00, 0xFF, 0xFF, 0x55, 0x03,
    0xFF, 0xFF, 0x00, 0x01, 0x00, 0x00, 0x00, 0x00, 0x00, 0x00, 0x00, 0x00, 0x00, 0x00, 0x00, 0x00,
    0x00, 0x00, 0x00, 0x00, 0x00, 0x00, 0x00, 0x00, 0x00, 0x00, 0x00, 0x00, 0x00, 0x00, 0x00, 0x00,
    0x00, 0x00, 0x00, 0x00, 0x00, 0x00, 0x00, 0x00, 0x00, 0x00, 0x00, 0x00, 0x00, 0x00, 0x00, 0x00,
    0x00, 0x00, 0x00, 0x00, 0x00, 0x00, 0x00, 0x00, 0x00, 0x00, 0x00, 0x00, 0x00, 0x00, 0x00, 0x00,
    0x00, 0x00, 0x00, 0x00, 0x00, 0x00, 0x00, 0x00, 0x00, 0x00, 0x00, 0x00, 0x00, 0x00, 0x00, 0x00,
    0x00, 0x00, 0x00, 0x00, 0x00, 0x00, 0x00, 0x00, 0x00, 0x00, 0x00, 0x00, 0x00, 0x00, 0x00, 0x00,
    0x00, 0x00, 0x00, 0x00, 0x00, 0x00, 0x00, 0x00, 0x00, 0x00, 0x00, 0x00, 0x00, 0x00, 0x00, 0x00,
    0x00, 0x00, 0x00, 0x00, 0x00, 0x00, 0x00, 0x00, 0x00, 0x00, 0x00, 0x00, 0x00, 0x00, 0x00, 0x00,
    0x00, 0x00, 0x00, 0x00, 0x00, 0x00, 0x00, 0x00, 0x00, 0x00, 0x00, 0x00, 0x00, 0x00, 0x00, 0x00,
    0x00, 0x00, 0x00, 0x00, 0x00, 0x00, 0x00, 0x00, 0x00, 0x00, 0x00, 0x00, 0x00, 0x00, 0x00, 0x00,
    0x00, 0x00, 0x00, 0x00, 0x00, 0x00, 0x00, 0x00, 0x00, 0x00, 0x00, 0x00, 0x00, 0x00, 0x00, 0x00,
    0x00, 0x00, 0x00, 0x00, 0x00, 0x00, 0x00, 0x00, 0x00, 0x00, 0x00, 0x00, 0x00, 0x00, 0x00, 0x00,
    0x00, 0x00, 0x00, 0x00, 0x00, 0x00, 0x00, 0x00, 0x00, 0x00, 0x00, 0x00, 0x00, 0x00, 0x00, 0x00,
    0x00, 0x00, 0x00, 0x00, 0x00, 0x00, 0x00, 0x00, 0xFF, 0xFF, 0x55, 0x03, 0x00, 0x00, 0x00, 0x00,
    0xFF, 0xD6, 0x58, 0x59, 0xFF, 0xE3, 0x5D, 0xFF, 0xFF, 0xDA, 0x5A, 0x9B, 0xFF, 0x7F, 0x00, 0x02,
    0x00, 0x00, 0x00, 0x00, 0xFF, 0xAA, 0x55, 0x03, 0x00, 0x00, 0x00, 0x00, 0x00, 0x00, 0x00, 0x00,
    0x00, 0x00, 0x00, 0x00, 0x00, 0x00, 0x00, 0x00, 0x00, 0x00, 0x00, 0x00, 0x00, 0x00, 0x00, 0x00,
    0x00, 0x00, 0x00, 0x00, 0x00, 0x00, 0x00, 0x00, 0x00, 0x00, 0x00, 0x00, 0x00, 0x00, 0x00, 0x00,
    0x00, 0x00, 0x00, 0x00, 0x00, 0x00, 0x00, 0x00, 0x00, 0x00, 0x00, 0x00, 0x00, 0x00, 0x00, 0x00,
    0x00, 0x00, 0x00, 0x00, 0x00, 0x00, 0x00, 0x00, 0x00, 0x00, 0x00, 0x00, 0x00, 0x00, 0x00, 0x00,
    0x00, 0x00, 0x00, 0x00, 0x00, 0x00, 0x00, 0x00, 0x00, 0x00, 0x00, 0x00, 0x00, 0x00, 0x00, 0x00,
    0x00, 0x00, 0x00, 0x00, 0x00, 0x00, 0x00, 0x00, 0x00, 0x00, 0x00, 0x00, 0x00, 0x00, 0x00, 0x00,
    0x00, 0x00, 0x00, 0x00, 0x00, 0x00, 0x00, 0x00, 0x00, 0x00, 0x00, 0x00, 0x00, 0x00, 0x00, 0x00,
    0x00, 0x00, 0x00, 0x00, 0x00, 0x00, 0x00, 0x00, 0x00, 0x00, 0x00, 0x00, 0x00, 0x00, 0x00, 0x00,
    0x00, 0x00, 0x00, 0x00, 0x00, 0x00, 0x00, 0x00, 0x00, 0x00, 0x00, 0x00, 0x00, 0x00, 0x00, 0x00,
    0x00, 0x00, 0x00, 0x00, 0x00, 0x00, 0x00, 0x00, 0x00, 0x00, 0x00, 0x00, 0x00, 0x00, 0x00, 0x00,
    0x00, 0x00, 0x00, 0x00, 0x00, 0x00, 0x00, 0x00, 0x00, 0x00, 0x00, 0x00, 0x00, 0x00, 0x00, 0x00,
    0x00, 0x00, 0x00, 0x00, 0x00, 0x00, 0x00, 0x00, 0x00, 0x00, 0x00, 0x00, 0x00, 0x00, 0x00, 0x00,
    0x00, 0x00, 0x00, 0x00, 0x00, 0x00, 0x00, 0x00, 0x00, 0x00, 0x00, 0x00, 0x00, 0x00, 0x00, 0x00,
    0x00, 0x00, 0x00, 0x00, 0x00, 0x00, 0x00, 0x00, 0x00, 0x00, 0x00, 0x00, 0x00, 0x00, 0x00, 0x00,
    0x00, 0x00, 0x00, 0x00, 0x00, 0x00, 0x00, 0x00, 0x00, 0x00, 0x00, 0x00, 0x00, 0x00, 0x00, 0x00,
    0x00, 0x00, 0x00, 0x00, 0x00, 0x00, 0x00, 0x00, 0x00, 0x00, 0x00, 0x00, 0x00, 0x00, 0x00, 0x00,
    0x00, 0x00, 0x00, 0x00, 0x00, 0x00, 0x00, 0x00, 0x00, 0x00, 0x00, 0x00, 0x00, 0x00, 0x00, 0x00,
    0x00, 0x00, 0x00, 0x00, 0x00, 0x00, 0x00, 0x00, 0x00, 0x00, 0x00, 0x00, 0x00, 0x00, 0x00, 0x00,
    0x00, 0x00, 0x00, 0x00, 0x00, 0x00, 0x00, 0x00, 0x00, 0x00, 0x00, 0x00, 0x00, 0x00, 0x00, 0x00,
    0x00, 0x00, 0x00, 0x00, 0x00, 0x00, 0x00, 0x00, 0x00, 0x00, 0x00, 0x00, 0xFF, 0xAA, 0x55, 0x03,
    0x00, 0x00, 0x00, 0x00, 0xFF, 0x7F, 0x7F, 0x02, 0xFF, 0xD8, 0x59, 0x8B, 0xFF, 0xEC, 0x61, 0xFF,
    0xFF, 0xDA, 0x59, 0x8B, 0x00, 0x00, 0x00, 0x00, 0xFF, 0x7F, 0x7F, 0x02, 0xFF, 0x7F, 0x00, 0x02,
    0x00, 0x00, 0x00, 0x00, 0x00, 0x00, 0x00, 0x00, 0x00, 0x00, 0x00, 0x00, 0x00, 0x00, 0x00, 0x00,
    0x00, 0x00, 0x00, 0x00, 0x00, 0x00, 0x00, 0x00, 0x00, 0x00, 0x00, 0x00, 0x00, 0x00, 0x00, 0x00,
    0x00, 0x00, 0x00, 0x00, 0x00, 0x00, 0x00, 0x00, 0x00, 0x00, 0x00, 0x00, 0x00, 0x00, 0x00, 0x00,
    0x00, 0x00, 0x00, 0x00, 0x00, 0x00, 0x00, 0x00, 0x00, 0x00, 0x00, 0x00, 0x00, 0x00, 0x00, 0x00,
    0x00, 0x00, 0x00, 0x00, 0x00, 0x00, 0x00, 0x00, 0x00, 0x00, 0x00, 0x00, 0x00, 0x00, 0x00, 0x00,
    0x00, 0x00, 0x00, 0x00, 0x00, 0x00, 0x00, 0x00, 0x00, 0x00, 0x00, 0x00, 0x00, 0x00, 0x00, 0x00,
    0x00, 0x00, 0x00, 0x00, 0x00, 0x00, 0x00, 0x00, 0x00, 0x00, 0x00, 0x00, 0x00, 0x00, 0x00, 0x00,
    0x00, 0x00, 0x00, 0x00, 0x00, 0x00, 0x00, 0x00, 0x00, 0x00, 0x00, 0x00, 0x00, 0x00, 0x00, 0x00,
    0x00, 0x00, 0x00, 0x00, 0x00, 0x00, 0x00, 0x00, 0x00, 0x00, 0x00, 0x00, 0x00, 0x00, 0x00, 0x00,
    0x00, 0x00, 0x00, 0x00, 0x00, 0x00, 0x00, 0x00, 0x00, 0x00, 0x00, 0x00, 0x00, 0x00, 0x00, 0x00,
    0x00, 0x00, 0x00, 0x00, 0x00, 0x00, 0x00, 0x00, 0x00, 0x00, 0x00, 0x00, 0x00, 0x00, 0x00, 0x00,
    0x00, 0x00, 0x00, 0x00, 0x00, 0x00, 0x00, 0x00, 0x00, 0x00, 0x00, 0x00, 0x00, 0x00, 0x00, 0x00,
    0x00, 0x00, 0x00, 0x00, 0x00, 0x00, 0x00, 0x00, 0xFF, 0xFF, 0x00, 0x01, 0xFF, 0xFF, 0x7F, 0x02,
    0x00, 0x00, 0x00, 0x00, 0xFF, 0xD9, 0x57, 0x74, 0xFF, 0xE8, 0x5F, 0xFF, 0xFF, 0xD8, 0x59, 0x7D,
    0x00, 0x00, 0x00, 0x00, 0xFF, 0xFF, 0x00, 0x02, 0xFF, 0xFF, 0x00, 0x01, 0x00, 0x00, 0x00, 0x00,
    0x00, 0x00, 0x00, 0x00, 0x00, 0x00, 0x00, 0x00, 0x00, 0x00, 0x00, 0x00, 0x00, 0x00, 0x00, 0x00,
    0x00, 0x00, 0x00, 0x00, 0x00, 0x00, 0x00, 0x00, 0x00, 0x00, 0x00, 0x00, 0x00, 0x00, 0x00, 0x00,
    0x00, 0x00, 0x00, 0x00, 0x00, 0x00, 0x00, 0x00, 0x00, 0x00, 0x00, 0x00, 0x00, 0x00, 0x00, 0x00,
    0x00, 0x00, 0x00, 0x00, 0x00, 0x00, 0x00, 0x00, 0x00, 0x00, 0x00, 0x00, 0x00, 0x00, 0x00, 0x00,
    0x00, 0x00, 0x00, 0x00, 0x00, 0x00, 0x00, 0x00, 0x00, 0x00, 0x00, 0x00, 0x00, 0x00, 0x00, 0x00,
    0x00, 0x00, 0x00, 0x00, 0x00, 0x00, 0x00, 0x00, 0x00, 0x00, 0x00, 0x00, 0x00, 0x00, 0x00, 0x00,
    0x00, 0x00, 0x00, 0x00, 0x00, 0x00, 0x00, 0x00, 0x00, 0x00, 0x00, 0x00, 0x00, 0x00, 0x00, 0x00,
    0x00, 0x00, 0x00, 0x00, 0x00, 0x00, 0x00, 0x00, 0x00, 0x00, 0x00, 0x00, 0x00, 0x00, 0x00, 0x00,
    0x00, 0x00, 0x00, 0x00, 0x00, 0x00, 0x00, 0x00, 0x00, 0x00, 0x00, 0x00, 0x00, 0x00, 0x00, 0x00,
    0x00, 0x00, 0x00, 0x00, 0x00, 0x00, 0x00, 0x00, 0x00, 0x00, 0x00, 0x00, 0x00, 0x00, 0x00, 0x00,
    0x00, 0x00, 0x00, 0x00, 0x00, 0x00, 0x00, 0x00, 0x00, 0x00, 0x00, 0x00, 0x00, 0x00, 0x00, 0x00,
    0x00, 0x00, 0x00, 0x00, 0x00, 0x00, 0x00, 0x00, 0x00, 0x00, 0x00, 0x00, 0x00, 0x00, 0x00, 0x00,
    0x00, 0x00, 0x00, 0x00, 0x00, 0x00, 0x00, 0x00, 0x00, 0x00, 0x00, 0x00, 0x00, 0x00, 0x00, 0x00,
    0x00, 0x00, 0x00, 0x00, 0x00, 0x00, 0x00, 0x00, 0x00, 0x00, 0x00, 0x00, 0x00, 0x00, 0x00, 0x00,
    0x00, 0x00, 0x00, 0x00, 0x00, 0x00, 0x00, 0x00, 0x00, 0x00, 0x00, 0x00, 0x00, 0x00, 0x00, 0x00,
    0x00, 0x00, 0x00, 0x00, 0x00, 0x00, 0x00, 0x00, 0x00, 0x00, 0x00, 0x00, 0x00, 0x00, 0x00, 0x00,
    0x00, 0x00, 0x00, 0x00, 0x00, 0x00, 0x00, 0x00, 0x00, 0x00, 0x00, 0x00, 0x00, 0x00, 0x00, 0x00,
    0x00, 0x00, 0x00, 0x00, 0x00, 0x00, 0x00, 0x00, 0x00, 0x00, 0x00, 0x00, 0x00, 0x00, 0x00, 0x00,
    0x00, 0x00, 0x00, 0x00, 0x00, 0x00, 0x00, 0x00, 0x00, 0x00, 0x00, 0x00, 0x00, 0x00, 0x00, 0x00,
    0x00, 0x00, 0x00, 0x00, 0x00, 0x00, 0x00, 0x00, 0x00, 0x00, 0x00, 0x00, 0x00, 0x00, 0x00, 0x00,
    0x00, 0x00, 0x00, 0x00, 0x00, 0x00, 0x00, 0x00, 0xFF, 0xFF, 0xFF, 0x01, 0xFF, 0xAA, 0x55, 0x03,
    0x00, 0x00, 0x00, 0x00, 0xFF, 0xD4, 0x56, 0x61, 0xFF, 0xE6, 0x5E, 0xFF, 0xFF, 0xDB, 0x59, 0xAD,
    0xFF, 0xC6, 0x55, 0x09, 0x00, 0x00, 0x00, 0x00, 0xFF, 0xFF, 0x00, 0x02, 0x00, 0x00, 0x00, 0x00,
    0x00, 0x00, 0x00, 0x00, 0x00, 0x00, 0x00, 0x00, 0x00, 0x00, 0x00, 0x00, 0x00, 0x00, 0x00, 0x00,
    0x00, 0x00, 0x00, 0x00, 0x00, 0x00, 0x00, 0x00, 0x00, 0x00, 0x00, 0x00, 0x00, 0x00, 0x00, 0x00,
    0x00, 0x00, 0x00, 0x00, 0x00, 0x00, 0x00, 0x00, 0x00, 0x00, 0x00, 0x00, 0x00, 0x00, 0x00, 0x00,
    0x00, 0x00, 0x00, 0x00, 0x00, 0x00, 0x00, 0x00, 0x00, 0x00, 0x00, 0x00, 0x00, 0x00, 0x00, 0x00,
    0x00, 0x00, 0x00, 0x00, 0x00, 0x00, 0x00, 0x00, 0x00, 0x00, 0x00, 0x00, 0x00, 0x00, 0x00, 0x00,
    0x00, 0x00, 0x00, 0x00, 0x00, 0x00, 0x00, 0x00, 0x00, 0x00, 0x00, 0x00, 0x00, 0x00, 0x00, 0x00,
    0x00, 0x00, 0x00, 0x00, 0x00, 0x00, 0x00, 0x00, 0x00, 0x00, 0x00, 0x00, 0x00, 0x00, 0x00, 0x00,
    0x00, 0x00, 0x00, 0x00, 0x00, 0x00, 0x00, 0x00, 0x00, 0x00, 0x00, 0x00, 0x00, 0x00, 0x00, 0x00,
    0x00, 0x00, 0x00, 0x00, 0x00, 0x00, 0x00, 0x00, 0x00, 0x00, 0x00, 0x00, 0x00, 0x00, 0x00, 0x00,
    0x00, 0x00, 0x00, 0x00, 0x00, 0x00, 0x00, 0x00, 0x00, 0x00, 0x00, 0x00, 0x00, 0x00, 0x00, 0x00,
    0x00, 0x00, 0x00, 0x00, 0x00, 0x00, 0x00, 0x00, 0x00, 0x00, 0x00, 0x00, 0x00, 0x00, 0x00, 0x00,
    0x00, 0x00, 0x00, 0x00, 0x00, 0x00, 0x00, 0x00, 0x00, 0x00, 0x00, 0x00, 0xFF, 0xFF, 0x00, 0x01,
    0xFF, 0xFF, 0x7F, 0x02, 0x00, 0x00, 0x00, 0x00, 0xFF, 0xD9, 0x5A, 0x88, 0xFF, 0xEA, 0x60, 0xFF,
    0xFF, 0xD5, 0x57, 0x69, 0x00, 0x00, 0x00, 0x00, 0xFF, 0xFF, 0x55, 0x03, 0xFF, 0xFF, 0x00, 0x01,
    0x00, 0x00, 0x00, 0x00, 0x00, 0x00, 0x00, 0x00, 0x00, 0x00, 0x00, 0x00, 0x00, 0x00, 0x00, 0x00,
    0x00, 0x00, 0x00, 0x00, 0x00, 0x00, 0x00, 0x00, 0x00, 0x00, 0x00, 0x00, 0x00, 0x00, 0x00, 0x00,
    0x00, 0x00, 0x00, 0x00, 0x00, 0x00, 0x00, 0x00, 0x00, 0x00, 0x00, 0x00, 0x00, 0x00, 0x00, 0x00,
    0x00, 0x00, 0x00, 0x00, 0x00, 0x00, 0x00, 0x00, 0x00, 0x00, 0x00, 0x00, 0x00, 0x00, 0x00, 0x00,
    0x00, 0x00, 0x00, 0x00, 0x00, 0x00, 0x00, 0x00, 0x00, 0x00, 0x00, 0x00, 0x00, 0x00, 0x00, 0x00,
    0x00, 0x00, 0x00, 0x00, 0x00, 0x00, 0x00, 0x00, 0x00, 0x00, 0x00, 0x00, 0x00, 0x00, 0x00, 0x00,
    0x00, 0x00, 0x00, 0x00, 0x00, 0x00, 0x00, 0x00, 0x00, 0x00, 0x00, 0x00, 0x00, 0x00, 0x00, 0x00,
    0x00, 0x00, 0x00, 0x00, 0x00, 0x00, 0x00, 0x00, 0x00, 0x00, 0x00, 0x00, 0x00, 0x00, 0x00, 0x00,
    0x00, 0x00, 0x00, 0x00, 0x00, 0x00, 0x00, 0x00, 0x00, 0x00, 0x00, 0x00, 0x00, 0x00, 0x00, 0x00,
    0x00, 0x00, 0x00, 0x00, 0x00, 0x00, 0x00, 0x00, 0x00, 0x00, 0x00, 0x00, 0x00, 0x00, 0x00, 0x00,
    0x00, 0x00, 0x00, 0x00, 0x00, 0x00, 0x00, 0x00, 0x00, 0x00, 0x00, 0x00, 0x00, 0x00, 0x00, 0x00,
    0x00, 0x00, 0x00, 0x00, 0x00, 0x00, 0x00, 0x00, 0x00, 0x00, 0x00, 0x00, 0x00, 0x00, 0x00, 0x00,
    0x00, 0x00, 0x00, 0x00, 0x00, 0x00, 0x00, 0x00, 0x00, 0x00, 0x00, 0x00, 0x00, 0x00, 0x00, 0x00,
    0x00, 0x00, 0x00, 0x00, 0x00, 0x00, 0x00, 0x00, 0x00, 0x00, 0x00, 0x00, 0x00, 0x00, 0x00, 0x00,
    0x00, 0x00, 0x00, 0x00, 0x00, 0x00, 0x00, 0x00, 0x00, 0x00, 0x00, 0x00, 0x00, 0x00, 0x00, 0x00,
    0x00, 0x00, 0x00, 0x00, 0x00, 0x00, 0x00, 0x00, 0x00, 0x00, 0x00, 0x00, 0x00, 0x00, 0x00, 0x00,
    0x00, 0x00, 0x00, 0x00, 0x00, 0x00, 0x00, 0x00, 0x00, 0x00, 0x00, 0x00, 0x00, 0x00, 0x00, 0x00,
    0x00, 0x00, 0x00, 0x00, 0x00, 0x00, 0x00, 0x00, 0x00, 0x00, 0x00, 0x00, 0x00, 0x00, 0x00, 0x00,
    0x00, 0x00, 0x00, 0x00, 0x00, 0x00, 0x00, 0x00, 0x00, 0x00, 0x00, 0x00, 0x00, 0x00, 0x00, 0x00,
    0x00, 0x00, 0x00, 0x00, 0x00, 0x00, 0x00, 0x00, 0x00, 0x00, 0x00, 0x00, 0x00, 0x00, 0x00, 0x00,
    0x00, 0x00, 0x00, 0x00, 0x00, 0x00, 0x00, 0x00, 0x00, 0x00, 0x00, 0x00, 0x00, 0x00, 0x00, 0x00,
    0x00, 0x00, 0x00, 0x00, 0xFF, 0x00, 0x00, 0x01, 0xFF, 0xBF, 0x3F, 0x04, 0x00, 0x00, 0x00, 0x00,
    0xFF, 0xD1, 0x53, 0x43, 0xFF, 0xE1, 0x5C, 0xF9, 0xFF, 0xDE, 0x5B, 0xC3, 0xFF, 0xC3, 0x4B, 0x11,
    0x00, 0x00, 0x00, 0x00, 0xFF, 0xFF, 0x7F, 0x02, 0x00, 0x00, 0x00, 0x00, 0x00, 0x00, 0x00, 0x00,
    0x00, 0x00, 0x00, 0x00, 0x00, 0x00, 0x00, 0x00, 0x00, 0x00, 0x00, 0x00, 0x00, 0x00, 0x00, 0x00,
    0x00, 0x00, 0x00, 0x00, 0x00, 0x00, 0x00, 0x00, 0x00, 0x00, 0x00, 0x00, 0x00, 0x00, 0x00, 0x00,
    0x00, 0x00, 0x00, 0x00, 0x00, 0x00, 0x00, 0x00, 0x00, 0x00, 0x00, 0x00, 0x00, 0x00, 0x00, 0x00,
    0x00, 0x00, 0x00, 0x00, 0x00, 0x00, 0x00, 0x00, 0x00, 0x00, 0x00, 0x00, 0x00, 0x00, 0x00, 0x00,
    0x00, 0x00, 0x00, 0x00, 0x00, 0x00, 0x00, 0x00, 0x00, 0x00, 0x00, 0x00, 0x00, 0x00, 0x00, 0x00,
    0x00, 0x00, 0x00, 0x00, 0x00, 0x00, 0x00, 0x00, 0x00, 0x00, 0x00, 0x00, 0x00, 0x00, 0x00, 0x00,
    0x00, 0x00, 0x00, 0x00, 0x00, 0x00, 0x00, 0x00, 0x00, 0x00, 0x00, 0x00, 0x00, 0x00, 0x00, 0x00,
    0x00, 0x00, 0x00, 0x00, 0x00, 0x00, 0x00, 0x00, 0x00, 0x00, 0x00, 0x00, 0x00, 0x00, 0x00, 0x00,
    0x00, 0x00, 0x00, 0x00, 0x00, 0x00, 0x00, 0x00, 0x00, 0x00, 0x00, 0x00, 0x00, 0x00, 0x00, 0x00,
    0x00, 0x00, 0x00, 0x00, 0x00, 0x00, 0x00, 0x00, 0x00, 0x00, 0x00, 0x00, 0x00, 0x00, 0x00, 0x00,
    0x00, 0x00, 0x00, 0x00, 0x00, 0x00, 0x00, 0x00, 0x00, 0x00, 0x00, 0x00, 0x00, 0x00, 0x00, 0x00,
    0xFF, 0xFF, 0x00, 0x01, 0xFF, 0xFF, 0x7F, 0x02, 0x00, 0x00, 0x00, 0x00, 0xFF, 0xD9, 0x59, 0x97,
    0xFF, 0xEB, 0x61, 0xFF, 0xFF, 0xD9, 0x56, 0x5E, 0x00, 0x00, 0x00, 0x00, 0xFF, 0xBF, 0x3F, 0x04,
    0x00, 0x00, 0x00, 0x00, 0x00, 0x00, 0x00, 0x00, 0x00, 0x00, 0x00, 0x00, 0x00, 0x00, 0x00, 0x00,
    0x00, 0x00, 0x00, 0x00, 0x00, 0x00, 0x00, 0x00, 0x00, 0x00, 0x00, 0x00, 0x00, 0x00, 0x00, 0x00,
    0x00, 0x00, 0x00, 0x00, 0x00, 0x00, 0x00, 0x00, 0x00, 0x00, 0x00, 0x00, 0x00, 0x00, 0x00, 0x00,
    0x00, 0x00, 0x00, 0x00, 0x00, 0x00, 0x00, 0x00, 0x00, 0x00, 0x00, 0x00, 0x00, 0x00, 0x00, 0x00,
    0x00, 0x00, 0x00, 0x00, 0x00, 0x00, 0x00, 0x00, 0x00, 0x00, 0x00, 0x00, 0x00, 0x00, 0x00, 0x00,
    0x00, 0x00, 0x00, 0x00, 0x00, 0x00, 0x00, 0x00, 0x00, 0x00, 0x00, 0x00, 0x00, 0x00, 0x00, 0x00,
    0x00, 0x00, 0x00, 0x00, 0x00, 0x00, 0x00, 0x00, 0x00, 0x00, 0x00, 0x00, 0x00, 0x00, 0x00, 0x00,
    0x00, 0x00, 0x00, 0x00, 0x00, 0x00, 0x00, 0x00, 0x00, 0x00, 0x00, 0x00, 0x00, 0x00, 0x00, 0x00,
    0x00, 0x00, 0x00, 0x00, 0x00, 0x00, 0x00, 0x00, 0x00, 0x00, 0x00, 0x00, 0x00, 0x00, 0x00, 0x00,
    0x00, 0x00, 0x00, 0x00, 0x00, 0x00, 0x00, 0x00, 0x00, 0x00, 0x00, 0x00, 0x00, 0x00, 0x00, 0x00,
    0x00, 0x00, 0x00, 0x00, 0x00, 0x00, 0x00, 0x00, 0x00, 0x00, 0x00, 0x00, 0x00, 0x00, 0x00, 0x00,
    0x00, 0x00, 0x00, 0x00, 0x00, 0x00, 0x00, 0x00, 0x00, 0x00, 0x00, 0x00, 0x00, 0x00, 0x00, 0x00,
    0x00, 0x00, 0x00, 0x00, 0x00, 0x00, 0x00, 0x00, 0x00, 0x00, 0x00, 0x00, 0x00, 0x00, 0x00, 0x00,
    0x00, 0x00, 0x00, 0x00, 0x00, 0x00, 0x00, 0x00, 0x00, 0x00, 0x00, 0x00, 0x00, 0x00, 0x00, 0x00,
    0x00, 0x00, 0x00, 0x00, 0x00, 0x00, 0x00, 0x00, 0x00, 0x00, 0x00, 0x00, 0x00, 0x00, 0x00, 0x00,
    0x00, 0x00, 0x00, 0x00, 0x00, 0x00, 0x00, 0x00, 0x00, 0x00, 0x00, 0x00, 0x00, 0x00, 0x00, 0x00,
    0x00, 0x00, 0x00, 0x00, 0x00, 0x00, 0x00, 0x00, 0x00, 0x00, 0x00, 0x00, 0x00, 0x00, 0x00, 0x00,
    0x00, 0x00, 0x00, 0x00, 0x00, 0x00, 0x00, 0x00, 0x00, 0x00, 0x00, 0x00, 0x00, 0x00, 0x00, 0x00,
    0x00, 0x00, 0x00, 0x00, 0x00, 0x00, 0x00, 0x00, 0x00, 0x00, 0x00, 0x00, 0x00, 0x00, 0x00, 0x00,
    0x00, 0x00, 0x00, 0x00, 0x00, 0x00, 0x00, 0x00, 0x00, 0x00, 0x00, 0x00, 0x00, 0x00, 0x00, 0x00,
    0x00, 0x00, 0x00, 0x00, 0x00, 0x00, 0x00, 0x00, 0x00, 0x00, 0x00, 0x00, 0x00, 0x00, 0x00, 0x00,
    0x00, 0x00, 0x00, 0x00, 0x00, 0x00, 0x00, 0x00, 0x00, 0x00, 0x00, 0x00, 0x00, 0x00, 0x00, 0x00,
    0x00, 0x00, 0x00, 0x00, 0xFF, 0xBF, 0x3F, 0x04, 0x00, 0x00, 0x00, 0x00, 0xFF, 0xCF, 0x55, 0x30,
    0xFF, 0xE2, 0x5C, 0xEC, 0xFF, 0xE0, 0x5B, 0xD0, 0xFF, 0xD2, 0x58, 0x17, 0x00, 0x00, 0x00, 0x00,
    0xFF, 0xFF, 0x00, 0x02, 0x00, 0x00, 0x00, 0x00, 0x00, 0x00, 0x00, 0x00, 0x00, 0x00, 0x00, 0x00,
    0x00, 0x00, 0x00, 0x00, 0x00, 0x00, 0x00, 0x00, 0x00, 0x00, 0x00, 0x00, 0x00, 0x00, 0x00, 0x00,
    0x00, 0x00, 0x00, 0x00, 0x00, 0x00, 0x00, 0x00, 0x00, 0x00, 0x00, 0x00, 0x00, 0x00, 0x00, 0x00,
    0x00, 0x00, 0x00, 0x00, 0x00, 0x00, 0x00, 0x00, 0x00, 0x00, 0x00, 0x00, 0x00, 0x00, 0x00, 0x00,
    0x00, 0x00, 0x00, 0x00, 0x00, 0x00, 0x00, 0x00, 0x00, 0x00, 0x00, 0x00, 0x00, 0x00, 0x00, 0x00,
    0x00, 0x00, 0x00, 0x00, 0x00, 0x00, 0x00, 0x00, 0x00, 0x00, 0x00, 0x00, 0x00, 0x00, 0x00, 0x00,
    0x00, 0x00, 0x00, 0x00, 0x00, 0x00, 0x00, 0x00, 0x00, 0x00, 0x00, 0x00, 0x00, 0x00, 0x00, 0x00,
    0x00, 0x00, 0x00, 0x00, 0x00, 0x00, 0x00, 0x00, 0x00, 0x00, 0x00, 0x00, 0x00, 0x00, 0x00, 0x00,
    0x00, 0x00, 0x00, 0x00, 0x00, 0x00, 0x00, 0x00, 0x00, 0x00, 0x00, 0x00, 0x00, 0x00, 0x00, 0x00,
    0x00, 0x00, 0x00, 0x00, 0x00, 0x00, 0x00, 0x00, 0x00, 0x00, 0x00, 0x00, 0x00, 0x00, 0x00, 0x00,
    0x00, 0x00, 0x00, 0x00, 0x00, 0x00, 0x00, 0x00, 0x00, 0x00, 0x00, 0x00, 0x00, 0x00, 0x00, 0x00,
    0x00, 0x00, 0x00, 0x00, 0xFF, 0x00, 0x00, 0x01, 0xFF, 0xFF, 0x00, 0x02, 0x00, 0x00, 0x00, 0x00,
    0xFF, 0xDC, 0x5A, 0x93, 0xFF, 0xEC, 0x61, 0xFF, 0xFF, 0xD6, 0x56, 0x5E, 0x00, 0x00, 0x00, 0x00,
    0xFF, 0xBF, 0x3F, 0x04, 0x00, 0x00, 0x00, 0x00, 0x00, 0x00, 0x00, 0x00, 0x00, 0x00, 0x00, 0x00,
    0x00, 0x00, 0x00, 0x00, 0x00, 0x00, 0x00, 0x00, 0x00, 0x00, 0x00, 0x00, 0x00, 0x00, 0x00, 0x00,
    0x00, 0x00, 0x00, 0x00, 0x00, 0x00, 0x00, 0x00, 0x00, 0x00, 0x00, 0x00, 0x00, 0x00, 0x00, 0x00,
    0x00, 0x00, 0x00, 0x00, 0x00, 0x00, 0x00, 0x00, 0x00, 0x00, 0x00, 0x00, 0x00, 0x00, 0x00, 0x00,
    0x00, 0x00, 0x00, 0x00, 0x00, 0x00, 0x00, 0x00, 0x00, 0x00, 0x00, 0x00, 0x00, 0x00, 0x00, 0x00,
    0x00, 0x00, 0x00, 0x00, 0x00, 0x00, 0x00, 0x00, 0x00, 0x00, 0x00, 0x00, 0x00, 0x00, 0x00, 0x00,
    0x00, 0x00, 0x00, 0x00, 0x00, 0x00, 0x00, 0x00, 0x00, 0x00, 0x00, 0x00, 0x00, 0x00, 0x00, 0x00,
    0x00, 0x00, 0x00, 0x00, 0x00, 0x00, 0x00, 0x00, 0x00, 0x00, 0x00, 0x00, 0x00, 0x00, 0x00, 0x00,
    0x00, 0x00, 0x00, 0x00, 0x00, 0x00, 0x00, 0x00, 0x00, 0x00, 0x00, 0x00, 0x00, 0x00, 0x00, 0x00,
    0x00, 0x00, 0x00, 0x00, 0x00, 0x00, 0x00, 0x00, 0x00, 0x00, 0x00, 0x00, 0x00, 0x00, 0x00, 0x00,
    0x00, 0x00, 0x00, 0x00, 0x00, 0x00, 0x00, 0x00, 0x00, 0x00, 0x00, 0x00, 0x00, 0x00, 0x00, 0x00,
    0x00, 0x00, 0x00, 0x00, 0x00, 0x00, 0x00, 0x00, 0xFF, 0x7F, 0x7F, 0x02, 0xFF, 0xFF, 0xFF, 0x01,
    0x00, 0x00, 0x00, 0x00, 0x00, 0x00, 0x00, 0x00, 0x00, 0x00, 0x00, 0x00, 0x00, 0x00, 0x00, 0x00,
    0x00, 0x00, 0x00, 0x00, 0x00, 0x00, 0x00, 0x00, 0x00, 0x00, 0x00, 0x00, 0x00, 0x00, 0x00, 0x00,
    0x00, 0x00, 0x00, 0x00, 0x00, 0x00, 0x00, 0x00, 0x00, 0x00, 0x00, 0x00, 0x00, 0x00, 0x00, 0x00,
    0x00, 0x00, 0x00, 0x00, 0x00, 0x00, 0x00, 0x00, 0x00, 0x00, 0x00, 0x00, 0x00, 0x00, 0x00, 0x00,
    0x00, 0x00, 0x00, 0x00, 0x00, 0x00, 0x00, 0x00, 0x00, 0x00, 0x00, 0x00, 0x00, 0x00, 0x00, 0x00,
    0x00, 0x00, 0x00, 0x00, 0x00, 0x00, 0x00, 0x00, 0x00, 0x00, 0x00, 0x00, 0x00, 0x00, 0x00, 0x00,
    0x00, 0x00, 0x00, 0x00, 0x00, 0x00, 0x00, 0x00, 0x00, 0x00, 0x00, 0x00, 0x00, 0x00, 0x00, 0x00,
    0x00, 0x00, 0x00, 0x00, 0x00, 0x00, 0x00, 0x00, 0x00, 0x00, 0x00, 0x00, 0x00, 0x00, 0x00, 0x00,
    0x00, 0x00, 0x00, 0x00, 0x00, 0x00, 0x00, 0x00, 0x00, 0x00, 0x00, 0x00, 0x00, 0x00, 0x00, 0x00,
    0x00, 0x00, 0x00, 0x00, 0x00, 0x00, 0x00, 0x00, 0x00, 0x00, 0x00, 0x00, 0x00, 0x00, 0x00, 0x00,
    0x00, 0x00, 0x00, 0x00, 0x00, 0x00, 0x00, 0x00, 0x00, 0x00, 0x00, 0x00, 0x00, 0x00, 0x00, 0x00,
    0xFF, 0xBF, 0x3F, 0x04, 0x00, 0x00, 0x00, 0x00, 0xFE, 0xCD, 0x57, 0x29, 0xFF, 0xE0, 0x5C, 0xE8,
    0xFF, 0xE0, 0x5B, 0xD6, 0xFF, 0xCC, 0x51, 0x19, 0x00, 0x00, 0x00, 0x00, 0xFF, 0xAA, 0x00, 0x03,
    0x00, 0x00, 0x00, 0x00, 0x00, 0x00, 0x00, 0x00, 0x00, 0x00, 0x00, 0x00, 0x00, 0x00, 0x00, 0x00,
    0x00, 0x00, 0x00, 0x00, 0x00, 0x00, 0x00, 0x00, 0x00, 0x00, 0x00, 0x00, 0x00, 0x00, 0x00, 0x00,
    0x00, 0x00, 0x00, 0x00, 0x00, 0x00, 0x00, 0x00, 0x00, 0x00, 0x00, 0x00, 0x00, 0x00, 0x00, 0x00,
    0x00, 0x00, 0x00, 0x00, 0x00, 0x00, 0x00, 0x00, 0x00, 0x00, 0x00, 0x00, 0x00, 0x00, 0x00, 0x00,
    0x00, 0x00, 0x00, 0x00, 0x00, 0x00, 0x00, 0x00, 0x00, 0x00, 0x00, 0x00, 0x00, 0x00, 0x00, 0x00,
    0x00, 0x00, 0x00, 0x00, 0x00, 0x00, 0x00, 0x00, 0x00, 0x00, 0x00, 0x00, 0x00, 0x00, 0x00, 0x00,
    0x00, 0x00, 0x00, 0x00, 0x00, 0x00, 0x00, 0x00, 0x00, 0x00, 0x00, 0x00, 0x00, 0x00, 0x00, 0x00,
    0x00, 0x00, 0x00, 0x00, 0x00, 0x00, 0x00, 0x00, 0x00, 0x00, 0x00, 0x00, 0x00, 0x00, 0x00, 0x00,
    0x00, 0x00, 0x00, 0x00, 0x00, 0x00, 0x00, 0x00, 0x00, 0x00, 0x00, 0x00, 0x00, 0x00, 0x00, 0x00,
    0x00, 0x00, 0x00, 0x00, 0x00, 0x00, 0x00, 0x00, 0x00, 0x00, 0x00, 0x00, 0x00, 0x00, 0x00, 0x00,
    0x00, 0x00, 0x00, 0x00, 0x00, 0x00, 0x00, 0x00, 0x00, 0x00, 0x00, 0x00, 0xFF, 0xAA, 0x55, 0x03,
    0x00, 0x00, 0x00, 0x00, 0xFF, 0xDA, 0x5A, 0x85, 0xFF, 0xEE, 0x62, 0xFF, 0xFF, 0xD7, 0x59, 0x67,
    0x00, 0x00, 0x00, 0x00, 0xFF, 0xBF, 0x3F, 0x04, 0x00, 0x00, 0x00, 0x00, 0x00, 0x00, 0x00, 0x00,
    0x00, 0x00, 0x00, 0x00, 0x00, 0x00, 0x00, 0x00, 0x00, 0x00, 0x00, 0x00, 0x00, 0x00, 0x00, 0x00,
    0x00, 0x00, 0x00, 0x00, 0x00, 0x00, 0x00, 0x00, 0x00, 0x00, 0x00, 0x00, 0x00, 0x00, 0x00, 0x00,
    0x00, 0x00, 0x00, 0x00, 0x00, 0x00, 0x00, 0x00, 0x00, 0x00, 0x00, 0x00, 0x00, 0x00, 0x00, 0x00,
    0x00, 0x00, 0x00, 0x00, 0x00, 0x00, 0x00, 0x00, 0x00, 0x00, 0x00, 0x00, 0x00, 0x00, 0x00, 0x00,
    0x00, 0x00, 0x00, 0x00, 0x00, 0x00, 0x00, 0x00, 0x00, 0x00, 0x00, 0x00, 0x00, 0x00, 0x00, 0x00,
    0x00, 0x00, 0x00, 0x00, 0x00, 0x00, 0x00, 0x00, 0x00, 0x00, 0x00, 0x00, 0x00, 0x00, 0x00, 0x00,
    0x00, 0x00, 0x00, 0x00, 0x00, 0x00, 0x00, 0x00, 0x00, 0x00, 0x00, 0x00, 0x00, 0x00, 0x00, 0x00,
    0x00, 0x00, 0x00, 0x00, 0x00, 0x00, 0x00, 0x00, 0x00, 0x00, 0x00, 0x00, 0x00, 0x00, 0x00, 0x00,
    0x00, 0x00, 0x00, 0x00, 0x00, 0x00, 0x00, 0x00, 0x00, 0x00, 0x00, 0x00, 0x00, 0x00, 0x00, 0x00,
    0x00, 0x00, 0x00, 0x00, 0x00, 0x00, 0x00, 0x00, 0x00, 0x00, 0x00, 0x00, 0x00, 0x00, 0x00, 0x00,
    0x00, 0x00, 0x00, 0x00, 0x00, 0x00, 0x00, 0x00, 0x00, 0x00, 0x00, 0x00, 0xFF, 0xFF, 0x00, 0x01,
    0x00, 0x00, 0x00, 0x00, 0xFF, 0xFF, 0x00, 0x01, 0xFF, 0xFF, 0x00, 0x01, 0x00, 0x00, 0x00, 0x00,
    0x00, 0x00, 0x00, 0x00, 0x00, 0x00, 0x00, 0x00, 0x00, 0x00, 0x00, 0x00, 0x00, 0x00, 0x00, 0x00,
    0x00, 0x00, 0x00, 0x00, 0x00, 0x00, 0x00, 0x00, 0x00, 0x00, 0x00, 0x00, 0x00, 0x00, 0x00, 0x00,
    0x00, 0x00, 0x00, 0x00, 0x00, 0x00, 0x00, 0x00, 0x00, 0x00, 0x00, 0x00, 0x00, 0x00, 0x00, 0x00,
    0x00, 0x00, 0x00, 0x00, 0x00, 0x00, 0x00, 0x00, 0x00, 0x00, 0x00, 0x00, 0x00, 0x00, 0x00, 0x00,
    0x00, 0x00, 0x00, 0x00, 0x00, 0x00, 0x00, 0x00, 0x00, 0x00, 0x00, 0x00, 0x00, 0x00, 0x00, 0x00,
    0x00, 0x00, 0x00, 0x00, 0x00, 0x00, 0x00, 0x00, 0x00, 0x00, 0x00, 0x00, 0x00, 0x00, 0x00, 0x00,
    0x00, 0x00, 0x00, 0x00, 0x00, 0x00, 0x00, 0x00, 0x00, 0x00, 0x00, 0x00, 0x00, 0x00, 0x00, 0x00,
    0x00, 0x00, 0x00, 0x00, 0x00, 0x00, 0x00, 0x00, 0x00, 0x00, 0x00, 0x00, 0x00, 0x00, 0x00, 0x00,
    0x00, 0x00, 0x00, 0x00, 0x00, 0x00, 0x00, 0x00, 0x00, 0x00, 0x00, 0x00, 0x00, 0x00, 0x00, 0x00,
    0x00, 0x00, 0x00, 0x00, 0x00, 0x00, 0x00, 0x00, 0x00, 0x00, 0x00, 0x00, 0x00, 0x00, 0x00, 0x00,
    0x00, 0x00, 0x00, 0x00, 0x00, 0x00, 0x00, 0x00, 0x00, 0x00, 0x00, 0x00, 0xFF, 0xAA, 0x55, 0x03,
    0x00, 0x00, 0x00, 0x00, 0xFF, 0xCE, 0x52, 0x25, 0xFE, 0xE2, 0x5D, 0xE9, 0xFF, 0xDF, 0x5B, 0xD3,
    0xFF, 0xC2, 0x55, 0x15, 0x00, 0x00, 0x00, 0x00, 0xFF, 0x7F, 0x7F, 0x02, 0x00, 0x00, 0x00, 0x00,
    0x00, 0x00, 0x00, 0x00, 0x00, 0x00, 0x00, 0x00, 0x00, 0x00, 0x00, 0x00, 0x00, 0x00, 0x00, 0x00,
    0x00, 0x00, 0x00, 0x00, 0x00, 0x00, 0x00, 0x00, 0x00, 0x00, 0x00, 0x00, 0x00, 0x00, 0x00, 0x00,
    0x00, 0x00, 0x00, 0x00, 0x00, 0x00, 0x00, 0x00, 0x00, 0x00, 0x00, 0x00, 0x00, 0x00, 0x00, 0x00,
    0x00, 0x00, 0x00, 0x00, 0x00, 0x00, 0x00, 0x00, 0x00, 0x00, 0x00, 0x00, 0x00, 0x00, 0x00, 0x00,
    0x00, 0x00, 0x00, 0x00, 0x00, 0x00, 0x00, 0x00, 0x00, 0x00, 0x00, 0x00, 0x00, 0x00, 0x00, 0x00,
    0x00, 0x00, 0x00, 0x00, 0x00, 0x00, 0x00, 0x00, 0x00, 0x00, 0x00, 0x00, 0x00, 0x00, 0x00, 0x00,
    0x00, 0x00, 0x00, 0x00, 0x00, 0x00, 0x00, 0x00, 0x00, 0x00, 0x00, 0x00, 0x00, 0x00, 0x00, 0x00,
    0x00, 0x00, 0x00, 0x00, 0x00, 0x00, 0x00, 0x00, 0x00, 0x00, 0x00, 0x00, 0x00, 0x00, 0x00, 0x00,
    0x00, 0x00, 0x00, 0x00, 0x00, 0x00, 0x00, 0x00, 0x00, 0x00, 0x00, 0x00, 0x00, 0x00, 0x00, 0x00,
    0x00, 0x00, 0x00, 0x00, 0x00, 0x00, 0x00, 0x00, 0x00, 0x00, 0x00, 0x00, 0x00, 0x00, 0x00, 0x00,
    0xFF, 0xFF, 0x55, 0x03, 0x00, 0x00, 0x00, 0x00, 0xFF, 0xD8, 0x59, 0x6A, 0xFF, 0xEF, 0x62, 0xFF,
    0xFF, 0xDB, 0x59, 0x7A, 0x00, 0x00, 0x00, 0x00, 0xFF, 0xFF, 0x55, 0x03, 0x00, 0x00, 0x00, 0x00,
    0x00, 0x00, 0x00, 0x00, 0x00, 0x00, 0x00, 0x00, 0x00, 0x00, 0x00, 0x00, 0x00, 0x00, 0x00, 0x00,
    0x00, 0x00, 0x00, 0x00, 0x00, 0x00, 0x00, 0x00, 0x00, 0x00, 0x00, 0x00, 0x00, 0x00, 0x00, 0x00,
    0x00, 0x00, 0x00, 0x00, 0x00, 0x00, 0x00, 0x00, 0x00, 0x00, 0x00, 0x00, 0x00, 0x00, 0x00, 0x00,
    0x00, 0x00, 0x00, 0x00, 0x00, 0x00, 0x00, 0x00, 0x00, 0x00, 0x00, 0x00, 0x00, 0x00, 0x00, 0x00,
    0x00, 0x00, 0x00, 0x00, 0x00, 0x00, 0x00, 0x00, 0x00, 0x00, 0x00, 0x00, 0x00, 0x00, 0x00, 0x00,
    0x00, 0x00, 0x00, 0x00, 0x00, 0x00, 0x00, 0x00, 0x00, 0x00, 0x00, 0x00, 0x00, 0x00, 0x00, 0x00,
    0x00, 0x00, 0x00, 0x00, 0x00, 0x00, 0x00, 0x00, 0x00, 0x00, 0x00, 0x00, 0x00, 0x00, 0x00, 0x00,
    0x00, 0x00, 0x00, 0x00, 0x00, 0x00, 0x00, 0x00, 0x00, 0x00, 0x00, 0x00, 0x00, 0x00, 0x00, 0x00,
    0x00, 0x00, 0x00, 0x00, 0x00, 0x00, 0x00, 0x00, 0x00, 0x00, 0x00, 0x00, 0x00, 0x00, 0x00, 0x00,
    0x00, 0x00, 0x00, 0x00, 0x00, 0x00, 0x00, 0x00, 0x00, 0x00, 0x00, 0x00, 0x00, 0x00, 0x00, 0x00,
    0x00, 0x00, 0x00, 0x00, 0x00, 0x00, 0x00, 0x00, 0x00, 0x00, 0x00, 0x00, 0x00, 0x00, 0x00, 0x00,
    0xFF, 0xFF, 0x00, 0x01, 0x00, 0x00, 0x00, 0x00, 0xFF, 0xCF, 0x57, 0x20, 0xFF, 0xDF, 0x55, 0x18,
    0x00, 0x00, 0x00, 0x00, 0xFF, 0xFF, 0x00, 0x01, 0x00, 0x00, 0x00, 0x00, 0x00, 0x00, 0x00, 0x00,
    0x00, 0x00, 0x00, 0x00, 0x00, 0x00, 0x00, 0x00, 0x00, 0x00, 0x00, 0x00, 0x00, 0x00, 0x00, 0x00,
    0x00, 0x00, 0x00, 0x00, 0x00, 0x00, 0x00, 0x00, 0x00, 0x00, 0x00, 0x00, 0x00, 0x00, 0x00, 0x00,
    0x00, 0x00, 0x00, 0x00, 0x00, 0x00, 0x00, 0x00, 0x00, 0x00, 0x00, 0x00, 0x00, 0x00, 0x00, 0x00,
    0x00, 0x00, 0x00, 0x00, 0x00, 0x00, 0x00, 0x00, 0x00, 0x00, 0x00, 0x00, 0x00, 0x00, 0x00, 0x00,
    0x00, 0x00, 0x00, 0x00, 0x00, 0x00, 0x00, 0x00, 0x00, 0x00, 0x00, 0x00, 0x00, 0x00, 0x00, 0x00,
    0x00, 0x00, 0x00, 0x00, 0x00, 0x00, 0x00, 0x00, 0x00, 0x00, 0x00, 0x00, 0x00, 0x00, 0x00, 0x00,
    0x00, 0x00, 0x00, 0x00, 0x00, 0x00, 0x00, 0x00, 0x00, 0x00, 0x00, 0x00, 0x00, 0x00, 0x00, 0x00,
    0x00, 0x00, 0x00, 0x00, 0x00, 0x00, 0x00, 0x00, 0x00, 0x00, 0x00, 0x00, 0x00, 0x00, 0x00, 0x00,
    0x00, 0x00, 0x00, 0x00, 0x00, 0x00, 0x00, 0x00, 0x00, 0x00, 0x00, 0x00, 0x00, 0x00, 0x00, 0x00,
    0x00, 0x00, 0x00, 0x00, 0x00, 0x00, 0x00, 0x00, 0x00, 0x00, 0x00, 0x00, 0x00, 0x00, 0x00, 0x00,
    0x00, 0x00, 0x00, 0x00, 0x00, 0x00, 0x00, 0x00, 0xFF, 0xAA, 0x55, 0x03, 0x00, 0x00, 0x00, 0x00,
    0xFF, 0xC9, 0x53, 0x2B, 0xFE, 0xE3, 0x5C, 0xEF, 0xFF, 0xDE, 0x5C, 0xC7, 0xFF, 0xBF, 0x55, 0x0C,
    0x00, 0x00, 0x00, 0x00, 0xFF, 0xFF, 0x00, 0x01, 0x00, 0x00, 0x00, 0x00, 0x00, 0x00, 0x00, 0x00,
    0x00, 0x00, 0x00, 0x00, 0x00, 0x00, 0x00, 0x00, 0x00, 0x00, 0x00, 0x00, 0x00, 0x00, 0x00, 0x00,
    0x00, 0x00, 0x00, 0x00, 0x00, 0x00, 0x00, 0x00, 0x00, 0x00, 0x00, 0x00, 0x00, 0x00, 0x00, 0x00,
    0x00, 0x00, 0x00, 0x00, 0x00, 0x00, 0x00, 0x00, 0x00, 0x00, 0x00, 0x00, 0x00, 0x00, 0x00, 0x00,
    0x00, 0x00, 0x00, 0x00, 0x00, 0x00, 0x00, 0x00, 0x00, 0x00, 0x00, 0x00, 0x00, 0x00, 0x00, 0x00,
    0x00, 0x00, 0x00, 0x00, 0x00, 0x00, 0x00, 0x00, 0x00, 0x00, 0x00, 0x00, 0x00, 0x00, 0x00, 0x00,
    0x00, 0x00, 0x00, 0x00, 0x00, 0x00, 0x00, 0x00, 0x00, 0x00, 0x00, 0x00, 0x00, 0x00, 0x00, 0x00,
    0x00, 0x00, 0x00, 0x00, 0x00, 0x00, 0x00, 0x00, 0x00, 0x00, 0x00, 0x00, 0x00, 0x00, 0x00, 0x00,
    0x00, 0x00, 0x00, 0x00, 0x00, 0x00, 0x00, 0x00, 0x00, 0x00, 0x00, 0x00, 0x00, 0x00, 0x00, 0x00,
    0x00, 0x00, 0x00, 0x00, 0x00, 0x00, 0x00, 0x00, 0x00, 0x00, 0x00, 0x00, 0x00, 0x00, 0x00, 0x00,
    0x00, 0x00, 0x00, 0x00, 0xFF, 0xFF, 0x55, 0x03, 0x00, 0x00, 0x00, 0x00, 0xFF, 0xD5, 0x57, 0x49,
    0xFF, 0xE9, 0x60, 0xFF, 0xFF, 0xDC, 0x5A, 0x99, 0x00, 0x00, 0x00, 0x00, 0xFF, 0xAA, 0x00, 0x03,
    0xFF, 0xFF, 0x00, 0x01, 0x00, 0x00, 0x00, 0x00, 0x00, 0x00, 0x00, 0x00, 0x00, 0x00, 0x00, 0x00,
    0x00, 0x00, 0x00, 0x00, 0x00, 0x00, 0x00, 0x00, 0x00, 0x00, 0x00, 0x00, 0x00, 0x00, 0x00, 0x00,
    0x00, 0x00, 0x00, 0x00, 0x00, 0x00, 0x00, 0x00, 0x00, 0x00, 0x00, 0x00, 0x00, 0x00, 0x00, 0x00,
    0x00, 0x00, 0x00, 0x00, 0x00, 0x00, 0x00, 0x00, 0x00, 0x00, 0x00, 0x00, 0x00, 0x00, 0x00, 0x00,
    0x00, 0x00, 0x00, 0x00, 0x00, 0x00, 0x00, 0x00, 0x00, 0x00, 0x00, 0x00, 0x00, 0x00, 0x00, 0x00,
    0x00, 0x00, 0x00, 0x00, 0x00, 0x00, 0x00, 0x00, 0x00, 0x00, 0x00, 0x00, 0x00, 0x00, 0x00, 0x00,
    0x00, 0x00, 0x00, 0x00, 0x00, 0x00, 0x00, 0x00, 0x00, 0x00, 0x00, 0x00, 0x00, 0x00, 0x00, 0x00,
    0x00, 0x00, 0x00, 0x00, 0x00, 0x00, 0x00, 0x00, 0x00, 0x00, 0x00, 0x00, 0x00, 0x00, 0x00, 0x00,
    0x00, 0x00, 0x00, 0x00, 0x00, 0x00, 0x00, 0x00, 0x00, 0x00, 0x00, 0x00, 0x00, 0x00, 0x00, 0x00,
    0x00, 0x00, 0x00, 0x00, 0x00, 0x00, 0x00, 0x00, 0x00, 0x00, 0x00, 0x00, 0x00, 0x00, 0x00, 0x00,
    0x00, 0x00, 0x00, 0x00, 0x00, 0x00, 0x00, 0x00, 0x00, 0x00, 0x00, 0x00, 0x00, 0x00, 0x00, 0x00,
    0x00, 0x00, 0x00, 0x00, 0xFF, 0xFF, 0x7F, 0x02, 0x00, 0x00, 0x00, 0x00, 0xFF, 0xD6, 0x56, 0x2C,
    0xFF, 0xD9, 0x58, 0xF2, 0xFF, 0xD7, 0x59, 0xDC, 0xFF, 0xD0, 0x5C, 0x16, 0x00, 0x00, 0x00, 0x00,
    0xFF, 0xFF, 0x00, 0x01, 0x00, 0x00, 0x00, 0x00, 0x00, 0x00, 0x00, 0x00, 0x00, 0x00, 0x00, 0x00,
    0x00, 0x00, 0x00, 0x00, 0x00, 0x00, 0x00, 0x00, 0x00, 0x00, 0x00, 0x00, 0x00, 0x00, 0x00, 0x00,
    0x00, 0x00, 0x00, 0x00, 0x00, 0x00, 0x00, 0x00, 0x00, 0x00, 0x00, 0x00, 0x00, 0x00, 0x00, 0x00,
    0x00, 0x00, 0x00, 0x00, 0x00, 0x00, 0x00, 0x00, 0x00, 0x00, 0x00, 0x00, 0x00, 0x00, 0x00, 0x00,
    0x00, 0x00, 0x00, 0x00, 0x00, 0x00, 0x00, 0x00, 0x00, 0x00, 0x00, 0x00, 0x00, 0x00, 0x00, 0x00,
    0x00, 0x00, 0x00, 0x00, 0x00, 0x00, 0x00, 0x00, 0x00, 0x00, 0x00, 0x00, 0x00, 0x00, 0x00, 0x00,
    0x00, 0x00, 0x00, 0x00, 0x00, 0x00, 0x00, 0x00, 0x00, 0x00, 0x00, 0x00, 0x00, 0x00, 0x00, 0x00,
    0x00, 0x00, 0x00, 0x00, 0x00, 0x00, 0x00, 0x00, 0x00, 0x00, 0x00, 0x00, 0x00, 0x00, 0x00, 0x00,
    0x00, 0x00, 0x00, 0x00, 0x00, 0x00, 0x00, 0x00, 0x00, 0x00, 0x00, 0x00, 0x00, 0x00, 0x00, 0x00,
    0x00, 0x00, 0x00, 0x00, 0x00, 0x00, 0x00, 0x00, 0x00, 0x00, 0x00, 0x00, 0x00, 0x00, 0x00, 0x00,
    0x00, 0x00, 0x00, 0x00, 0x00, 0x00, 0x00, 0x00, 0x00, 0x00, 0x00, 0x00, 0x00, 0x00, 0x00, 0x00,
    0x00, 0x00, 0x00, 0x00, 0xFF, 0xFF, 0x55, 0x03, 0x00, 0x00, 0x00, 0x00, 0xFF, 0xD2, 0x55, 0x39,
    0xFF, 0xE3, 0x5D, 0xFB, 0xFF, 0xDF, 0x5A, 0xB1, 0xFF, 0x55, 0x00, 0x03, 0xFF, 0xFF, 0x00, 0x01,
    0xFF, 0xFF, 0x00, 0x01, 0x00, 0x00, 0x00, 0x00, 0x00, 0x00, 0x00, 0x00, 0x00, 0x00, 0x00, 0x00,
    0x00, 0x00, 0x00, 0x00, 0x00, 0x00, 0x00, 0x00, 0x00, 0x00, 0x00, 0x00, 0x00, 0x00, 0x00, 0x00,
    0x00, 0x00, 0x00, 0x00, 0x00, 0x00, 0x00, 0x00, 0x00, 0x00, 0x00, 0x00, 0x00, 0x00, 0x00, 0x00,
    0x00, 0x00, 0x00, 0x00, 0x00, 0x00, 0x00, 0x00, 0x00, 0x00, 0x00, 0x00, 0x00, 0x00, 0x00, 0x00,
    0x00, 0x00, 0x00, 0x00, 0x00, 0x00, 0x00, 0x00, 0x00, 0x00, 0x00, 0x00, 0x00, 0x00, 0x00, 0x00,
    0x00, 0x00, 0x00, 0x00, 0x00, 0x00, 0x00, 0x00, 0x00, 0x00, 0x00, 0x00, 0x00, 0x00, 0x00, 0x00,
    0x00, 0x00, 0x00, 0x00, 0x00, 0x00, 0x00, 0x00, 0x00, 0x00, 0x00, 0x00, 0x00, 0x00, 0x00, 0x00,
    0x00, 0x00, 0x00, 0x00, 0x00, 0x00, 0x00, 0x00, 0x00, 0x00, 0x00, 0x00, 0x00, 0x00, 0x00, 0x00,
    0x00, 0x00, 0x00, 0x00, 0x00, 0x00, 0x00, 0x00, 0x00, 0x00, 0x00, 0x00, 0x00, 0x00, 0x00, 0x00,
    0x00, 0x00, 0x00, 0x00, 0x00, 0x00, 0x00, 0x00, 0xFF, 0xFF, 0x7F, 0x02, 0x00, 0x00, 0x00, 0x00,
    0xFF, 0xCC, 0x50, 0x23, 0xFE, 0xE2, 0x5C, 0xEF, 0xFF, 0xDE, 0x5A, 0xBC, 0xFF, 0x7F, 0x3F, 0x04,
    0x00, 0x00, 0x00, 0x00, 0xFF, 0xFF, 0x00, 0x01, 0x00, 0x00, 0x00, 0x00, 0x00, 0x00, 0x00, 0x00,
    0x00, 0x00, 0x00, 0x00, 0x00, 0x00, 0x00, 0x00, 0x00, 0x00, 0x00, 0x00, 0x00, 0x00, 0x00, 0x00,
    0x00, 0x00, 0x00, 0x00, 0x00, 0x00, 0x00, 0x00, 0x00, 0x00, 0x00, 0x00, 0x00, 0x00, 0x00, 0x00,
    0x00, 0x00, 0x00, 0x00, 0x00, 0x00, 0x00, 0x00, 0x00, 0x00, 0x00, 0x00, 0x00, 0x00, 0x00, 0x00,
    0x00, 0x00, 0x00, 0x00, 0x00, 0x00, 0x00, 0x00, 0x00, 0x00, 0x00, 0x00, 0x00, 0x00, 0x00, 0x00,
    0x00, 0x00, 0x00, 0x00, 0x00, 0x00, 0x00, 0x00, 0x00, 0x00, 0x00, 0x00, 0x00, 0x00, 0x00, 0x00,
    0x00, 0x00, 0x00, 0x00, 0x00, 0x00, 0x00, 0x00, 0x00, 0x00, 0x00, 0x00, 0x00, 0x00, 0x00, 0x00,
    0x00, 0x00, 0x00, 0x00, 0x00, 0x00, 0x00, 0x00, 0x00, 0x00, 0x00, 0x00, 0x00, 0x00, 0x00, 0x00,
    0x00, 0x00, 0x00, 0x00, 0x00, 0x00, 0x00, 0x00, 0x00, 0x00, 0x00, 0x00, 0x00, 0x00, 0x00, 0x00,
    0x00, 0x00, 0x00, 0x00, 0x00, 0x00, 0x00, 0x00, 0x00, 0x00, 0x00, 0x00, 0x00, 0x00, 0x00, 0x00,
    0x00, 0x00, 0x00, 0x00, 0x00, 0x00, 0x00, 0x00, 0x00, 0x00, 0x00, 0x00, 0x00, 0x00, 0x00, 0x00,
    0x00, 0x00, 0x00, 0x00, 0x00, 0x00, 0x00, 0x00, 0x00, 0x00, 0x00, 0x00, 0xFF, 0xFF, 0x00, 0x01,
    0x00, 0x00, 0x00, 0x00, 0xFF, 0xDE, 0x5A, 0xAB, 0xFF, 0xE3, 0x5E, 0xFF, 0xFF, 0xE6, 0x5F, 0xFF,
    0xFF, 0xDD, 0x5A, 0x87, 0x00, 0x00, 0x00, 0x00, 0xFF, 0xFF, 0x55, 0x03, 0x00, 0x00, 0x00, 0x00,
    0x00, 0x00, 0x00, 0x00, 0x00, 0x00, 0x00, 0x00, 0x00, 0x00, 0x00, 0x00, 0x00, 0x00, 0x00, 0x00,
    0x00, 0x00, 0x00, 0x00, 0x00, 0x00, 0x00, 0x00, 0x00, 0x00, 0x00, 0x00, 0x00, 0x00, 0x00, 0x00,
    0x00, 0x00, 0x00, 0x00, 0x00, 0x00, 0x00, 0x00, 0x00, 0x00, 0x00, 0x00, 0x00, 0x00, 0x00, 0x00,
    0x00, 0x00, 0x00, 0x00, 0x00, 0x00, 0x00, 0x00, 0x00, 0x00, 0x00, 0x00, 0x00, 0x00, 0x00, 0x00,
    0x00, 0x00, 0x00, 0x00, 0x00, 0x00, 0x00, 0x00, 0x00, 0x00, 0x00, 0x00, 0x00, 0x00, 0x00, 0x00,
    0x00, 0x00, 0x00, 0x00, 0x00, 0x00, 0x00, 0x00, 0x00, 0x00, 0x00, 0x00, 0x00, 0x00, 0x00, 0x00,
    0x00, 0x00, 0x00, 0x00, 0x00, 0x00, 0x00, 0x00, 0x00, 0x00, 0x00, 0x00, 0x00, 0x00, 0x00, 0x00,
    0x00, 0x00, 0x00, 0x00, 0x00, 0x00, 0x00, 0x00, 0x00, 0x00, 0x00, 0x00, 0x00, 0x00, 0x00, 0x00,
    0x00, 0x00, 0x00, 0x00, 0x00, 0x00, 0x00, 0x00, 0x00, 0x00, 0x00, 0x00, 0x00, 0x00, 0x00, 0x00,
    0x00, 0x00, 0x00, 0x00, 0x00, 0x00, 0x00, 0x00, 0x00, 0x00, 0x00, 0x00, 0x00, 0x00, 0x00, 0x00,
    0x00, 0x00, 0x00, 0x00, 0x00, 0x00, 0x00, 0x00, 0x00, 0x00, 0x00, 0x00, 0x00, 0x00, 0x00, 0x00,
    0xFF, 0xBF, 0x3F, 0x04, 0x00, 0x00, 0x00, 0x00, 0xFF, 0xD5, 0x57, 0x4F, 0xFF, 0xEA, 0x60, 0xFF,
    0xFF, 0xDC, 0x5A, 0x92, 0x00, 0x00, 0x00, 0x00, 0xFF, 0xFF, 0x7F, 0x02, 0x00, 0x00, 0x00, 0x00,
    0x00, 0x00, 0x00, 0x00, 0x00, 0x00, 0x00, 0x00, 0x00, 0x00, 0x00, 0x00, 0x00, 0x00, 0x00, 0x00,
    0x00, 0x00, 0x00, 0x00, 0x00, 0x00, 0x00, 0x00, 0x00, 0x00, 0x00, 0x00, 0x00, 0x00, 0x00, 0x00,
    0x00, 0x00, 0x00, 0x00, 0x00, 0x00, 0x00, 0x00, 0x00, 0x00, 0x00, 0x00, 0x00, 0x00, 0x00, 0x00,
    0x00, 0x00, 0x00, 0x00, 0x00, 0x00, 0x00, 0x00, 0x00, 0x00, 0x00, 0x00, 0x00, 0x00, 0x00, 0x00,
    0x00, 0x00, 0x00, 0x00, 0x00, 0x00, 0x00, 0x00, 0x00, 0x00, 0x00, 0x00, 0x00, 0x00, 0x00, 0x00,
    0x00, 0x00, 0x00, 0x00, 0x00, 0x00, 0x00, 0x00, 0x00, 0x00, 0x00, 0x00, 0x00, 0x00, 0x00, 0x00,
    0x00, 0x00, 0x00, 0x00, 0x00, 0x00, 0x00, 0x00, 0x00, 0x00, 0x00, 0x00, 0x00, 0x00, 0x00, 0x00,
    0x00, 0x00, 0x00, 0x00, 0x00, 0x00, 0x00, 0x00, 0x00, 0x00, 0x00, 0x00, 0x00, 0x00, 0x00, 0x00,
    0x00, 0x00, 0x00, 0x00, 0x00, 0x00, 0x00, 0x00, 0x00, 0x00, 0x00, 0x00, 0xFF, 0xFF, 0x00, 0x01,
    0x00, 0x00, 0x00, 0x00, 0xFF, 0x99, 0x33, 0x05, 0xFF, 0xDE, 0x5A, 0xC7, 0xFF, 0xE1, 0x5C, 0xE4,
    0xFF, 0xCC, 0x51, 0x19, 0x00, 0x00, 0x00, 0x00, 0xFF, 0x7F, 0x7F, 0x02, 0x00, 0x00, 0x00, 0x00,
    0x00, 0x00, 0x00, 0x00, 0x00, 0x00, 0x00, 0x00, 0x00, 0x00, 0x00, 0x00, 0x00, 0x00, 0x00, 0x00,
    0x00, 0x00, 0x00, 0x00, 0x00, 0x00, 0x00, 0x00, 0x00, 0x00, 0x00, 0x00, 0x00, 0x00, 0x00, 0x00,
    0x00, 0x00, 0x00, 0x00, 0x00, 0x00, 0x00, 0x00, 0x00, 0x00, 0x00, 0x00, 0x00, 0x00, 0x00, 0x00,
    0x00, 0x00, 0x00, 0x00, 0x00, 0x00, 0x00, 0x00, 0x00, 0x00, 0x00, 0x00, 0x00, 0x00, 0x00, 0x00,
    0x00, 0x00, 0x00, 0x00, 0x00, 0x00, 0x00, 0x00, 0x00, 0x00, 0x00, 0x00, 0x00, 0x00, 0x00, 0x00,
    0x00, 0x00, 0x00, 0x00, 0x00, 0x00, 0x00, 0x00, 0x00, 0x00, 0x00, 0x00, 0x00, 0x00, 0x00, 0x00,
    0x00, 0x00, 0x00, 0x00, 0x00, 0x00, 0x00, 0x00, 0x00, 0x00, 0x00, 0x00, 0x00, 0x00, 0x00, 0x00,
    0x00, 0x00, 0x00, 0x00, 0x00, 0x00, 0x00, 0x00, 0x00, 0x00, 0x00, 0x00, 0x00, 0x00, 0x00, 0x00,
    0x00, 0x00, 0x00, 0x00, 0x00, 0x00, 0x00, 0x00, 0x00, 0x00, 0x00, 0x00, 0x00, 0x00, 0x00, 0x00,
    0x00, 0x00, 0x00, 0x00, 0x00, 0x00, 0x00, 0x00, 0x00, 0x00, 0x00, 0x00, 0x00, 0x00, 0x00, 0x00,
    0x00, 0x00, 0x00, 0x00, 0x00, 0x00, 0x00, 0x00, 0x00, 0x00, 0x00, 0x00, 0x00, 0x00, 0x00, 0x00,
    0xFF, 0xAA, 0x55, 0x03, 0x00, 0x00, 0x00, 0x00, 0xFF, 0xD8, 0x58, 0x42, 0xFF, 0xDB, 0x5A, 0xFE,
    0xFF, 0xD7, 0x58, 0xFD, 0xFF, 0xDB, 0x5A, 0xFF, 0xFF, 0xDB, 0x5A, 0xE8, 0xFF, 0xDB, 0x57, 0x1D,
    0x00, 0x00, 0x00, 0x00, 0xFF, 0xFF, 0xFF, 0x01, 0x00, 0x00, 0x00, 0x00, 0x00, 0x00, 0x00, 0x00,
    0x00, 0x00, 0x00, 0x00, 0x00, 0x00, 0x00, 0x00, 0x00, 0x00, 0x00, 0x00, 0x00, 0x00, 0x00, 0x00,
    0x00, 0x00, 0x00, 0x00, 0x00, 0x00, 0x00, 0x00, 0x00, 0x00, 0x00, 0x00, 0x00, 0x00, 0x00, 0x00,
    0x00, 0x00, 0x00, 0x00, 0x00, 0x00, 0x00, 0x00, 0x00, 0x00, 0x00, 0x00, 0x00, 0x00, 0x00, 0x00,
    0x00, 0x00, 0x00, 0x00, 0x00, 0x00, 0x00, 0x00, 0x00, 0x00, 0x00, 0x00, 0x00, 0x00, 0x00, 0x00,
    0x00, 0x00, 0x00, 0x00, 0x00, 0x00, 0x00, 0x00, 0x00, 0x00, 0x00, 0x00, 0x00, 0x00, 0x00, 0x00,
    0x00, 0x00, 0x00, 0x00, 0x00, 0x00, 0x00, 0x00, 0x00, 0x00, 0x00, 0x00, 0x00, 0x00, 0x00, 0x00,
    0x00, 0x00, 0x00, 0x00, 0x00, 0x00, 0x00, 0x00, 0x00, 0x00, 0x00, 0x00, 0x00, 0x00, 0x00, 0x00,
    0x00, 0x00, 0x00, 0x00, 0x00, 0x00, 0x00, 0x00, 0x00, 0x00, 0x00, 0x00, 0x00, 0x00, 0x00, 0x00,
    0x00, 0x00, 0x00, 0x00, 0x00, 0x00, 0x00, 0x00, 0x00, 0x00, 0x00, 0x00, 0x00, 0x00, 0x00, 0x00,
    0x00, 0x00, 0x00, 0x00, 0x00, 0x00, 0x00, 0x00, 0x00, 0x00, 0x00, 0x00, 0x00, 0x00, 0x00, 0x00,
    0x00, 0x00, 0x00, 0x00, 0x00, 0x00, 0x00, 0x00, 0x00, 0x00, 0x00, 0x00, 0xFF, 0xFF, 0x55, 0x03,
    0x00, 0x00, 0x00, 0x00, 0xFE, 0xDA, 0x5A, 0x71, 0xFF, 0xEE, 0x62, 0xFF, 0xFF, 0xD7, 0x58, 0x68,
    0x00, 0x00, 0x00, 0x00, 0xFF, 0xAA, 0x55, 0x03, 0x00, 0x00, 0x00, 0x00, 0x00, 0x00, 0x00, 0x00,
    0x00, 0x00, 0x00, 0x00, 0x00, 0x00, 0x00, 0x00, 0x00, 0x00, 0x00, 0x00, 0x00, 0x00, 0x00, 0x00,
    0x00, 0x00, 0x00, 0x00, 0x00, 0x00, 0x00, 0x00, 0x00, 0x00, 0x00, 0x00, 0x00, 0x00, 0x00, 0x00,
    0x00, 0x00, 0x00, 0x00, 0x00, 0x00, 0x00, 0x00, 0x00, 0x00, 0x00, 0x00, 0x00, 0x00, 0x00, 0x00,
    0x00, 0x00, 0x00, 0x00, 0x00, 0x00, 0x00, 0x00, 0x00, 0x00, 0x00, 0x00, 0x00, 0x00, 0x00, 0x00,
    0x00, 0x00, 0x00, 0x00, 0x00, 0x00, 0x00, 0x00, 0x00, 0x00, 0x00, 0x00, 0x00, 0x00, 0x00, 0x00,
    0x00, 0x00, 0x00, 0x00, 0x00, 0x00, 0x00, 0x00, 0x00, 0x00, 0x00, 0x00, 0x00, 0x00, 0x00, 0x00,
    0x00, 0x00, 0x00, 0x00, 0x00, 0x00, 0x00, 0x00, 0x00, 0x00, 0x00, 0x00, 0x00, 0x00, 0x00, 0x00,
    0x00, 0x00, 0x00, 0x00, 0x00, 0x00, 0x00, 0x00, 0x00, 0x00, 0x00, 0x00, 0x00, 0x00, 0x00, 0x00,
    0x00, 0x00, 0x00, 0x00, 0xFF, 0xAA, 0x55, 0x03, 0x00, 0x00, 0x00, 0x00, 0xFF, 0xDC, 0x59, 0x86,
    0xFF, 0xE5, 0x5E, 0xFF, 0xFF, 0xD4, 0x55, 0x3C, 0x00, 0x00, 0x00, 0x00, 0xFF, 0xFF, 0x55, 0x03,
    0x00, 0x00, 0x00, 0x00, 0x00, 0x00, 0x00, 0x00, 0x00, 0x00, 0x00, 0x00, 0x00, 0x00, 0x00, 0x00,
    0x00, 0x00, 0x00, 0x00, 0x00, 0x00, 0x00, 0x00, 0x00, 0x00, 0x00, 0x00, 0x00, 0x00, 0x00, 0x00,
    0x00, 0x00, 0x00, 0x00, 0x00, 0x00, 0x00, 0x00, 0x00, 0x00, 0x00, 0x00, 0x00, 0x00, 0x00, 0x00,
    0x00, 0x00, 0x00, 0x00, 0x00, 0x00, 0x00, 0x00, 0x00, 0x00, 0x00, 0x00, 0x00, 0x00, 0x00, 0x00,
    0x00, 0x00, 0x00, 0x00, 0x00, 0x00, 0x00, 0x00, 0x00, 0x00, 0x00, 0x00, 0x00, 0x00, 0x00, 0x00,
    0x00, 0x00, 0x00, 0x00, 0x00, 0x00, 0x00, 0x00, 0x00, 0x00, 0x00, 0x00, 0x00, 0x00, 0x00, 0x00,
    0x00, 0x00, 0x00, 0x00, 0x00, 0x00, 0x00, 0x00, 0x00, 0x00, 0x00, 0x00, 0x00, 0x00, 0x00, 0x00,
    0x00, 0x00, 0x00, 0x00, 0x00, 0x00, 0x00, 0x00, 0x00, 0x00, 0x00, 0x00, 0x00, 0x00, 0x00, 0x00,
    0x00, 0x00, 0x00, 0x00, 0x00, 0x00, 0x00, 0x00, 0x00, 0x00, 0x00, 0x00, 0x00, 0x00, 0x00, 0x00,
    0x00, 0x00, 0x00, 0x00, 0x00, 0x00, 0x00, 0x00, 0x00, 0x00, 0x00, 0x00, 0x00, 0x00, 0x00, 0x00,
    0x00, 0x00, 0x00, 0x00, 0x00, 0x00, 0x00, 0x00, 0x00, 0x00, 0x00, 0x00, 0x00, 0x00, 0x00, 0x00,
    0x00, 0x00, 0x00, 0x00, 0x00, 0x00, 0x00, 0x00, 0xFF, 0xFF, 0x00, 0x01, 0x00, 0x00, 0x00, 0x00,
    0xFE, 0xDD, 0x5B, 0xB6, 0xFF, 0xE3, 0x5D, 0xFF, 0xFE, 0xD7, 0x59, 0xFC, 0xFE, 0xD7, 0x59, 0xFC,
    0xFF, 0xE5, 0x5E, 0xFF, 0xFF, 0xDA, 0x59, 0x83, 0x00, 0x00, 0x00, 0x00, 0xFF, 0xFF, 0x55, 0x03,
    0x00, 0x00, 0x00, 0x00, 0x00, 0x00, 0x00, 0x00, 0x00, 0x00, 0x00, 0x00, 0x00, 0x00, 0x00, 0x00,
    0x00, 0x00, 0x00, 0x00, 0x00, 0x00, 0x00, 0x00, 0x00, 0x00, 0x00, 0x00, 0x00, 0x00, 0x00, 0x00,
    0x00, 0x00, 0x00, 0x00, 0x00, 0x00, 0x00, 0x00, 0x00, 0x00, 0x00, 0x00, 0x00, 0x00, 0x00, 0x00,
    0x00, 0x00, 0x00, 0x00, 0x00, 0x00, 0x00, 0x00, 0x00, 0x00, 0x00, 0x00, 0x00, 0x00, 0x00, 0x00,
    0x00, 0x00, 0x00, 0x00, 0x00, 0x00, 0x00, 0x00, 0x00, 0x00, 0x00, 0x00, 0x00, 0x00, 0x00, 0x00,
    0x00, 0x00, 0x00, 0x00, 0x00, 0x00, 0x00, 0x00, 0x00, 0x00, 0x00, 0x00, 0x00, 0x00, 0x00, 0x00,
    0x00, 0x00, 0x00, 0x00, 0x00, 0x00, 0x00, 0x00, 0x00, 0x00, 0x00, 0x00, 0x00, 0x00, 0x00, 0x00,
    0x00, 0x00, 0x00, 0x00, 0x00, 0x00, 0x00, 0x00, 0x00, 0x00, 0x00, 0x00, 0x00, 0x00, 0x00, 0x00,
    0x00, 0x00, 0x00, 0x00, 0x00, 0x00, 0x00, 0x00, 0x00, 0x00, 0x00, 0x00, 0x00, 0x00, 0x00, 0x00,
    0x00, 0x00, 0x00, 0x00, 0x00, 0x00, 0x00, 0x00, 0x00, 0x00, 0x00, 0x00, 0x00, 0x00, 0x00, 0x00,
    0x00, 0x00, 0x00, 0x00, 0x00, 0x00, 0x00, 0x00, 0x00, 0x00, 0x00, 0x00, 0x00, 0x00, 0x00, 0x00,
    0x00, 0x00, 0x00, 0x00, 0x00, 0x00, 0x00, 0x00, 0xFF, 0xFF, 0x00, 0x02, 0x00, 0x00, 0x00, 0x00,
    0xFF, 0xDD, 0x59, 0x9F, 0xFF, 0xE5, 0x5E, 0xFF, 0xFF, 0xCF, 0x56, 0x3B, 0x00, 0x00, 0x00, 0x00,
    0xFF, 0xAA, 0x55, 0x03, 0x00, 0x00, 0x00, 0x00, 0x00, 0x00, 0x00, 0x00, 0x00, 0x00, 0x00, 0x00,
    0x00, 0x00, 0x00, 0x00, 0x00, 0x00, 0x00, 0x00, 0x00, 0x00, 0x00, 0x00, 0x00, 0x00, 0x00, 0x00,
    0x00, 0x00, 0x00, 0x00, 0x00, 0x00, 0x00, 0x00, 0x00, 0x00, 0x00, 0x00, 0x00, 0x00, 0x00, 0x00,
    0x00, 0x00, 0x00, 0x00, 0x00, 0x00, 0x00, 0x00, 0x00, 0x00, 0x00, 0x00, 0x00, 0x00, 0x00, 0x00,
    0x00, 0x00, 0x00, 0x00, 0x00, 0x00, 0x00, 0x00, 0x00, 0x00, 0x00, 0x00, 0x00, 0x00, 0x00, 0x00,
    0x00, 0x00, 0x00, 0x00, 0x00, 0x00, 0x00, 0x00, 0x00, 0x00, 0x00, 0x00, 0x00, 0x00, 0x00, 0x00,
    0x00, 0x00, 0x00, 0x00, 0x00, 0x00, 0x00, 0x00, 0x00, 0x00, 0x00, 0x00, 0x00, 0x00, 0x00, 0x00,
    0x00, 0x00, 0x00, 0x00, 0x00, 0x00, 0x00, 0x00, 0x00, 0x00, 0x00, 0x00, 0x00, 0x00, 0x00, 0x00,
    0x00, 0x00, 0x00, 0x00, 0x00, 0x00, 0x00, 0x00, 0xFF, 0xAA, 0x55, 0x03, 0x00, 0x00, 0x00, 0x00,
    0xFF, 0xD8, 0x58, 0x42, 0xFF, 0xE8, 0x5F, 0xFF, 0xFF, 0xDC, 0x5B, 0x75, 0x00, 0x00, 0x00, 0x00,
    0xFF, 0xFF, 0x55, 0x03, 0x00, 0x00, 0x00, 0x00, 0x00, 0x00, 0x00, 0x00, 0x00, 0x00, 0x00, 0x00,
    0x00, 0x00, 0x00, 0x00, 0x00, 0x00, 0x00, 0x00, 0x00, 0x00, 0x00, 0x00, 0x00, 0x00, 0x00, 0x00,
    0x00, 0x00, 0x00, 0x00, 0x00, 0x00, 0x00, 0x00, 0x00, 0x00, 0x00, 0x00, 0x00, 0x00, 0x00, 0x00,
    0x00, 0x00, 0x00, 0x00, 0x00, 0x00, 0x00, 0x00, 0x00, 0x00, 0x00, 0x00, 0x00, 0x00, 0x00, 0x00,
    0x00, 0x00, 0x00, 0x00, 0x00, 0x00, 0x00, 0x00, 0x00, 0x00, 0x00, 0x00, 0x00, 0x00, 0x00, 0x00,
    0x00, 0x00, 0x00, 0x00, 0x00, 0x00, 0x00, 0x00, 0x00, 0x00, 0x00, 0x00, 0x00, 0x00, 0x00, 0x00,
    0x00, 0x00, 0x00, 0x00, 0x00, 0x00, 0x00, 0x00, 0x00, 0x00, 0x00, 0x00, 0x00, 0x00, 0x00, 0x00,
    0x00, 0x00, 0x00, 0x00, 0x00, 0x00, 0x00, 0x00, 0x00, 0x00, 0x00, 0x00, 0x00, 0x00, 0x00, 0x00,
    0x00, 0x00, 0x00, 0x00, 0x00, 0x00, 0x00, 0x00, 0x00, 0x00, 0x00, 0x00, 0x00, 0x00, 0x00, 0x00,
    0x00, 0x00, 0x00, 0x00, 0x00, 0x00, 0x00, 0x00, 0x00, 0x00, 0x00, 0x00, 0x00, 0x00, 0x00, 0x00,
    0x00, 0x00, 0x00, 0x00, 0x00, 0x00, 0x00, 0x00, 0x00, 0x00, 0x00, 0x00, 0x00, 0x00, 0x00, 0x00,
    0x00, 0x00, 0x00, 0x00, 0x00, 0x00, 0x00, 0x00, 0x00, 0x00, 0x00, 0x00, 0xFF, 0xAA, 0x55, 0x03,
    0x00, 0x00, 0x00, 0x00, 0xFF, 0xDC, 0x59, 0x4A, 0xFF, 0xDE, 0x5B, 0xFF, 0xFF, 0xD6, 0x58, 0xFE,
    0xFF, 0xD8, 0x59, 0xFF, 0xFF, 0xD7, 0x59, 0xFE, 0xFF, 0xDD, 0x5B, 0xFF, 0xFE, 0xDB, 0x59, 0xE0,
    0xFF, 0xD6, 0x50, 0x13, 0x00, 0x00, 0x00, 0x00, 0xFF, 0xFF, 0x00, 0x01, 0x00, 0x00, 0x00, 0x00,
    0x00, 0x00, 0x00, 0x00, 0x00, 0x00, 0x00, 0x00, 0x00, 0x00, 0x00, 0x00, 0x00, 0x00, 0x00, 0x00,
    0x00, 0x00, 0x00, 0x00, 0x00, 0x00, 0x00, 0x00, 0x00, 0x00, 0x00, 0x00, 0x00, 0x00, 0x00, 0x00,
    0x00, 0x00, 0x00, 0x00, 0x00, 0x00, 0x00, 0x00, 0x00, 0x00, 0x00, 0x00, 0x00, 0x00, 0x00, 0x00,
    0x00, 0x00, 0x00, 0x00, 0x00, 0x00, 0x00, 0x00, 0x00, 0x00, 0x00, 0x00, 0x00, 0x00, 0x00, 0x00,
    0x00, 0x00, 0x00, 0x00, 0x00, 0x00, 0x00, 0x00, 0x00, 0x00, 0x00, 0x00, 0x00, 0x00, 0x00, 0x00,
    0x00, 0x00, 0x00, 0x00, 0x00, 0x00, 0x00, 0x00, 0x00, 0x00, 0x00, 0x00, 0x00, 0x00, 0x00, 0x00,
    0x00, 0x00, 0x00, 0x00, 0x00, 0x00, 0x00, 0x00, 0x00, 0x00, 0x00, 0x00, 0x00, 0x00, 0x00, 0x00,
    0x00, 0x00, 0x00, 0x00, 0x00, 0x00, 0x00, 0x00, 0x00, 0x00, 0x00, 0x00, 0x00, 0x00, 0x00, 0x00,
    0x00, 0x00, 0x00, 0x00, 0x00, 0x00, 0x00, 0x00, 0x00, 0x00, 0x00, 0x00, 0x00, 0x00, 0x00, 0x00,
    0x00, 0x00, 0x00, 0x00, 0x00, 0x00, 0x00, 0x00, 0x00, 0x00, 0x00, 0x00, 0x00, 0x00, 0x00, 0x00,
    0x00, 0x00, 0x00, 0x00, 0x00, 0x00, 0x00, 0x00, 0x00, 0x00, 0x00, 0x00, 0x00, 0x00, 0x00, 0x00,
    0xFF, 0xFF, 0x00, 0x01, 0x00, 0x00, 0x00, 0x00, 0xFF, 0xAA, 0x3F, 0x0C, 0xFF, 0xE0, 0x5B, 0xD0,
    0xFE, 0xE0, 0x5B, 0xDF, 0xFF, 0xBB, 0x43, 0x13, 0x00, 0x00, 0x00, 0x00, 0xFF, 0xFF, 0x00, 0x01,
    0x00, 0x00, 0x00, 0x00, 0x00, 0x00, 0x00, 0x00, 0x00, 0x00, 0x00, 0x00, 0x00, 0x00, 0x00, 0x00,
    0x00, 0x00, 0x00, 0x00, 0x00, 0x00, 0x00, 0x00, 0x00, 0x00, 0x00, 0x00, 0x00, 0x00, 0x00, 0x00,
    0x00, 0x00, 0x00, 0x00, 0x00, 0x00, 0x00, 0x00, 0x00, 0x00, 0x00, 0x00, 0x00, 0x00, 0x00, 0x00,
    0x00, 0x00, 0x00, 0x00, 0x00, 0x00, 0x00, 0x00, 0x00, 0x00, 0x00, 0x00, 0x00, 0x00, 0x00, 0x00,
    0x00, 0x00, 0x00, 0x00, 0x00, 0x00, 0x00, 0x00, 0x00, 0x00, 0x00, 0x00, 0x00, 0x00, 0x00, 0x00,
    0x00, 0x00, 0x00, 0x00, 0x00, 0x00, 0x00, 0x00, 0x00, 0x00, 0x00, 0x00, 0x00, 0x00, 0x00, 0x00,
    0x00, 0x00, 0x00, 0x00, 0x00, 0x00, 0x00, 0x00, 0x00, 0x00, 0x00, 0x00, 0x00, 0x00, 0x00, 0x00,
    0x00, 0x00, 0x00, 0x00, 0x00, 0x00, 0x00, 0x00, 0x00, 0x00, 0x00, 0x00, 0xFF, 0xFF, 0x00, 0x01,
    0x00, 0x00, 0x00, 0x00, 0xFF, 0xA2, 0x45, 0x0B, 0xFF, 0xE0, 0x5B, 0xDB, 0xFF, 0xDE, 0x5B, 0xBB,
    0x00, 0x00, 0x00, 0x00, 0xFF, 0xFF, 0xFF, 0x01, 0x00, 0x00, 0x00, 0x00, 0x00, 0x00, 0x00, 0x00,
    0x00, 0x00, 0x00, 0x00, 0x00, 0x00, 0x00, 0x00, 0x00, 0x00, 0x00, 0x00, 0x00, 0x00, 0x00, 0x00,
    0x00, 0x00, 0x00, 0x00, 0x00, 0x00, 0x00, 0x00, 0x00, 0x00, 0x00, 0x00, 0x00, 0x00, 0x00, 0x00,
    0x00, 0x00, 0x00, 0x00, 0x00, 0x00, 0x00, 0x00, 0x00, 0x00, 0x00, 0x00, 0x00, 0x00, 0x00, 0x00,
    0x00, 0x00, 0x00, 0x00, 0x00, 0x00, 0x00, 0x00, 0x00, 0x00, 0x00, 0x00, 0x00, 0x00, 0x00, 0x00,
    0x00, 0x00, 0x00, 0x00, 0x00, 0x00, 0x00, 0x00, 0x00, 0x00, 0x00, 0x00, 0x00, 0x00, 0x00, 0x00,
    0x00, 0x00, 0x00, 0x00, 0x00, 0x00, 0x00, 0x00, 0x00, 0x00, 0x00, 0x00, 0x00, 0x00, 0x00, 0x00,
    0x00, 0x00, 0x00, 0x00, 0x00, 0x00, 0x00, 0x00, 0x00, 0x00, 0x00, 0x00, 0x00, 0x00, 0x00, 0x00,
    0x00, 0x00, 0x00, 0x00, 0x00, 0x00, 0x00, 0x00, 0x00, 0x00, 0x00, 0x00, 0x00, 0x00, 0x00, 0x00,
    0x00, 0x00, 0x00, 0x00, 0x00, 0x00, 0x00, 0x00, 0x00, 0x00, 0x00, 0x00, 0x00, 0x00, 0x00, 0x00,
    0x00, 0x00, 0x00, 0x00, 0x00, 0x00, 0x00, 0x00, 0x00, 0x00, 0x00, 0x00, 0x00, 0x00, 0x00, 0x00,
    0x00, 0x00, 0x00, 0x00, 0x00, 0x00, 0x00, 0x00, 0x00, 0x00, 0x00, 0x00, 0x00, 0x00, 0x00, 0x00,
    0x00, 0x00, 0x00, 0x00, 0x00, 0x00, 0x00, 0x00, 0x00, 0x00, 0x00, 0x00, 0xFF, 0xDB, 0x5A, 0xBC,
    0xFF, 0xE2, 0x5D, 0xFF, 0xFE, 0xD7, 0x59, 0xFC, 0xFF, 0xD8, 0x59, 0xFF, 0xFF, 0xD8, 0x59, 0xFF,
    0xFE, 0xD7, 0x59, 0xFC, 0xFF, 0xE3, 0x5E, 0xFF, 0xFF, 0xDB, 0x58, 0x6B, 0x00, 0x00, 0x00, 0x00,
    0xFF, 0xFF, 0x55, 0x03, 0x00, 0x00, 0x00, 0x00, 0x00, 0x00, 0x00, 0x00, 0x00, 0x00, 0x00, 0x00,
    0x00, 0x00, 0x00, 0x00, 0x00, 0x00, 0x00, 0x00, 0x00, 0x00, 0x00, 0x00, 0x00, 0x00, 0x00, 0x00,
    0x00, 0x00, 0x00, 0x00, 0x00, 0x00, 0x00, 0x00, 0x00, 0x00, 0x00, 0x00, 0x00, 0x00, 0x00, 0x00,
    0x00, 0x00, 0x00, 0x00, 0x00, 0x00, 0x00, 0x00, 0x00, 0x00, 0x00, 0x00, 0x00, 0x00, 0x00, 0x00,
    0x00, 0x00, 0x00, 0x00, 0x00, 0x00, 0x00, 0x00, 0x00, 0x00, 0x00, 0x00, 0x00, 0x00, 0x00, 0x00,
    0x00, 0x00, 0x00, 0x00, 0x00, 0x00, 0x00, 0x00, 0x00, 0x00, 0x00, 0x00, 0x00, 0x00, 0x00, 0x00,
    0x00, 0x00, 0x00, 0x00, 0x00, 0x00, 0x00, 0x00, 0x00, 0x00, 0x00, 0x00, 0x00, 0x00, 0x00, 0x00,
    0x00, 0x00, 0x00, 0x00, 0x00, 0x00, 0x00, 0x00, 0x00, 0x00, 0x00, 0x00, 0x00, 0x00, 0x00, 0x00,
    0x00, 0x00, 0x00, 0x00, 0x00, 0x00, 0x00, 0x00, 0x00, 0x00, 0x00, 0x00, 0x00, 0x00, 0x00, 0x00,
    0x00, 0x00, 0x00, 0x00, 0x00, 0x00, 0x00, 0x00, 0x00, 0x00, 0x00, 0x00, 0x00, 0x00, 0x00, 0x00,
    0x00, 0x00, 0x00, 0x00, 0x00, 0x00, 0x00, 0x00, 0x00, 0x00, 0x00, 0x00, 0x00, 0x00, 0x00, 0x00,
    0x00, 0x00, 0x00, 0x00, 0x00, 0x00, 0x00, 0x00, 0x00, 0x00, 0x00, 0x00, 0xFF, 0xAA, 0x55, 0x03,
    0x00, 0x00, 0x00, 0x00, 0xFF, 0xD3, 0x56, 0x2F, 0xFF, 0xE1, 0x5C, 0xFD, 0xFF, 0xDD, 0x5B, 0xA2,
    0x00, 0x00, 0x00, 0x00, 0xFF, 0xFF, 0x00, 0x02, 0x00, 0x00, 0x00, 0x00, 0x00, 0x00, 0x00, 0x00,
    0x00, 0x00, 0x00, 0x00, 0x00, 0x00, 0x00, 0x00, 0x00, 0x00, 0x00, 0x00, 0x00, 0x00, 0x00, 0x00,
    0x00, 0x00, 0x00, 0x00, 0x00, 0x00, 0x00, 0x00, 0x00, 0x00, 0x00, 0x00, 0x00, 0x00, 0x00, 0x00,
    0x00, 0x00, 0x00, 0x00, 0x00, 0x00, 0x00, 0x00, 0x00, 0x00, 0x00, 0x00, 0x00, 0x00, 0x00, 0x00,
    0x00, 0x00, 0x00, 0x00, 0x00, 0x00, 0x00, 0x00, 0x00, 0x00, 0x00, 0x00, 0x00, 0x00, 0x00, 0x00,
    0x00, 0x00, 0x00, 0x00, 0x00, 0x00, 0x00, 0x00, 0x00, 0x00, 0x00, 0x00, 0x00, 0x00, 0x00, 0x00,
    0x00, 0x00, 0x00, 0x00, 0x00, 0x00, 0x00, 0x00, 0x00, 0x00, 0x00, 0x00, 0x00, 0x00, 0x00, 0x00,
    0x00, 0x00, 0x00, 0x00, 0x00, 0x00, 0x00, 0x00, 0x00, 0x00, 0x00, 0x00, 0x00, 0x00, 0x00, 0x00,
    0x00, 0x00, 0x00, 0x00, 0xFF, 0xFF, 0x7F, 0x02, 0x00, 0x00, 0x00, 0x00, 0xFF, 0xDD, 0x5A, 0x8A,
    0xFF, 0xE0, 0x5C, 0xF5, 0xFF, 0xCC, 0x57, 0x23, 0x00, 0x00, 0x00, 0x00, 0xFF, 0xFF, 0x7F, 0x02,
    0x00, 0x00, 0x00, 0x00, 0x00, 0x00, 0x00, 0x00, 0x00, 0x00, 0x00, 0x00, 0x00, 0x00, 0x00, 0x00,
    0x00, 0x00, 0x00, 0x00, 0x00, 0x00, 0x00, 0x00, 0x00, 0x00, 0x00, 0x00, 0x00, 0x00, 0x00, 0x00,
    0x00, 0x00, 0x00, 0x00, 0x00, 0x00, 0x00, 0x00, 0x00, 0x00, 0x00, 0x00, 0x00, 0x00, 0x00, 0x00,
    0x00, 0x00, 0x00, 0x00, 0x00, 0x00, 0x00, 0x00, 0x00, 0x00, 0x00, 0x00, 0x00, 0x00, 0x00, 0x00,
    0x00, 0x00, 0x00, 0x00, 0x00, 0x00, 0x00, 0x00, 0x00, 0x00, 0x00, 0x00, 0x00, 0x00, 0x00, 0x00,
    0x00, 0x00, 0x00, 0x00, 0x00, 0x00, 0x00, 0x00, 0x00, 0x00, 0x00, 0x00, 0x00, 0x00, 0x00, 0x00,
    0x00, 0x00, 0x00, 0x00, 0x00, 0x00, 0x00, 0x00, 0x00, 0x00, 0x00, 0x00, 0x00, 0x00, 0x00, 0x00,
    0x00, 0x00, 0x00, 0x00, 0x00, 0x00, 0x00, 0x00, 0x00, 0x00, 0x00, 0x00, 0x00, 0x00, 0x00, 0x00,
    0x00, 0x00, 0x00, 0x00, 0x00, 0x00, 0x00, 0x00, 0x00, 0x00, 0x00, 0x00, 0x00, 0x00, 0x00, 0x00,
    0x00, 0x00, 0x00, 0x00, 0x00, 0x00, 0x00, 0x00, 0x00, 0x00, 0x00, 0x00, 0x00, 0x00, 0x00, 0x00,
    0x00, 0x00, 0x00, 0x00, 0x00, 0x00, 0x00, 0x00, 0x00, 0x00, 0x00, 0x00, 0x00, 0x00, 0x00, 0x00,
    0x00, 0x00, 0x00, 0x00, 0x00, 0x00, 0x00, 0x00, 0xFF, 0xAA, 0x55, 0x03, 0x00, 0x00, 0x00, 0x00,
    0xFF, 0xDC, 0x59, 0x4A, 0xFF, 0xDE, 0x5B, 0xFF, 0xFF, 0xD7, 0x58, 0xFE, 0xFF, 0xD8, 0x59, 0xFF,
    0xFF, 0xD8, 0x59, 0xFF, 0xFF, 0xD8, 0x59, 0xFF, 0xFF, 0xD7, 0x58, 0xFD, 0xFF, 0xE0, 0x5C, 0xFF,
    0xFE, 0xDB, 0x59, 0xCA, 0xFF, 0xBF, 0x3F, 0x04, 0x00, 0x00, 0x00, 0x00, 0xFF, 0xFF, 0x00, 0x01,
    0x00, 0x00, 0x00, 0x00, 0x00, 0x00, 0x00, 0x00, 0x00, 0x00, 0x00, 0x00, 0x00, 0x00, 0x00, 0x00,
    0x00, 0x00, 0x00, 0x00, 0x00, 0x00, 0x00, 0x00, 0x00, 0x00, 0x00, 0x00, 0x00, 0x00, 0x00, 0x00,
    0x00, 0x00, 0x00, 0x00, 0x00, 0x00, 0x00, 0x00, 0x00, 0x00, 0x00, 0x00, 0x00, 0x00, 0x00, 0x00,
    0x00, 0x00, 0x00, 0x00, 0x00, 0x00, 0x00, 0x00, 0x00, 0x00, 0x00, 0x00, 0x00, 0x00, 0x00, 0x00,
    0x00, 0x00, 0x00, 0x00, 0x00, 0x00, 0x00, 0x00, 0x00, 0x00, 0x00, 0x00, 0x00, 0x00, 0x00, 0x00,
    0x00, 0x00, 0x00, 0x00, 0x00, 0x00, 0x00, 0x00, 0x00, 0x00, 0x00, 0x00, 0x00, 0x00, 0x00, 0x00,
    0x00, 0x00, 0x00, 0x00, 0x00, 0x00, 0x00, 0x00, 0x00, 0x00, 0x00, 0x00, 0x00, 0x00, 0x00, 0x00,
    0x00, 0x00, 0x00, 0x00, 0x00, 0x00, 0x00, 0x00, 0x00, 0x00, 0x00, 0x00, 0x00, 0x00, 0x00, 0x00,
    0x00, 0x00, 0x00, 0x00, 0x00, 0x00, 0x00, 0x00, 0x00, 0x00, 0x00, 0x00, 0x00, 0x00, 0x00, 0x00,
    0x00, 0x00, 0x00, 0x00, 0x00, 0x00, 0x00, 0x00, 0x00, 0x00, 0x00, 0x00, 0x00, 0x00, 0x00, 0x00,
    0x00, 0x00, 0x00, 0x00, 0x00, 0x00, 0x00, 0x00, 0x00, 0x00, 0x00, 0x00, 0x00, 0x00, 0x00, 0x00,
    0x00, 0x00, 0x00, 0x00, 0x00, 0x00, 0x00, 0x00, 0xFF, 0xFF, 0x55, 0x03, 0x00, 0x00, 0x00, 0x00,
    0xFF, 0xDA, 0x59, 0x6A, 0xFF, 0xED, 0x62, 0xFF, 0xFF, 0xD9, 0x59, 0x58, 0x00, 0x00, 0x00, 0x00,
    0xFF, 0xFF, 0x55, 0x03, 0x00, 0x00, 0x00, 0x00, 0x00, 0x00, 0x00, 0x00, 0x00, 0x00, 0x00, 0x00,
    0x00, 0x00, 0x00, 0x00, 0x00, 0x00, 0x00, 0x00, 0x00, 0x00, 0x00, 0x00, 0x00, 0x00, 0x00, 0x00,
    0x00, 0x00, 0x00, 0x00, 0x00, 0x00, 0x00, 0x00, 0x00, 0x00, 0x00, 0x00, 0x00, 0x00, 0x00, 0x00,
    0x00, 0x00, 0x00, 0x00, 0x00, 0x00, 0x00, 0x00, 0x00, 0x00, 0x00, 0x00, 0x00, 0x00, 0x00, 0x00,
    0x00, 0x00, 0x00, 0x00, 0x00, 0x00, 0x00, 0x00, 0x00, 0x00, 0x00, 0x00, 0x00, 0x00, 0x00, 0x00,
    0x00, 0x00, 0x00, 0x00, 0x00, 0x00, 0x00, 0x00, 0x00, 0x00, 0x00, 0x00, 0x00, 0x00, 0x00, 0x00,
    0x00, 0x00, 0x00, 0x00, 0x00, 0x00, 0x00, 0x00, 0x00, 0x00, 0x00, 0x00, 0x00, 0x00, 0x00, 0x00,
    0x00, 0x00, 0x00, 0x00, 0x00, 0x00, 0x00, 0x00, 0xFF, 0xFF, 0x7F, 0x02, 0x00, 0x00, 0x00, 0x00,
    0xFF, 0xDA, 0x58, 0x31, 0xFF, 0xE0, 0x5C, 0xFE, 0xFF, 0xDC, 0x5B, 0x67, 0x00, 0x00, 0x00, 0x00,
    0xFF, 0xFF, 0x55, 0x03, 0x00, 0x00, 0x00, 0x00, 0x00, 0x00, 0x00, 0x00, 0x00, 0x00, 0x00, 0x00,
    0x00, 0x00, 0x00, 0x00, 0x00, 0x00, 0x00, 0x00, 0x00, 0x00, 0x00, 0x00, 0x00, 0x00, 0x00, 0x00,
    0x00, 0x00, 0x00, 0x00, 0x00, 0x00, 0x00, 0x00, 0x00, 0x00, 0x00, 0x00, 0x00, 0x00, 0x00, 0x00,
    0x00, 0x00, 0x00, 0x00, 0x00, 0x00, 0x00, 0x00, 0x00, 0x00, 0x00, 0x00, 0x00, 0x00, 0x00, 0x00,
    0x00, 0x00, 0x00, 0x00, 0x00, 0x00, 0x00, 0x00, 0x00, 0x00, 0x00, 0x00, 0x00, 0x00, 0x00, 0x00,
    0x00, 0x00, 0x00, 0x00, 0x00, 0x00, 0x00, 0x00, 0x00, 0x00, 0x00, 0x00, 0x00, 0x00, 0x00, 0x00,
    0x00, 0x00, 0x00, 0x00, 0x00, 0x00, 0x00, 0x00, 0x00, 0x00, 0x00, 0x00, 0x00, 0x00, 0x00, 0x00,
    0x00, 0x00, 0x00, 0x00, 0x00, 0x00, 0x00, 0x00, 0x00, 0x00, 0x00, 0x00, 0x00, 0x00, 0x00, 0x00,
    0x00, 0x00, 0x00, 0x00, 0x00, 0x00, 0x00, 0x00, 0x00, 0x00, 0x00, 0x00, 0x00, 0x00, 0x00, 0x00,
    0x00, 0x00, 0x00, 0x00, 0x00, 0x00, 0x00, 0x00, 0x00, 0x00, 0x00, 0x00, 0x00, 0x00, 0x00, 0x00,
    0x00, 0x00, 0x00, 0x00, 0x00, 0x00, 0x00, 0x00, 0x00, 0x00, 0x00, 0x00, 0x00, 0x00, 0x00, 0x00,
    0x00, 0x00, 0x00, 0x00, 0x00, 0x00, 0x00, 0x00, 0x00, 0x00, 0x00, 0x00, 0x00, 0x00, 0x00, 0x00,
    0xFF, 0xFF, 0x00, 0x01, 0x00, 0x00, 0x00, 0x00, 0xFF, 0xDD, 0x5A, 0xB7, 0xFF, 0xE3, 0x5D, 0xFF,
    0xFE, 0xD7, 0x59, 0xFC, 0xFF, 0xD8, 0x59, 0xFF, 0xFF, 0xD8, 0x59, 0xFF, 0xFF, 0xD8, 0x59, 0xFF,
    0xFF, 0xD8, 0x59, 0xFF, 0xFF, 0xD7, 0x59, 0xFE, 0xFF, 0xDD, 0x5B, 0xFF, 0xFF, 0xDA, 0x5B, 0x46,
    0x00, 0x00, 0x00, 0x00, 0xFF, 0xAA, 0x55, 0x03, 0x00, 0x00, 0x00, 0x00, 0x00, 0x00, 0x00, 0x00,
    0x00, 0x00, 0x00, 0x00, 0x00, 0x00, 0x00, 0x00, 0x00, 0x00, 0x00, 0x00, 0x00, 0x00, 0x00, 0x00,
    0x00, 0x00, 0x00, 0x00, 0x00, 0x00, 0x00, 0x00, 0x00, 0x00, 0x00, 0x00, 0x00, 0x00, 0x00, 0x00,
    0x00, 0x00, 0x00, 0x00, 0x00, 0x00, 0x00, 0x00, 0x00, 0x00, 0x00, 0x00, 0x00, 0x00, 0x00, 0x00,
    0x00, 0x00, 0x00, 0x00, 0x00, 0x00, 0x00, 0x00, 0x00, 0x00, 0x00, 0x00, 0x00, 0x00, 0x00, 0x00,
    0x00, 0x00, 0x00, 0x00, 0x00, 0x00, 0x00, 0x00, 0x00, 0x00, 0x00, 0x00, 0x00, 0x00, 0x00, 0x00,
    0x00, 0x00, 0x00, 0x00, 0xFF, 0xAA, 0x55, 0x03, 0xFF, 0xFF, 0x00, 0x01, 0x00, 0x00, 0x00, 0x00,
    0x00, 0x00, 0x00, 0x00, 0x00, 0x00, 0x00, 0x00, 0x00, 0x00, 0x00, 0x00, 0x00, 0x00, 0x00, 0x00,
    0x00, 0x00, 0x00, 0x00, 0x00, 0x00, 0x00, 0x00, 0x00, 0x00, 0x00, 0x00, 0x00, 0x00, 0x00, 0x00,
    0x00, 0x00, 0x00, 0x00, 0x00, 0x00, 0x00, 0x00, 0x00, 0x00, 0x00, 0x00, 0x00, 0x00, 0x00, 0x00,
    0x00, 0x00, 0x00, 0x00, 0x00, 0x00, 0x00, 0x00, 0x00, 0x00, 0x00, 0x00, 0x00, 0x00, 0x00, 0x00,
    0x00, 0x00, 0x00, 0x00, 0x00, 0x00, 0x00, 0x00, 0x00, 0x00, 0x00, 0x00, 0x00, 0x00, 0x00, 0x00,
    0x00, 0x00, 0x00, 0x00, 0xFF, 0xFF, 0xFF, 0x01, 0x00, 0x00, 0x00, 0x00, 0xFF, 0xDD, 0x5B, 0xB8,
    0xFF, 0xDE, 0x5B, 0xEC, 0xFF, 0xC9, 0x55, 0x18, 0x00, 0x00, 0x00, 0x00, 0xFF, 0xFF, 0x00, 0x01,
    0x00, 0x00, 0x00, 0x00, 0x00, 0x00, 0x00, 0x00, 0x00, 0x00, 0x00, 0x00, 0x00, 0x00, 0x00, 0x00,
    0x00, 0x00, 0x00, 0x00, 0x00, 0x00, 0x00, 0x00, 0x00, 0x00, 0x00, 0x00, 0x00, 0x00, 0x00, 0x00,
    0x00, 0x00, 0x00, 0x00, 0x00, 0x00, 0x00, 0x00, 0x00, 0x00, 0x00, 0x00, 0x00, 0x00, 0x00, 0x00,
    0x00, 0x00, 0x00, 0x00, 0x00, 0x00, 0x00, 0x00, 0x00, 0x00, 0x00, 0x00, 0x00, 0x00, 0x00, 0x00,
    0x00, 0x00, 0x00, 0x00, 0x00, 0x00, 0x00, 0x00, 0x00, 0x00, 0x00, 0x00, 0x00, 0x00, 0x00, 0x00,
    0x00, 0x00, 0x00, 0x00, 0x00, 0x00, 0x00, 0x00, 0x00, 0x00, 0x00, 0x00, 0x00, 0x00, 0x00, 0x00,
    0x00, 0x00, 0x00, 0x00, 0x00, 0x00, 0x00, 0x00, 0x00, 0x00, 0x00, 0x00, 0x00, 0x00, 0x00, 0x00,
    0xFF, 0xFF, 0x00, 0x01, 0x00, 0x00, 0x00, 0x00, 0xFF, 0xDF, 0x5B, 0xC0, 0xFE, 0xDE, 0x5B, 0xC5,
    0x00, 0x00, 0x00, 0x00, 0xFF, 0xFF, 0x00, 0x01, 0x00, 0x00, 0x00, 0x00, 0x00, 0x00, 0x00, 0x00,
    0x00, 0x00, 0x00, 0x00, 0x00, 0x00, 0x00, 0x00, 0x00, 0x00, 0x00, 0x00, 0x00, 0x00, 0x00, 0x00,
    0x00, 0x00, 0x00, 0x00, 0x00, 0x00, 0x00, 0x00, 0x00, 0x00, 0x00, 0x00, 0x00, 0x00, 0x00, 0x00,
    0x00, 0x00, 0x00, 0x00, 0x00, 0x00, 0x00, 0x00, 0x00, 0x00, 0x00, 0x00, 0x00, 0x00, 0x00, 0x00,
    0x00, 0x00, 0x00, 0x00, 0x00, 0x00, 0x00, 0x00, 0x00, 0x00, 0x00, 0x00, 0x00, 0x00, 0x00, 0x00,
    0x00, 0x00, 0x00, 0x00, 0x00, 0x00, 0x00, 0x00, 0x00, 0x00, 0x00, 0x00, 0x00, 0x00, 0x00, 0x00,
    0x00, 0x00, 0x00, 0x00, 0x00, 0x00, 0x00, 0x00, 0xFF, 0xFF, 0x7F, 0x02, 0xFF, 0xFF, 0x00, 0x01,
    0x00, 0x00, 0x00, 0x00, 0x00, 0x00, 0x00, 0x00, 0x00, 0x00, 0x00, 0x00, 0x00, 0x00, 0x00, 0x00,
    0x00, 0x00, 0x00, 0x00, 0x00, 0x00, 0x00, 0x00, 0x00, 0x00, 0x00, 0x00, 0x00, 0x00, 0x00, 0x00,
    0x00, 0x00, 0x00, 0x00, 0x00, 0x00, 0x00, 0x00, 0x00, 0x00, 0x00, 0x00, 0x00, 0x00, 0x00, 0x00,
    0x00, 0x00, 0x00, 0x00, 0x00, 0x00, 0x00, 0x00, 0x00, 0x00, 0x00, 0x00, 0x00, 0x00, 0x00, 0x00,
    0x00, 0x00, 0x00, 0x00, 0x00, 0x00, 0x00, 0x00, 0x00, 0x00, 0x00, 0x00, 0x00, 0x00, 0x00, 0x00,
    0x00, 0x00, 0x00, 0x00, 0xFF, 0xFF, 0x7F, 0x02, 0x00, 0x00, 0x00, 0x00, 0xFF, 0xDB, 0x5B, 0x40,
    0xFF, 0xDB, 0x5A, 0xFF, 0xFF, 0xD7, 0x59, 0xFF, 0xFF, 0xD8, 0x59, 0xFF, 0xFF, 0xD8, 0x59, 0xFF,
    0xFF, 0xD8, 0x59, 0xFF, 0xFF, 0xD8, 0x59, 0xFF, 0xFF, 0xD8, 0x59, 0xFF, 0xFE, 0xD7, 0x59, 0xFC,
    0xFF, 0xE4, 0x5E, 0xFF, 0xFE, 0xDB, 0x5A, 0xA3, 0x00, 0x00, 0x00, 0x00, 0xFF, 0xFF, 0x7F, 0x02,
    0x00, 0x00, 0x00, 0x00, 0x00, 0x00, 0x00, 0x00, 0x00, 0x00, 0x00, 0x00, 0x00, 0x00, 0x00, 0x00,
    0x00, 0x00, 0x00, 0x00, 0x00, 0x00, 0x00, 0x00, 0x00, 0x00, 0x00, 0x00, 0x00, 0x00, 0x00, 0x00,
    0x00, 0x00, 0x00, 0x00, 0x00, 0x00, 0x00, 0x00, 0x00, 0x00, 0x00, 0x00, 0x00, 0x00, 0x00, 0x00,
    0x00, 0x00, 0x00, 0x00, 0x00, 0x00, 0x00, 0x00, 0x00, 0x00, 0x00, 0x00, 0x00, 0x00, 0x00, 0x00,
    0x00, 0x00, 0x00, 0x00, 0x00, 0x00, 0x00, 0x00, 0x00, 0x00, 0x00, 0x00, 0x00, 0x00, 0x00, 0x00,
    0x00, 0x00, 0x00, 0x00, 0xFF, 0xAA, 0x55, 0x03, 0xFF, 0xFF, 0xFF, 0x01, 0x00, 0x00, 0x00, 0x00,
    0x00, 0x00, 0x00, 0x00, 0x00, 0x00, 0x00, 0x00, 0x00, 0x00, 0x00, 0x00, 0x00, 0x00, 0x00, 0x00,
    0x00, 0x00, 0x00, 0x00, 0x00, 0x00, 0x00, 0x00, 0x00, 0x00, 0x00, 0x00, 0x00, 0x00, 0x00, 0x00,
    0x00, 0x00, 0x00, 0x00, 0x00, 0x00, 0x00, 0x00, 0x00, 0x00, 0x00, 0x00, 0x00, 0x00, 0x00, 0x00,
    0x00, 0x00, 0x00, 0x00, 0x00, 0x00, 0x00, 0x00, 0x00, 0x00, 0x00, 0x00, 0x00, 0x00, 0x00, 0x00,
    0x00, 0x00, 0x00, 0x00, 0x00, 0x00, 0x00, 0x00, 0x00, 0x00, 0x00, 0x00, 0x00, 0x00, 0x00, 0x00,
    0x00, 0x00, 0x00, 0x00, 0x00, 0x00, 0x00, 0x00, 0x00, 0x00, 0x00, 0x00, 0xFF, 0xFF, 0x7F, 0x02,
    0x00, 0x00, 0x00, 0x00, 0xFF, 0xD0, 0x57, 0x26, 0xFF, 0xE0, 0x5C, 0xF9, 0xFF, 0xDB, 0x5A, 0x9D,
    0x00, 0x00, 0x00, 0x00, 0xFF, 0xFF, 0x7F, 0x02, 0x00, 0x00, 0x00, 0x00, 0x00, 0x00, 0x00, 0x00,
    0x00, 0x00, 0x00, 0x00, 0x00, 0x00, 0x00, 0x00, 0x00, 0x00, 0x00, 0x00, 0x00, 0x00, 0x00, 0x00,
    0x00, 0x00, 0x00, 0x00, 0x00, 0x00, 0x00, 0x00, 0x00, 0x00, 0x00, 0x00, 0x00, 0x00, 0x00, 0x00,
    0x00, 0x00, 0x00, 0x00, 0x00, 0x00, 0x00, 0x00, 0x00, 0x00, 0x00, 0x00, 0x00, 0x00, 0x00, 0x00,
    0x00, 0x00, 0x00, 0x00, 0x00, 0x00, 0x00, 0x00, 0x00, 0x00, 0x00, 0x00, 0x00, 0x00, 0x00, 0x00,
    0x00, 0x00, 0x00, 0x00, 0x00, 0x00, 0x00, 0x00, 0x00, 0x00, 0x00, 0x00, 0x00, 0x00, 0x00, 0x00,
    0x00, 0x00, 0x00, 0x00, 0x00, 0x00, 0x00, 0x00, 0x00, 0x00, 0x00, 0x00, 0x00, 0x00, 0x00, 0x00,
    0x00, 0x00, 0x00, 0x00, 0xFF, 0xFF, 0x55, 0x03, 0x00, 0x00, 0x00, 0x00, 0xFF, 0xD9, 0x58, 0x59,
    0xFF, 0xDF, 0x5C, 0xFE, 0xFF, 0xD7, 0x55, 0x33, 0x00, 0x00, 0x00, 0x00, 0xFF, 0xFF, 0x7F, 0x02,
    0x00, 0x00, 0x00, 0x00, 0x00, 0x00, 0x00, 0x00, 0x00, 0x00, 0x00, 0x00, 0x00, 0x00, 0x00, 0x00,
    0x00, 0x00, 0x00, 0x00, 0x00, 0x00, 0x00, 0x00, 0x00, 0x00, 0x00, 0x00, 0x00, 0x00, 0x00, 0x00,
    0x00, 0x00, 0x00, 0x00, 0x00, 0x00, 0x00, 0x00, 0x00, 0x00, 0x00, 0x00, 0x00, 0x00, 0x00, 0x00,
    0x00, 0x00, 0x00, 0x00, 0x00, 0x00, 0x00, 0x00, 0x00, 0x00, 0x00, 0x00, 0x00, 0x00, 0x00, 0x00,
    0x00, 0x00, 0x00, 0x00, 0x00, 0x00, 0x00, 0x00, 0x00, 0x00, 0x00, 0x00, 0x00, 0x00, 0x00, 0x00,
    0x00, 0x00, 0x00, 0x00, 0x00, 0x00, 0x00, 0x00, 0x00, 0x00, 0x00, 0x00, 0x00, 0x00, 0x00, 0x00,
    0x00, 0x00, 0x00, 0x00, 0xFF, 0xFF, 0x00, 0x01, 0xFF, 0xAA, 0x55, 0x03, 0x00, 0x00, 0x00, 0x00,
    0x00, 0x00, 0x00, 0x00, 0x00, 0x00, 0x00, 0x00, 0x00, 0x00, 0x00, 0x00, 0x00, 0x00, 0x00, 0x00,
    0x00, 0x00, 0x00, 0x00, 0x00, 0x00, 0x00, 0x00, 0x00, 0x00, 0x00, 0x00, 0x00, 0x00, 0x00, 0x00,
    0x00, 0x00, 0x00, 0x00, 0x00, 0x00, 0x00, 0x00, 0x00, 0x00, 0x00, 0x00, 0x00, 0x00, 0x00, 0x00,
    0x00, 0x00, 0x00, 0x00, 0x00, 0x00, 0x00, 0x00, 0x00, 0x00, 0x00, 0x00, 0x00, 0x00, 0x00, 0x00,
    0x00, 0x00, 0x00, 0x00, 0x00, 0x00, 0x00, 0x00, 0x00, 0x00, 0x00, 0x00, 0xFF, 0xFF, 0x7F, 0x02,
    0x00, 0x00, 0x00, 0x00, 0xFF, 0xDD, 0x5A, 0xA6, 0xFF, 0xE4, 0x5E, 0xFF, 0xFE, 0xD7, 0x59, 0xFC,
    0xFF, 0xD8, 0x59, 0xFF, 0xFF, 0xD8, 0x59, 0xFF, 0xFF, 0xD8, 0x59, 0xFF, 0xFF, 0xD8, 0x59, 0xFF,
    0xFF, 0xD8, 0x59, 0xFF, 0xFF, 0xD7, 0x59, 0xFE, 0xFF, 0xDA, 0x5A, 0xFF, 0xFE, 0xDA, 0x59, 0xEF,
    0xFF, 0xDF, 0x57, 0x20, 0x00, 0x00, 0x00, 0x00, 0xFF, 0x7F, 0x7F, 0x02, 0x00, 0x00, 0x00, 0x00,
    0x00, 0x00, 0x00, 0x00, 0x00, 0x00, 0x00, 0x00, 0x00, 0x00, 0x00, 0x00, 0x00, 0x00, 0x00, 0x00,
    0x00, 0x00, 0x00, 0x00, 0x00, 0x00, 0x00, 0x00, 0x00, 0x00, 0x00, 0x00, 0x00, 0x00, 0x00, 0x00,
    0x00, 0x00, 0x00, 0x00, 0x00, 0x00, 0x00, 0x00, 0x00, 0x00, 0x00, 0x00, 0x00, 0x00, 0x00, 0x00,
    0x00, 0x00, 0x00, 0x00, 0x00, 0x00, 0x00, 0x00, 0x00, 0x00, 0x00, 0x00, 0x00, 0x00, 0x00, 0x00,
    0x00, 0x00, 0x00, 0x00, 0xFF, 0xFF, 0x7F, 0x02, 0xFF, 0xFF, 0x7F, 0x02, 0x00, 0x00, 0x00, 0x00,
    0xFE, 0xB6, 0x48, 0x07, 0xFF, 0xD6, 0x58, 0x45, 0xFF, 0xDD, 0x58, 0x17, 0x00, 0x00, 0x00, 0x00,
    0xFF, 0xFF, 0x00, 0x01, 0x00, 0x00, 0x00, 0x00, 0x00, 0x00, 0x00, 0x00, 0x00, 0x00, 0x00, 0x00,
    0x00, 0x00, 0x00, 0x00, 0x00, 0x00, 0x00, 0x00, 0x00, 0x00, 0x00, 0x00, 0x00, 0x00, 0x00, 0x00,
    0x00, 0x00, 0x00, 0x00, 0x00, 0x00, 0x00, 0x00, 0x00, 0x00, 0x00, 0x00, 0x00, 0x00, 0x00, 0x00,
    0x00, 0x00, 0x00, 0x00, 0x00, 0x00, 0x00, 0x00, 0x00, 0x00, 0x00, 0x00, 0x00, 0x00, 0x00, 0x00,
    0x00, 0x00, 0x00, 0x00, 0x00, 0x00, 0x00, 0x00, 0x00, 0x00, 0x00, 0x00, 0x00, 0x00, 0x00, 0x00,
    0x00, 0x00, 0x00, 0x00, 0x00, 0x00, 0x00, 0x00, 0xFF, 0xFF, 0x55, 0x03, 0x00, 0x00, 0x00, 0x00,
    0xFF, 0xDB, 0x5A, 0x74, 0xFF, 0xE7, 0x5F, 0xFF, 0xFE, 0xDA, 0x59, 0x3F, 0x00, 0x00, 0x00, 0x00,
    0xFF, 0xAA, 0x55, 0x03, 0x00, 0x00, 0x00, 0x00, 0x00, 0x00, 0x00, 0x00, 0x00, 0x00, 0x00, 0x00,
    0x00, 0x00, 0x00, 0x00, 0x00, 0x00, 0x00, 0x00, 0x00, 0x00, 0x00, 0x00, 0x00, 0x00, 0x00, 0x00,
    0x00, 0x00, 0x00, 0x00, 0x00, 0x00, 0x00, 0x00, 0x00, 0x00, 0x00, 0x00, 0x00, 0x00, 0x00, 0x00,
    0x00, 0x00, 0x00, 0x00, 0x00, 0x00, 0x00, 0x00, 0x00, 0x00, 0x00, 0x00, 0x00, 0x00, 0x00, 0x00,
    0x00, 0x00, 0x00, 0x00, 0x00, 0x00, 0x00, 0x00, 0x00, 0x00, 0x00, 0x00, 0x00, 0x00, 0x00, 0x00,
    0x00, 0x00, 0x00, 0x00, 0x00, 0x00, 0x00, 0x00, 0x00, 0x00, 0x00, 0x00, 0x00, 0x00, 0x00, 0x00,
    0x00, 0x00, 0x00, 0x00, 0x00, 0x00, 0x00, 0x00, 0xFF, 0xFF, 0x00, 0x01, 0x00, 0x00, 0x00, 0x00,
    0xFF, 0xBF, 0x3F, 0x08, 0xFF, 0xDF, 0x5B, 0xDE, 0xFF, 0xDD, 0x5C, 0x98, 0x00, 0x00, 0x00, 0x00,
    0xFF, 0xFF, 0x7F, 0x02, 0x00, 0x00, 0x00, 0x00, 0x00, 0x00, 0x00, 0x00, 0x00, 0x00, 0x00, 0x00,
    0x00, 0x00, 0x00, 0x00, 0x00, 0x00, 0x00, 0x00, 0x00, 0x00, 0x00, 0x00, 0x00, 0x00, 0x00, 0x00,
    0x00, 0x00, 0x00, 0x00, 0x00, 0x00, 0x00, 0x00, 0x00, 0x00, 0x00, 0x00, 0x00, 0x00, 0x00, 0x00,
    0x00, 0x00, 0x00, 0x00, 0x00, 0x00, 0x00, 0x00, 0x00, 0x00, 0x00, 0x00, 0x00, 0x00, 0x00, 0x00,
    0x00, 0x00, 0x00, 0x00, 0x00, 0x00, 0x00, 0x00, 0x00, 0x00, 0x00, 0x00, 0x00, 0x00, 0x00, 0x00,
    0x00, 0x00, 0x00, 0x00, 0x00, 0x00, 0x00, 0x00, 0x00, 0x00, 0x00, 0x00, 0x00, 0x00, 0x00, 0x00,
    0x00, 0x00, 0x00, 0x00, 0xFF, 0xD0, 0x45, 0x0B, 0xFF, 0xD6, 0x58, 0x45, 0xFF, 0xE9, 0x55, 0x0C,
    0x00, 0x00, 0x00, 0x00, 0xFF, 0xFF, 0x7F, 0x02, 0xFF, 0xFF, 0x7F, 0x02, 0x00, 0x00, 0x00, 0x00,
    0x00, 0x00, 0x00, 0x00, 0x00, 0x00, 0x00, 0x00, 0x00, 0x00, 0x00, 0x00, 0x00, 0x00, 0x00, 0x00,
    0x00, 0x00, 0x00, 0x00, 0x00, 0x00, 0x00, 0x00, 0x00, 0x00, 0x00, 0x00, 0x00, 0x00, 0x00, 0x00,
    0x00, 0x00, 0x00, 0x00, 0x00, 0x00, 0x00, 0x00, 0x00, 0x00, 0x00, 0x00, 0x00, 0x00, 0x00, 0x00,
    0x00, 0x00, 0x00, 0x00, 0x00, 0x00, 0x00, 0x00, 0x00, 0x00, 0x00, 0x00, 0x00, 0x00, 0x00, 0x00,
    0xFF, 0xFF, 0x7F, 0x02, 0x00, 0x00, 0x00, 0x00, 0xFE, 0xDF, 0x5D, 0x29, 0xFF, 0xDB, 0x59, 0xF4,
    0xFF, 0xD9, 0x5A, 0xFF, 0xFF, 0xD7, 0x59, 0xFE, 0xFF, 0xD8, 0x59, 0xFF, 0xFF, 0xD8, 0x59, 0xFF,
    0xFF, 0xD8, 0x59, 0xFF, 0xFF, 0xD8, 0x59, 0xFF, 0xFF, 0xD8, 0x59, 0xFF, 0xFF, 0xD8, 0x59, 0xFF,
    0xFE, 0xD7, 0x59, 0xFC, 0xFF, 0xE4, 0x5E, 0xFF, 0xFF, 0xDB, 0x5A, 0x74, 0x00, 0x00, 0x00, 0x00,
    0xFF, 0xFF, 0x55, 0x03, 0x00, 0x00, 0x00, 0x00, 0x00, 0x00, 0x00, 0x00, 0x00, 0x00, 0x00, 0x00,
    0x00, 0x00, 0x00, 0x00, 0x00, 0x00, 0x00, 0x00, 0x00, 0x00, 0x00, 0x00, 0x00, 0x00, 0x00, 0x00,
    0x00, 0x00, 0x00, 0x00, 0x00, 0x00, 0x00, 0x00, 0x00, 0x00, 0x00, 0x00, 0x00, 0x00, 0x00, 0x00,
    0x00, 0x00, 0x00, 0x00, 0x00, 0x00, 0x00, 0x00, 0x00, 0x00, 0x00, 0x00, 0x00, 0x00, 0x00, 0x00,
    0x00, 0x00, 0x00, 0x00, 0x00, 0x00, 0x00, 0x00, 0xFF, 0xAA, 0x55, 0x03, 0xFF, 0xFF, 0x00, 0x01,
    0x00, 0x00, 0x00, 0x00, 0xFF, 0xD4, 0x55, 0x48, 0xFF, 0xD7, 0x58, 0xC6, 0xFF, 0xE5, 0x5F, 0xFF,
    0xFF, 0xDB, 0x5B, 0x56, 0x00, 0x00, 0x00, 0x00, 0xFF, 0xFF, 0x55, 0x03, 0x00, 0x00, 0x00, 0x00,
    0x00, 0x00, 0x00, 0x00, 0x00, 0x00, 0x00, 0x00, 0x00, 0x00, 0x00, 0x00, 0x00, 0x00, 0x00, 0x00,
    0x00, 0x00, 0x00, 0x00, 0x00, 0x00, 0x00, 0x00, 0x00, 0x00, 0x00, 0x00, 0x00, 0x00, 0x00, 0x00,
    0x00, 0x00, 0x00, 0x00, 0x00, 0x00, 0x00, 0x00, 0x00, 0x00, 0x00, 0x00, 0x00, 0x00, 0x00, 0x00,
    0x00, 0x00, 0x00, 0x00, 0x00, 0x00, 0x00, 0x00, 0x00, 0x00, 0x00, 0x00, 0x00, 0x00, 0x00, 0x00,
    0x00, 0x00, 0x00, 0x00, 0x00, 0x00, 0x00, 0x00, 0x00, 0x00, 0x00, 0x00, 0x00, 0x00, 0x00, 0x00,
    0xFF, 0xFF, 0x00, 0x01, 0x00, 0x00, 0x00, 0x00, 0xFF, 0xCC, 0x33, 0x05, 0xFF, 0xDD, 0x5B, 0xD4,
    0xFF, 0xDD, 0x5B, 0xCC, 0xFF, 0x00, 0x00, 0x01, 0x00, 0x00, 0x00, 0x00, 0xFF, 0x00, 0x00, 0x01,
    0x00, 0x00, 0x00, 0x00, 0x00, 0x00, 0x00, 0x00, 0x00, 0x00, 0x00, 0x00, 0x00, 0x00, 0x00, 0x00,
    0x00, 0x00, 0x00, 0x00, 0x00, 0x00, 0x00, 0x00, 0x00, 0x00, 0x00, 0x00, 0x00, 0x00, 0x00, 0x00,
    0x00, 0x00, 0x00, 0x00, 0x00, 0x00, 0x00, 0x00, 0x00, 0x00, 0x00, 0x00, 0x00, 0x00, 0x00, 0x00,
    0x00, 0x00, 0x00, 0x00, 0x00, 0x00, 0x00, 0x00, 0x00, 0x00, 0x00, 0x00, 0x00, 0x00, 0x00, 0x00,
    0x00, 0x00, 0x00, 0x00, 0x00, 0x00, 0x00, 0x00, 0x00, 0x00, 0x00, 0x00, 0x00, 0x00, 0x00, 0x00,
    0x00, 0x00, 0x00, 0x00, 0x00, 0x00, 0x00, 0x00, 0x00, 0x00, 0x00, 0x00, 0x00, 0x00, 0x00, 0x00,
    0xFF, 0xFF, 0x55, 0x03, 0x00, 0x00, 0x00, 0x00, 0xFF, 0xDC, 0x59, 0x75, 0xFF, 0xDF, 0x5C, 0xF1,
    0xFF, 0xCD, 0x58, 0x1A, 0x00, 0x00, 0x00, 0x00, 0xFF, 0xFF, 0x00, 0x01, 0x00, 0x00, 0x00, 0x00,
    0x00, 0x00, 0x00, 0x00, 0x00, 0x00, 0x00, 0x00, 0x00, 0x00, 0x00, 0x00, 0x00, 0x00, 0x00, 0x00,
    0x00, 0x00, 0x00, 0x00, 0x00, 0x00, 0x00, 0x00, 0x00, 0x00, 0x00, 0x00, 0x00, 0x00, 0x00, 0x00,
    0x00, 0x00, 0x00, 0x00, 0x00, 0x00, 0x00, 0x00, 0x00, 0x00, 0x00, 0x00, 0x00, 0x00, 0x00, 0x00,
    0x00, 0x00, 0x00, 0x00, 0x00, 0x00, 0x00, 0x00, 0x00, 0x00, 0x00, 0x00, 0x00, 0x00, 0x00, 0x00,
    0x00, 0x00, 0x00, 0x00, 0x00, 0x00, 0x00, 0x00, 0x00, 0x00, 0x00, 0x00, 0x00, 0x00, 0x00, 0x00,
    0x00, 0x00, 0x00, 0x00, 0xFF, 0xAA, 0x55, 0x03, 0x00, 0x00, 0x00, 0x00, 0xFF, 0xD9, 0x5A, 0x3E,
    0xFF, 0xE0, 0x5C, 0xFF, 0xFF, 0xD7, 0x59, 0xD4, 0xFF, 0xD7, 0x58, 0x54, 0xFF, 0xFF, 0x7F, 0x02,
    0x00, 0x00, 0x00, 0x00, 0xFF, 0xAA, 0x55, 0x03, 0xFF, 0xFF, 0x00, 0x01, 0x00, 0x00, 0x00, 0x00,
    0x00, 0x00, 0x00, 0x00, 0x00, 0x00, 0x00, 0x00, 0x00, 0x00, 0x00, 0x00, 0x00, 0x00, 0x00, 0x00,
    0x00, 0x00, 0x00, 0x00, 0x00, 0x00, 0x00, 0x00, 0x00, 0x00, 0x00, 0x00, 0x00, 0x00, 0x00, 0x00,
    0x00, 0x00, 0x00, 0x00, 0x00, 0x00, 0x00, 0x00, 0x00, 0x00, 0x00, 0x00, 0x00, 0x00, 0x00, 0x00,
    0x00, 0x00, 0x00, 0x00, 0x00, 0x00, 0x00, 0x00, 0xFF, 0xFF, 0x55, 0x03, 0x00, 0x00, 0x00, 0x00,
    0xFF, 0xDB, 0x58, 0x87, 0xFF, 0xE5, 0x5E, 0xFF, 0xFE, 0xD7, 0x59, 0xFC, 0xFF, 0xD8, 0x59, 0xFF,
    0xFF, 0xD8, 0x59, 0xFF, 0xFF, 0xD8, 0x59, 0xFF, 0xFF, 0xD8, 0x59, 0xFF, 0xFF, 0xD8, 0x59, 0xFF,
    0xFF, 0xD8, 0x59, 0xFF, 0xFF, 0xD8, 0x59, 0xFF, 0xFF, 0xD7, 0x58, 0xFD, 0xFF, 0xE0, 0x5C, 0xFF,
    0xFF, 0xDA, 0x5A, 0xCD, 0xFF, 0x99, 0x33, 0x05, 0x00, 0x00, 0x00, 0x00, 0xFF, 0xFF, 0x00, 0x01,
    0x00, 0x00, 0x00, 0x00, 0x00, 0x00, 0x00, 0x00, 0x00, 0x00, 0x00, 0x00, 0x00, 0x00, 0x00, 0x00,
    0x00, 0x00, 0x00, 0x00, 0x00, 0x00, 0x00, 0x00, 0x00, 0x00, 0x00, 0x00, 0x00, 0x00, 0x00, 0x00,
    0x00, 0x00, 0x00, 0x00, 0x00, 0x00, 0x00, 0x00, 0x00, 0x00, 0x00, 0x00, 0x00, 0x00, 0x00, 0x00,
    0x00, 0x00, 0x00, 0x00, 0x00, 0x00, 0x00, 0x00, 0xFF, 0xFF, 0x00, 0x01, 0xFF, 0xAA, 0x55, 0x03,
    0x00, 0x00, 0x00, 0x00, 0xFF, 0xD9, 0x5A, 0x22, 0xFF, 0xD6, 0x58, 0xAC, 0xFF, 0xDF, 0x5C, 0xFF,
    0xFF, 0xE1, 0x5C, 0xFD, 0xFF, 0xDE, 0x5B, 0xFF, 0xFF, 0xD9, 0x58, 0x59, 0x00, 0x00, 0x00, 0x00,
    0xFF, 0xFF, 0x55, 0x03, 0x00, 0x00, 0x00, 0x00, 0x00, 0x00, 0x00, 0x00, 0x00, 0x00, 0x00, 0x00,
    0x00, 0x00, 0x00, 0x00, 0x00, 0x00, 0x00, 0x00, 0x00, 0x00, 0x00, 0x00, 0x00, 0x00, 0x00, 0x00,
    0x00, 0x00, 0x00, 0x00, 0x00, 0x00, 0x00, 0x00, 0x00, 0x00, 0x00, 0x00, 0x00, 0x00, 0x00, 0x00,
    0x00, 0x00, 0x00, 0x00, 0x00, 0x00, 0x00, 0x00, 0x00, 0x00, 0x00, 0x00, 0x00, 0x00, 0x00, 0x00,
    0x00, 0x00, 0x00, 0x00, 0x00, 0x00, 0x00, 0x00, 0x00, 0x00, 0x00, 0x00, 0x00, 0x00, 0x00, 0x00,
    0x00, 0x00, 0x00, 0x00, 0x00, 0x00, 0x00, 0x00, 0x00, 0x00, 0x00, 0x00, 0xFF, 0xFF, 0x55, 0x03,
    0x00, 0x00, 0x00, 0x00, 0xFF, 0xD9, 0x58, 0x4B, 0xFF, 0xE9, 0x60, 0xFF, 0xFF, 0xD9, 0x57, 0x60,
    0x00, 0x00, 0x00, 0x00, 0xFF, 0xFF, 0x55, 0x03, 0x00, 0x00, 0x00, 0x00, 0x00, 0x00, 0x00, 0x00,
    0x00, 0x00, 0x00, 0x00, 0x00, 0x00, 0x00, 0x00, 0x00, 0x00, 0x00, 0x00, 0x00, 0x00, 0x00, 0x00,
    0x00, 0x00, 0x00, 0x00, 0x00, 0x00, 0x00, 0x00, 0x00, 0x00, 0x00, 0x00, 0x00, 0x00, 0x00, 0x00,
    0x00, 0x00, 0x00, 0x00, 0x00, 0x00, 0x00, 0x00, 0x00, 0x00, 0x00, 0x00, 0x00, 0x00, 0x00, 0x00,
    0x00, 0x00, 0x00, 0x00, 0x00, 0x00, 0x00, 0x00, 0x00, 0x00, 0x00, 0x00, 0x00, 0x00, 0x00, 0x00,
    0x00, 0x00, 0x00, 0x00, 0x00, 0x00, 0x00, 0x00, 0x00, 0x00, 0x00, 0x00, 0x00, 0x00, 0x00, 0x00,
    0x00, 0x00, 0x00, 0x00, 0xFF, 0xFF, 0x00, 0x01, 0x00, 0x00, 0x00, 0x00, 0xFF, 0xD4, 0x55, 0x12,
    0xFE, 0xDE, 0x5B, 0xED, 0xFF, 0xDB, 0x59, 0x80, 0x00, 0x00, 0x00, 0x00, 0xFF, 0xFF, 0x55, 0x03,
    0x00, 0x00, 0x00, 0x00, 0x00, 0x00, 0x00, 0x00, 0x00, 0x00, 0x00, 0x00, 0x00, 0x00, 0x00, 0x00,
    0x00, 0x00, 0x00, 0x00, 0x00, 0x00, 0x00, 0x00, 0x00, 0x00, 0x00, 0x00, 0x00, 0x00, 0x00, 0x00,
    0x00, 0x00, 0x00, 0x00, 0x00, 0x00, 0x00, 0x00, 0x00, 0x00, 0x00, 0x00, 0x00, 0x00, 0x00, 0x00,
    0x00, 0x00, 0x00, 0x00, 0x00, 0x00, 0x00, 0x00, 0x00, 0x00, 0x00, 0x00, 0x00, 0x00, 0x00, 0x00,
    0x00, 0x00, 0x00, 0x00, 0x00, 0x00, 0x00, 0x00, 0x00, 0x00, 0x00, 0x00, 0x00, 0x00, 0x00, 0x00,
    0x00, 0x00, 0x00, 0x00, 0x00, 0x00, 0x00, 0x00, 0x00, 0x00, 0x00, 0x00, 0xFF, 0xAA, 0x55, 0x03,
    0x00, 0x00, 0x00, 0x00, 0xFF, 0xD8, 0x57, 0x43, 0xFF, 0xD8, 0x59, 0xFF, 0xFF, 0xDF, 0x5C, 0xFE,
    0xFF, 0xE2, 0x5D, 0xFF, 0xFF, 0xD7, 0x57, 0xBA, 0xFF, 0xD7, 0x5A, 0x2D, 0x00, 0x00, 0x00, 0x00,
    0xFF, 0xAA, 0x55, 0x03, 0xFF, 0x7F, 0x7F, 0x02, 0x00, 0x00, 0x00, 0x00, 0x00, 0x00, 0x00, 0x00,
    0x00, 0x00, 0x00, 0x00, 0x00, 0x00, 0x00, 0x00, 0x00, 0x00, 0x00, 0x00, 0x00, 0x00, 0x00, 0x00,
    0x00, 0x00, 0x00, 0x00, 0x00, 0x00, 0x00, 0x00, 0x00, 0x00, 0x00, 0x00, 0x00, 0x00, 0x00, 0x00,
    0x00, 0x00, 0x00, 0x00, 0x00, 0x00, 0x00, 0x00, 0x00, 0x00, 0x00, 0x00, 0xFF, 0xFF, 0x00, 0x01,
    0x00, 0x00, 0x00, 0x00, 0xFF, 0xD7, 0x4E, 0x0D, 0xFF, 0xDC, 0x59, 0xDB, 0xFF, 0xDE, 0x5B, 0xFF,
    0xFF, 0xD8, 0x58, 0xFD, 0xFF, 0xD8, 0x59, 0xFF, 0xFF, 0xD8, 0x59, 0xFF, 0xFF, 0xD8, 0x59, 0xFF,
    0xFF, 0xD8, 0x59, 0xFF, 0xFF, 0xD8, 0x59, 0xFF, 0xFF, 0xD8, 0x59, 0xFF, 0xFF, 0xD8, 0x59, 0xFF,
    0xFF, 0xD8, 0x59, 0xFF, 0xFF, 0xD7, 0x59, 0xFE, 0xFF, 0xDC, 0x5A, 0xFF, 0xFF, 0xDA, 0x58, 0x45,
    0x00, 0x00, 0x00, 0x00, 0xFF, 0xAA, 0x55, 0x03, 0x00, 0x00, 0x00, 0x00, 0x00, 0x00, 0x00, 0x00,
    0x00, 0x00, 0x00, 0x00, 0x00, 0x00, 0x00, 0x00, 0x00, 0x00, 0x00, 0x00, 0x00, 0x00, 0x00, 0x00,
    0x00, 0x00, 0x00, 0x00, 0x00, 0x00, 0x00, 0x00, 0x00, 0x00, 0x00, 0x00, 0x00, 0x00, 0x00, 0x00,
    0x00, 0x00, 0x00, 0x00, 0x00, 0x00, 0x00, 0x00, 0x00, 0x00, 0x00, 0x00, 0xFF, 0xFF, 0x7F, 0x02,
    0xFF, 0xFF, 0x00, 0x01, 0x00, 0x00, 0x00, 0x00, 0xFF, 0xD6, 0x56, 0x64, 0xFE, 0xDB, 0x5A, 0xEE,
    0xFF, 0xE4, 0x5E, 0xFF, 0xFF, 0xD9, 0x59, 0xFB, 0xFF, 0xD7, 0x58, 0xFA, 0xFF, 0xE0, 0x5C, 0xFF,
    0xFF, 0xD6, 0x58, 0x59, 0x00, 0x00, 0x00, 0x00, 0xFF, 0xFF, 0x55, 0x03, 0x00, 0x00, 0x00, 0x00,
    0x00, 0x00, 0x00, 0x00, 0x00, 0x00, 0x00, 0x00, 0x00, 0x00, 0x00, 0x00, 0x00, 0x00, 0x00, 0x00,
    0x00, 0x00, 0x00, 0x00, 0x00, 0x00, 0x00, 0x00, 0x00, 0x00, 0x00, 0x00, 0x00, 0x00, 0x00, 0x00,
    0x00, 0x00, 0x00, 0x00, 0x00, 0x00, 0x00, 0x00, 0x00, 0x00, 0x00, 0x00, 0x00, 0x00, 0x00, 0x00,
    0x00, 0x00, 0x00, 0x00, 0x00, 0x00, 0x00, 0x00, 0x00, 0x00, 0x00, 0x00, 0x00, 0x00, 0x00, 0x00,
    0x00, 0x00, 0x00, 0x00, 0x00, 0x00, 0x00, 0x00, 0x00, 0x00, 0x00, 0x00, 0x00, 0x00, 0x00, 0x00,
    0x00, 0x00, 0x00, 0x00, 0x00, 0x00, 0x00, 0x00, 0xFF, 0xFF, 0x00, 0x01, 0x00, 0x00, 0x00, 0x00,
    0xFF, 0xDD, 0x5B, 0xB8, 0xFE, 0xDC, 0x5A, 0xE2, 0xFF, 0xCC, 0x4C, 0x0A, 0x00, 0x00, 0x00, 0x00,
    0xFF, 0xFF, 0x00, 0x01, 0x00, 0x00, 0x00, 0x00, 0x00, 0x00, 0x00, 0x00, 0x00, 0x00, 0x00, 0x00,
    0x00, 0x00, 0x00, 0x00, 0x00, 0x00, 0x00, 0x00, 0x00, 0x00, 0x00, 0x00, 0x00, 0x00, 0x00, 0x00,
    0x00, 0x00, 0x00, 0x00, 0x00, 0x00, 0x00, 0x00, 0x00, 0x00, 0x00, 0x00, 0x00, 0x00, 0x00, 0x00,
    0x00, 0x00, 0x00, 0x00, 0x00, 0x00, 0x00, 0x00, 0x00, 0x00, 0x00, 0x00, 0x00, 0x00, 0x00, 0x00,
    0x00, 0x00, 0x00, 0x00, 0x00, 0x00, 0x00, 0x00, 0x00, 0x00, 0x00, 0x00, 0x00, 0x00, 0x00, 0x00,
    0x00, 0x00, 0x00, 0x00, 0x00, 0x00, 0x00, 0x00, 0x00, 0x00, 0x00, 0x00, 0xFF, 0xFF, 0x55, 0x03,
    0x00, 0x00, 0x00, 0x00, 0xFF, 0xDA, 0x58, 0x84, 0xFF, 0xDD, 0x5A, 0xEC, 0xFF, 0xC3, 0x4B, 0x11,
    0x00, 0x00, 0x00, 0x00, 0xFF, 0xFF, 0x00, 0x01, 0x00, 0x00, 0x00, 0x00, 0x00, 0x00, 0x00, 0x00,
    0x00, 0x00, 0x00, 0x00, 0x00, 0x00, 0x00, 0x00, 0x00, 0x00, 0x00, 0x00, 0x00, 0x00, 0x00, 0x00,
    0x00, 0x00, 0x00, 0x00, 0x00, 0x00, 0x00, 0x00, 0x00, 0x00, 0x00, 0x00, 0x00, 0x00, 0x00, 0x00,
    0x00, 0x00, 0x00, 0x00, 0x00, 0x00, 0x00, 0x00, 0x00, 0x00, 0x00, 0x00, 0x00, 0x00, 0x00, 0x00,
    0x00, 0x00, 0x00, 0x00, 0x00, 0x00, 0x00, 0x00, 0x00, 0x00, 0x00, 0x00, 0x00, 0x00, 0x00, 0x00,
    0x00, 0x00, 0x00, 0x00, 0x00, 0x00, 0x00, 0x00, 0x00, 0x00, 0x00, 0x00, 0x00, 0x00, 0x00, 0x00,
    0x00, 0x00, 0x00, 0x00, 0xFF, 0xFF, 0x7F, 0x02, 0x00, 0x00, 0x00, 0x00, 0xFF, 0xD4, 0x59, 0x3C,
    0xFF, 0xD8, 0x59, 0xFF, 0xFF, 0xD7, 0x58, 0xFD, 0xFE, 0xD7, 0x59, 0xFC, 0xFF, 0xE3, 0x5D, 0xFF,
    0xFE, 0xDB, 0x5A, 0xF6, 0xFF, 0xD4, 0x56, 0x79, 0xFF, 0xFF, 0x3F, 0x04, 0x00, 0x00, 0x00, 0x00,
    0xFF, 0xAA, 0x55, 0x03, 0x00, 0x00, 0x00, 0x00, 0x00, 0x00, 0x00, 0x00, 0x00, 0x00, 0x00, 0x00,
    0x00, 0x00, 0x00, 0x00, 0x00, 0x00, 0x00, 0x00, 0x00, 0x00, 0x00, 0x00, 0x00, 0x00, 0x00, 0x00,
    0x00, 0x00, 0x00, 0x00, 0x00, 0x00, 0x00, 0x00, 0x00, 0x00, 0x00, 0x00, 0x00, 0x00, 0x00, 0x00,
    0x00, 0x00, 0x00, 0x00, 0xFF, 0xFF, 0x55, 0x03, 0x00, 0x00, 0x00, 0x00, 0xFF, 0xDA, 0x59, 0x53,
    0xFF, 0xDF, 0x5C, 0xFF, 0xFF, 0xD7, 0x58, 0xFD, 0xFF, 0xD8, 0x59, 0xFF, 0xFF, 0xD8, 0x59, 0xFF,
    0xFF, 0xD8, 0x59, 0xFF, 0xFF, 0xD8, 0x59, 0xFF, 0xFF, 0xD8, 0x59, 0xFF, 0xFF, 0xD8, 0x59, 0xFF,
    0xFF, 0xD8, 0x59, 0xFF, 0xFF, 0xD8, 0x59, 0xFF, 0xFF, 0xD8, 0x59, 0xFF, 0xFE, 0xD7, 0x59, 0xFC,
    0xFF, 0xE5, 0x5E, 0xFF, 0xFF, 0xDC, 0x5A, 0x9D, 0x00, 0x00, 0x00, 0x00, 0xFF, 0xFF, 0x7F, 0x02,
    0x00, 0x00, 0x00, 0x00, 0x00, 0x00, 0x00, 0x00, 0x00, 0x00, 0x00, 0x00, 0x00, 0x00, 0x00, 0x00,
    0x00, 0x00, 0x00, 0x00, 0x00, 0x00, 0x00, 0x00, 0x00, 0x00, 0x00, 0x00, 0x00, 0x00, 0x00, 0x00,
    0x00, 0x00, 0x00, 0x00, 0x00, 0x00, 0x00, 0x00, 0x00, 0x00, 0x00, 0x00, 0x00, 0x00, 0x00, 0x00,
    0xFF, 0xFF, 0x55, 0x03, 0x00, 0x00, 0x00, 0x00, 0xFF, 0xD2, 0x5A, 0x11, 0xFF, 0xD7, 0x59, 0xA6,
    0xFF, 0xE4, 0x5E, 0xFF, 0xFF, 0xDC, 0x5A, 0xFD, 0xFF, 0xD8, 0x59, 0xFB, 0xFF, 0xD7, 0x59, 0xFE,
    0xFF, 0xD7, 0x58, 0xFD, 0xFF, 0xE1, 0x5D, 0xFF, 0xFF, 0xD9, 0x59, 0x5E, 0x00, 0x00, 0x00, 0x00,
    0xFF, 0xBF, 0x3F, 0x04, 0x00, 0x00, 0x00, 0x00, 0x00, 0x00, 0x00, 0x00, 0x00, 0x00, 0x00, 0x00,
    0x00, 0x00, 0x00, 0x00, 0x00, 0x00, 0x00, 0x00, 0x00, 0x00, 0x00, 0x00, 0x00, 0x00, 0x00, 0x00,
    0x00, 0x00, 0x00, 0x00, 0x00, 0x00, 0x00, 0x00, 0x00, 0x00, 0x00, 0x00, 0x00, 0x00, 0x00, 0x00,
    0x00, 0x00, 0x00, 0x00, 0x00, 0x00, 0x00, 0x00, 0x00, 0x00, 0x00, 0x00, 0x00, 0x00, 0x00, 0x00,
    0x00, 0x00, 0x00, 0x00, 0x00, 0x00, 0x00, 0x00, 0x00, 0x00, 0x00, 0x00, 0x00, 0x00, 0x00, 0x00,
    0x00, 0x00, 0x00, 0x00, 0x00, 0x00, 0x00, 0x00, 0x00, 0x00, 0x00, 0x00, 0x00, 0x00, 0x00, 0x00,
    0xFF, 0xFF, 0x7F, 0x02, 0x00, 0x00, 0x00, 0x00, 0xFF, 0xDB, 0x57, 0x3A, 0xFF, 0xE6, 0x5F, 0xFF,
    0xFF, 0xD7, 0x58, 0x6E, 0x00, 0x00, 0x00, 0x00, 0xFF, 0xFF, 0x55, 0x03, 0x00, 0x00, 0x00, 0x00,
    0x00, 0x00, 0x00, 0x00, 0x00, 0x00, 0x00, 0x00, 0x00, 0x00, 0x00, 0x00, 0x00, 0x00, 0x00, 0x00,
    0x00, 0x00, 0x00, 0x00, 0x00, 0x00, 0x00, 0x00, 0x00, 0x00, 0x00, 0x00, 0x00, 0x00, 0x00, 0x00,
    0x00, 0x00, 0x00, 0x00, 0x00, 0x00, 0x00, 0x00, 0x00, 0x00, 0x00, 0x00, 0x00, 0x00, 0x00, 0x00,
    0x00, 0x00, 0x00, 0x00, 0x00, 0x00, 0x00, 0x00, 0x00, 0x00, 0x00, 0x00, 0x00, 0x00, 0x00, 0x00,
    0x00, 0x00, 0x00, 0x00, 0x00, 0x00, 0x00, 0x00, 0x00, 0x00, 0x00, 0x00, 0x00, 0x00, 0x00, 0x00,
    0xFF, 0xFF, 0x00, 0x01, 0x00, 0x00, 0x00, 0x00, 0xFF, 0xD0, 0x51, 0x16, 0xFF, 0xDD, 0x5A, 0xF3,
    0xFF, 0xDA, 0x59, 0x7D, 0x00, 0x00, 0x00, 0x00, 0xFF, 0xFF, 0x55, 0x03, 0x00, 0x00, 0x00, 0x00,
    0x00, 0x00, 0x00, 0x00, 0x00, 0x00, 0x00, 0x00, 0x00, 0x00, 0x00, 0x00, 0x00, 0x00, 0x00, 0x00,
    0x00, 0x00, 0x00, 0x00, 0x00, 0x00, 0x00, 0x00, 0x00, 0x00, 0x00, 0x00, 0x00, 0x00, 0x00, 0x00,
    0x00, 0x00, 0x00, 0x00, 0x00, 0x00, 0x00, 0x00, 0x00, 0x00, 0x00, 0x00, 0x00, 0x00, 0x00, 0x00,
    0x00, 0x00, 0x00, 0x00, 0x00, 0x00, 0x00, 0x00, 0x00, 0x00, 0x00, 0x00, 0x00, 0x00, 0x00, 0x00,
    0x00, 0x00, 0x00, 0x00, 0x00, 0x00, 0x00, 0x00, 0x00, 0x00, 0x00, 0x00, 0x00, 0x00, 0x00, 0x00,
    0x00, 0x00, 0x00, 0x00, 0x00, 0x00, 0x00, 0x00, 0x00, 0x00, 0x00, 0x00, 0xFF, 0xAA, 0x55, 0x03,
    0x00, 0x00, 0x00, 0x00, 0xFF, 0xD9, 0x57, 0x3D, 0xFF, 0xD9, 0x59, 0xFF, 0xFF, 0xD8, 0x59, 0xFF,
    0xFF, 0xD8, 0x59, 0xFE, 0xFE, 0xD6, 0x59, 0xFC, 0xFF, 0xDA, 0x5A, 0xFD, 0xFF, 0xE5, 0x5E, 0xFF,
    0xFF, 0xD8, 0x58, 0xBE, 0xFF, 0xD4, 0x55, 0x24, 0x00, 0x00, 0x00, 0x00, 0xFF, 0xFF, 0x55, 0x03,
    0xFF, 0xFF, 0x00, 0x01, 0x00, 0x00, 0x00, 0x00, 0x00, 0x00, 0x00, 0x00, 0x00, 0x00, 0x00, 0x00,
    0x00, 0x00, 0x00, 0x00, 0x00, 0x00, 0x00, 0x00, 0x00, 0x00, 0x00, 0x00, 0x00, 0x00, 0x00, 0x00,
    0x00, 0x00, 0x00, 0x00, 0x00, 0x00, 0x00, 0x00, 0x00, 0x00, 0x00, 0x00, 0xFF, 0xFF, 0x7F, 0x02,
    0x00, 0x00, 0x00, 0x00, 0xFF, 0xDA, 0x59, 0xA2, 0xFF, 0xE5, 0x5E, 0xFF, 0xFF, 0xD7, 0x59, 0xFB,
    0xFF, 0xD7, 0x59, 0xFE, 0xFF, 0xD7, 0x59, 0xFE, 0xFF, 0xD7, 0x58, 0xFE, 0xFF, 0xD8, 0x58, 0xFD,
    0xFF, 0xD8, 0x58, 0xFD, 0xFF, 0xD8, 0x58, 0xFD, 0xFF, 0xD7, 0x58, 0xFE, 0xFF, 0xD7, 0x59, 0xFE,
    0xFF, 0xD7, 0x59, 0xFE, 0xFF, 0xD8, 0x59, 0xFD, 0xFF, 0xDB, 0x5A, 0xFF, 0xFF, 0xDB, 0x5A, 0xEB,
    0xFF, 0xD9, 0x55, 0x1B, 0x00, 0x00, 0x00, 0x00, 0xFF, 0xFF, 0x00, 0x01, 0x00, 0x00, 0x00, 0x00,
    0x00, 0x00, 0x00, 0x00, 0x00, 0x00, 0x00, 0x00, 0x00, 0x00, 0x00, 0x00, 0x00, 0x00, 0x00, 0x00,
    0x00, 0x00, 0x00, 0x00, 0x00, 0x00, 0x00, 0x00, 0x00, 0x00, 0x00, 0x00, 0x00, 0x00, 0x00, 0x00,
    0xFF, 0xFF, 0x00, 0x01, 0xFF, 0xFF, 0x55, 0x03, 0x00, 0x00, 0x00, 0x00, 0xFF, 0xD3, 0x56, 0x35,
    0xFF, 0xDA, 0x58, 0xD7, 0xFF, 0xE5, 0x5E, 0xFF, 0xFF, 0xD8, 0x59, 0xFB, 0xFF, 0xD7, 0x58, 0xFE,
    0xFF, 0xD8, 0x59, 0xFF, 0xFF, 0xD8, 0x59, 0xFF, 0xFE, 0xD8, 0x59, 0xFC, 0xFF, 0xE2, 0x5D, 0xFF,
    0xFF, 0xD8, 0x5A, 0x63, 0x00, 0x00, 0x00, 0x00, 0xFF, 0xBF, 0x3F, 0x04, 0x00, 0x00, 0x00, 0x00,
    0x00, 0x00, 0x00, 0x00, 0x00, 0x00, 0x00, 0x00, 0x00, 0x00, 0x00, 0x00, 0x00, 0x00, 0x00, 0x00,
    0x00, 0x00, 0x00, 0x00, 0x00, 0x00, 0x00, 0x00, 0x00, 0x00, 0x00, 0x00, 0x00, 0x00, 0x00, 0x00,
    0x00, 0x00, 0x00, 0x00, 0x00, 0x00, 0x00, 0x00, 0x00, 0x00, 0x00, 0x00, 0x00, 0x00, 0x00, 0x00,
    0x00, 0x00, 0x00, 0x00, 0x00, 0x00, 0x00, 0x00, 0x00, 0x00, 0x00, 0x00, 0x00, 0x00, 0x00, 0x00,
    0x00, 0x00, 0x00, 0x00, 0x00, 0x00, 0x00, 0x00, 0x00, 0x00, 0x00, 0x00, 0x00, 0x00, 0x00, 0x00,
    0x00, 0x00, 0x00, 0x00, 0x00, 0x00, 0x00, 0x00, 0x00, 0x00, 0x00, 0x00, 0xFF, 0x7F, 0x7F, 0x02,
    0x00, 0x00, 0x00, 0x00, 0xFF, 0xDC, 0x5A, 0xB1, 0xFF, 0xDB, 0x59, 0xE6, 0xFF, 0xCC, 0x4C, 0x0A,
    0x00, 0x00, 0x00, 0x00, 0xFF, 0xFF, 0x00, 0x01, 0x00, 0x00, 0x00, 0x00, 0x00, 0x00, 0x00, 0x00,
    0x00, 0x00, 0x00, 0x00, 0x00, 0x00, 0x00, 0x00, 0x00, 0x00, 0x00, 0x00, 0x00, 0x00, 0x00, 0x00,
    0x00, 0x00, 0x00, 0x00, 0x00, 0x00, 0x00, 0x00, 0x00, 0x00, 0x00, 0x00, 0x00, 0x00, 0x00, 0x00,
    0x00, 0x00, 0x00, 0x00, 0x00, 0x00, 0x00, 0x00, 0x00, 0x00, 0x00, 0x00, 0x00, 0x00, 0x00, 0x00,
    0x00, 0x00, 0x00, 0x00, 0x00, 0x00, 0x00, 0x00, 0x00, 0x00, 0x00, 0x00, 0x00, 0x00, 0x00, 0x00,
    0x00, 0x00, 0x00, 0x00, 0x00, 0x00, 0x00, 0x00, 0xFF, 0xFF, 0x55, 0x03, 0x00, 0x00, 0x00, 0x00,
    0xFF, 0xDA, 0x5A, 0x7F, 0xFF, 0xDD, 0x5A, 0xF2, 0xFF, 0xCE, 0x55, 0x15, 0x00, 0x00, 0x00, 0x00,
    0xFF, 0xFF, 0x00, 0x01, 0x00, 0x00, 0x00, 0x00, 0x00, 0x00, 0x00, 0x00, 0x00, 0x00, 0x00, 0x00,
    0x00, 0x00, 0x00, 0x00, 0x00, 0x00, 0x00, 0x00, 0x00, 0x00, 0x00, 0x00, 0x00, 0x00, 0x00, 0x00,
    0x00, 0x00, 0x00, 0x00, 0x00, 0x00, 0x00, 0x00, 0x00, 0x00, 0x00, 0x00, 0x00, 0x00, 0x00, 0x00,
    0x00, 0x00, 0x00, 0x00, 0x00, 0x00, 0x00, 0x00, 0x00, 0x00, 0x00, 0x00, 0x00, 0x00, 0x00, 0x00,
    0x00, 0x00, 0x00, 0x00, 0x00, 0x00, 0x00, 0x00, 0x00, 0x00, 0x00, 0x00, 0x00, 0x00, 0x00, 0x00,
    0x00, 0x00, 0x00, 0x00, 0x00, 0x00, 0x00, 0x00, 0x00, 0x00, 0x00, 0x00, 0x00, 0x00, 0x00, 0x00,
    0x00, 0x00, 0x00, 0x00, 0xFF, 0xAA, 0x55, 0x03, 0x00, 0x00, 0x00, 0x00, 0xFF, 0xD5, 0x57, 0x3D,
    0xFF, 0xD8, 0x59, 0xFF, 0xFF, 0xD8, 0x59, 0xFF, 0xFF, 0xD7, 0x59, 0xFE, 0xFF, 0xD8, 0x59, 0xFF,
    0xFF, 0xD7, 0x58, 0xFE, 0xFF, 0xD8, 0x58, 0xFB, 0xFF, 0xE3, 0x5E, 0xFF, 0xFF, 0xDB, 0x5A, 0xEC,
    0xFF, 0xD4, 0x55, 0x54, 0x00, 0x00, 0x00, 0x00, 0xFF, 0xAA, 0x55, 0x03, 0xFF, 0xFF, 0xFF, 0x01,
    0x00, 0x00, 0x00, 0x00, 0x00, 0x00, 0x00, 0x00, 0x00, 0x00, 0x00, 0x00, 0x00, 0x00, 0x00, 0x00,
    0x00, 0x00, 0x00, 0x00, 0x00, 0x00, 0x00, 0x00, 0x00, 0x00, 0x00, 0x00, 0x00, 0x00, 0x00, 0x00,
    0xFF, 0xFF, 0x00, 0x01, 0x00, 0x00, 0x00, 0x00, 0xFF, 0xE2, 0x55, 0x12, 0xFE, 0xDA, 0x59, 0xE9,
    0xFF, 0xD9, 0x59, 0xFF, 0xFE, 0xD8, 0x59, 0xFC, 0xFF, 0xD9, 0x5A, 0xFF, 0xFF, 0xDB, 0x5A, 0xFF,
    0xFF, 0xDC, 0x5A, 0xFF, 0xFF, 0xDD, 0x5B, 0xFF, 0xFF, 0xDD, 0x5B, 0xFF, 0xFF, 0xDD, 0x5B, 0xFF,
    0xFF, 0xDC, 0x5A, 0xFF, 0xFF, 0xDB, 0x5A, 0xFF, 0xFF, 0xD9, 0x5A, 0xFF, 0xFF, 0xD7, 0x58, 0xFD,
    0xFF, 0xD7, 0x58, 0xF8, 0xFF, 0xE0, 0x5C, 0xFF, 0xFF, 0xDB, 0x5A, 0x6B, 0x00, 0x00, 0x00, 0x00,
    0xFF, 0xBF, 0x3F, 0x04, 0x00, 0x00, 0x00, 0x00, 0x00, 0x00, 0x00, 0x00, 0x00, 0x00, 0x00, 0x00,
    0x00, 0x00, 0x00, 0x00, 0x00, 0x00, 0x00, 0x00, 0x00, 0x00, 0x00, 0x00, 0x00, 0x00, 0x00, 0x00,
    0x00, 0x00, 0x00, 0x00, 0xFF, 0xFF, 0x7F, 0x02, 0xFF, 0xFF, 0x00, 0x01, 0x00, 0x00, 0x00, 0x00,
    0xFF, 0xD7, 0x56, 0x67, 0xFF, 0xDC, 0x5A, 0xF5, 0xFF, 0xDF, 0x5C, 0xFF, 0xFE, 0xD6, 0x58, 0xFC,
    0xFF, 0xD8, 0x59, 0xFF, 0xFF, 0xD8, 0x59, 0xFF, 0xFF, 0xD8, 0x59, 0xFF, 0xFF, 0xD8, 0x59, 0xFF,
    0xFE, 0xD8, 0x59, 0xFC, 0xFF, 0xE2, 0x5D, 0xFF, 0xFF, 0xD5, 0x5A, 0x63, 0x00, 0x00, 0x00, 0x00,
    0xFF, 0xBF, 0x3F, 0x04, 0x00, 0x00, 0x00, 0x00, 0x00, 0x00, 0x00, 0x00, 0x00, 0x00, 0x00, 0x00,
    0x00, 0x00, 0x00, 0x00, 0x00, 0x00, 0x00, 0x00, 0x00, 0x00, 0x00, 0x00, 0x00, 0x00, 0x00, 0x00,
    0x00, 0x00, 0x00, 0x00, 0x00, 0x00, 0x00, 0x00, 0x00, 0x00, 0x00, 0x00, 0x00, 0x00, 0x00, 0x00,
    0x00, 0x00, 0x00, 0x00, 0x00, 0x00, 0x00, 0x00, 0x00, 0x00, 0x00, 0x00, 0x00, 0x00, 0x00, 0x00,
    0x00, 0x00, 0x00, 0x00, 0x00, 0x00, 0x00, 0x00, 0x00, 0x00, 0x00, 0x00, 0x00, 0x00, 0x00, 0x00,
    0x00, 0x00, 0x00, 0x00, 0x00, 0x00, 0x00, 0x00, 0x00, 0x00, 0x00, 0x00, 0x00, 0x00, 0x00, 0x00,
    0x00, 0x00, 0x00, 0x00, 0xFF, 0xFF, 0x7F, 0x02, 0x00, 0x00, 0x00, 0x00, 0xFF, 0xD5, 0x57, 0x3D,
    0xFF, 0xE6, 0x5E, 0xFF, 0xFF, 0xD9, 0x5A, 0x66, 0x00, 0x00, 0x00, 0x00, 0xFF, 0xFF, 0x55, 0x03,
    0x00, 0x00, 0x00, 0x00, 0x00, 0x00, 0x00, 0x00, 0x00, 0x00, 0x00, 0x00, 0x00, 0x00, 0x00, 0x00,
    0x00, 0x00, 0x00, 0x00, 0x00, 0x00, 0x00, 0x00, 0x00, 0x00, 0x00, 0x00, 0x00, 0x00, 0x00, 0x00,
    0x00, 0x00, 0x00, 0x00, 0x00, 0x00, 0x00, 0x00, 0x00, 0x00, 0x00, 0x00, 0x00, 0x00, 0x00, 0x00,
    0x00, 0x00, 0x00, 0x00, 0x00, 0x00, 0x00, 0x00, 0x00, 0x00, 0x00, 0x00, 0x00, 0x00, 0x00, 0x00,
    0x00, 0x00, 0x00, 0x00, 0x00, 0x00, 0x00, 0x00, 0x00, 0x00, 0x00, 0x00, 0xFF, 0xFF, 0x00, 0x01,
    0x00, 0x00, 0x00, 0x00, 0xFF, 0xD4, 0x55, 0x0C, 0xFE, 0xDB, 0x5A, 0xED, 0xFF, 0xDD, 0x5A, 0x8F,
    0x00, 0x00, 0x00, 0x00, 0xFF, 0xFF, 0x55, 0x03, 0x00, 0x00, 0x00, 0x00, 0x00, 0x00, 0x00, 0x00,
    0x00, 0x00, 0x00, 0x00, 0x00, 0x00, 0x00, 0x00, 0x00, 0x00, 0x00, 0x00, 0x00, 0x00, 0x00, 0x00,
    0x00, 0x00, 0x00, 0x00, 0x00, 0x00, 0x00, 0x00, 0x00, 0x00, 0x00, 0x00, 0x00, 0x00, 0x00, 0x00,
    0x00, 0x00, 0x00, 0x00, 0x00, 0x00, 0x00, 0x00, 0x00, 0x00, 0x00, 0x00, 0x00, 0x00, 0x00, 0x00,
    0x00, 0x00, 0x00, 0x00, 0x00, 0x00, 0x00, 0x00, 0x00, 0x00, 0x00, 0x00, 0x00, 0x00, 0x00, 0x00,
    0x00, 0x00, 0x00, 0x00, 0x00, 0x00, 0x00, 0x00, 0x00, 0x00, 0x00, 0x00, 0x00, 0x00, 0x00, 0x00,
    0x00, 0x00, 0x00, 0x00, 0x00, 0x00, 0x00, 0x00, 0x00, 0x00, 0x00, 0x00, 0xFF, 0xAA, 0x55, 0x03,
    0x00, 0x00, 0x00, 0x00, 0xFF, 0xD5, 0x57, 0x3D, 0xFF, 0xD8, 0x59, 0xFF, 0xFF, 0xD8, 0x59, 0xFF,
    0xFF, 0xD8, 0x59, 0xFE, 0xFF, 0xD8, 0x59, 0xFF, 0xFF, 0xD8, 0x59, 0xFF, 0xFF, 0xD8, 0x59, 0xFF,
    0xFE, 0xD6, 0x58, 0xFC, 0xFF, 0xDB, 0x5A, 0xFE, 0xFF, 0xE0, 0x5C, 0xFF, 0xFF, 0xD6, 0x58, 0x8B,
    0xFF, 0xFF, 0x66, 0x05, 0x00, 0x00, 0x00, 0x00, 0xFF, 0xAA, 0x55, 0x03, 0x00, 0x00, 0x00, 0x00,
    0x00, 0x00, 0x00, 0x00, 0x00, 0x00, 0x00, 0x00, 0x00, 0x00, 0x00, 0x00, 0x00, 0x00, 0x00, 0x00,
    0x00, 0x00, 0x00, 0x00, 0x00, 0x00, 0x00, 0x00, 0xFF, 0xFF, 0x00, 0x01, 0x00, 0x00, 0x00, 0x00,
    0xFF, 0xD8, 0x59, 0x14, 0xFF, 0xD9, 0x59, 0xE7, 0xFF, 0xE6, 0x5E, 0xFF, 0xFF, 0xDC, 0x5A, 0xFE,
    0xFF, 0xD7, 0x58, 0xFA, 0xFF, 0xD7, 0x58, 0xF1, 0xFF, 0xD7, 0x59, 0xEA, 0xFF, 0xD8, 0x58, 0xE6,
    0xFF, 0xD8, 0x58, 0xE6, 0xFF, 0xD7, 0x58, 0xE7, 0xFF, 0xD7, 0x58, 0xEB, 0xFF, 0xD7, 0x58, 0xF1,
    0xFF, 0xD7, 0x57, 0xFA, 0xFF, 0xDD, 0x5A, 0xFF, 0xFE, 0xE6, 0x5F, 0xFC, 0xFF, 0xF3, 0x64, 0xFF,
    0xFF, 0xE3, 0x5D, 0xBA, 0x00, 0x00, 0x00, 0x00, 0x00, 0x00, 0x00, 0x00, 0x00, 0x00, 0x00, 0x00,
    0x00, 0x00, 0x00, 0x00, 0x00, 0x00, 0x00, 0x00, 0x00, 0x00, 0x00, 0x00, 0x00, 0x00, 0x00, 0x00,
    0x00, 0x00, 0x00, 0x00, 0x00, 0x00, 0x00, 0x00, 0xFF, 0xFF, 0x55, 0x03, 0x00, 0x00, 0x00, 0x00,
    0xFF, 0xD2, 0x4B, 0x11, 0xFE, 0xD6, 0x58, 0xA4, 0xFF, 0xE3, 0x5E, 0xFF, 0xFF, 0xDA, 0x59, 0xFD,
    0xFF, 0xD6, 0x58, 0xFD, 0xFF, 0xD8, 0x59, 0xFF, 0xFF, 0xD8, 0x59, 0xFF, 0xFF, 0xD8, 0x59, 0xFF,
    0xFF, 0xD8, 0x59, 0xFF, 0xFF, 0xD8, 0x59, 0xFF, 0xFE, 0xD8, 0x59, 0xFC, 0xFF, 0xE2, 0x5D, 0xFF,
    0xFF, 0xD5, 0x5A, 0x63, 0x00, 0x00, 0x00, 0x00, 0xFF, 0xBF, 0x3F, 0x04, 0x00, 0x00, 0x00, 0x00,
    0x00, 0x00, 0x00, 0x00, 0x00, 0x00, 0x00, 0x00, 0x00, 0x00, 0x00, 0x00, 0x00, 0x00, 0x00, 0x00,
    0x00, 0x00, 0x00, 0x00, 0x00, 0x00, 0x00, 0x00, 0x00, 0x00, 0x00, 0x00, 0x00, 0x00, 0x00, 0x00,
    0x00, 0x00, 0x00, 0x00, 0x00, 0x00, 0x00, 0x00, 0x00, 0x00, 0x00, 0x00, 0x00, 0x00, 0x00, 0x00,
    0x00, 0x00, 0x00, 0x00, 0x00, 0x00, 0x00, 0x00, 0x00, 0x00, 0x00, 0x00, 0x00, 0x00, 0x00, 0x00,
    0x00, 0x00, 0x00, 0x00, 0x00, 0x00, 0x00, 0x00, 0x00, 0x00, 0x00, 0x00, 0x00, 0x00, 0x00, 0x00,
    0x00, 0x00, 0x00, 0x00, 0x00, 0x00, 0x00, 0x00, 0x00, 0x00, 0x00, 0x00, 0x00, 0x00, 0x00, 0x00,
    0xFF, 0xFF, 0x00, 0x01, 0x00, 0x00, 0x00, 0x00, 0xFF, 0xDB, 0x5B, 0xC1, 0xFF, 0xDB, 0x5A, 0xD9,
    0xFF, 0xAA, 0x55, 0x03, 0x00, 0x00, 0x00, 0x00, 0xFF, 0xFF, 0x00, 0x01, 0x00, 0x00, 0x00, 0x00,
    0x00, 0x00, 0x00, 0x00, 0x00, 0x00, 0x00, 0x00, 0x00, 0x00, 0x00, 0x00, 0x00, 0x00, 0x00, 0x00,
    0x00, 0x00, 0x00, 0x00, 0x00, 0x00, 0x00, 0x00, 0x00, 0x00, 0x00, 0x00, 0x00, 0x00, 0x00, 0x00,
    0x00, 0x00, 0x00, 0x00, 0x00, 0x00, 0x00, 0x00, 0x00, 0x00, 0x00, 0x00, 0x00, 0x00, 0x00, 0x00,
    0x00, 0x00, 0x00, 0x00, 0x00, 0x00, 0x00, 0x00, 0x00, 0x00, 0x00, 0x00, 0x00, 0x00, 0x00, 0x00,
    0x00, 0x00, 0x00, 0x00, 0xFF, 0xFF, 0x55, 0x03, 0x00, 0x00, 0x00, 0x00, 0xFF, 0xD9, 0x59, 0x67,
    0xFF, 0xDE, 0x5C, 0xFF, 0xFF, 0xD8, 0x59, 0x28, 0x00, 0x00, 0x00, 0x00, 0xFF, 0xFF, 0x7F, 0x02,
    0x00, 0x00, 0x00, 0x00, 0x00, 0x00, 0x00, 0x00, 0x00, 0x00, 0x00, 0x00, 0x00, 0x00, 0x00, 0x00,
    0x00, 0x00, 0x00, 0x00, 0x00, 0x00, 0x00, 0x00, 0x00, 0x00, 0x00, 0x00, 0x00, 0x00, 0x00, 0x00,
    0x00, 0x00, 0x00, 0x00, 0x00, 0x00, 0x00, 0x00, 0x00, 0x00, 0x00, 0x00, 0x00, 0x00, 0x00, 0x00,
    0x00, 0x00, 0x00, 0x00, 0x00, 0x00, 0x00, 0x00, 0x00, 0x00, 0x00, 0x00, 0x00, 0x00, 0x00, 0x00,
    0x00, 0x00, 0x00, 0x00, 0x00, 0x00, 0x00, 0x00, 0x00, 0x00, 0x00, 0x00, 0x00, 0x00, 0x00, 0x00,
    0x00, 0x00, 0x00, 0x00, 0x00, 0x00, 0x00, 0x00, 0x00, 0x00, 0x00, 0x00, 0x00, 0x00, 0x00, 0x00,
    0x00, 0x00, 0x00, 0x00, 0xFF, 0xAA, 0x55, 0x03, 0x00, 0x00, 0x00, 0x00, 0xFF, 0xD5, 0x57, 0x3D,
    0xFF, 0xD8, 0x59, 0xFF, 0xFF, 0xD8, 0x59, 0xFF, 0xFF, 0xD8, 0x59, 0xFE, 0xFF, 0xD8, 0x59, 0xFF,
    0xFF, 0xD8, 0x59, 0xFF, 0xFF, 0xD8, 0x59, 0xFF, 0xFF, 0xD8, 0x59, 0xFF, 0xFF, 0xD6, 0x58, 0xFE,
    0xFF, 0xD9, 0x59, 0xFB, 0xFF, 0xE5, 0x5E, 0xFF, 0xFF, 0xD8, 0x58, 0xBE, 0xFF, 0xD3, 0x57, 0x1D,
    0x00, 0x00, 0x00, 0x00, 0xFF, 0xFF, 0x55, 0x03, 0x00, 0x00, 0x00, 0x00, 0x00, 0x00, 0x00, 0x00,
    0x00, 0x00, 0x00, 0x00, 0x00, 0x00, 0x00, 0x00, 0x00, 0x00, 0x00, 0x00, 0x00, 0x00, 0x00, 0x00,
    0x00, 0x00, 0x00, 0x00, 0xFF, 0xFF, 0x00, 0x01, 0x00, 0x00, 0x00, 0x00, 0xFF, 0xD4, 0x55, 0x2A,
    0xFF, 0xD7, 0x57, 0x5A, 0xFF, 0xD5, 0x59, 0x4A, 0xFF, 0xD6, 0x56, 0x32, 0xFF, 0xD5, 0x52, 0x1F,
    0xFF, 0xD6, 0x5D, 0x13, 0xFF, 0xCC, 0x4C, 0x0A, 0xFF, 0xCC, 0x4C, 0x0A, 0xFF, 0xD0, 0x5C, 0x0B,
    0xFF, 0xD8, 0x59, 0x14, 0xFF, 0xD7, 0x4F, 0x20, 0xFF, 0xD6, 0x56, 0x32, 0xFF, 0xD8, 0x57, 0x49,
    0xFE, 0xD9, 0x58, 0x65, 0xFF, 0xD5, 0x58, 0x82, 0xFF, 0xD4, 0x58, 0x48, 0x00, 0x00, 0x00, 0x00,
    0xFF, 0xFF, 0x00, 0x01, 0x00, 0x00, 0x00, 0x00, 0x00, 0x00, 0x00, 0x00, 0x00, 0x00, 0x00, 0x00,
    0x00, 0x00, 0x00, 0x00, 0x00, 0x00, 0x00, 0x00, 0x00, 0x00, 0x00, 0x00, 0xFF, 0xFF, 0x00, 0x01,
    0x00, 0x00, 0x00, 0x00, 0xFF, 0xD5, 0x56, 0x44, 0xFF, 0xDA, 0x5A, 0xDA, 0xFF, 0xE5, 0x5E, 0xFF,
    0xFF, 0xD8, 0x59, 0xFB, 0xFF, 0xD7, 0x58, 0xFE, 0xFF, 0xD8, 0x59, 0xFF, 0xFF, 0xD8, 0x59, 0xFF,
    0xFF, 0xD8, 0x59, 0xFF, 0xFF, 0xD8, 0x59, 0xFF, 0xFF, 0xD8, 0x59, 0xFF, 0xFF, 0xD8, 0x59, 0xFF,
    0xFE, 0xD8, 0x59, 0xFC, 0xFF, 0xE2, 0x5D, 0xFF, 0xFF, 0xD7, 0x58, 0x62, 0x00, 0x00, 0x00, 0x00,
    0xFF, 0xBF, 0x3F, 0x04, 0x00, 0x00, 0x00, 0x00, 0x00, 0x00, 0x00, 0x00, 0x00, 0x00, 0x00, 0x00,
    0x00, 0x00, 0x00, 0x00, 0x00, 0x00, 0x00, 0x00, 0x00, 0x00, 0x00, 0x00, 0x00, 0x00, 0x00, 0x00,
    0x00, 0x00, 0x00, 0x00, 0x00, 0x00, 0x00, 0x00, 0x00, 0x00, 0x00, 0x00, 0x00, 0x00, 0x00, 0x00,
    0x00, 0x00, 0x00, 0x00, 0x00, 0x00, 0x00, 0x00, 0x00, 0x00, 0x00, 0x00, 0x00, 0x00, 0x00, 0x00,
    0x00, 0x00, 0x00, 0x00, 0x00, 0x00, 0x00, 0x00, 0x00, 0x00, 0x00, 0x00, 0x00, 0x00, 0x00, 0x00,
    0x00, 0x00, 0x00, 0x00, 0x00, 0x00, 0x00, 0x00, 0x00, 0x00, 0x00, 0x00, 0x00, 0x00, 0x00, 0x00,
    0x00, 0x00, 0x00, 0x00, 0x00, 0x00, 0x00, 0x00, 0xFF, 0xFF, 0x55, 0x03, 0x00, 0x00, 0x00, 0x00,
    0xFE, 0xD9, 0x5A, 0x52, 0xFF, 0xE8, 0x5F, 0xFF, 0xFF, 0xDA, 0x59, 0x4D, 0x00, 0x00, 0x00, 0x00,
    0xFF, 0xFF, 0x55, 0x03, 0x00, 0x00, 0x00, 0x00, 0x00, 0x00, 0x00, 0x00, 0x00, 0x00, 0x00, 0x00,
    0x00, 0x00, 0x00, 0x00, 0x00, 0x00, 0x00, 0x00, 0x00, 0x00, 0x00, 0x00, 0x00, 0x00, 0x00, 0x00,
    0x00, 0x00, 0x00, 0x00, 0x00, 0x00, 0x00, 0x00, 0x00, 0x00, 0x00, 0x00, 0x00, 0x00, 0x00, 0x00,
    0x00, 0x00, 0x00, 0x00, 0x00, 0x00, 0x00, 0x00, 0x00, 0x00, 0x00, 0x00, 0x00, 0x00, 0x00, 0x00,
    0x00, 0x00, 0x00, 0x00, 0x00, 0x00, 0x00, 0x00, 0xFF, 0x00, 0x00, 0x01, 0x00, 0x00, 0x00, 0x00,
    0x00, 0x00, 0x00, 0x00, 0xFF, 0xDC, 0x5A, 0xD0, 0xFF, 0xDC, 0x59, 0xB7, 0x00, 0x00, 0x00, 0x00,
    0xFF, 0xFF, 0xFF, 0x01, 0x00, 0x00, 0x00, 0x00, 0x00, 0x00, 0x00, 0x00, 0x00, 0x00, 0x00, 0x00,
    0x00, 0x00, 0x00, 0x00, 0x00, 0x00, 0x00, 0x00, 0x00, 0x00, 0x00, 0x00, 0x00, 0x00, 0x00, 0x00,
    0x00, 0x00, 0x00, 0x00, 0x00, 0x00, 0x00, 0x00, 0x00, 0x00, 0x00, 0x00, 0x00, 0x00, 0x00, 0x00,
    0x00, 0x00, 0x00, 0x00, 0x00, 0x00, 0x00, 0x00, 0x00, 0x00, 0x00, 0x00, 0x00, 0x00, 0x00, 0x00,
    0x00, 0x00, 0x00, 0x00, 0x00, 0x00, 0x00, 0x00, 0x00, 0x00, 0x00, 0x00, 0x00, 0x00, 0x00, 0x00,
    0x00, 0x00, 0x00, 0x00, 0x00, 0x00, 0x00, 0x00, 0x00, 0x00, 0x00, 0x00, 0x00, 0x00, 0x00, 0x00,
    0x00, 0x00, 0x00, 0x00, 0x00, 0x00, 0x00, 0x00, 0x00, 0x00, 0x00, 0x00, 0xFF, 0xAA, 0x55, 0x03,
    0x00, 0x00, 0x00, 0x00, 0xFF, 0xD5, 0x57, 0x3D, 0xFF, 0xD8, 0x59, 0xFF, 0xFF, 0xD8, 0x59, 0xFF,
    0xFF, 0xD8, 0x59, 0xFE, 0xFF, 0xD8, 0x59, 0xFF, 0xFF, 0xD8, 0x59, 0xFF, 0xFF, 0xD8, 0x59, 0xFF,
    0xFF, 0xD8, 0x59, 0xFF, 0xFF, 0xD8, 0x59, 0xFF, 0xFF, 0xD7, 0x59, 0xFE, 0xFF, 0xD7, 0x58, 0xFB,
    0xFF, 0xE3, 0x5D, 0xFF, 0xFF, 0xDC, 0x5A, 0xE3, 0xFF, 0xD5, 0x56, 0x44, 0x00, 0x00, 0x00, 0x00,
    0xFF, 0xFF, 0xFF, 0x01, 0x00, 0x00, 0x00, 0x00, 0x00, 0x00, 0x00, 0x00, 0x00, 0x00, 0x00, 0x00,
    0x00, 0x00, 0x00, 0x00, 0x00, 0x00, 0x00, 0x00, 0x00, 0x00, 0x00, 0x00, 0x00, 0x00, 0x00, 0x00,
    0x00, 0x00, 0x00, 0x00, 0x00, 0x00, 0x00, 0x00, 0x00, 0x00, 0x00, 0x00, 0x00, 0x00, 0x00, 0x00,
    0x00, 0x00, 0x00, 0x00, 0x00, 0x00, 0x00, 0x00, 0x00, 0x00, 0x00, 0x00, 0x00, 0x00, 0x00, 0x00,
    0x00, 0x00, 0x00, 0x00, 0x00, 0x00, 0x00, 0x00, 0x00, 0x00, 0x00, 0x00, 0x00, 0x00, 0x00, 0x00,
    0x00, 0x00, 0x00, 0x00, 0x00, 0x00, 0x00, 0x00, 0x00, 0x00, 0x00, 0x00, 0x00, 0x00, 0x00, 0x00,
    0x00, 0x00, 0x00, 0x00, 0x00, 0x00, 0x00, 0x00, 0x00, 0x00, 0x00, 0x00, 0x00, 0x00, 0x00, 0x00,
    0x00, 0x00, 0x00, 0x00, 0x00, 0x00, 0x00, 0x00, 0x00, 0x00, 0x00, 0x00, 0x00, 0x00, 0x00, 0x00,
    0xFF, 0xFF, 0x00, 0x01, 0x00, 0x00, 0x00, 0x00, 0xFF, 0xD6, 0x57, 0x78, 0xFF, 0xDE, 0x5B, 0xFF,
    0xFF, 0xDB, 0x5A, 0xFE, 0xFF, 0xD7, 0x58, 0xFB, 0xFF, 0xD8, 0x59, 0xFE, 0xFF, 0xD8, 0x59, 0xFF,
    0xFF, 0xD8, 0x59, 0xFF, 0xFF, 0xD8, 0x59, 0xFF, 0xFF, 0xD8, 0x59, 0xFF, 0xFF, 0xD8, 0x59, 0xFF,
    0xFF, 0xD8, 0x59, 0xFF, 0xFF, 0xD8, 0x59, 0xFF, 0xFF, 0xD7, 0x58, 0xFD, 0xFF, 0xE0, 0x5C, 0xFF,
    0xFE, 0xD7, 0x59, 0x5B, 0x00, 0x00, 0x00, 0x00, 0xFF, 0xBF, 0x3F, 0x04, 0x00, 0x00, 0x00, 0x00,
    0x00, 0x00, 0x00, 0x00, 0x00, 0x00, 0x00, 0x00, 0x00, 0x00, 0x00, 0x00, 0x00, 0x00, 0x00, 0x00,
    0x00, 0x00, 0x00, 0x00, 0x00, 0x00, 0x00, 0x00, 0x00, 0x00, 0x00, 0x00, 0x00, 0x00, 0x00, 0x00,
    0x00, 0x00, 0x00, 0x00, 0x00, 0x00, 0x00, 0x00, 0x00, 0x00, 0x00, 0x00, 0x00, 0x00, 0x00, 0x00,
    0x00, 0x00, 0x00, 0x00, 0x00, 0x00, 0x00, 0x00, 0x00, 0x00, 0x00, 0x00, 0x00, 0x00, 0x00, 0x00,
    0x00, 0x00, 0x00, 0x00, 0x00, 0x00, 0x00, 0x00, 0x00, 0x00, 0x00, 0x00, 0x00, 0x00, 0x00, 0x00,
    0x00, 0x00, 0x00, 0x00, 0x00, 0x00, 0x00, 0x00, 0x00, 0x00, 0x00, 0x00, 0x00, 0x00, 0x00, 0x00,
    0xFF, 0xFF, 0x00, 0x01, 0x00, 0x00, 0x00, 0x00, 0xFF, 0xD4, 0x55, 0x06, 0xFF, 0xDB, 0x5A, 0xE1,
    0xFE, 0xDD, 0x5B, 0xB6, 0x00, 0x00, 0x00, 0x00, 0xFF, 0xFF, 0x00, 0x01, 0x00, 0x00, 0x00, 0x00,
    0x00, 0x00, 0x00, 0x00, 0x00, 0x00, 0x00, 0x00, 0x00, 0x00, 0x00, 0x00, 0x00, 0x00, 0x00, 0x00,
    0x00, 0x00, 0x00, 0x00, 0x00, 0x00, 0x00, 0x00, 0x00, 0x00, 0x00, 0x00, 0x00, 0x00, 0x00, 0x00,
    0x00, 0x00, 0x00, 0x00, 0x00, 0x00, 0x00, 0x00, 0x00, 0x00, 0x00, 0x00, 0x00, 0x00, 0x00, 0x00,
    0x00, 0x00, 0x00, 0x00, 0x00, 0x00, 0x00, 0x00, 0x00, 0x00, 0x00, 0x00, 0x00, 0x00, 0x00, 0x00,
    0xFF, 0xFF, 0x7F, 0x02, 0x00, 0x00, 0x00, 0x00, 0xFF, 0xD9, 0x58, 0x37, 0xFF, 0xE1, 0x5D, 0xFF,
    0xFF, 0xD7, 0x58, 0x54, 0x00, 0x00, 0x00, 0x00, 0xFF, 0xFF, 0x55, 0x03, 0x00, 0x00, 0x00, 0x00,
    0x00, 0x00, 0x00, 0x00, 0x00, 0x00, 0x00, 0x00, 0x00, 0x00, 0x00, 0x00, 0x00, 0x00, 0x00, 0x00,
    0x00, 0x00, 0x00, 0x00, 0x00, 0x00, 0x00, 0x00, 0x00, 0x00, 0x00, 0x00, 0x00, 0x00, 0x00, 0x00,
    0x00, 0x00, 0x00, 0x00, 0x00, 0x00, 0x00, 0x00, 0x00, 0x00, 0x00, 0x00, 0x00, 0x00, 0x00, 0x00,
    0x00, 0x00, 0x00, 0x00, 0x00, 0x00, 0x00, 0x00, 0x00, 0x00, 0x00, 0x00, 0x00, 0x00, 0x00, 0x00,
    0x00, 0x00, 0x00, 0x00, 0x00, 0x00, 0x00, 0x00, 0x00, 0x00, 0x00, 0x00, 0x00, 0x00, 0x00, 0x00,
    0x00, 0x00, 0x00, 0x00, 0x00, 0x00, 0x00, 0x00, 0x00, 0x00, 0x00, 0x00, 0x00, 0x00, 0x00, 0x00,
    0x00, 0x00, 0x00, 0x00, 0xFF, 0xAA, 0x55, 0x03, 0x00, 0x00, 0x00, 0x00, 0xFF, 0xD5, 0x57, 0x3D,
    0xFF, 0xD8, 0x59, 0xFF, 0xFF, 0xD8, 0x59, 0xFF, 0xFF, 0xD8, 0x59, 0xFE, 0xFF, 0xD8, 0x59, 0xFF,
    0xFF, 0xD8, 0x59, 0xFF, 0xFF, 0xD8, 0x59, 0xFF, 0xFF, 0xD8, 0x59, 0xFF, 0xFF, 0xD8, 0x59, 0xFF,
    0xFF, 0xD8, 0x59, 0xFF, 0xFF, 0xD8, 0x59, 0xFF, 0xFF, 0xD7, 0x58, 0xFB, 0xFF, 0xDB, 0x5A, 0xFE,
    0xFF, 0xDC, 0x5A, 0xFA, 0xFF, 0xD6, 0x58, 0x7F, 0x00, 0x00, 0x00, 0x00, 0x00, 0x00, 0x00, 0x00,
    0x00, 0x00, 0x00, 0x00, 0x00, 0x00, 0x00, 0x00, 0x00, 0x00, 0x00, 0x00, 0x00, 0x00, 0x00, 0x00,
    0x00, 0x00, 0x00, 0x00, 0x00, 0x00, 0x00, 0x00, 0x00, 0x00, 0x00, 0x00, 0xFF, 0xFF, 0xFF, 0x01,
    0xFF, 0xBF, 0x3F, 0x04, 0xFF, 0xAA, 0x55, 0x03, 0xFF, 0xFF, 0x7F, 0x02, 0xFF, 0xFF, 0xFF, 0x01,
    0xFF, 0xFF, 0x00, 0x01, 0xFF, 0xFF, 0x00, 0x01, 0xFF, 0xFF, 0x00, 0x01, 0xFF, 0xFF, 0x00, 0x01,
    0xFF, 0xFF, 0x00, 0x01, 0xFF, 0xFF, 0xFF, 0x01, 0xFF, 0xFF, 0x7F, 0x02, 0xFF, 0xFF, 0x55, 0x03,
    0xFF, 0xBF, 0x3F, 0x04, 0xFF, 0xFF, 0x55, 0x03, 0xFF, 0xFF, 0x7F, 0x02, 0x00, 0x00, 0x00, 0x00,
    0x00, 0x00, 0x00, 0x00, 0x00, 0x00, 0x00, 0x00, 0x00, 0x00, 0x00, 0x00, 0x00, 0x00, 0x00, 0x00,
    0x00, 0x00, 0x00, 0x00, 0xFF, 0x00, 0x00, 0x01, 0x00, 0x00, 0x00, 0x00, 0x00, 0x00, 0x00, 0x00,
    0xFF, 0xD5, 0x58, 0xB9, 0xFF, 0xE6, 0x5E, 0xFF, 0xFF, 0xE1, 0x5C, 0xFD, 0xFF, 0xD8, 0x59, 0xFD,
    0xFF, 0xD8, 0x58, 0xFB, 0xFF, 0xD7, 0x59, 0xFE, 0xFF, 0xD8, 0x59, 0xFF, 0xFF, 0xD8, 0x59, 0xFF,
    0xFF, 0xD8, 0x59, 0xFF, 0xFF, 0xD8, 0x59, 0xFF, 0xFF, 0xD8, 0x59, 0xFF, 0xFF, 0xD8, 0x59, 0xFF,
    0xFF, 0xD7, 0x58, 0xFD, 0xFF, 0xE0, 0x5C, 0xFF, 0xFF, 0xD7, 0x57, 0x5A, 0x00, 0x00, 0x00, 0x00,
    0xFF, 0xFF, 0x55, 0x03, 0x00, 0x00, 0x00, 0x00, 0x00, 0x00, 0x00, 0x00, 0x00, 0x00, 0x00, 0x00,
    0x00, 0x00, 0x00, 0x00, 0x00, 0x00, 0x00, 0x00, 0x00, 0x00, 0x00, 0x00, 0x00, 0x00, 0x00, 0x00,
    0x00, 0x00, 0x00, 0x00, 0x00, 0x00, 0x00, 0x00, 0x00, 0x00, 0x00, 0x00, 0x00, 0x00, 0x00, 0x00,
    0x00, 0x00, 0x00, 0x00, 0x00, 0x00, 0x00, 0x00, 0x00, 0x00, 0x00, 0x00, 0x00, 0x00, 0x00, 0x00,
    0x00, 0x00, 0x00, 0x00, 0x00, 0x00, 0x00, 0x00, 0x00, 0x00, 0x00, 0x00, 0x00, 0x00, 0x00, 0x00,
    0x00, 0x00, 0x00, 0x00, 0x00, 0x00, 0x00, 0x00, 0x00, 0x00, 0x00, 0x00, 0x00, 0x00, 0x00, 0x00,
    0x00, 0x00, 0x00, 0x00, 0x00, 0x00, 0x00, 0x00, 0x00, 0x00, 0x00, 0x00, 0xFF, 0xFF, 0x55, 0x03,
    0x00, 0x00, 0x00, 0x00, 0xFF, 0xD9, 0x58, 0x81, 0xFF, 0xE0, 0x5C, 0xFF, 0xFF, 0xDD, 0x57, 0x26,
    0x00, 0x00, 0x00, 0x00, 0xFF, 0xFF, 0x7F, 0x02, 0x00, 0x00, 0x00, 0x00, 0x00, 0x00, 0x00, 0x00,
    0x00, 0x00, 0x00, 0x00, 0x00, 0x00, 0x00, 0x00, 0x00, 0x00, 0x00, 0x00, 0x00, 0x00, 0x00, 0x00,
    0x00, 0x00, 0x00, 0x00, 0x00, 0x00, 0x00, 0x00, 0x00, 0x00, 0x00, 0x00, 0x00, 0x00, 0x00, 0x00,
    0x00, 0x00, 0x00, 0x00, 0x00, 0x00, 0x00, 0x00, 0x00, 0x00, 0x00, 0x00, 0x00, 0x00, 0x00, 0x00,
    0x00, 0x00, 0x00, 0x00, 0x00, 0x00, 0x00, 0x00, 0xFF, 0xFF, 0x55, 0x03, 0x00, 0x00, 0x00, 0x00,
    0xFF, 0xDD, 0x5A, 0x90, 0xFF, 0xDB, 0x59, 0xEC, 0xFF, 0xE2, 0x55, 0x09, 0x00, 0x00, 0x00, 0x00,
    0xFF, 0xFF, 0x00, 0x01, 0x00, 0x00, 0x00, 0x00, 0x00, 0x00, 0x00, 0x00, 0x00, 0x00, 0x00, 0x00,
    0x00, 0x00, 0x00, 0x00, 0x00, 0x00, 0x00, 0x00, 0x00, 0x00, 0x00, 0x00, 0x00, 0x00, 0x00, 0x00,
    0x00, 0x00, 0x00, 0x00, 0x00, 0x00, 0x00, 0x00, 0x00, 0x00, 0x00, 0x00, 0x00, 0x00, 0x00, 0x00,
    0x00, 0x00, 0x00, 0x00, 0x00, 0x00, 0x00, 0x00, 0x00, 0x00, 0x00, 0x00, 0x00, 0x00, 0x00, 0x00,
    0x00, 0x00, 0x00, 0x00, 0x00, 0x00, 0x00, 0x00, 0x00, 0x00, 0x00, 0x00, 0x00, 0x00, 0x00, 0x00,
    0x00, 0x00, 0x00, 0x00, 0x00, 0x00, 0x00, 0x00, 0x00, 0x00, 0x00, 0x00, 0x00, 0x00, 0x00, 0x00,
    0x00, 0x00, 0x00, 0x00, 0x00, 0x00, 0x00, 0x00, 0x00, 0x00, 0x00, 0x00, 0xFF, 0xAA, 0x55, 0x03,
    0x00, 0x00, 0x00, 0x00, 0xFF, 0xD5, 0x57, 0x3D, 0xFF, 0xD8, 0x59, 0xFF, 0xFF, 0xD8, 0x59, 0xFF,
    0xFF, 0xD8, 0x59, 0xFE, 0xFF, 0xD8, 0x59, 0xFF, 0xFF, 0xD8, 0x59, 0xFF, 0xFF, 0xD8, 0x59, 0xFF,
    0xFF, 0xD8, 0x59, 0xFF, 0xFF, 0xD8, 0x59, 0xFF, 0xFF, 0xD8, 0x59, 0xFF, 0xFF, 0xD8, 0x59, 0xFB,
    0xFF, 0xD8, 0x58, 0xFD, 0xFF, 0xDF, 0x5C, 0xFE, 0xFF, 0xE8, 0x5F, 0xFF, 0xFF, 0xD9, 0x58, 0xDA,
    0xFF, 0xD7, 0x4E, 0x0D, 0x00, 0x00, 0x00, 0x00, 0xFF, 0xFF, 0x00, 0x01, 0x00, 0x00, 0x00, 0x00,
    0x00, 0x00, 0x00, 0x00, 0x00, 0x00, 0x00, 0x00, 0x00, 0x00, 0x00, 0x00, 0x00, 0x00, 0x00, 0x00,
    0x00, 0x00, 0x00, 0x00, 0x00, 0x00, 0x00, 0x00, 0x00, 0x00, 0x00, 0x00, 0x00, 0x00, 0x00, 0x00,
    0x00, 0x00, 0x00, 0x00, 0x00, 0x00, 0x00, 0x00, 0x00, 0x00, 0x00, 0x00, 0x00, 0x00, 0x00, 0x00,
    0xFF, 0x00, 0x00, 0x01, 0xFF, 0x00, 0x00, 0x01, 0x00, 0x00, 0x00, 0x00, 0x00, 0x00, 0x00, 0x00,
    0x00, 0x00, 0x00, 0x00, 0x00, 0x00, 0x00, 0x00, 0x00, 0x00, 0x00, 0x00, 0x00, 0x00, 0x00, 0x00,
    0x00, 0x00, 0x00, 0x00, 0x00, 0x00, 0x00, 0x00, 0x00, 0x00, 0x00, 0x00, 0x00, 0x00, 0x00, 0x00,
    0x00, 0x00, 0x00, 0x00, 0x00, 0x00, 0x00, 0x00, 0x00, 0x00, 0x00, 0x00, 0x00, 0x00, 0x00, 0x00,
    0x00, 0x00, 0x00, 0x00, 0x00, 0x00, 0x00, 0x00, 0xFF, 0xFF, 0x00, 0x02, 0xFF, 0xD6, 0x58, 0x4B,
    0xFF, 0xD6, 0x57, 0xBB, 0xFE, 0xDC, 0x5B, 0xFC, 0xFF, 0xE4, 0x5E, 0xFF, 0xFF, 0xD8, 0x59, 0xFD,
    0xFE, 0xD7, 0x59, 0xFC, 0xFF, 0xD8, 0x59, 0xFF, 0xFF, 0xD8, 0x59, 0xFF, 0xFF, 0xD8, 0x59, 0xFF,
    0xFF, 0xD8, 0x59, 0xFF, 0xFF, 0xD8, 0x59, 0xFF, 0xFF, 0xD7, 0x58, 0xFD, 0xFF, 0xE0, 0x5C, 0xFF,
    0xFF, 0xD7, 0x57, 0x5A, 0x00, 0x00, 0x00, 0x00, 0xFF, 0xFF, 0x55, 0x03, 0x00, 0x00, 0x00, 0x00,
    0x00, 0x00, 0x00, 0x00, 0x00, 0x00, 0x00, 0x00, 0x00, 0x00, 0x00, 0x00, 0x00, 0x00, 0x00, 0x00,
    0x00, 0x00, 0x00, 0x00, 0x00, 0x00, 0x00, 0x00, 0x00, 0x00, 0x00, 0x00, 0x00, 0x00, 0x00, 0x00,
    0x00, 0x00, 0x00, 0x00, 0x00, 0x00, 0x00, 0x00, 0x00, 0x00, 0x00, 0x00, 0x00, 0x00, 0x00, 0x00,
    0x00, 0x00, 0x00, 0x00, 0x00, 0x00, 0x00, 0x00, 0x00, 0x00, 0x00, 0x00, 0x00, 0x00, 0x00, 0x00,
    0x00, 0x00, 0x00, 0x00, 0x00, 0x00, 0x00, 0x00, 0x00, 0x00, 0x00, 0x00, 0x00, 0x00, 0x00, 0x00,
    0x00, 0x00, 0x00, 0x00, 0x00, 0x00, 0x00, 0x00, 0x00, 0x00, 0x00, 0x00, 0x00, 0x00, 0x00, 0x00,
    0x00, 0x00, 0x00, 0x00, 0xFF, 0xFF, 0x7F, 0x02, 0x00, 0x00, 0x00, 0x00, 0xFF, 0xDE, 0x55, 0x27,
    0xFF, 0xE1, 0x5C, 0xFF, 0xFF, 0xDB, 0x59, 0x80, 0x00, 0x00, 0x00, 0x00, 0xFF, 0xFF, 0x55, 0x03,
    0x00, 0x00, 0x00, 0x00, 0x00, 0x00, 0x00, 0x00, 0x00, 0x00, 0x00, 0x00, 0x00, 0x00, 0x00, 0x00,
    0x00, 0x00, 0x00, 0x00, 0x00, 0x00, 0x00, 0x00, 0x00, 0x00, 0x00, 0x00, 0x00, 0x00, 0x00, 0x00,
    0x00, 0x00, 0x00, 0x00, 0x00, 0x00, 0x00, 0x00, 0x00, 0x00, 0x00, 0x00, 0x00, 0x00, 0x00, 0x00,
    0x00, 0x00, 0x00, 0x00, 0x00, 0x00, 0x00, 0x00, 0x00, 0x00, 0x00, 0x00, 0xFF, 0xFF, 0x00, 0x01,
    0x00, 0x00, 0x00, 0x00, 0xFF, 0xFF, 0x00, 0x02, 0xFF, 0xDB, 0x59, 0xE4, 0xFF, 0xDC, 0x5A, 0x99,
    0x00, 0x00, 0x00, 0x00, 0xFF, 0xFF, 0x55, 0x03, 0x00, 0x00, 0x00, 0x00, 0x00, 0x00, 0x00, 0x00,
    0x00, 0x00, 0x00, 0x00, 0x00, 0x00, 0x00, 0x00, 0x00, 0x00, 0x00, 0x00, 0x00, 0x00, 0x00, 0x00,
    0x00, 0x00, 0x00, 0x00, 0x00, 0x00, 0x00, 0x00, 0x00, 0x00, 0x00, 0x00, 0x00, 0x00, 0x00, 0x00,
    0x00, 0x00, 0x00, 0x00, 0x00, 0x00, 0x00, 0x00, 0x00, 0x00, 0x00, 0x00, 0x00, 0x00, 0x00, 0x00,
    0x00, 0x00, 0x00, 0x00, 0x00, 0x00, 0x00, 0x00, 0x00, 0x00, 0x00, 0x00, 0x00, 0x00, 0x00, 0x00,
    0x00, 0x00, 0x00, 0x00, 0x00, 0x00, 0x00, 0x00, 0x00, 0x00, 0x00, 0x00, 0x00, 0x00, 0x00, 0x00,
    0x00, 0x00, 0x00, 0x00, 0x00, 0x00, 0x00, 0x00, 0x00, 0x00, 0x00, 0x00, 0x00, 0x00, 0x00, 0x00,
    0x00, 0x00, 0x00, 0x00, 0xFF, 0xAA, 0x55, 0x03, 0x00, 0x00, 0x00, 0x00, 0xFF, 0xD5, 0x57, 0x3D,
    0xFF, 0xD8, 0x59, 0xFF, 0xFF, 0xD8, 0x59, 0xFF, 0xFF, 0xD8, 0x59, 0xFE, 0xFF, 0xD8, 0x59, 0xFF,
    0xFF, 0xD8, 0x59, 0xFF, 0xFF, 0xD8, 0x59, 0xFF, 0xFF, 0xD8, 0x59, 0xFF, 0xFE, 0xD8, 0x59, 0xFC,
    0xFE, 0xD8, 0x59, 0xFC, 0xFF, 0xE3, 0x5D, 0xFF, 0xFF, 0xDE, 0x5B, 0xFD, 0xFF, 0xD4, 0x58, 0xC2,
    0xFF, 0xD8, 0x58, 0x5C, 0xFE, 0xDA, 0x5B, 0x0E, 0x00, 0x00, 0x00, 0x00, 0xFF, 0xFF, 0x00, 0x01,
    0x00, 0x00, 0x00, 0x00, 0x00, 0x00, 0x00, 0x00, 0x00, 0x00, 0x00, 0x00, 0x00, 0x00, 0x00, 0x00,
    0x00, 0x00, 0x00, 0x00, 0x00, 0x00, 0x00, 0x00, 0x00, 0x00, 0x00, 0x00, 0xFF, 0xFF, 0x00, 0x01,
    0xFF, 0xFF, 0xFF, 0x01, 0xFF, 0xFF, 0x7F, 0x02, 0xFF, 0xBF, 0x3F, 0x04, 0xFF, 0xFF, 0x3F, 0x04,
    0xFF, 0xAA, 0x55, 0x03, 0xFF, 0xFF, 0x7F, 0x02, 0x00, 0x00, 0x00, 0x00, 0x00, 0x00, 0x00, 0x00,
    0xFF, 0x7F, 0x00, 0x02, 0xFF, 0xFF, 0x55, 0x03, 0xFF, 0xFF, 0x3F, 0x04, 0xFF, 0xBF, 0x3F, 0x04,
    0xFF, 0xFF, 0x7F, 0x02, 0xFF, 0x7F, 0x7F, 0x02, 0x00, 0x00, 0x00, 0x00, 0x00, 0x00, 0x00, 0x00,
    0x00, 0x00, 0x00, 0x00, 0x00, 0x00, 0x00, 0x00, 0x00, 0x00, 0x00, 0x00, 0x00, 0x00, 0x00, 0x00,
    0x00, 0x00, 0x00, 0x00, 0x00, 0x00, 0x00, 0x00, 0x00, 0x00, 0x00, 0x00, 0x00, 0x00, 0x00, 0x00,
    0xFF, 0x00, 0x00, 0x01, 0x00, 0x00, 0x00, 0x00, 0x00, 0x00, 0x00, 0x00, 0xFF, 0xD7, 0x57, 0x3A,
    0xFF, 0xD5, 0x58, 0xAD, 0xFF, 0xDD, 0x5B, 0xFB, 0xFF, 0xE1, 0x5D, 0xFF, 0xFE, 0xD7, 0x59, 0xFC,
    0xFF, 0xD7, 0x58, 0xFD, 0xFF, 0xD8, 0x59, 0xFF, 0xFF, 0xD8, 0x59, 0xFF, 0xFF, 0xD8, 0x59, 0xFF,
    0xFF, 0xD7, 0x58, 0xFD, 0xFF, 0xE0, 0x5C, 0xFF, 0xFF, 0xD7, 0x57, 0x5A, 0x00, 0x00, 0x00, 0x00,
    0xFF, 0xFF, 0x55, 0x03, 0x00, 0x00, 0x00, 0x00, 0x00, 0x00, 0x00, 0x00, 0x00, 0x00, 0x00, 0x00,
    0x00, 0x00, 0x00, 0x00, 0x00, 0x00, 0x00, 0x00, 0x00, 0x00, 0x00, 0x00, 0x00, 0x00, 0x00, 0x00,
    0x00, 0x00, 0x00, 0x00, 0x00, 0x00, 0x00, 0x00, 0x00, 0x00, 0x00, 0x00, 0x00, 0x00, 0x00, 0x00,
    0x00, 0x00, 0x00, 0x00, 0x00, 0x00, 0x00, 0x00, 0x00, 0x00, 0x00, 0x00, 0x00, 0x00, 0x00, 0x00,
    0x00, 0x00, 0x00, 0x00, 0x00, 0x00, 0x00, 0x00, 0x00, 0x00, 0x00, 0x00, 0x00, 0x00, 0x00, 0x00,
    0x00, 0x00, 0x00, 0x00, 0x00, 0x00, 0x00, 0x00, 0x00, 0x00, 0x00, 0x00, 0x00, 0x00, 0x00, 0x00,
    0x00, 0x00, 0x00, 0x00, 0x00, 0x00, 0x00, 0x00, 0x00, 0x00, 0x00, 0x00, 0x00, 0x00, 0x00, 0x00,
    0xFF, 0xFF, 0x00, 0x01, 0x00, 0x00, 0x00, 0x00, 0xFF, 0xDC, 0x59, 0xBE, 0xFF, 0xDB, 0x5A, 0xDD,
    0xFF, 0xAA, 0x55, 0x03, 0x00, 0x00, 0x00, 0x00, 0xFF, 0xFF, 0x00, 0x01, 0x00, 0x00, 0x00, 0x00,
    0x00, 0x00, 0x00, 0x00, 0x00, 0x00, 0x00, 0x00, 0x00, 0x00, 0x00, 0x00, 0x00, 0x00, 0x00, 0x00,
    0x00, 0x00, 0x00, 0x00, 0x00, 0x00, 0x00, 0x00, 0x00, 0x00, 0x00, 0x00, 0x00, 0x00, 0x00, 0x00,
    0x00, 0x00, 0x00, 0x00, 0x00, 0x00, 0x00, 0x00, 0x00, 0x00, 0x00, 0x00, 0x00, 0x00, 0x00, 0x00,
    0x00, 0x00, 0x00, 0x00, 0xFF, 0xFF, 0x7F, 0x02, 0x00, 0x00, 0x00, 0x00, 0xFE, 0xDA, 0x5B, 0x38,
    0xFF, 0xDC, 0x5B, 0xFF, 0xFF, 0xD5, 0x56, 0x44, 0x00, 0x00, 0x00, 0x00, 0xFF, 0xAA, 0x55, 0x03,
    0x00, 0x00, 0x00, 0x00, 0x00, 0x00, 0x00, 0x00, 0x00, 0x00, 0x00, 0x00, 0x00, 0x00, 0x00, 0x00,
    0x00, 0x00, 0x00, 0x00, 0x00, 0x00, 0x00, 0x00, 0x00, 0x00, 0x00, 0x00, 0x00, 0x00, 0x00, 0x00,
    0x00, 0x00, 0x00, 0x00, 0x00, 0x00, 0x00, 0x00, 0x00, 0x00, 0x00, 0x00, 0x00, 0x00, 0x00, 0x00,
    0x00, 0x00, 0x00, 0x00, 0x00, 0x00, 0x00, 0x00, 0x00, 0x00, 0x00, 0x00, 0x00, 0x00, 0x00, 0x00,
    0x00, 0x00, 0x00, 0x00, 0x00, 0x00, 0x00, 0x00, 0x00, 0x00, 0x00, 0x00, 0x00, 0x00, 0x00, 0x00,
    0x00, 0x00, 0x00, 0x00, 0x00, 0x00, 0x00, 0x00, 0x00, 0x00, 0x00, 0x00, 0x00, 0x00, 0x00, 0x00,
    0x00, 0x00, 0x00, 0x00, 0x00, 0x00, 0x00, 0x00, 0x00, 0x00, 0x00, 0x00, 0xFF, 0xAA, 0x55, 0x03,
    0x00, 0x00, 0x00, 0x00, 0xFF, 0xD5, 0x57, 0x3D, 0xFF, 0xD8, 0x59, 0xFF, 0xFF, 0xD8, 0x59, 0xFF,
    0xFF, 0xD8, 0x59, 0xFE, 0xFF, 0xD8, 0x59, 0xFF, 0xFF, 0xD8, 0x59, 0xFF, 0xFF, 0xD7, 0x59, 0xFE,
    0xFF, 0xD7, 0x58, 0xFB, 0xFF, 0xDF, 0x5C, 0xFE, 0xFF, 0xE0, 0x5C, 0xFF, 0xFF, 0xD6, 0x58, 0xBC,
    0xFF, 0xD8, 0x58, 0x42, 0xFF, 0x00, 0x00, 0x01, 0x00, 0x00, 0x00, 0x00, 0x00, 0x00, 0x00, 0x00,
    0x00, 0x00, 0x00, 0x00, 0x00, 0x00, 0x00, 0x00, 0x00, 0x00, 0x00, 0x00, 0x00, 0x00, 0x00, 0x00,
    0x00, 0x00, 0x00, 0x00, 0x00, 0x00, 0x00, 0x00, 0xFF, 0x7F, 0x00, 0x02, 0xFF, 0xFF, 0x55, 0x03,
    0xFF, 0xAA, 0x00, 0x03, 0x00, 0x00, 0x00, 0x00, 0x00, 0x00, 0x00, 0x00, 0x00, 0x00, 0x00, 0x00,
    0x00, 0x00, 0x00, 0x00, 0x00, 0x00, 0x00, 0x00, 0x00, 0x00, 0x00, 0x00, 0x00, 0x00, 0x00, 0x00,
    0x00, 0x00, 0x00, 0x00, 0x00, 0x00, 0x00, 0x00, 0x00, 0x00, 0x00, 0x00, 0x00, 0x00, 0x00, 0x00,
    0x00, 0x00, 0x00, 0x00, 0x00, 0x00, 0x00, 0x00, 0x00, 0x00, 0x00, 0x00, 0x00, 0x00, 0x00, 0x00,
    0x00, 0x00, 0x00, 0x00, 0xFF, 0xFF, 0x55, 0x03, 0xFF, 0xFF, 0x55, 0x03, 0xFF, 0xFF, 0x00, 0x01,
    0x00, 0x00, 0x00, 0x00, 0x00, 0x00, 0x00, 0x00, 0x00, 0x00, 0x00, 0x00, 0x00, 0x00, 0x00, 0x00,
    0x00, 0x00, 0x00, 0x00, 0x00, 0x00, 0x00, 0x00, 0x00, 0x00, 0x00, 0x00, 0xFF, 0xAA, 0x55, 0x03,
    0xFF, 0xFF, 0x00, 0x01, 0x00, 0x00, 0x00, 0x00, 0x00, 0x00, 0x00, 0x00, 0xFF, 0xDB, 0x57, 0x3A,
    0xFF, 0xD7, 0x58, 0xC2, 0xFF, 0xE4, 0x5E, 0xFF, 0xFF, 0xDB, 0x5A, 0xFD, 0xFE, 0xD7, 0x59, 0xFC,
    0xFF, 0xD8, 0x59, 0xFF, 0xFF, 0xD8, 0x59, 0xFF, 0xFF, 0xD7, 0x58, 0xFD, 0xFF, 0xE0, 0x5C, 0xFF,
    0xFF, 0xD7, 0x57, 0x5A, 0x00, 0x00, 0x00, 0x00, 0xFF, 0xFF, 0x55, 0x03, 0x00, 0x00, 0x00, 0x00,
    0x00, 0x00, 0x00, 0x00, 0x00, 0x00, 0x00, 0x00, 0x00, 0x00, 0x00, 0x00, 0x00, 0x00, 0x00, 0x00,
    0x00, 0x00, 0x00, 0x00, 0x00, 0x00, 0x00, 0x00, 0x00, 0x00, 0x00, 0x00, 0x00, 0x00, 0x00, 0x00,
    0x00, 0x00, 0x00, 0x00, 0x00, 0x00, 0x00, 0x00, 0x00, 0x00, 0x00, 0x00, 0x00, 0x00, 0x00, 0x00,
    0x00, 0x00, 0x00, 0x00, 0x00, 0x00, 0x00, 0x00, 0x00, 0x00, 0x00, 0x00, 0x00, 0x00, 0x00, 0x00,
    0x00, 0x00, 0x00, 0x00, 0x00, 0x00, 0x00, 0x00, 0x00, 0x00, 0x00, 0x00, 0x00, 0x00, 0x00, 0x00,
    0x00, 0x00, 0x00, 0x00, 0x00, 0x00, 0x00, 0x00, 0x00, 0x00, 0x00, 0x00, 0x00, 0x00, 0x00, 0x00,
    0x00, 0x00, 0x00, 0x00, 0x00, 0x00, 0x00, 0x00, 0xFF, 0xFF, 0x55, 0x03, 0x00, 0x00, 0x00, 0x00,
    0xFF, 0xD7, 0x58, 0x62, 0xFF, 0xE5, 0x5F, 0xFF, 0xFF, 0xD9, 0x57, 0x3D, 0x00, 0x00, 0x00, 0x00,
    0xFF, 0xAA, 0x55, 0x03, 0x00, 0x00, 0x00, 0x00, 0x00, 0x00, 0x00, 0x00, 0x00, 0x00, 0x00, 0x00,
    0x00, 0x00, 0x00, 0x00, 0x00, 0x00, 0x00, 0x00, 0x00, 0x00, 0x00, 0x00, 0x00, 0x00, 0x00, 0x00,
    0x00, 0x00, 0x00, 0x00, 0x00, 0x00, 0x00, 0x00, 0x00, 0x00, 0x00, 0x00, 0x00, 0x00, 0x00, 0x00,
    0x00, 0x00, 0x00, 0x00, 0x00, 0x00, 0x00, 0x00, 0x00, 0x00, 0x00, 0x00, 0xFF, 0xBF, 0x3F, 0x04,
    0x00, 0x00, 0x00, 0x00, 0xFF, 0xDB, 0x59, 0x83, 0xFF, 0xDB, 0x59, 0xEC, 0xFE, 0xDA, 0x48, 0x07,
    0x00, 0x00, 0x00, 0x00, 0xFF, 0xFF, 0x00, 0x01, 0x00, 0x00, 0x00, 0x00, 0x00, 0x00, 0x00, 0x00,
    0x00, 0x00, 0x00, 0x00, 0x00, 0x00, 0x00, 0x00, 0x00, 0x00, 0x00, 0x00, 0x00, 0x00, 0x00, 0x00,
    0x00, 0x00, 0x00, 0x00, 0x00, 0x00, 0x00, 0x00, 0x00, 0x00, 0x00, 0x00, 0x00, 0x00, 0x00, 0x00,
    0x00, 0x00, 0x00, 0x00, 0x00, 0x00, 0x00, 0x00, 0x00, 0x00, 0x00, 0x00, 0x00, 0x00, 0x00, 0x00,
    0x00, 0x00, 0x00, 0x00, 0x00, 0x00, 0x00, 0x00, 0x00, 0x00, 0x00, 0x00, 0x00, 0x00, 0x00, 0x00,
    0x00, 0x00, 0x00, 0x00, 0x00, 0x00, 0x00, 0x00, 0x00, 0x00, 0x00, 0x00, 0x00, 0x00, 0x00, 0x00,
    0x00, 0x00, 0x00, 0x00, 0x00, 0x00, 0x00, 0x00, 0x00, 0x00, 0x00, 0x00, 0x00, 0x00, 0x00, 0x00,
    0x00, 0x00, 0x00, 0x00, 0xFF, 0xAA, 0x55, 0x03, 0x00, 0x00, 0x00, 0x00, 0xFF, 0xD5, 0x57, 0x3D,
    0xFF, 0xD8, 0x59, 0xFF, 0xFF, 0xD8, 0x59, 0xFF, 0xFF, 0xD8, 0x59, 0xFE, 0xFF, 0xD8, 0x59, 0xFF,
    0xFF, 0xD7, 0x58, 0xFD, 0xFE, 0xD9, 0x59, 0xFC, 0xFF, 0xE5, 0x5F, 0xFF, 0xFF, 0xD9, 0x59, 0xD8,
    0xFF, 0xD6, 0x58, 0x51, 0x00, 0x00, 0x00, 0x00, 0x00, 0x00, 0x00, 0x00, 0xFF, 0xFF, 0x00, 0x01,
    0xFF, 0xFF, 0x55, 0x03, 0xFF, 0x00, 0x00, 0x01, 0x00, 0x00, 0x00, 0x00, 0x00, 0x00, 0x00, 0x00,
    0x00, 0x00, 0x00, 0x00, 0xFF, 0xFF, 0x00, 0x01, 0xFF, 0xFF, 0x55, 0x03, 0xFF, 0xFF, 0x7F, 0x02,
    0x00, 0x00, 0x00, 0x00, 0x00, 0x00, 0x00, 0x00, 0x00, 0x00, 0x00, 0x00, 0xFE, 0xDA, 0x48, 0x07,
    0xFF, 0xD8, 0x55, 0x21, 0xFF, 0xD6, 0x58, 0x4B, 0xFF, 0xD9, 0x58, 0x73, 0xFF, 0xD8, 0x58, 0x90,
    0xFF, 0xD8, 0x57, 0xA6, 0xFF, 0xD7, 0x58, 0xB3, 0xFF, 0xD7, 0x59, 0xBA, 0xFF, 0xD7, 0x58, 0xBB,
    0xFF, 0xD7, 0x57, 0xB5, 0xFF, 0xD8, 0x59, 0xA5, 0xFF, 0xD9, 0x59, 0x8E, 0xFF, 0xD7, 0x58, 0x6E,
    0xFF, 0xD6, 0x55, 0x45, 0xFF, 0xD9, 0x55, 0x1B, 0xFF, 0xFF, 0x3F, 0x04, 0x00, 0x00, 0x00, 0x00,
    0x00, 0x00, 0x00, 0x00, 0x00, 0x00, 0x00, 0x00, 0xFF, 0xFF, 0x7F, 0x02, 0xFF, 0xFF, 0x55, 0x03,
    0x00, 0x00, 0x00, 0x00, 0x00, 0x00, 0x00, 0x00, 0x00, 0x00, 0x00, 0x00, 0x00, 0x00, 0x00, 0x00,
    0x00, 0x00, 0x00, 0x00, 0x00, 0x00, 0x00, 0x00, 0x00, 0x00, 0x00, 0x00, 0xFF, 0xFF, 0x7F, 0x02,
    0xFF, 0xFF, 0x7F, 0x02, 0x00, 0x00, 0x00, 0x00, 0xFF, 0xFF, 0x7F, 0x02, 0xFF, 0xD5, 0x57, 0x6F,
    0xFF, 0xDD, 0x5A, 0xF4, 0xFF, 0xE0, 0x5C, 0xFF, 0xFF, 0xD7, 0x59, 0xFB, 0xFF, 0xD7, 0x59, 0xFE,
    0xFF, 0xD8, 0x58, 0xFD, 0xFF, 0xE0, 0x5C, 0xFF, 0xFF, 0xD7, 0x57, 0x5A, 0x00, 0x00, 0x00, 0x00,
    0xFF, 0xFF, 0x55, 0x03, 0x00, 0x00, 0x00, 0x00, 0x00, 0x00, 0x00, 0x00, 0x00, 0x00, 0x00, 0x00,
    0x00, 0x00, 0x00, 0x00, 0x00, 0x00, 0x00, 0x00, 0x00, 0x00, 0x00, 0x00, 0x00, 0x00, 0x00, 0x00,
    0x00, 0x00, 0x00, 0x00, 0x00, 0x00, 0x00, 0x00, 0x00, 0x00, 0x00, 0x00, 0x00, 0x00, 0x00, 0x00,
    0x00, 0x00, 0x00, 0x00, 0x00, 0x00, 0x00, 0x00, 0x00, 0x00, 0x00, 0x00, 0x00, 0x00, 0x00, 0x00,
    0x00, 0x00, 0x00, 0x00, 0x00, 0x00, 0x00, 0x00, 0x00, 0x00, 0x00, 0x00, 0x00, 0x00, 0x00, 0x00,
    0x00, 0x00, 0x00, 0x00, 0x00, 0x00, 0x00, 0x00, 0x00, 0x00, 0x00, 0x00, 0x00, 0x00, 0x00, 0x00,
    0x00, 0x00, 0x00, 0x00, 0x00, 0x00, 0x00, 0x00, 0x00, 0x00, 0x00, 0x00, 0x00, 0x00, 0x00, 0x00,
    0xFF, 0xFF, 0x00, 0x01, 0x00, 0x00, 0x00, 0x00, 0xFF, 0xE1, 0x5A, 0x11, 0xFF, 0xDB, 0x59, 0xF5,
    0xFF, 0xDD, 0x5A, 0x8F, 0x00, 0x00, 0x00, 0x00, 0xFF, 0xFF, 0x55, 0x03, 0x00, 0x00, 0x00, 0x00,
    0x00, 0x00, 0x00, 0x00, 0x00, 0x00, 0x00, 0x00, 0x00, 0x00, 0x00, 0x00, 0x00, 0x00, 0x00, 0x00,
    0x00, 0x00, 0x00, 0x00, 0x00, 0x00, 0x00, 0x00, 0x00, 0x00, 0x00, 0x00, 0x00, 0x00, 0x00, 0x00,
    0x00, 0x00, 0x00, 0x00, 0x00, 0x00, 0x00, 0x00, 0x00, 0x00, 0x00, 0x00, 0x00, 0x00, 0x00, 0x00,
    0xFF, 0x00, 0x00, 0x01, 0x00, 0x00, 0x00, 0x00, 0x00, 0x00, 0x00, 0x00, 0xFF, 0xDA, 0x5A, 0xD0,
    0xFF, 0xDB, 0x59, 0xA5, 0x00, 0x00, 0x00, 0x00, 0xFF, 0xAA, 0x55, 0x03, 0x00, 0x00, 0x00, 0x00,
    0x00, 0x00, 0x00, 0x00, 0x00, 0x00, 0x00, 0x00, 0x00, 0x00, 0x00, 0x00, 0x00, 0x00, 0x00, 0x00,
    0x00, 0x00, 0x00, 0x00, 0x00, 0x00, 0x00, 0x00, 0x00, 0x00, 0x00, 0x00, 0x00, 0x00, 0x00, 0x00,
    0x00, 0x00, 0x00, 0x00, 0x00, 0x00, 0x00, 0x00, 0x00, 0x00, 0x00, 0x00, 0x00, 0x00, 0x00, 0x00,
    0x00, 0x00, 0x00, 0x00, 0x00, 0x00, 0x00, 0x00, 0x00, 0x00, 0x00, 0x00, 0x00, 0x00, 0x00, 0x00,
    0x00, 0x00, 0x00, 0x00, 0x00, 0x00, 0x00, 0x00, 0x00, 0x00, 0x00, 0x00, 0x00, 0x00, 0x00, 0x00,
    0x00, 0x00, 0x00, 0x00, 0x00, 0x00, 0x00, 0x00, 0x00, 0x00, 0x00, 0x00, 0x00, 0x00, 0x00, 0x00,
    0x00, 0x00, 0x00, 0x00, 0x00, 0x00, 0x00, 0x00, 0x00, 0x00, 0x00, 0x00, 0xFF, 0xAA, 0x55, 0x03,
    0x00, 0x00, 0x00, 0x00, 0xFF, 0xD5, 0x57, 0x3D, 0xFF, 0xD8, 0x59, 0xFF, 0xFF, 0xD8, 0x59, 0xFF,
    0xFF, 0xD8, 0x59, 0xFE, 0xFE, 0xD7, 0x59, 0xFC, 0xFF, 0xDD, 0x5B, 0xFE, 0xFE, 0xDF, 0x5B, 0xFC,
    0xFF, 0xD5, 0x56, 0x8D, 0xFF, 0xD7, 0x4E, 0x0D, 0x00, 0x00, 0x00, 0x00, 0xFF, 0xFF, 0x00, 0x02,
    0xFF, 0xAA, 0x00, 0x03, 0x00, 0x00, 0x00, 0x00, 0x00, 0x00, 0x00, 0x00, 0x00, 0x00, 0x00, 0x00,
    0x00, 0x00, 0x00, 0x00, 0xFF, 0xFF, 0x7F, 0x02, 0xFF, 0xAA, 0x55, 0x03, 0x00, 0x00, 0x00, 0x00,
    0x00, 0x00, 0x00, 0x00, 0xFF, 0x00, 0x00, 0x01, 0xFE, 0xDA, 0x5B, 0x1C, 0xFF, 0xD6, 0x56, 0x5E,
    0xFF, 0xD7, 0x57, 0xA0, 0xFF, 0xD8, 0x58, 0xD2, 0xFF, 0xD8, 0x58, 0xFA, 0xFF, 0xDE, 0x5B, 0xFF,
    0xFF, 0xE3, 0x5D, 0xFF, 0xFF, 0xE7, 0x60, 0xFF, 0xFF, 0xE6, 0x5F, 0xFF, 0xFF, 0xE4, 0x5E, 0xFF,
    0xFF, 0xE2, 0x5D, 0xFF, 0xFF, 0xE2, 0x5D, 0xFF, 0xFF, 0xE4, 0x5E, 0xFF, 0xFF, 0xE6, 0x5F, 0xFF,
    0xFF, 0xE7, 0x5F, 0xFF, 0xFF, 0xE2, 0x5C, 0xFF, 0xFF, 0xDD, 0x5B, 0xFF, 0xFF, 0xD8, 0x58, 0xF5,
    0xFE, 0xD7, 0x58, 0xCA, 0xFF, 0xD7, 0x58, 0x93, 0xFF, 0xD4, 0x58, 0x4E, 0xFF, 0xD2, 0x5A, 0x11,
    0x00, 0x00, 0x00, 0x00, 0x00, 0x00, 0x00, 0x00, 0x00, 0x00, 0x00, 0x00, 0xFF, 0xAA, 0x55, 0x03,
    0xFF, 0x7F, 0x7F, 0x02, 0x00, 0x00, 0x00, 0x00, 0x00, 0x00, 0x00, 0x00, 0x00, 0x00, 0x00, 0x00,
    0x00, 0x00, 0x00, 0x00, 0x00, 0x00, 0x00, 0x00, 0x00, 0x00, 0x00, 0x00, 0xFF, 0xFF, 0x00, 0x02,
    0xFF, 0xAA, 0x55, 0x03, 0x00, 0x00, 0x00, 0x00, 0xFF, 0xD1, 0x56, 0x32, 0xFF, 0xD9, 0x58, 0xD5,
    0xFF, 0xE5, 0x5E, 0xFF, 0xFF, 0xD8, 0x58, 0xFA, 0xFE, 0xD8, 0x59, 0xFC, 0xFF, 0xE0, 0x5C, 0xFF,
    0xFF, 0xD7, 0x57, 0x5A, 0x00, 0x00, 0x00, 0x00, 0xFF, 0xFF, 0x55, 0x03, 0x00, 0x00, 0x00, 0x00,
    0x00, 0x00, 0x00, 0x00, 0x00, 0x00, 0x00, 0x00, 0x00, 0x00, 0x00, 0x00, 0x00, 0x00, 0x00, 0x00,
    0x00, 0x00, 0x00, 0x00, 0x00, 0x00, 0x00, 0x00, 0x00, 0x00, 0x00, 0x00, 0x00, 0x00, 0x00, 0x00,
    0x00, 0x00, 0x00, 0x00, 0x00, 0x00, 0x00, 0x00, 0x00, 0x00, 0x00, 0x00, 0x00, 0x00, 0x00, 0x00,
    0x00, 0x00, 0x00, 0x00, 0x00, 0x00, 0x00, 0x00, 0x00, 0x00, 0x00, 0x00, 0x00, 0x00, 0x00, 0x00,
    0x00, 0x00, 0x00, 0x00, 0x00, 0x00, 0x00, 0x00, 0x00, 0x00, 0x00, 0x00, 0x00, 0x00, 0x00, 0x00,
    0x00, 0x00, 0x00, 0x00, 0x00, 0x00, 0x00, 0x00, 0x00, 0x00, 0x00, 0x00, 0x00, 0x00, 0x00, 0x00,
    0x00, 0x00, 0x00, 0x00, 0x00, 0x00, 0x00, 0x00, 0x00, 0x00, 0x00, 0x00, 0xFF, 0xFF, 0x7F, 0x02,
    0x00, 0x00, 0x00, 0x00, 0xFF, 0xDC, 0x5A, 0xA1, 0xFE, 0xDC, 0x5A, 0xE2, 0xFF, 0xFF, 0x00, 0x02,
    0x00, 0x00, 0x00, 0x00, 0xFF, 0xFF, 0x00, 0x01, 0x00, 0x00, 0x00, 0x00, 0x00, 0x00, 0x00, 0x00,
    0x00, 0x00, 0x00, 0x00, 0x00, 0x00, 0x00, 0x00, 0x00, 0x00, 0x00, 0x00, 0x00, 0x00, 0x00, 0x00,
    0x00, 0x00, 0x00, 0x00, 0x00, 0x00, 0x00, 0x00, 0x00, 0x00, 0x00, 0x00, 0x00, 0x00, 0x00, 0x00,
    0x00, 0x00, 0x00, 0x00, 0x00, 0x00, 0x00, 0x00, 0xFF, 0x7F, 0x7F, 0x02, 0x00, 0x00, 0x00, 0x00,
    0xFF, 0xD7, 0x57, 0x20, 0xFE, 0xDB, 0x5A, 0xFC, 0xFF, 0xDA, 0x58, 0x5C, 0x00, 0x00, 0x00, 0x00,
    0xFF, 0xFF, 0x55, 0x03, 0x00, 0x00, 0x00, 0x00, 0x00, 0x00, 0x00, 0x00, 0x00, 0x00, 0x00, 0x00,
    0x00, 0x00, 0x00, 0x00, 0x00, 0x00, 0x00, 0x00, 0x00, 0x00, 0x00, 0x00, 0x00, 0x00, 0x00, 0x00,
    0x00, 0x00, 0x00, 0x00, 0x00, 0x00, 0x00, 0x00, 0x00, 0x00, 0x00, 0x00, 0x00, 0x00, 0x00, 0x00,
    0x00, 0x00, 0x00, 0x00, 0x00, 0x00, 0x00, 0x00, 0x00, 0x00, 0x00, 0x00, 0x00, 0x00, 0x00, 0x00,
    0x00, 0x00, 0x00, 0x00, 0x00, 0x00, 0x00, 0x00, 0x00, 0x00, 0x00, 0x00, 0x00, 0x00, 0x00, 0x00,
    0x00, 0x00, 0x00, 0x00, 0x00, 0x00, 0x00, 0x00, 0x00, 0x00, 0x00, 0x00, 0x00, 0x00, 0x00, 0x00,
    0x00, 0x00, 0x00, 0x00, 0x00, 0x00, 0x00, 0x00, 0x00, 0x00, 0x00, 0x00, 0x00, 0x00, 0x00, 0x00,
    0x00, 0x00, 0x00, 0x00, 0xFF, 0xAA, 0x55, 0x03, 0x00, 0x00, 0x00, 0x00, 0xFF, 0xD5, 0x57, 0x3D,
    0xFF, 0xD9, 0x59, 0xFF, 0xFF, 0xD8, 0x59, 0xFF, 0xFF, 0xD7, 0x58, 0xFA, 0xFF, 0xE2, 0x5D, 0xFF,
    0xFE, 0xDC, 0x5A, 0xE5, 0xFF, 0xD5, 0x56, 0x4A, 0x00, 0x00, 0x00, 0x00, 0xFF, 0xFF, 0x7F, 0x02,
    0xFF, 0xFF, 0x7F, 0x02, 0x00, 0x00, 0x00, 0x00, 0x00, 0x00, 0x00, 0x00, 0x00, 0x00, 0x00, 0x00,
    0x00, 0x00, 0x00, 0x00, 0xFF, 0xFF, 0x7F, 0x02, 0xFF, 0xFF, 0x7F, 0x02, 0x00, 0x00, 0x00, 0x00,
    0x00, 0x00, 0x00, 0x00, 0xFF, 0xE2, 0x55, 0x12, 0xFF, 0xD7, 0x56, 0x61, 0xFF, 0xD7, 0x59, 0xB4,
    0xFF, 0xD7, 0x58, 0xF4, 0xFF, 0xE1, 0x5D, 0xFF, 0xFF, 0xE6, 0x5E, 0xFE, 0xFF, 0xDF, 0x5B, 0xFF,
    0xFF, 0xD9, 0x59, 0xFF, 0xFF, 0xD6, 0x58, 0xFE, 0xFF, 0xD9, 0x59, 0xFB, 0xFF, 0xD7, 0x59, 0xFB,
    0xFF, 0xD8, 0x59, 0xFB, 0xFE, 0xD7, 0x59, 0xFC, 0xFE, 0xD7, 0x59, 0xFC, 0xFE, 0xD7, 0x59, 0xFC,
    0xFE, 0xD7, 0x59, 0xFC, 0xFF, 0xD8, 0x59, 0xFB, 0xFF, 0xD7, 0x59, 0xFB, 0xFE, 0xD8, 0x59, 0xFC,
    0xFF, 0xD6, 0x58, 0xFE, 0xFF, 0xD9, 0x59, 0xFF, 0xFF, 0xE1, 0x5C, 0xFF, 0xFF, 0xE5, 0x5E, 0xFE,
    0xFF, 0xDF, 0x5C, 0xFF, 0xFF, 0xD7, 0x59, 0xE8, 0xFF, 0xD7, 0x58, 0xA2, 0xFF, 0xD6, 0x58, 0x4B,
    0xFF, 0xC6, 0x55, 0x09, 0x00, 0x00, 0x00, 0x00, 0x00, 0x00, 0x00, 0x00, 0xFF, 0xFF, 0x7F, 0x02,
    0xFF, 0x7F, 0x7F, 0x02, 0x00, 0x00, 0x00, 0x00, 0x00, 0x00, 0x00, 0x00, 0x00, 0x00, 0x00, 0x00,
    0x00, 0x00, 0x00, 0x00, 0x00, 0x00, 0x00, 0x00, 0x00, 0x00, 0x00, 0x00, 0xFF, 0xFF, 0x55, 0x03,
    0x00, 0x00, 0x00, 0x00, 0xFF, 0xD4, 0x55, 0x12, 0xFF, 0xD8, 0x57, 0xB1, 0xFF, 0xE5, 0x5E, 0xFF,
    0xFF, 0xD9, 0x59, 0xF9, 0xFF, 0xDE, 0x5C, 0xFF, 0xFF, 0xD6, 0x58, 0x59, 0x00, 0x00, 0x00, 0x00,
    0xFF, 0xFF, 0x55, 0x03, 0x00, 0x00, 0x00, 0x00, 0x00, 0x00, 0x00, 0x00, 0x00, 0x00, 0x00, 0x00,
    0x00, 0x00, 0x00, 0x00, 0x00, 0x00, 0x00, 0x00, 0x00, 0x00, 0x00, 0x00, 0x00, 0x00, 0x00, 0x00,
    0x00, 0x00, 0x00, 0x00, 0x00, 0x00, 0x00, 0x00, 0x00, 0x00, 0x00, 0x00, 0x00, 0x00, 0x00, 0x00,
    0x00, 0x00, 0x00, 0x00, 0x00, 0x00, 0x00, 0x00, 0x00, 0x00, 0x00, 0x00, 0x00, 0x00, 0x00, 0x00,
    0x00, 0x00, 0x00, 0x00, 0x00, 0x00, 0x00, 0x00, 0x00, 0x00, 0x00, 0x00, 0x00, 0x00, 0x00, 0x00,
    0x00, 0x00, 0x00, 0x00, 0x00, 0x00, 0x00, 0x00, 0x00, 0x00, 0x00, 0x00, 0x00, 0x00, 0x00, 0x00,
    0x00, 0x00, 0x00, 0x00, 0x00, 0x00, 0x00, 0x00, 0x00, 0x00, 0x00, 0x00, 0x00, 0x00, 0x00, 0x00,
    0x00, 0x00, 0x00, 0x00, 0xFF, 0xAA, 0x55, 0x03, 0x00, 0x00, 0x00, 0x00, 0xFF, 0xDB, 0x58, 0x48,
    0xFF, 0xDD, 0x5B, 0xFF, 0xFF, 0xD5, 0x58, 0x37, 0x00, 0x00, 0x00, 0x00, 0xFF, 0xFF, 0x7F, 0x02,
    0x00, 0x00, 0x00, 0x00, 0x00, 0x00, 0x00, 0x00, 0x00, 0x00, 0x00, 0x00, 0x00, 0x00, 0x00, 0x00,
    0x00, 0x00, 0x00, 0x00, 0x00, 0x00, 0x00, 0x00, 0x00, 0x00, 0x00, 0x00, 0x00, 0x00, 0x00, 0x00,
    0x00, 0x00, 0x00, 0x00, 0x00, 0x00, 0x00, 0x00, 0x00, 0x00, 0x00, 0x00, 0x00, 0x00, 0x00, 0x00,
    0xFF, 0xBF, 0x3F, 0x04, 0x00, 0x00, 0x00, 0x00, 0xFF, 0xDA, 0x58, 0x62, 0xFF, 0xD9, 0x5A, 0xFE,
    0xFF, 0xDB, 0x57, 0x1D, 0x00, 0x00, 0x00, 0x00, 0xFF, 0xFF, 0xFF, 0x01, 0x00, 0x00, 0x00, 0x00,
    0x00, 0x00, 0x00, 0x00, 0x00, 0x00, 0x00, 0x00, 0x00, 0x00, 0x00, 0x00, 0x00, 0x00, 0x00, 0x00,
    0x00, 0x00, 0x00, 0x00, 0x00, 0x00, 0x00, 0x00, 0x00, 0x00, 0x00, 0x00, 0x00, 0x00, 0x00, 0x00,
    0x00, 0x00, 0x00, 0x00, 0x00, 0x00, 0x00, 0x00, 0x00, 0x00, 0x00, 0x00, 0x00, 0x00, 0x00, 0x00,
    0x00, 0x00, 0x00, 0x00, 0x00, 0x00, 0x00, 0x00, 0x00, 0x00, 0x00, 0x00, 0x00, 0x00, 0x00, 0x00,
    0x00, 0x00, 0x00, 0x00, 0x00, 0x00, 0x00, 0x00, 0x00, 0x00, 0x00, 0x00, 0x00, 0x00, 0x00, 0x00,
    0x00, 0x00, 0x00, 0x00, 0x00, 0x00, 0x00, 0x00, 0x00, 0x00, 0x00, 0x00, 0x00, 0x00, 0x00, 0x00,
    0x00, 0x00, 0x00, 0x00, 0x00, 0x00, 0x00, 0x00, 0x00, 0x00, 0x00, 0x00, 0xFF, 0xFF, 0x7F, 0x02,
    0x00, 0x00, 0x00, 0x00, 0xFF, 0xD8, 0x59, 0x3C, 0xFF, 0xD7, 0x58, 0xFE, 0xFF, 0xD7, 0x59, 0xFB,
    0xFF, 0xE4, 0x5E, 0xFF, 0xFF, 0xDA, 0x59, 0xCB, 0xFF, 0xD9, 0x5A, 0x22, 0x00, 0x00, 0x00, 0x00,
    0xFF, 0xFF, 0x55, 0x03, 0xFF, 0xFF, 0x00, 0x01, 0x00, 0x00, 0x00, 0x00, 0x00, 0x00, 0x00, 0x00,
    0x00, 0x00, 0x00, 0x00, 0xFF, 0xFF, 0x7F, 0x02, 0xFF, 0xFF, 0x7F, 0x02, 0x00, 0x00, 0x00, 0x00,
    0x00, 0x00, 0x00, 0x00, 0xFF, 0xDD, 0x55, 0x2D, 0xFF, 0xD7, 0x57, 0x94, 0xFF, 0xD7, 0x57, 0xE8,
    0xFF, 0xE3, 0x5E, 0xFF, 0xFF, 0xE3, 0x5E, 0xFE, 0xFF, 0xDA, 0x59, 0xFF, 0xFE, 0xD8, 0x59, 0xFC,
    0xFF, 0xD8, 0x58, 0xFA, 0xFE, 0xD7, 0x59, 0xFC, 0xFF, 0xD7, 0x59, 0xFE, 0xFF, 0xD8, 0x59, 0xFF,
    0xFF, 0xD8, 0x59, 0xFF, 0xFF, 0xD8, 0x59, 0xFF, 0xFF, 0xD8, 0x59, 0xFF, 0xFF, 0xD8, 0x59, 0xFF,
    0xFF, 0xD8, 0x59, 0xFE, 0xFF, 0xD8, 0x59, 0xFF, 0xFF, 0xD8, 0x59, 0xFF, 0xFF, 0xD8, 0x59, 0xFF,
    0xFF, 0xD8, 0x59, 0xFF, 0xFF, 0xD8, 0x59, 0xFF, 0xFF, 0xD8, 0x59, 0xFF, 0xFF, 0xD7, 0x58, 0xFD,
    0xFF, 0xD7, 0x58, 0xFB, 0xFF, 0xD8, 0x58, 0xFA, 0xFF, 0xD7, 0x58, 0xFD, 0xFF, 0xDB, 0x5A, 0xFF,
    0xFF, 0xE5, 0x5E, 0xFE, 0xFF, 0xE0, 0x5C, 0xFF, 0xFF, 0xD6, 0x58, 0xD8, 0xFF, 0xD8, 0x59, 0x78,
    0xFF, 0xD6, 0x5B, 0x19, 0x00, 0x00, 0x00, 0x00, 0xFF, 0xFF, 0x00, 0x01, 0xFF, 0xFF, 0x7F, 0x02,
    0xFF, 0x7F, 0x7F, 0x02, 0x00, 0x00, 0x00, 0x00, 0x00, 0x00, 0x00, 0x00, 0x00, 0x00, 0x00, 0x00,
    0x00, 0x00, 0x00, 0x00, 0x00, 0x00, 0x00, 0x00, 0xFF, 0x7F, 0x7F, 0x02, 0x00, 0x00, 0x00, 0x00,
    0xFF, 0xFF, 0x00, 0x02, 0xFF, 0xD6, 0x57, 0x91, 0xFF, 0xE2, 0x5D, 0xFF, 0xFF, 0xE2, 0x5D, 0xFF,
    0xFF, 0xDC, 0x5B, 0x59, 0x00, 0x00, 0x00, 0x00, 0xFF, 0xFF, 0x55, 0x03, 0x00, 0x00, 0x00, 0x00,
    0x00, 0x00, 0x00, 0x00, 0x00, 0x00, 0x00, 0x00, 0x00, 0x00, 0x00, 0x00, 0x00, 0x00, 0x00, 0x00,
    0x00, 0x00, 0x00, 0x00, 0x00, 0x00, 0x00, 0x00, 0x00, 0x00, 0x00, 0x00, 0x00, 0x00, 0x00, 0x00,
    0x00, 0x00, 0x00, 0x00, 0x00, 0x00, 0x00, 0x00, 0x00, 0x00, 0x00, 0x00, 0x00, 0x00, 0x00, 0x00,
    0x00, 0x00, 0x00, 0x00, 0x00, 0x00, 0x00, 0x00, 0x00, 0x00, 0x00, 0x00, 0x00, 0x00, 0x00, 0x00,
    0x00, 0x00, 0x00, 0x00, 0x00, 0x00, 0x00, 0x00, 0x00, 0x00, 0x00, 0x00, 0x00, 0x00, 0x00, 0x00,
    0x00, 0x00, 0x00, 0x00, 0x00, 0x00, 0x00, 0x00, 0x00, 0x00, 0x00, 0x00, 0x00, 0x00, 0x00, 0x00,
    0x00, 0x00, 0x00, 0x00, 0x00, 0x00, 0x00, 0x00, 0x00, 0x00, 0x00, 0x00, 0xFF, 0xFF, 0x00, 0x01,
    0x00, 0x00, 0x00, 0x00, 0xFF, 0xE2, 0x55, 0x09, 0xFE, 0xDA, 0x5A, 0xEE, 0xFF, 0xDA, 0x5A, 0x7F,
    0x00, 0x00, 0x00, 0x00, 0xFF, 0xBF, 0x3F, 0x04, 0x00, 0x00, 0x00, 0x00, 0x00, 0x00, 0x00, 0x00,
    0x00, 0x00, 0x00, 0x00, 0x00, 0x00, 0x00, 0x00, 0x00, 0x00, 0x00, 0x00, 0x00, 0x00, 0x00, 0x00,
    0x00, 0x00, 0x00, 0x00, 0x00, 0x00, 0x00, 0x00, 0x00, 0x00, 0x00, 0x00, 0x00, 0x00, 0x00, 0x00,
    0x00, 0x00, 0x00, 0x00, 0x00, 0x00, 0x00, 0x00, 0xFF, 0xFF, 0x7F, 0x02, 0x00, 0x00, 0x00, 0x00,
    0xFF, 0xDA, 0x5A, 0xA7, 0xFF, 0xD9, 0x5A, 0xD7, 0x00, 0x00, 0x00, 0x00, 0x00, 0x00, 0x00, 0x00,
    0xFF, 0xFF, 0x00, 0x01, 0x00, 0x00, 0x00, 0x00, 0x00, 0x00, 0x00, 0x00, 0x00, 0x00, 0x00, 0x00,
    0x00, 0x00, 0x00, 0x00, 0x00, 0x00, 0x00, 0x00, 0x00, 0x00, 0x00, 0x00, 0x00, 0x00, 0x00, 0x00,
    0x00, 0x00, 0x00, 0x00, 0x00, 0x00, 0x00, 0x00, 0x00, 0x00, 0x00, 0x00, 0x00, 0x00, 0x00, 0x00,
    0x00, 0x00, 0x00, 0x00, 0x00, 0x00, 0x00, 0x00, 0x00, 0x00, 0x00, 0x00, 0x00, 0x00, 0x00, 0x00,
    0x00, 0x00, 0x00, 0x00, 0x00, 0x00, 0x00, 0x00, 0x00, 0x00, 0x00, 0x00, 0x00, 0x00, 0x00, 0x00,
    0x00, 0x00, 0x00, 0x00, 0x00, 0x00, 0x00, 0x00, 0x00, 0x00, 0x00, 0x00, 0x00, 0x00, 0x00, 0x00,
    0x00, 0x00, 0x00, 0x00, 0x00, 0x00, 0x00, 0x00, 0x00, 0x00, 0x00, 0x00, 0x00, 0x00, 0x00, 0x00,
    0x00, 0x00, 0x00, 0x00, 0xFF, 0xAA, 0x55, 0x03, 0x00, 0x00, 0x00, 0x00, 0xFF, 0xDD, 0x5B, 0x3D,
    0xFF, 0xDA, 0x5A, 0xFE, 0xFF, 0xE7, 0x5F, 0xFF, 0xFF, 0xD8, 0x58, 0xB3, 0xFF, 0xCC, 0x55, 0x0F,
    0x00, 0x00, 0x00, 0x00, 0xFF, 0xAA, 0x55, 0x03, 0x00, 0x00, 0x00, 0x00, 0x00, 0x00, 0x00, 0x00,
    0x00, 0x00, 0x00, 0x00, 0xFF, 0xFF, 0x00, 0x01, 0xFF, 0xFF, 0x00, 0x02, 0xFF, 0xFF, 0x00, 0x01,
    0x00, 0x00, 0x00, 0x00, 0xFF, 0xD8, 0x5B, 0x35, 0xFF, 0xD6, 0x58, 0xAC, 0xFF, 0xDB, 0x5A, 0xF9,
    0xFF, 0xE5, 0x5E, 0xFF, 0xFF, 0xDC, 0x5A, 0xFF, 0xFE, 0xD7, 0x59, 0xFC, 0xFF, 0xD8, 0x59, 0xFB,
    0xFF, 0xD7, 0x58, 0xFD, 0xFF, 0xD7, 0x58, 0xFB, 0xFF, 0xD8, 0x58, 0xFD, 0xFF, 0xDD, 0x5B, 0xFF,
    0xFF, 0xD9, 0x5A, 0xFF, 0xFF, 0xD7, 0x59, 0xFE, 0xFF, 0xD7, 0x58, 0xFD, 0xFF, 0xD8, 0x59, 0xFB,
    0xFF, 0xD8, 0x58, 0xFA, 0xFE, 0xD8, 0x59, 0xFC, 0xFF, 0xD7, 0x58, 0xFD, 0xFE, 0xD7, 0x59, 0xFC,
    0xFF, 0xD8, 0x58, 0xFA, 0xFF, 0xD7, 0x59, 0xFB, 0xFF, 0xD7, 0x58, 0xFD, 0xFF, 0xD7, 0x59, 0xFE,
    0xFF, 0xD8, 0x59, 0xFF, 0xFF, 0xDE, 0x5B, 0xFF, 0xFF, 0xDF, 0x5C, 0xFF, 0xFE, 0xD9, 0x59, 0xFC,
    0xFF, 0xD7, 0x58, 0xFB, 0xFE, 0xD8, 0x59, 0xFC, 0xFF, 0xD8, 0x59, 0xFB, 0xFF, 0xD7, 0x58, 0xFD,
    0xFF, 0xDF, 0x5C, 0xFE, 0xFF, 0xE5, 0x5F, 0xFF, 0xFE, 0xD7, 0x58, 0xEE, 0xFF, 0xD7, 0x57, 0x8E,
    0xFF, 0xDE, 0x5A, 0x1F, 0x00, 0x00, 0x00, 0x00, 0xFF, 0xFF, 0x00, 0x01, 0xFF, 0xFF, 0x7F, 0x02,
    0xFF, 0xFF, 0x00, 0x01, 0x00, 0x00, 0x00, 0x00, 0x00, 0x00, 0x00, 0x00, 0x00, 0x00, 0x00, 0x00,
    0x00, 0x00, 0x00, 0x00, 0xFF, 0x7F, 0x00, 0x02, 0xFF, 0xAA, 0x55, 0x03, 0x00, 0x00, 0x00, 0x00,
    0xFF, 0xD7, 0x56, 0x73, 0xFF, 0xD9, 0x59, 0xFF, 0xFF, 0xD7, 0x58, 0x4E, 0x00, 0x00, 0x00, 0x00,
    0xFF, 0xFF, 0x55, 0x03, 0x00, 0x00, 0x00, 0x00, 0x00, 0x00, 0x00, 0x00, 0x00, 0x00, 0x00, 0x00,
    0x00, 0x00, 0x00, 0x00, 0x00, 0x00, 0x00, 0x00, 0x00, 0x00, 0x00, 0x00, 0x00, 0x00, 0x00, 0x00,
    0x00, 0x00, 0x00, 0x00, 0x00, 0x00, 0x00, 0x00, 0x00, 0x00, 0x00, 0x00, 0x00, 0x00, 0x00, 0x00,
    0x00, 0x00, 0x00, 0x00, 0x00, 0x00, 0x00, 0x00, 0x00, 0x00, 0x00, 0x00, 0x00, 0x00, 0x00, 0x00,
    0x00, 0x00, 0x00, 0x00, 0x00, 0x00, 0x00, 0x00, 0x00, 0x00, 0x00, 0x00, 0x00, 0x00, 0x00, 0x00,
    0x00, 0x00, 0x00, 0x00, 0x00, 0x00, 0x00, 0x00, 0x00, 0x00, 0x00, 0x00, 0x00, 0x00, 0x00, 0x00,
    0x00, 0x00, 0x00, 0x00, 0x00, 0x00, 0x00, 0x00, 0x00, 0x00, 0x00, 0x00, 0x00, 0x00, 0x00, 0x00,
    0x00, 0x00, 0x00, 0x00, 0x00, 0x00, 0x00, 0x00, 0xFF, 0xFF, 0x7F, 0x02, 0x00, 0x00, 0x00, 0x00,
    0xFF, 0xDB, 0x5A, 0xAC, 0xFF, 0xDA, 0x5A, 0xC6, 0x00, 0x00, 0x00, 0x00, 0x00, 0x00, 0x00, 0x00,
    0x00, 0x00, 0x00, 0x00, 0x00, 0x00, 0x00, 0x00, 0x00, 0x00, 0x00, 0x00, 0x00, 0x00, 0x00, 0x00,
    0x00, 0x00, 0x00, 0x00, 0x00, 0x00, 0x00, 0x00, 0x00, 0x00, 0x00, 0x00, 0x00, 0x00, 0x00, 0x00,
    0x00, 0x00, 0x00, 0x00, 0x00, 0x00, 0x00, 0x00, 0x00, 0x00, 0x00, 0x00, 0xFF, 0xFF, 0x00, 0x01,
    0x00, 0x00, 0x00, 0x00, 0xFF, 0xFF, 0xFF, 0x01, 0xFF, 0xD9, 0x59, 0xE7, 0xFF, 0xD8, 0x59, 0x9A,
    0x00, 0x00, 0x00, 0x00, 0xFF, 0xFF, 0x55, 0x03, 0x00, 0x00, 0x00, 0x00, 0x00, 0x00, 0x00, 0x00,
    0x00, 0x00, 0x00, 0x00, 0x00, 0x00, 0x00, 0x00, 0x00, 0x00, 0x00, 0x00, 0x00, 0x00, 0x00, 0x00,
    0x00, 0x00, 0x00, 0x00, 0x00, 0x00, 0x00, 0x00, 0x00, 0x00, 0x00, 0x00, 0x00, 0x00, 0x00, 0x00,
    0x00, 0x00, 0x00, 0x00, 0x00, 0x00, 0x00, 0x00, 0x00, 0x00, 0x00, 0x00, 0x00, 0x00, 0x00, 0x00,
    0x00, 0x00, 0x00, 0x00, 0x00, 0x00, 0x00, 0x00, 0x00, 0x00, 0x00, 0x00, 0x00, 0x00, 0x00, 0x00,
    0x00, 0x00, 0x00, 0x00, 0x00, 0x00, 0x00, 0x00, 0x00, 0x00, 0x00, 0x00, 0x00, 0x00, 0x00, 0x00,
    0x00, 0x00, 0x00, 0x00, 0x00, 0x00, 0x00, 0x00, 0x00, 0x00, 0x00, 0x00, 0x00, 0x00, 0x00, 0x00,
    0x00, 0x00, 0x00, 0x00, 0x00, 0x00, 0x00, 0x00, 0x00, 0x00, 0x00, 0x00, 0xFF, 0xFF, 0x7F, 0x02,
    0x00, 0x00, 0x00, 0x00, 0xFE, 0xD9, 0x57, 0x29, 0xFF, 0xD7, 0x58, 0xF4, 0xFF, 0xD9, 0x57, 0x94,
    0xFF, 0xCC, 0x33, 0x05, 0x00, 0x00, 0x00, 0x00, 0xFF, 0xFF, 0x7F, 0x02, 0x00, 0x00, 0x00, 0x00,
    0x00, 0x00, 0x00, 0x00, 0x00, 0x00, 0x00, 0x00, 0xFF, 0xFF, 0x7F, 0x02, 0xFF, 0x7F, 0x00, 0x02,
    0x00, 0x00, 0x00, 0x00, 0xFF, 0xD6, 0x56, 0x2C, 0xFF, 0xD6, 0x57, 0xA9, 0xFF, 0xDC, 0x5A, 0xFB,
    0xFF, 0xE4, 0x5E, 0xFF, 0xFF, 0xD9, 0x59, 0xFE, 0xFF, 0xD7, 0x59, 0xFB, 0xFF, 0xD7, 0x58, 0xFD,
    0xFF, 0xD8, 0x58, 0xFD, 0xFF, 0xD7, 0x58, 0xFB, 0xFF, 0xDA, 0x5A, 0xFE, 0xFF, 0xE7, 0x5F, 0xFF,
    0xFF, 0xE0, 0x5B, 0xFD, 0xFF, 0xD6, 0x58, 0xE4, 0xFF, 0xD8, 0x59, 0xF3, 0xFF, 0xD8, 0x59, 0xFE,
    0xFF, 0xDF, 0x5B, 0xFF, 0xFF, 0xE5, 0x5E, 0xFF, 0xFF, 0xE8, 0x5F, 0xFF, 0xFF, 0xE1, 0x5D, 0xFF,
    0xFF, 0xDE, 0x5C, 0xFF, 0xFF, 0xE1, 0x5D, 0xFF, 0xFF, 0xE8, 0x5F, 0xFF, 0xFF, 0xE5, 0x5E, 0xFF,
    0xFF, 0xE0, 0x5C, 0xFF, 0xFF, 0xD9, 0x59, 0xFE, 0xFE, 0xD7, 0x59, 0xFC, 0xFF, 0xD7, 0x59, 0xD4,
    0xFF, 0xD6, 0x58, 0xDB, 0xFF, 0xE0, 0x5C, 0xFE, 0xFF, 0xE7, 0x5F, 0xFF, 0xFF, 0xDB, 0x5A, 0xFF,
    0xFE, 0xD6, 0x58, 0xFC, 0xFE, 0xD8, 0x59, 0xFC, 0xFE, 0xD8, 0x59, 0xFC, 0xFE, 0xD6, 0x59, 0xFC,
    0xFF, 0xDB, 0x5A, 0xFE, 0xFF, 0xE6, 0x5E, 0xFF, 0xFF, 0xD9, 0x59, 0xF1, 0xFF, 0xD6, 0x58, 0x8B,
    0xFF, 0xDD, 0x58, 0x17, 0x00, 0x00, 0x00, 0x00, 0xFF, 0xFF, 0x7F, 0x02, 0xFF, 0xFF, 0x7F, 0x02,
    0x00, 0x00, 0x00, 0x00, 0x00, 0x00, 0x00, 0x00, 0x00, 0x00, 0x00, 0x00, 0x00, 0x00, 0x00, 0x00,
    0xFF, 0x00, 0x00, 0x01, 0xFF, 0xFF, 0x00, 0x01, 0x00, 0x00, 0x00, 0x00, 0xFF, 0xD8, 0x59, 0x28,
    0xFF, 0xE5, 0x4C, 0x0A, 0x00, 0x00, 0x00, 0x00, 0x00, 0x00, 0x00, 0x00, 0x00, 0x00, 0x00, 0x00,
    0x00, 0x00, 0x00, 0x00, 0x00, 0x00, 0x00, 0x00, 0x00, 0x00, 0x00, 0x00, 0x00, 0x00, 0x00, 0x00,
    0x00, 0x00, 0x00, 0x00, 0x00, 0x00, 0x00, 0x00, 0x00, 0x00, 0x00, 0x00, 0x00, 0x00, 0x00, 0x00,
    0x00, 0x00, 0x00, 0x00, 0x00, 0x00, 0x00, 0x00, 0x00, 0x00, 0x00, 0x00, 0x00, 0x00, 0x00, 0x00,
    0x00, 0x00, 0x00, 0x00, 0x00, 0x00, 0x00, 0x00, 0x00, 0x00, 0x00, 0x00, 0x00, 0x00, 0x00, 0x00,
    0x00, 0x00, 0x00, 0x00, 0x00, 0x00, 0x00, 0x00, 0x00, 0x00, 0x00, 0x00, 0x00, 0x00, 0x00, 0x00,
    0x00, 0x00, 0x00, 0x00, 0x00, 0x00, 0x00, 0x00, 0x00, 0x00, 0x00, 0x00, 0x00, 0x00, 0x00, 0x00,
    0x00, 0x00, 0x00, 0x00, 0x00, 0x00, 0x00, 0x00, 0x00, 0x00, 0x00, 0x00, 0x00, 0x00, 0x00, 0x00,
    0xFF, 0xBF, 0x3F, 0x04, 0x00, 0x00, 0x00, 0x00, 0xFF, 0xDC, 0x59, 0x67, 0xFF, 0xD9, 0x59, 0xF7,
    0xFF, 0xD4, 0x55, 0x12, 0x00, 0x00, 0x00, 0x00, 0xFF, 0xFF, 0x00, 0x01, 0x00, 0x00, 0x00, 0x00,
    0x00, 0x00, 0x00, 0x00, 0x00, 0x00, 0x00, 0x00, 0x00, 0x00, 0x00, 0x00, 0x00, 0x00, 0x00, 0x00,
    0x00, 0x00, 0x00, 0x00, 0x00, 0x00, 0x00, 0x00, 0x00, 0x00, 0x00, 0x00, 0x00, 0x00, 0x00, 0x00,
    0x00, 0x00, 0x00, 0x00, 0xFF, 0x7F, 0x7F, 0x02, 0x00, 0x00, 0x00, 0x00, 0xFF, 0xE1, 0x5A, 0x22,
    0xFF, 0xDD, 0x5B, 0xFF, 0xFF, 0xD8, 0x59, 0x64, 0x00, 0x00, 0x00, 0x00, 0xFF, 0xBF, 0x3F, 0x04,
    0x00, 0x00, 0x00, 0x00, 0x00, 0x00, 0x00, 0x00, 0x00, 0x00, 0x00, 0x00, 0x00, 0x00, 0x00, 0x00,
    0x00, 0x00, 0x00, 0x00, 0x00, 0x00, 0x00, 0x00, 0x00, 0x00, 0x00, 0x00, 0x00, 0x00, 0x00, 0x00,
    0x00, 0x00, 0x00, 0x00, 0x00, 0x00, 0x00, 0x00, 0x00, 0x00, 0x00, 0x00, 0x00, 0x00, 0x00, 0x00,
    0x00, 0x00, 0x00, 0x00, 0x00, 0x00, 0x00, 0x00, 0x00, 0x00, 0x00, 0x00, 0x00, 0x00, 0x00, 0x00,
    0x00, 0x00, 0x00, 0x00, 0x00, 0x00, 0x00, 0x00, 0x00, 0x00, 0x00, 0x00, 0x00, 0x00, 0x00, 0x00,
    0x00, 0x00, 0x00, 0x00, 0x00, 0x00, 0x00, 0x00, 0xFF, 0xFF, 0x00, 0x01, 0xFF, 0xFF, 0x00, 0x01,
    0x00, 0x00, 0x00, 0x00, 0x00, 0x00, 0x00, 0x00, 0x00, 0x00, 0x00, 0x00, 0x00, 0x00, 0x00, 0x00,
    0x00, 0x00, 0x00, 0x00, 0x00, 0x00, 0x00, 0x00, 0x00, 0x00, 0x00, 0x00, 0xFF, 0xFF, 0x7F, 0x02,
    0xFF, 0xD5, 0x5A, 0x1F, 0xFF, 0xAA, 0x55, 0x03, 0x00, 0x00, 0x00, 0x00, 0xFF, 0xFF, 0x00, 0x01,
    0x00, 0x00, 0x00, 0x00, 0x00, 0x00, 0x00, 0x00, 0xFF, 0xFF, 0x00, 0x01, 0xFF, 0xFF, 0x7F, 0x02,
    0x00, 0x00, 0x00, 0x00, 0xFF, 0xE2, 0x55, 0x12, 0xFF, 0xD6, 0x58, 0x8B, 0xFE, 0xDA, 0x5A, 0xF6,
    0xFF, 0xE5, 0x5E, 0xFF, 0xFF, 0xD8, 0x59, 0xFD, 0xFE, 0xD6, 0x59, 0xFC, 0xFF, 0xD7, 0x59, 0xFE,
    0xFE, 0xD8, 0x59, 0xFC, 0xFE, 0xD7, 0x58, 0xFC, 0xFF, 0xDC, 0x5B, 0xFF, 0xFF, 0xE6, 0x5F, 0xFF,
    0xFF, 0xD9, 0x59, 0xF7, 0xFF, 0xD6, 0x58, 0x9E, 0xFF, 0xDA, 0x58, 0x45, 0xFF, 0xD5, 0x57, 0x7A,
    0xFE, 0xE0, 0x5C, 0xF6, 0xFF, 0xE0, 0x5C, 0xFF, 0xFF, 0xD5, 0x57, 0xD8, 0xFF, 0xD6, 0x57, 0x98,
    0xFF, 0xD8, 0x56, 0x6A, 0xFF, 0xD7, 0x59, 0x53, 0xFF, 0xD4, 0x5B, 0x4E, 0xFF, 0xD7, 0x59, 0x53,
    0xFF, 0xD6, 0x58, 0x6B, 0xFF, 0xD7, 0x58, 0x93, 0xFF, 0xD6, 0x57, 0xCE, 0xFF, 0xDA, 0x59, 0xF7,
    0xFF, 0xE9, 0x60, 0xFF, 0xFE, 0xDA, 0x58, 0xCF, 0xFE, 0xD4, 0x56, 0x5B, 0xFF, 0xD7, 0x56, 0x41,
    0xFF, 0xD6, 0x58, 0x96, 0xFF, 0xD8, 0x59, 0xF0, 0xFF, 0xE5, 0x5E, 0xFF, 0xFF, 0xDE, 0x5B, 0xFF,
    0xFE, 0xD7, 0x58, 0xFC, 0xFF, 0xD7, 0x58, 0xFD, 0xFF, 0xD7, 0x59, 0xFE, 0xFF, 0xD7, 0x59, 0xFB,
    0xFF, 0xDA, 0x5A, 0xFE, 0xFF, 0xE5, 0x5E, 0xFF, 0xFE, 0xD8, 0x59, 0xE9, 0xFF, 0xD7, 0x57, 0x6F,
    0xFE, 0xDA, 0x6D, 0x07, 0x00, 0x00, 0x00, 0x00, 0xFF, 0xAA, 0x55, 0x03, 0xFF, 0xFF, 0x00, 0x01,
    0x00, 0x00, 0x00, 0x00, 0x00, 0x00, 0x00, 0x00, 0x00, 0x00, 0x00, 0x00, 0x00, 0x00, 0x00, 0x00,
    0xFF, 0x7F, 0x00, 0x02, 0x00, 0x00, 0x00, 0x00, 0x00, 0x00, 0x00, 0x00, 0x00, 0x00, 0x00, 0x00,
    0x00, 0x00, 0x00, 0x00, 0x00, 0x00, 0x00, 0x00, 0x00, 0x00, 0x00, 0x00, 0x00, 0x00, 0x00, 0x00,
    0x00, 0x00, 0x00, 0x00, 0x00, 0x00, 0x00, 0x00, 0xFF, 0xFF, 0x00, 0x01, 0xFF, 0xFF, 0x00, 0x01,
    0x00, 0x00, 0x00, 0x00, 0x00, 0x00, 0x00, 0x00, 0x00, 0x00, 0x00, 0x00, 0x00, 0x00, 0x00, 0x00,
    0x00, 0x00, 0x00, 0x00, 0x00, 0x00, 0x00, 0x00, 0x00, 0x00, 0x00, 0x00, 0x00, 0x00, 0x00, 0x00,
    0x00, 0x00, 0x00, 0x00, 0x00, 0x00, 0x00, 0x00, 0x00, 0x00, 0x00, 0x00, 0x00, 0x00, 0x00, 0x00,
    0x00, 0x00, 0x00, 0x00, 0x00, 0x00, 0x00, 0x00, 0x00, 0x00, 0x00, 0x00, 0x00, 0x00, 0x00, 0x00,
    0x00, 0x00, 0x00, 0x00, 0x00, 0x00, 0x00, 0x00, 0x00, 0x00, 0x00, 0x00, 0x00, 0x00, 0x00, 0x00,
    0x00, 0x00, 0x00, 0x00, 0x00, 0x00, 0x00, 0x00, 0xFF, 0xFF, 0x7F, 0x02, 0x00, 0x00, 0x00, 0x00,
    0xFF, 0xDB, 0x58, 0x2B, 0xFF, 0xDB, 0x5A, 0xFE, 0xFF, 0xD9, 0x58, 0x4B, 0x00, 0x00, 0x00, 0x00,
    0xFF, 0xAA, 0x55, 0x03, 0x00, 0x00, 0x00, 0x00, 0x00, 0x00, 0x00, 0x00, 0x00, 0x00, 0x00, 0x00,
    0x00, 0x00, 0x00, 0x00, 0x00, 0x00, 0x00, 0x00, 0x00, 0x00, 0x00, 0x00, 0x00, 0x00, 0x00, 0x00,
    0x00, 0x00, 0x00, 0x00, 0x00, 0x00, 0x00, 0x00, 0x00, 0x00, 0x00, 0x00, 0xFF, 0xFF, 0x55, 0x03,
    0x00, 0x00, 0x00, 0x00, 0xFF, 0xDB, 0x59, 0x50, 0xFF, 0xDC, 0x5A, 0xFF, 0xFF, 0xD7, 0x58, 0x34,
    0x00, 0x00, 0x00, 0x00, 0xFF, 0xFF, 0x7F, 0x02, 0x00, 0x00, 0x00, 0x00, 0x00, 0x00, 0x00, 0x00,
    0x00, 0x00, 0x00, 0x00, 0x00, 0x00, 0x00, 0x00, 0x00, 0x00, 0x00, 0x00, 0x00, 0x00, 0x00, 0x00,
    0x00, 0x00, 0x00, 0x00, 0x00, 0x00, 0x00, 0x00, 0x00, 0x00, 0x00, 0x00, 0x00, 0x00, 0x00, 0x00,
    0x00, 0x00, 0x00, 0x00, 0x00, 0x00, 0x00, 0x00, 0x00, 0x00, 0x00, 0x00, 0x00, 0x00, 0x00, 0x00,
    0x00, 0x00, 0x00, 0x00, 0x00, 0x00, 0x00, 0x00, 0x00, 0x00, 0x00, 0x00, 0x00, 0x00, 0x00, 0x00,
    0x00, 0x00, 0x00, 0x00, 0x00, 0x00, 0x00, 0x00, 0x00, 0x00, 0x00, 0x00, 0xFF, 0x7F, 0x00, 0x02,
    0xFF, 0xFF, 0x00, 0x01, 0x00, 0x00, 0x00, 0x00, 0x00, 0x00, 0x00, 0x00, 0x00, 0x00, 0x00, 0x00,
    0x00, 0x00, 0x00, 0x00, 0x00, 0x00, 0x00, 0x00, 0x00, 0x00, 0x00, 0x00, 0x00, 0x00, 0x00, 0x00,
    0x00, 0x00, 0x00, 0x00, 0x00, 0x00, 0x00, 0x00, 0x00, 0x00, 0x00, 0x00, 0xFF, 0xFF, 0x00, 0x01,
    0xFF, 0xFF, 0x00, 0x01, 0x00, 0x00, 0x00, 0x00, 0x00, 0x00, 0x00, 0x00, 0xFF, 0xFF, 0x7F, 0x02,
    0xFF, 0xFF, 0x00, 0x01, 0x00, 0x00, 0x00, 0x00, 0xFF, 0xD6, 0x58, 0x51, 0xFE, 0xD8, 0x58, 0xE0,
    0xFF, 0xE6, 0x5F, 0xFF, 0xFF, 0xDA, 0x59, 0xFD, 0xFE, 0xD7, 0x59, 0xFC, 0xFF, 0xD7, 0x59, 0xFE,
    0xFF, 0xD7, 0x58, 0xFD, 0xFE, 0xD7, 0x58, 0xFC, 0xFF, 0xDE, 0x5B, 0xFE, 0xFF, 0xE4, 0x5E, 0xFF,
    0xFE, 0xD8, 0x57, 0xE5, 0xFF, 0xD8, 0x59, 0x83, 0xFF, 0xD8, 0x59, 0x14, 0xFF, 0xD8, 0x5C, 0x21,
    0xFF, 0xDA, 0x5A, 0xB7, 0xFF, 0xE3, 0x5D, 0xFF, 0xFF, 0xD6, 0x57, 0xB8, 0xFF, 0xD6, 0x58, 0x45,
    0xFF, 0xD4, 0x55, 0x06, 0x00, 0x00, 0x00, 0x00, 0x00, 0x00, 0x00, 0x00, 0x00, 0x00, 0x00, 0x00,
    0x00, 0x00, 0x00, 0x00, 0x00, 0x00, 0x00, 0x00, 0x00, 0x00, 0x00, 0x00, 0x00, 0x00, 0x00, 0x00,
    0x00, 0x00, 0x00, 0x00, 0xFF, 0xD7, 0x55, 0x2D, 0xFF, 0xD5, 0x58, 0x88, 0xFE, 0xDE, 0x5C, 0xEE,
    0xFF, 0xE9, 0x60, 0xFF, 0xFF, 0xD5, 0x58, 0xA1, 0xFF, 0xDC, 0x5C, 0x16, 0xFF, 0xD7, 0x62, 0x0D,
    0xFF, 0xD5, 0x57, 0x74, 0xFF, 0xD7, 0x58, 0xDC, 0xFF, 0xE4, 0x5E, 0xFF, 0xFF, 0xDC, 0x5A, 0xFE,
    0xFF, 0xD7, 0x58, 0xFB, 0xFF, 0xD8, 0x59, 0xFF, 0xFF, 0xD7, 0x59, 0xFE, 0xFF, 0xD7, 0x59, 0xFB,
    0xFF, 0xDD, 0x5A, 0xFD, 0xFF, 0xE5, 0x5E, 0xFF, 0xFF, 0xD6, 0x57, 0xCE, 0xFF, 0xD5, 0x56, 0x3E,
    0x00, 0x00, 0x00, 0x00, 0xFF, 0x7F, 0x00, 0x02, 0xFF, 0xFF, 0x00, 0x02, 0x00, 0x00, 0x00, 0x00,
    0x00, 0x00, 0x00, 0x00, 0x00, 0x00, 0x00, 0x00, 0x00, 0x00, 0x00, 0x00, 0xFF, 0xFF, 0x00, 0x01,
    0x00, 0x00, 0x00, 0x00, 0x00, 0x00, 0x00, 0x00, 0x00, 0x00, 0x00, 0x00, 0x00, 0x00, 0x00, 0x00,
    0x00, 0x00, 0x00, 0x00, 0x00, 0x00, 0x00, 0x00, 0x00, 0x00, 0x00, 0x00, 0x00, 0x00, 0x00, 0x00,
    0x00, 0x00, 0x00, 0x00, 0xFF, 0xFF, 0x00, 0x01, 0xFF, 0xFF, 0x00, 0x01, 0x00, 0x00, 0x00, 0x00,
    0x00, 0x00, 0x00, 0x00, 0x00, 0x00, 0x00, 0x00, 0x00, 0x00, 0x00, 0x00, 0x00, 0x00, 0x00, 0x00,
    0x00, 0x00, 0x00, 0x00, 0x00, 0x00, 0x00, 0x00, 0x00, 0x00, 0x00, 0x00, 0x00, 0x00, 0x00, 0x00,
    0x00, 0x00, 0x00, 0x00, 0x00, 0x00, 0x00, 0x00, 0x00, 0x00, 0x00, 0x00, 0x00, 0x00, 0x00, 0x00,
    0x00, 0x00, 0x00, 0x00, 0x00, 0x00, 0x00, 0x00, 0x00, 0x00, 0x00, 0x00, 0x00, 0x00, 0x00, 0x00,
    0x00, 0x00, 0x00, 0x00, 0x00, 0x00, 0x00, 0x00, 0x00, 0x00, 0x00, 0x00, 0x00, 0x00, 0x00, 0x00,
    0xFF, 0xFF, 0x00, 0x01, 0x00, 0x00, 0x00, 0x00, 0xFF, 0xFF, 0x7F, 0x02, 0xFF, 0xD8, 0x58, 0xDB,
    0xFF, 0xD4, 0x58, 0x6D, 0x00, 0x00, 0x00, 0x00, 0xFF, 0xBF, 0x3F, 0x04, 0x00, 0x00, 0x00, 0x00,
    0x00, 0x00, 0x00, 0x00, 0x00, 0x00, 0x00, 0x00, 0x00, 0x00, 0x00, 0x00, 0x00, 0x00, 0x00, 0x00,
    0x00, 0x00, 0x00, 0x00, 0x00, 0x00, 0x00, 0x00, 0x00, 0x00, 0x00, 0x00, 0x00, 0x00, 0x00, 0x00,
    0x00, 0x00, 0x00, 0x00, 0xFF, 0xFF, 0x3F, 0x04, 0x00, 0x00, 0x00, 0x00, 0xFF, 0xD9, 0x59, 0x75,
    0xFE, 0xD8, 0x59, 0xFC, 0xFF, 0xD7, 0x4E, 0x0D, 0x00, 0x00, 0x00, 0x00, 0xFF, 0xFF, 0x00, 0x01,
    0x00, 0x00, 0x00, 0x00, 0x00, 0x00, 0x00, 0x00, 0x00, 0x00, 0x00, 0x00, 0x00, 0x00, 0x00, 0x00,
    0x00, 0x00, 0x00, 0x00, 0x00, 0x00, 0x00, 0x00, 0x00, 0x00, 0x00, 0x00, 0x00, 0x00, 0x00, 0x00,
    0x00, 0x00, 0x00, 0x00, 0x00, 0x00, 0x00, 0x00, 0x00, 0x00, 0x00, 0x00, 0x00, 0x00, 0x00, 0x00,
    0x00, 0x00, 0x00, 0x00, 0x00, 0x00, 0x00, 0x00, 0x00, 0x00, 0x00, 0x00, 0x00, 0x00, 0x00, 0x00,
    0x00, 0x00, 0x00, 0x00, 0x00, 0x00, 0x00, 0x00, 0x00, 0x00, 0x00, 0x00, 0x00, 0x00, 0x00, 0x00,
    0xFF, 0xFF, 0x00, 0x01, 0x00, 0x00, 0x00, 0x00, 0xFF, 0xE9, 0x55, 0x0C, 0xFF, 0xD4, 0x55, 0x12,
    0x00, 0x00, 0x00, 0x00, 0xFF, 0xFF, 0x00, 0x01, 0x00, 0x00, 0x00, 0x00, 0x00, 0x00, 0x00, 0x00,
    0x00, 0x00, 0x00, 0x00, 0x00, 0x00, 0x00, 0x00, 0x00, 0x00, 0x00, 0x00, 0x00, 0x00, 0x00, 0x00,
    0xFF, 0xFF, 0x00, 0x01, 0x00, 0x00, 0x00, 0x00, 0x00, 0x00, 0x00, 0x00, 0xFF, 0x00, 0x00, 0x01,
    0xFF, 0xFF, 0x55, 0x03, 0x00, 0x00, 0x00, 0x00, 0xFF, 0xD6, 0x5D, 0x13, 0xFE, 0xD6, 0x57, 0xA3,
    0xFF, 0xE1, 0x5D, 0xFF, 0xFF, 0xDE, 0x5B, 0xFE, 0xFF, 0xD7, 0x58, 0xFB, 0xFF, 0xD8, 0x59, 0xFE,
    0xFF, 0xD7, 0x59, 0xFE, 0xFF, 0xD7, 0x58, 0xFB, 0xFF, 0xDD, 0x5B, 0xFE, 0xFF, 0xE5, 0x5E, 0xFF,
    0xFF, 0xD7, 0x58, 0xDC, 0xFE, 0xD6, 0x58, 0x70, 0xFF, 0xD4, 0x55, 0x12, 0x00, 0x00, 0x00, 0x00,
    0xFE, 0xD4, 0x55, 0x65, 0xFF, 0xE4, 0x5D, 0xFE, 0xFE, 0xDF, 0x5B, 0xE2, 0xFF, 0xD1, 0x53, 0x49,
    0x00, 0x00, 0x00, 0x00, 0xFF, 0xFF, 0x00, 0x01, 0xFF, 0xFF, 0x00, 0x01, 0xFF, 0xD4, 0x55, 0x06,
    0xFF, 0xCC, 0x66, 0x05, 0x00, 0x00, 0x00, 0x00, 0x00, 0x00, 0x00, 0x00, 0x00, 0x00, 0x00, 0x00,
    0xFF, 0x7F, 0x00, 0x02, 0xFF, 0xCC, 0x66, 0x05, 0xFF, 0xAA, 0x55, 0x03, 0xFF, 0xFF, 0x00, 0x01,
    0x00, 0x00, 0x00, 0x00, 0xFF, 0xCE, 0x55, 0x15, 0xFF, 0xD3, 0x56, 0x9A, 0xFF, 0xED, 0x61, 0xFF,
    0xFF, 0xE2, 0x5D, 0xF1, 0xFF, 0xD0, 0x54, 0x5E, 0x00, 0x00, 0x00, 0x00, 0xFE, 0xC8, 0x5B, 0x0E,
    0xFF, 0xD4, 0x56, 0x6D, 0xFE, 0xD9, 0x59, 0xE5, 0xFF, 0xE4, 0x5F, 0xFF, 0xFE, 0xD8, 0x59, 0xFC,
    0xFF, 0xD7, 0x58, 0xFD, 0xFF, 0xD8, 0x59, 0xFF, 0xFF, 0xD7, 0x59, 0xFD, 0xFE, 0xD6, 0x59, 0xFC,
    0xFF, 0xE1, 0x5C, 0xFF, 0xFF, 0xDD, 0x5A, 0xFD, 0xFF, 0xD5, 0x57, 0x92, 0xFF, 0xEB, 0x62, 0x0D,
    0x00, 0x00, 0x00, 0x00, 0xFF, 0xAA, 0x55, 0x03, 0x00, 0x00, 0x00, 0x00, 0x00, 0x00, 0x00, 0x00,
    0x00, 0x00, 0x00, 0x00, 0x00, 0x00, 0x00, 0x00, 0x00, 0x00, 0x00, 0x00, 0x00, 0x00, 0x00, 0x00,
    0x00, 0x00, 0x00, 0x00, 0x00, 0x00, 0x00, 0x00, 0x00, 0x00, 0x00, 0x00, 0x00, 0x00, 0x00, 0x00,
    0xFF, 0xFF, 0x00, 0x01, 0x00, 0x00, 0x00, 0x00, 0xFF, 0xD6, 0x5B, 0x19, 0xFF, 0xE6, 0x61, 0x15,
    0x00, 0x00, 0x00, 0x00, 0xFF, 0xFF, 0x00, 0x01, 0x00, 0x00, 0x00, 0x00, 0x00, 0x00, 0x00, 0x00,
    0x00, 0x00, 0x00, 0x00, 0x00, 0x00, 0x00, 0x00, 0x00, 0x00, 0x00, 0x00, 0x00, 0x00, 0x00, 0x00,
    0x00, 0x00, 0x00, 0x00, 0x00, 0x00, 0x00, 0x00, 0x00, 0x00, 0x00, 0x00, 0x00, 0x00, 0x00, 0x00,
    0x00, 0x00, 0x00, 0x00, 0x00, 0x00, 0x00, 0x00, 0x00, 0x00, 0x00, 0x00, 0x00, 0x00, 0x00, 0x00,
    0x00, 0x00, 0x00, 0x00, 0x00, 0x00, 0x00, 0x00, 0x00, 0x00, 0x00, 0x00, 0x00, 0x00, 0x00, 0x00,
    0x00, 0x00, 0x00, 0x00, 0x00, 0x00, 0x00, 0x00, 0x00, 0x00, 0x00, 0x00, 0x00, 0x00, 0x00, 0x00,
    0x00, 0x00, 0x00, 0x00, 0xFF, 0xDB, 0x57, 0x1D, 0xFF, 0xD7, 0x4E, 0x0D, 0x00, 0x00, 0x00, 0x00,
    0x00, 0x00, 0x00, 0x00, 0x00, 0x00, 0x00, 0x00, 0x00, 0x00, 0x00, 0x00, 0x00, 0x00, 0x00, 0x00,
    0x00, 0x00, 0x00, 0x00, 0x00, 0x00, 0x00, 0x00, 0x00, 0x00, 0x00, 0x00, 0x00, 0x00, 0x00, 0x00,
    0x00, 0x00, 0x00, 0x00, 0x00, 0x00, 0x00, 0x00, 0x00, 0x00, 0x00, 0x00, 0xFF, 0xBF, 0x3F, 0x04,
    0x00, 0x00, 0x00, 0x00, 0xFF, 0xD8, 0x57, 0x97, 0xFF, 0xD8, 0x5A, 0xDA, 0x00, 0x00, 0x00, 0x00,
    0x00, 0x00, 0x00, 0x00, 0xFF, 0xFF, 0x00, 0x01, 0x00, 0x00, 0x00, 0x00, 0x00, 0x00, 0x00, 0x00,
    0x00, 0x00, 0x00, 0x00, 0x00, 0x00, 0x00, 0x00, 0x00, 0x00, 0x00, 0x00, 0x00, 0x00, 0x00, 0x00,
    0x00, 0x00, 0x00, 0x00, 0x00, 0x00, 0x00, 0x00, 0x00, 0x00, 0x00, 0x00, 0x00, 0x00, 0x00, 0x00,
    0x00, 0x00, 0x00, 0x00, 0x00, 0x00, 0x00, 0x00, 0x00, 0x00, 0x00, 0x00, 0x00, 0x00, 0x00, 0x00,
    0x00, 0x00, 0x00, 0x00, 0x00, 0x00, 0x00, 0x00, 0x00, 0x00, 0x00, 0x00, 0x00, 0x00, 0x00, 0x00,
    0x00, 0x00, 0x00, 0x00, 0xFF, 0x7F, 0x7F, 0x02, 0x00, 0x00, 0x00, 0x00, 0xFF, 0xDA, 0x57, 0x23,
    0xFF, 0xD6, 0x58, 0xD8, 0xFF, 0xD8, 0x59, 0x6A, 0x00, 0x00, 0x00, 0x00, 0xFF, 0xBF, 0x3F, 0x04,
    0x00, 0x00, 0x00, 0x00, 0x00, 0x00, 0x00, 0x00, 0x00, 0x00, 0x00, 0x00, 0x00, 0x00, 0x00, 0x00,
    0x00, 0x00, 0x00, 0x00, 0x00, 0x00, 0x00, 0x00, 0x00, 0x00, 0x00, 0x00, 0x00, 0x00, 0x00, 0x00,
    0xFF, 0xFF, 0x00, 0x01, 0xFF, 0xFF, 0x55, 0x03, 0x00, 0x00, 0x00, 0x00, 0xFF, 0xD7, 0x56, 0x41,
    0xFF, 0xD9, 0x59, 0xDC, 0xFF, 0xE6, 0x5E, 0xFF, 0xFE, 0xD8, 0x59, 0xFC, 0xFF, 0xD7, 0x58, 0xFD,
    0xFF, 0xD8, 0x59, 0xFF, 0xFE, 0xD6, 0x58, 0xFC, 0xFF, 0xDB, 0x59, 0xFD, 0xFF, 0xE6, 0x5F, 0xFF,
    0xFF, 0xD7, 0x58, 0xE3, 0xFF, 0xD5, 0x59, 0x6F, 0xFF, 0xD4, 0x55, 0x0C, 0x00, 0x00, 0x00, 0x00,
    0xFF, 0x7F, 0x7F, 0x02, 0xFF, 0xD8, 0x59, 0x92, 0xFF, 0xF3, 0x64, 0xFF, 0xFF, 0xDA, 0x59, 0xA6,
    0xFF, 0xBF, 0x55, 0x0C, 0x00, 0x00, 0x00, 0x00, 0xFF, 0xFF, 0x55, 0x03, 0xFF, 0xCC, 0x66, 0x05,
    0x00, 0x00, 0x00, 0x00, 0x00, 0x00, 0x00, 0x00, 0x00, 0x00, 0x00, 0x00, 0xFF, 0xBF, 0x5F, 0x08,
    0xFF, 0xDF, 0x5F, 0x10, 0xFF, 0xDD, 0x55, 0x0F, 0xFF, 0xFF, 0x3F, 0x04, 0x00, 0x00, 0x00, 0x00,
    0x00, 0x00, 0x00, 0x00, 0xFF, 0x7F, 0x00, 0x02, 0xFF, 0xFF, 0x33, 0x05, 0xFF, 0xFF, 0x00, 0x01,
    0x00, 0x00, 0x00, 0x00, 0xFF, 0xD1, 0x57, 0x4F, 0xFF, 0xE1, 0x5B, 0xEC, 0xFF, 0xEC, 0x61, 0xFF,
    0xFF, 0xD4, 0x57, 0x89, 0x00, 0x00, 0x00, 0x00, 0x00, 0x00, 0x00, 0x00, 0xFF, 0xDC, 0x51, 0x16,
    0xFF, 0xD5, 0x57, 0x9E, 0xFF, 0xE0, 0x5C, 0xFF, 0xFF, 0xDD, 0x5B, 0xFE, 0xFE, 0xD6, 0x58, 0xFC,
    0xFF, 0xD8, 0x59, 0xFF, 0xFF, 0xD8, 0x59, 0xFF, 0xFE, 0xD8, 0x59, 0xFC, 0xFE, 0xD9, 0x5A, 0xFC,
    0xFF, 0xE6, 0x5E, 0xFF, 0xFF, 0xD8, 0x59, 0xD6, 0xFF, 0xD9, 0x58, 0x37, 0x00, 0x00, 0x00, 0x00,
    0xFF, 0xFF, 0x55, 0x03, 0xFF, 0xFF, 0x00, 0x01, 0x00, 0x00, 0x00, 0x00, 0x00, 0x00, 0x00, 0x00,
    0x00, 0x00, 0x00, 0x00, 0x00, 0x00, 0x00, 0x00, 0x00, 0x00, 0x00, 0x00, 0x00, 0x00, 0x00, 0x00,
    0x00, 0x00, 0x00, 0x00, 0x00, 0x00, 0x00, 0x00, 0xFF, 0xBF, 0x3F, 0x04, 0x00, 0x00, 0x00, 0x00,
    0xFF, 0xD7, 0x5A, 0x74, 0xFF, 0xD8, 0x59, 0xE7, 0xFF, 0xD7, 0x58, 0x1A, 0x00, 0x00, 0x00, 0x00,
    0xFF, 0xFF, 0xFF, 0x01, 0x00, 0x00, 0x00, 0x00, 0x00, 0x00, 0x00, 0x00, 0x00, 0x00, 0x00, 0x00,
    0x00, 0x00, 0x00, 0x00, 0x00, 0x00, 0x00, 0x00, 0x00, 0x00, 0x00, 0x00, 0x00, 0x00, 0x00, 0x00,
    0x00, 0x00, 0x00, 0x00, 0x00, 0x00, 0x00, 0x00, 0x00, 0x00, 0x00, 0x00, 0x00, 0x00, 0x00, 0x00,
    0x00, 0x00, 0x00, 0x00, 0x00, 0x00, 0x00, 0x00, 0x00, 0x00, 0x00, 0x00, 0x00, 0x00, 0x00, 0x00,
    0x00, 0x00, 0x00, 0x00, 0x00, 0x00, 0x00, 0x00, 0x00, 0x00, 0x00, 0x00, 0x00, 0x00, 0x00, 0x00,
    0x00, 0x00, 0x00, 0x00, 0x00, 0x00, 0x00, 0x00, 0x00, 0x00, 0x00, 0x00, 0x00, 0x00, 0x00, 0x00,
    0x00, 0x00, 0x00, 0x00, 0x00, 0x00, 0x00, 0x00, 0x00, 0x00, 0x00, 0x00, 0x00, 0x00, 0x00, 0x00,
    0x00, 0x00, 0x00, 0x00, 0x00, 0x00, 0x00, 0x00, 0x00, 0x00, 0x00, 0x00, 0x00, 0x00, 0x00, 0x00,
    0x00, 0x00, 0x00, 0x00, 0x00, 0x00, 0x00, 0x00, 0x00, 0x00, 0x00, 0x00, 0x00, 0x00, 0x00, 0x00,
    0x00, 0x00, 0x00, 0x00, 0xFF, 0x7F, 0x7F, 0x02, 0x00, 0x00, 0x00, 0x00, 0xFF, 0xD7, 0x58, 0xB5,
    0xFF, 0xD7, 0x57, 0xB7, 0x00, 0x00, 0x00, 0x00, 0xFF, 0x7F, 0x7F, 0x02, 0x00, 0x00, 0x00, 0x00,
    0x00, 0x00, 0x00, 0x00, 0x00, 0x00, 0x00, 0x00, 0x00, 0x00, 0x00, 0x00, 0x00, 0x00, 0x00, 0x00,
    0x00, 0x00, 0x00, 0x00, 0x00, 0x00, 0x00, 0x00, 0x00, 0x00, 0x00, 0x00, 0x00, 0x00, 0x00, 0x00,
    0x00, 0x00, 0x00, 0x00, 0x00, 0x00, 0x00, 0x00, 0x00, 0x00, 0x00, 0x00, 0x00, 0x00, 0x00, 0x00,
    0x00, 0x00, 0x00, 0x00, 0x00, 0x00, 0x00, 0x00, 0x00, 0x00, 0x00, 0x00, 0x00, 0x00, 0x00, 0x00,
    0x00, 0x00, 0x00, 0x00, 0x00, 0x00, 0x00, 0x00, 0xFF, 0xFF, 0x00, 0x01, 0x00, 0x00, 0x00, 0x00,
    0xFF, 0xBF, 0x3F, 0x08, 0xFF, 0xDB, 0x5A, 0xCB, 0xFF, 0xEC, 0x61, 0xFF, 0xFF, 0xD5, 0x56, 0x4A,
    0x00, 0x00, 0x00, 0x00, 0xFF, 0xFF, 0x55, 0x03, 0x00, 0x00, 0x00, 0x00, 0x00, 0x00, 0x00, 0x00,
    0x00, 0x00, 0x00, 0x00, 0x00, 0x00, 0x00, 0x00, 0x00, 0x00, 0x00, 0x00, 0x00, 0x00, 0x00, 0x00,
    0x00, 0x00, 0x00, 0x00, 0xFF, 0xFF, 0x7F, 0x02, 0xFF, 0xFF, 0xFF, 0x01, 0x00, 0x00, 0x00, 0x00,
    0xFF, 0xD4, 0x57, 0x78, 0xFF, 0xDE, 0x5B, 0xFB, 0xFF, 0xDE, 0x5B, 0xFF, 0xFF, 0xD7, 0x58, 0xFB,
    0xFF, 0xD8, 0x59, 0xFE, 0xFF, 0xD7, 0x58, 0xFD, 0xFE, 0xD7, 0x59, 0xFC, 0xFF, 0xE3, 0x5E, 0xFF,
    0xFF, 0xDC, 0x5A, 0xF2, 0xFF, 0xD6, 0x59, 0x83, 0xFF, 0xC6, 0x55, 0x12, 0x00, 0x00, 0x00, 0x00,
    0xFF, 0xAA, 0x55, 0x03, 0x00, 0x00, 0x00, 0x00, 0xFF, 0xDA, 0x59, 0x92, 0xFF, 0xF3, 0x64, 0xFF,
    0xFF, 0xD8, 0x59, 0x8B, 0x00, 0x00, 0x00, 0x00, 0xFF, 0xFF, 0x00, 0x01, 0xFF, 0xFF, 0x33, 0x05,
    0xFF, 0x7F, 0x00, 0x02, 0x00, 0x00, 0x00, 0x00, 0xFF, 0xD9, 0x52, 0x22, 0xFF, 0xD8, 0x58, 0x76,
    0xFF, 0xD8, 0x57, 0xB2, 0xFF, 0xD8, 0x59, 0xD4, 0xFF, 0xD7, 0x58, 0xE4, 0xFF, 0xD7, 0x58, 0xE1,
    0xFF, 0xD8, 0x58, 0xCC, 0xFE, 0xD8, 0x58, 0xA4, 0xFE, 0xDA, 0x56, 0x5B, 0xFF, 0xCC, 0x55, 0x0F,
    0x00, 0x00, 0x00, 0x00, 0xFF, 0xFF, 0x55, 0x03, 0xFF, 0xFF, 0x33, 0x05, 0x00, 0x00, 0x00, 0x00,
    0xFF, 0xCC, 0x51, 0x32, 0xFE, 0xDE, 0x5B, 0xDF, 0xFF, 0xED, 0x62, 0xFF, 0xFE, 0xD7, 0x59, 0x7B,
    0x00, 0x00, 0x00, 0x00, 0xFF, 0xFF, 0x55, 0x03, 0x00, 0x00, 0x00, 0x00, 0xFF, 0xD7, 0x58, 0x54,
    0xFF, 0xDB, 0x59, 0xE6, 0xFF, 0xE4, 0x5E, 0xFF, 0xFF, 0xD7, 0x59, 0xFB, 0xFF, 0xD7, 0x58, 0xFD,
    0xFF, 0xD8, 0x59, 0xFF, 0xFF, 0xD7, 0x58, 0xFE, 0xFF, 0xD7, 0x58, 0xFB, 0xFF, 0xE0, 0x5C, 0xFF,
    0xFF, 0xDD, 0x5A, 0xF8, 0xFF, 0xD4, 0x58, 0x6D, 0x00, 0x00, 0x00, 0x00, 0xFF, 0xFF, 0x00, 0x02,
    0xFF, 0x7F, 0x7F, 0x02, 0x00, 0x00, 0x00, 0x00, 0x00, 0x00, 0x00, 0x00, 0x00, 0x00, 0x00, 0x00,
    0x00, 0x00, 0x00, 0x00, 0x00, 0x00, 0x00, 0x00, 0x00, 0x00, 0x00, 0x00, 0x00, 0x00, 0x00, 0x00,
    0xFF, 0xFF, 0x7F, 0x04, 0x00, 0x00, 0x00, 0x00, 0xFF, 0xD6, 0x59, 0x72, 0xFF, 0xF8, 0x66, 0xFF,
    0xFF, 0xDD, 0x59, 0x97, 0x00, 0x00, 0x00, 0x00, 0xFF, 0xFF, 0x7F, 0x02, 0x00, 0x00, 0x00, 0x00,
    0x00, 0x00, 0x00, 0x00, 0x00, 0x00, 0x00, 0x00, 0x00, 0x00, 0x00, 0x00, 0x00, 0x00, 0x00, 0x00,
    0x00, 0x00, 0x00, 0x00, 0x00, 0x00, 0x00, 0x00, 0x00, 0x00, 0x00, 0x00, 0x00, 0x00, 0x00, 0x00,
    0x00, 0x00, 0x00, 0x00, 0x00, 0x00, 0x00, 0x00, 0x00, 0x00, 0x00, 0x00, 0x00, 0x00, 0x00, 0x00,
    0x00, 0x00, 0x00, 0x00, 0x00, 0x00, 0x00, 0x00, 0x00, 0x00, 0x00, 0x00, 0x00, 0x00, 0x00, 0x00,
    0x00, 0x00, 0x00, 0x00, 0x00, 0x00, 0x00, 0x00, 0x00, 0x00, 0x00, 0x00, 0x00, 0x00, 0x00, 0x00,
    0x00, 0x00, 0x00, 0x00, 0xFF, 0x7F, 0x00, 0x02, 0xFF, 0x7F, 0x00, 0x02, 0x00, 0x00, 0x00, 0x00,
    0x00, 0x00, 0x00, 0x00, 0x00, 0x00, 0x00, 0x00, 0x00, 0x00, 0x00, 0x00, 0x00, 0x00, 0x00, 0x00,
    0x00, 0x00, 0x00, 0x00, 0x00, 0x00, 0x00, 0x00, 0x00, 0x00, 0x00, 0x00, 0x00, 0x00, 0x00, 0x00,
    0x00, 0x00, 0x00, 0x00, 0x00, 0x00, 0x00, 0x00, 0xFF, 0x7F, 0x7F, 0x02, 0xFF, 0xBF, 0x3F, 0x04,
    0x00, 0x00, 0x00, 0x00, 0xFF, 0xD8, 0x58, 0xD3, 0xFF, 0xD8, 0x58, 0x93, 0x00, 0x00, 0x00, 0x00,
    0xFE, 0xDA, 0x48, 0x07, 0x00, 0x00, 0x00, 0x00, 0x00, 0x00, 0x00, 0x00, 0x00, 0x00, 0x00, 0x00,
    0x00, 0x00, 0x00, 0x00, 0x00, 0x00, 0x00, 0x00, 0x00, 0x00, 0x00, 0x00, 0x00, 0x00, 0x00, 0x00,
    0x00, 0x00, 0x00, 0x00, 0x00, 0x00, 0x00, 0x00, 0x00, 0x00, 0x00, 0x00, 0x00, 0x00, 0x00, 0x00,
    0x00, 0x00, 0x00, 0x00, 0x00, 0x00, 0x00, 0x00, 0x00, 0x00, 0x00, 0x00, 0x00, 0x00, 0x00, 0x00,
    0x00, 0x00, 0x00, 0x00, 0x00, 0x00, 0x00, 0x00, 0x00, 0x00, 0x00, 0x00, 0x00, 0x00, 0x00, 0x00,
    0xFF, 0xBF, 0x3F, 0x04, 0x00, 0x00, 0x00, 0x00, 0xFF, 0xDA, 0x58, 0x5C, 0xFF, 0xE4, 0x5E, 0xFF,
    0xFF, 0xD6, 0x58, 0xFE, 0xFF, 0xD8, 0x58, 0x48, 0x00, 0x00, 0x00, 0x00, 0xFF, 0xAA, 0x55, 0x03,
    0x00, 0x00, 0x00, 0x00, 0x00, 0x00, 0x00, 0x00, 0x00, 0x00, 0x00, 0x00, 0x00, 0x00, 0x00, 0x00,
    0x00, 0x00, 0x00, 0x00, 0xFF, 0xFF, 0x00, 0x01, 0xFF, 0xBF, 0x3F, 0x04, 0x00, 0x00, 0x00, 0x00,
    0xFF, 0xDD, 0x55, 0x0F, 0xFF, 0xD7, 0x58, 0xA8, 0xFF, 0xE5, 0x5E, 0xFF, 0xFE, 0xDA, 0x5A, 0xFC,
    0xFF, 0xD6, 0x58, 0xFD, 0xFF, 0xD8, 0x59, 0xFF, 0xFE, 0xD6, 0x59, 0xFC, 0xFF, 0xDC, 0x5B, 0xFD,
    0xFF, 0xE3, 0x5D, 0xFF, 0xFF, 0xD7, 0x58, 0xB5, 0xFF, 0xD7, 0x55, 0x27, 0x00, 0x00, 0x00, 0x00,
    0xFF, 0xFF, 0x00, 0x01, 0xFF, 0xFF, 0x66, 0x05, 0x00, 0x00, 0x00, 0x00, 0xFF, 0xD6, 0x59, 0x6C,
    0xFF, 0xF2, 0x63, 0xFF, 0xFF, 0xDA, 0x5A, 0x99, 0x00, 0x00, 0x00, 0x00, 0xFF, 0xFF, 0x7F, 0x02,
    0xFF, 0xFF, 0x7F, 0x04, 0x00, 0x00, 0x00, 0x00, 0xFF, 0xDD, 0x58, 0x17, 0xFF, 0xD6, 0x58, 0x96,
    0xFE, 0xD8, 0x59, 0xF6, 0xFF, 0xE5, 0x5E, 0xFF, 0xFF, 0xE4, 0x5E, 0xFE, 0xFF, 0xDF, 0x5B, 0xFF,
    0xFF, 0xDD, 0x5B, 0xFF, 0xFF, 0xDD, 0x5B, 0xFF, 0xFF, 0xE0, 0x5C, 0xFF, 0xFF, 0xE5, 0x5E, 0xFE,
    0xFF, 0xE2, 0x5D, 0xFF, 0xFF, 0xD6, 0x57, 0xE3, 0xFF, 0xD6, 0x56, 0x6A, 0xFF, 0xBF, 0x3F, 0x04,
    0xFF, 0xFF, 0x00, 0x01, 0xFF, 0xD4, 0x55, 0x06, 0x00, 0x00, 0x00, 0x00, 0xFF, 0xD1, 0x56, 0x32,
    0xFF, 0xDE, 0x5B, 0xEA, 0xFF, 0xE2, 0x5D, 0xFF, 0xFF, 0xD4, 0x58, 0x48, 0x00, 0x00, 0x00, 0x00,
    0xFF, 0xAA, 0x55, 0x06, 0x00, 0x00, 0x00, 0x00, 0xFF, 0xCF, 0x55, 0x1B, 0xFF, 0xD6, 0x58, 0xB2,
    0xFF, 0xE4, 0x5E, 0xFF, 0xFF, 0xDB, 0x5A, 0xFD, 0xFE, 0xD7, 0x59, 0xFC, 0xFF, 0xD8, 0x59, 0xFF,
    0xFF, 0xD8, 0x59, 0xFF, 0xFF, 0xD6, 0x58, 0xFD, 0xFF, 0xDA, 0x59, 0xFD, 0xFF, 0xE4, 0x5E, 0xFF,
    0xFF, 0xD6, 0x58, 0x9C, 0xFF, 0xE2, 0x55, 0x09, 0x00, 0x00, 0x00, 0x00, 0xFF, 0xAA, 0x55, 0x03,
    0xFF, 0x00, 0x00, 0x01, 0x00, 0x00, 0x00, 0x00, 0x00, 0x00, 0x00, 0x00, 0x00, 0x00, 0x00, 0x00,
    0x00, 0x00, 0x00, 0x00, 0x00, 0x00, 0x00, 0x00, 0xFF, 0xFF, 0x7F, 0x04, 0x00, 0x00, 0x00, 0x00,
    0xFF, 0xD6, 0x58, 0x7F, 0xFF, 0xE9, 0x60, 0xFF, 0xFF, 0xDB, 0x5A, 0xEC, 0xFF, 0xDF, 0x5F, 0x20,
    0x00, 0x00, 0x00, 0x00, 0xFF, 0x7F, 0x7F, 0x02, 0x00, 0x00, 0x00, 0x00, 0x00, 0x00, 0x00, 0x00,
    0x00, 0x00, 0x00, 0x00, 0x00, 0x00, 0x00, 0x00, 0x00, 0x00, 0x00, 0x00, 0x00, 0x00, 0x00, 0x00,
    0x00, 0x00, 0x00, 0x00, 0x00, 0x00, 0x00, 0x00, 0x00, 0x00, 0x00, 0x00, 0x00, 0x00, 0x00, 0x00,
    0x00, 0x00, 0x00, 0x00, 0x00, 0x00, 0x00, 0x00, 0x00, 0x00, 0x00, 0x00, 0x00, 0x00, 0x00, 0x00,
    0x00, 0x00, 0x00, 0x00, 0x00, 0x00, 0x00, 0x00, 0x00, 0x00, 0x00, 0x00, 0x00, 0x00, 0x00, 0x00,
    0x00, 0x00, 0x00, 0x00, 0xFF, 0xFF, 0x55, 0x03, 0xFF, 0xAA, 0x55, 0x03, 0x00, 0x00, 0x00, 0x00,
    0x00, 0x00, 0x00, 0x00, 0xFF, 0xFF, 0x00, 0x02, 0xFF, 0xBF, 0x3F, 0x04, 0xFF, 0xFF, 0x00, 0x01,
    0x00, 0x00, 0x00, 0x00, 0x00, 0x00, 0x00, 0x00, 0x00, 0x00, 0x00, 0x00, 0x00, 0x00, 0x00, 0x00,
    0x00, 0x00, 0x00, 0x00, 0x00, 0x00, 0x00, 0x00, 0xFF, 0xFF, 0x00, 0x01, 0xFF, 0xFF, 0x7F, 0x02,
    0xFF, 0xFF, 0x00, 0x01, 0x00, 0x00, 0x00, 0x00, 0xFF, 0xFF, 0x66, 0x05, 0xFF, 0xD8, 0x57, 0xE8,
    0xFF, 0xD6, 0x57, 0x6C, 0x00, 0x00, 0x00, 0x00, 0xFF, 0xBF, 0x3F, 0x04, 0x00, 0x00, 0x00, 0x00,
    0xFF, 0xFF, 0x00, 0x02, 0x00, 0x00, 0x00, 0x00, 0x00, 0x00, 0x00, 0x00, 0x00, 0x00, 0x00, 0x00,
    0x00, 0x00, 0x00, 0x00, 0x00, 0x00, 0x00, 0x00, 0x00, 0x00, 0x00, 0x00, 0x00, 0x00, 0x00, 0x00,
    0x00, 0x00, 0x00, 0x00, 0x00, 0x00, 0x00, 0x00, 0x00, 0x00, 0x00, 0x00, 0x00, 0x00, 0x00, 0x00,
    0x00, 0x00, 0x00, 0x00, 0x00, 0x00, 0x00, 0x00, 0x00, 0x00, 0x00, 0x00, 0x00, 0x00, 0x00, 0x00,
    0x00, 0x00, 0x00, 0x00, 0x00, 0x00, 0x00, 0x00, 0xFF, 0xFF, 0x55, 0x03, 0x00, 0x00, 0x00, 0x00,
    0xFF, 0xDB, 0x59, 0x91, 0xFF, 0xE4, 0x5E, 0xFF, 0xFF, 0xE0, 0x5C, 0xFF, 0xFF, 0xD6, 0x59, 0x6C,
    0x00, 0x00, 0x00, 0x00, 0xFF, 0xCC, 0x33, 0x05, 0x00, 0x00, 0x00, 0x00, 0x00, 0x00, 0x00, 0x00,
    0x00, 0x00, 0x00, 0x00, 0xFF, 0xFF, 0x00, 0x01, 0xFF, 0xAA, 0x55, 0x03, 0xFF, 0xFF, 0x7F, 0x02,
    0x00, 0x00, 0x00, 0x00, 0xFF, 0xD7, 0x5A, 0x33, 0xFF, 0xD9, 0x5A, 0xD4, 0xFF, 0xE5, 0x5E, 0xFF,
    0xFF, 0xD8, 0x59, 0xFB, 0xFF, 0xD7, 0x58, 0xFE, 0xFF, 0xD8, 0x59, 0xFF, 0xFF, 0xD7, 0x59, 0xFB,
    0xFF, 0xE2, 0x5D, 0xFF, 0xFE, 0xDC, 0x5B, 0xEE, 0xFF, 0xD6, 0x56, 0x64, 0x00, 0x00, 0x00, 0x00,
    0x00, 0x00, 0x00, 0x00, 0xFF, 0xAA, 0x55, 0x03, 0xFF, 0xAA, 0x55, 0x03, 0x00, 0x00, 0x00, 0x00,
    0xFF, 0xCD, 0x53, 0x2E, 0xFF, 0xDE, 0x5B, 0xFB, 0xFF, 0xDD, 0x5A, 0xC7, 0xFF, 0xAA, 0x38, 0x09,
    0x00, 0x00, 0x00, 0x00, 0xFF, 0xBF, 0x3F, 0x04, 0x00, 0x00, 0x00, 0x00, 0xFF, 0xD5, 0x56, 0x3E,
    0xFF, 0xD9, 0x59, 0xE1, 0xFF, 0xE7, 0x5F, 0xFF, 0xFF, 0xDA, 0x5A, 0xFD, 0xFF, 0xD7, 0x58, 0xFB,
    0xFF, 0xD7, 0x59, 0xFB, 0xFF, 0xD7, 0x58, 0xFD, 0xFF, 0xD7, 0x58, 0xFE, 0xFF, 0xD7, 0x58, 0xFE,
    0xFE, 0xD8, 0x59, 0xFC, 0xFF, 0xD8, 0x59, 0xFB, 0xFF, 0xD6, 0x58, 0xFD, 0xFF, 0xDD, 0x5B, 0xFE,
    0xFF, 0xE6, 0x5E, 0xFF, 0xFE, 0xD7, 0x58, 0xB6, 0xFF, 0xCE, 0x55, 0x15, 0x00, 0x00, 0x00, 0x00,
    0xFF, 0xD4, 0x55, 0x06, 0x00, 0x00, 0x00, 0x00, 0xFF, 0xD7, 0x56, 0x4D, 0xFF, 0xE4, 0x5E, 0xFF,
    0xFE, 0xDC, 0x5A, 0xD1, 0xFF, 0xB2, 0x4C, 0x0A, 0x00, 0x00, 0x00, 0x00, 0xFF, 0xFF, 0x55, 0x03,
    0x00, 0x00, 0x00, 0x00, 0x00, 0x00, 0x00, 0x00, 0xFF, 0xD4, 0x56, 0x6D, 0xFF, 0xDD, 0x5B, 0xF3,
    0xFF, 0xE1, 0x5D, 0xFF, 0xFF, 0xD7, 0x59, 0xFB, 0xFF, 0xD8, 0x58, 0xFD, 0xFF, 0xD8, 0x59, 0xFF,
    0xFF, 0xD7, 0x58, 0xFE, 0xFF, 0xD8, 0x59, 0xFB, 0xFF, 0xE6, 0x5E, 0xFF, 0xFF, 0xD7, 0x58, 0xC3,
    0xFF, 0xD7, 0x57, 0x20, 0x00, 0x00, 0x00, 0x00, 0xFF, 0xFF, 0x55, 0x03, 0xFF, 0xFF, 0x7F, 0x02,
    0x00, 0x00, 0x00, 0x00, 0x00, 0x00, 0x00, 0x00, 0x00, 0x00, 0x00, 0x00, 0x00, 0x00, 0x00, 0x00,
    0xFF, 0xFF, 0x55, 0x03, 0x00, 0x00, 0x00, 0x00, 0xFF, 0xD9, 0x58, 0xA2, 0xFF, 0xE3, 0x5E, 0xFF,
    0xFF, 0xDF, 0x5B, 0xFF, 0xFF, 0xDE, 0x59, 0x5E, 0x00, 0x00, 0x00, 0x00, 0xFF, 0xBF, 0x3F, 0x04,
    0x00, 0x00, 0x00, 0x00, 0x00, 0x00, 0x00, 0x00, 0x00, 0x00, 0x00, 0x00, 0x00, 0x00, 0x00, 0x00,
    0x00, 0x00, 0x00, 0x00, 0x00, 0x00, 0x00, 0x00, 0x00, 0x00, 0x00, 0x00, 0x00, 0x00, 0x00, 0x00,
    0x00, 0x00, 0x00, 0x00, 0x00, 0x00, 0x00, 0x00, 0x00, 0x00, 0x00, 0x00, 0x00, 0x00, 0x00, 0x00,
    0x00, 0x00, 0x00, 0x00, 0x00, 0x00, 0x00, 0x00, 0x00, 0x00, 0x00, 0x00, 0x00, 0x00, 0x00, 0x00,
    0x00, 0x00, 0x00, 0x00, 0xFF, 0xFF, 0x00, 0x02, 0x00, 0x00, 0x00, 0x00, 0x00, 0x00, 0x00, 0x00,
    0x00, 0x00, 0x00, 0x00, 0x00, 0x00, 0x00, 0x00, 0xFF, 0x00, 0x00, 0x01, 0x00, 0x00, 0x00, 0x00,
    0x00, 0x00, 0x00, 0x00, 0x00, 0x00, 0x00, 0x00, 0xFF, 0xFF, 0x7F, 0x02, 0xFF, 0xFF, 0x00, 0x01,
    0x00, 0x00, 0x00, 0x00, 0x00, 0x00, 0x00, 0x00, 0x00, 0x00, 0x00, 0x00, 0xFF, 0xFF, 0x00, 0x01,
    0xFF, 0xFF, 0x7F, 0x02, 0x00, 0x00, 0x00, 0x00, 0xFF, 0xDE, 0x5A, 0x1F, 0xFF, 0xD6, 0x57, 0x72,
    0xFF, 0xD8, 0x58, 0xB8, 0xFF, 0xDE, 0x5B, 0xFF, 0xFF, 0xDA, 0x59, 0xD8, 0xFF, 0xD8, 0x58, 0x9F,
    0xFE, 0xD7, 0x56, 0x5B, 0xFF, 0xD4, 0x55, 0x0C, 0x00, 0x00, 0x00, 0x00, 0xFF, 0xFF, 0x7F, 0x02,
    0x00, 0x00, 0x00, 0x00, 0x00, 0x00, 0x00, 0x00, 0x00, 0x00, 0x00, 0x00, 0x00, 0x00, 0x00, 0x00,
    0x00, 0x00, 0x00, 0x00, 0x00, 0x00, 0x00, 0x00, 0x00, 0x00, 0x00, 0x00, 0x00, 0x00, 0x00, 0x00,
    0x00, 0x00, 0x00, 0x00, 0x00, 0x00, 0x00, 0x00, 0x00, 0x00, 0x00, 0x00, 0x00, 0x00, 0x00, 0x00,
    0x00, 0x00, 0x00, 0x00, 0x00, 0x00, 0x00, 0x00, 0x00, 0x00, 0x00, 0x00, 0x00, 0x00, 0x00, 0x00,
    0xFF, 0xFF, 0x7F, 0x02, 0x00, 0x00, 0x00, 0x00, 0xFE, 0xD8, 0x58, 0xA4, 0xFF, 0xE2, 0x5D, 0xFF,
    0xFF, 0xDF, 0x5C, 0xFF, 0xFF, 0xD9, 0x58, 0xC3, 0xFF, 0xAA, 0x00, 0x03, 0x00, 0x00, 0x00, 0x00,
    0xFF, 0xFF, 0x7F, 0x04, 0xFF, 0xFF, 0x7F, 0x04, 0xFF, 0xFF, 0x7F, 0x02, 0x00, 0x00, 0x00, 0x00,
    0x00, 0x00, 0x00, 0x00, 0xFF, 0xC6, 0x38, 0x09, 0xFF, 0xD4, 0x58, 0x79, 0xFF, 0xDC, 0x5B, 0xF5,
    0xFF, 0xE0, 0x5C, 0xFF, 0xFE, 0xD6, 0x58, 0xFC, 0xFF, 0xD8, 0x59, 0xFF, 0xFF, 0xD7, 0x58, 0xFD,
    0xFF, 0xD9, 0x59, 0xFB, 0xFF, 0xE6, 0x5F, 0xFF, 0xFF, 0xD9, 0x58, 0xC4, 0xFF, 0xD1, 0x55, 0x27,
    0x00, 0x00, 0x00, 0x00, 0xFF, 0xAA, 0x55, 0x03, 0xFF, 0x7F, 0x7F, 0x02, 0x00, 0x00, 0x00, 0x00,
    0xFF, 0xFF, 0x00, 0x01, 0x00, 0x00, 0x00, 0x00, 0xFF, 0xDD, 0x59, 0xAD, 0xFF, 0xE2, 0x5D, 0xFF,
    0xFF, 0xD2, 0x58, 0x34, 0x00, 0x00, 0x00, 0x00, 0xFF, 0xCC, 0x66, 0x05, 0x00, 0x00, 0x00, 0x00,
    0xFF, 0xD2, 0x55, 0x45, 0xFF, 0xDD, 0x5A, 0xF4, 0xFF, 0xDF, 0x5C, 0xFF, 0xFF, 0xD6, 0x58, 0xFB,
    0xFF, 0xD7, 0x59, 0xFE, 0xFF, 0xD8, 0x59, 0xFF, 0xFF, 0xD8, 0x59, 0xFF, 0xFF, 0xD8, 0x59, 0xFF,
    0xFF, 0xD8, 0x59, 0xFF, 0xFF, 0xD8, 0x59, 0xFF, 0xFF, 0xD8, 0x59, 0xFF, 0xFF, 0xD8, 0x59, 0xFF,
    0xFF, 0xD8, 0x59, 0xFF, 0xFF, 0xD7, 0x58, 0xFD, 0xFF, 0xD7, 0x58, 0xFB, 0xFF, 0xE7, 0x5F, 0xFF,
    0xFE, 0xDA, 0x59, 0xCA, 0xFF, 0xCE, 0x55, 0x15, 0x00, 0x00, 0x00, 0x00, 0xFF, 0xCC, 0x66, 0x05,
    0x00, 0x00, 0x00, 0x00, 0xFF, 0xD9, 0x5A, 0x8D, 0xFF, 0xF1, 0x64, 0xFF, 0xFF, 0xD7, 0x57, 0x66,
    0x00, 0x00, 0x00, 0x00, 0xFF, 0xFF, 0x55, 0x03, 0xFF, 0xFF, 0xFF, 0x01, 0xFF, 0xAA, 0x55, 0x03,
    0x00, 0x00, 0x00, 0x00, 0xFF, 0xD2, 0x58, 0x2E, 0xFF, 0xD7, 0x58, 0xC9, 0xFF, 0xE6, 0x5E, 0xFF,
    0xFE, 0xD9, 0x5A, 0xFC, 0xFE, 0xD7, 0x59, 0xFC, 0xFF, 0xD8, 0x59, 0xFF, 0xFF, 0xD8, 0x59, 0xFE,
    0xFF, 0xD8, 0x58, 0xFB, 0xFF, 0xE3, 0x5D, 0xFF, 0xFF, 0xDB, 0x5A, 0xE7, 0xFF, 0xD4, 0x58, 0x54,
    0x00, 0x00, 0x00, 0x00, 0xFF, 0x00, 0x00, 0x01, 0xFF, 0xFF, 0x00, 0x01, 0xFF, 0xBF, 0x3F, 0x04,
    0xFF, 0xBF, 0x3F, 0x04, 0xFF, 0xCC, 0x33, 0x05, 0x00, 0x00, 0x00, 0x00, 0xFF, 0xDC, 0x5C, 0x16,
    0xFE, 0xD8, 0x59, 0xE5, 0xFF, 0xD9, 0x59, 0xFF, 0xFF, 0xE7, 0x5F, 0xFF, 0xFF, 0xD9, 0x58, 0x81,
    0x00, 0x00, 0x00, 0x00, 0xFF, 0xFF, 0x7F, 0x04, 0x00, 0x00, 0x00, 0x00, 0x00, 0x00, 0x00, 0x00,
    0x00, 0x00, 0x00, 0x00, 0x00, 0x00, 0x00, 0x00, 0x00, 0x00, 0x00, 0x00, 0x00, 0x00, 0x00, 0x00,
    0x00, 0x00, 0x00, 0x00, 0x00, 0x00, 0x00, 0x00, 0x00, 0x00, 0x00, 0x00, 0x00, 0x00, 0x00, 0x00,
    0x00, 0x00, 0x00, 0x00, 0x00, 0x00, 0x00, 0x00, 0x00, 0x00, 0x00, 0x00, 0x00, 0x00, 0x00, 0x00,
    0x00, 0x00, 0x00, 0x00, 0x00, 0x00, 0x00, 0x00, 0xFF, 0xFF, 0x7F, 0x02, 0x00, 0x00, 0x00, 0x00,
    0xFF, 0xD7, 0x62, 0x0D, 0xFF, 0xD8, 0x58, 0x5C, 0xFE, 0xD7, 0x59, 0xA3, 0xFE, 0xD9, 0x59, 0xC5,
    0xFE, 0xD7, 0x58, 0xCA, 0xFF, 0xD7, 0x58, 0xB0, 0xFF, 0xD7, 0x57, 0x74, 0xFF, 0xD7, 0x57, 0x20,
    0x00, 0x00, 0x00, 0x00, 0xFF, 0xFF, 0x7F, 0x02, 0xFF, 0xFF, 0x00, 0x01, 0x00, 0x00, 0x00, 0x00,
    0xFF, 0xFF, 0x00, 0x01, 0x00, 0x00, 0x00, 0x00, 0xFF, 0xCC, 0x66, 0x05, 0xFF, 0xD4, 0x57, 0x7D,
    0xFF, 0xDC, 0x5A, 0xF5, 0xFF, 0xF4, 0x64, 0xFF, 0xFF, 0xE2, 0x5E, 0xFE, 0xFE, 0xD6, 0x58, 0xEF,
    0xFF, 0xD8, 0x59, 0xF8, 0xFF, 0xEC, 0x61, 0xFF, 0xFF, 0xF1, 0x63, 0xFF, 0xFF, 0xD8, 0x58, 0xDD,
    0xFF, 0xD7, 0x56, 0x4D, 0x00, 0x00, 0x00, 0x00, 0xFF, 0xFF, 0x00, 0x02, 0x00, 0x00, 0x00, 0x00,
    0x00, 0x00, 0x00, 0x00, 0x00, 0x00, 0x00, 0x00, 0x00, 0x00, 0x00, 0x00, 0x00, 0x00, 0x00, 0x00,
    0x00, 0x00, 0x00, 0x00, 0x00, 0x00, 0x00, 0x00, 0x00, 0x00, 0x00, 0x00, 0x00, 0x00, 0x00, 0x00,
    0x00, 0x00, 0x00, 0x00, 0x00, 0x00, 0x00, 0x00, 0x00, 0x00, 0x00, 0x00, 0x00, 0x00, 0x00, 0x00,
    0x00, 0x00, 0x00, 0x00, 0x00, 0x00, 0x00, 0x00, 0xFF, 0xFF, 0x7F, 0x02, 0x00, 0x00, 0x00, 0x00,
    0xFE, 0xD7, 0x59, 0xA3, 0xFF, 0xE5, 0x5E, 0xFF, 0xFF, 0xD7, 0x58, 0xFA, 0xFF, 0xE1, 0x5C, 0xFF,
    0xFF, 0xD9, 0x58, 0x8D, 0xFF, 0xAA, 0x55, 0x03, 0x00, 0x00, 0x00, 0x00, 0xFF, 0xFF, 0x00, 0x01,
    0x00, 0x00, 0x00, 0x00, 0xFF, 0xD4, 0x55, 0x12, 0xFF, 0xD8, 0x57, 0x63, 0xFF, 0xD8, 0x58, 0xD5,
    0xFF, 0xE4, 0x5D, 0xFF, 0xFF, 0xDA, 0x59, 0xFD, 0xFF, 0xD6, 0x58, 0xFD, 0xFF, 0xD8, 0x59, 0xFF,
    0xFF, 0xD6, 0x58, 0xFD, 0xFF, 0xDB, 0x5A, 0xFD, 0xFF, 0xE1, 0x5C, 0xFF, 0xFF, 0xD6, 0x57, 0x91,
    0xFF, 0xFF, 0x55, 0x06, 0x00, 0x00, 0x00, 0x00, 0xFF, 0xAA, 0x55, 0x03, 0x00, 0x00, 0x00, 0x00,
    0x00, 0x00, 0x00, 0x00, 0xFF, 0xFF, 0x7F, 0x02, 0x00, 0x00, 0x00, 0x00, 0xFF, 0xDB, 0x5B, 0x32,
    0xFF, 0xE4, 0x5E, 0xFF, 0xFF, 0xDA, 0x59, 0x94, 0x00, 0x00, 0x00, 0x00, 0xFF, 0xCC, 0x33, 0x05,
    0x00, 0x00, 0x00, 0x00, 0xFF, 0xCA, 0x55, 0x27, 0xFF, 0xDC, 0x5B, 0xE8, 0xFF, 0xDE, 0x5B, 0xFF,
    0xFF, 0xD7, 0x59, 0xFB, 0xFF, 0xD8, 0x59, 0xFF, 0xFF, 0xD8, 0x59, 0xFF, 0xFF, 0xD8, 0x59, 0xFF,
    0xFF, 0xD8, 0x59, 0xFF, 0xFF, 0xD8, 0x59, 0xFF, 0xFF, 0xD7, 0x59, 0xFE, 0xFF, 0xD7, 0x59, 0xFE,
    0xFF, 0xD8, 0x59, 0xFF, 0xFF, 0xD8, 0x59, 0xFF, 0xFF, 0xD8, 0x59, 0xFF, 0xFF, 0xD8, 0x59, 0xFF,
    0xFF, 0xD8, 0x59, 0xFF, 0xFF, 0xD7, 0x58, 0xFA, 0xFF, 0xE7, 0x5F, 0xFF, 0xFF, 0xDA, 0x59, 0xB1,
    0x00, 0x00, 0x00, 0x00, 0xFF, 0xFF, 0x00, 0x01, 0x00, 0x00, 0x00, 0x00, 0xFF, 0xCC, 0x4C, 0x14,
    0xFE, 0xDA, 0x5A, 0xE9, 0xFF, 0xDC, 0x5A, 0xD0, 0xFF, 0x7F, 0x00, 0x02, 0x00, 0x00, 0x00, 0x00,
    0xFF, 0xFF, 0x00, 0x01, 0x00, 0x00, 0x00, 0x00, 0xFF, 0xAA, 0x55, 0x03, 0x00, 0x00, 0x00, 0x00,
    0xFE, 0xDA, 0x48, 0x07, 0xFF, 0xD5, 0x57, 0x86, 0xFF, 0xDD, 0x5B, 0xFB, 0xFF, 0xDF, 0x5C, 0xFF,
    0xFF, 0xD7, 0x59, 0xFB, 0xFF, 0xD8, 0x59, 0xFD, 0xFF, 0xD8, 0x59, 0xFF, 0xFE, 0xD7, 0x59, 0xFC,
    0xFF, 0xDC, 0x5A, 0xFE, 0xFF, 0xE0, 0x5C, 0xFF, 0xFF, 0xD5, 0x57, 0xB2, 0xFE, 0xDA, 0x5B, 0x38,
    0xFF, 0xAA, 0x55, 0x03, 0x00, 0x00, 0x00, 0x00, 0xFF, 0xFF, 0x00, 0x01, 0x00, 0x00, 0x00, 0x00,
    0xFE, 0xDA, 0x48, 0x07, 0xFE, 0xD9, 0x58, 0xA4, 0xFF, 0xE1, 0x5D, 0xFF, 0xFF, 0xD7, 0x59, 0xF9,
    0xFF, 0xE9, 0x60, 0xFF, 0xFF, 0xD9, 0x5A, 0x82, 0x00, 0x00, 0x00, 0x00, 0xFF, 0xFF, 0x7F, 0x04,
    0x00, 0x00, 0x00, 0x00, 0x00, 0x00, 0x00, 0x00, 0x00, 0x00, 0x00, 0x00, 0x00, 0x00, 0x00, 0x00,
    0x00, 0x00, 0x00, 0x00, 0x00, 0x00, 0x00, 0x00, 0x00, 0x00, 0x00, 0x00, 0x00, 0x00, 0x00, 0x00,
    0x00, 0x00, 0x00, 0x00, 0x00, 0x00, 0x00, 0x00, 0x00, 0x00, 0x00, 0x00, 0x00, 0x00, 0x00, 0x00,
    0x00, 0x00, 0x00, 0x00, 0x00, 0x00, 0x00, 0x00, 0x00, 0x00, 0x00, 0x00, 0xFF, 0xFF, 0x00, 0x02,
    0x00, 0x00, 0x00, 0x00, 0xFF, 0xD5, 0x57, 0x4F, 0xFE, 0xD8, 0x58, 0xDF, 0xFF, 0xF1, 0x63, 0xFF,
    0xFF, 0xEB, 0x61, 0xFE, 0xFE, 0xD7, 0x59, 0xFC, 0xFF, 0xD7, 0x58, 0xFA, 0xFF, 0xE4, 0x5E, 0xFF,
    0xFF, 0xF4, 0x64, 0xFF, 0xFF, 0xDC, 0x5A, 0xF5, 0xFF, 0xD6, 0x57, 0x7D, 0xFF, 0xCC, 0x66, 0x05,
    0x00, 0x00, 0x00, 0x00, 0xFF, 0xFF, 0x00, 0x01, 0x00, 0x00, 0x00, 0x00, 0xFF, 0xD4, 0x55, 0x06,
    0xFF, 0xD6, 0x59, 0xA9, 0xFF, 0xF1, 0x63, 0xFF, 0xFF, 0xDD, 0x5A, 0xE7, 0xFE, 0xD4, 0x58, 0x71,
    0xFF, 0xD9, 0x55, 0x1B, 0xFF, 0xFF, 0x00, 0x01, 0xFF, 0xFF, 0x7F, 0x04, 0xFF, 0xDD, 0x5A, 0x2D,
    0xFF, 0xD3, 0x57, 0x98, 0xFF, 0xE4, 0x5D, 0xFB, 0xFF, 0xE5, 0x5E, 0xFF, 0xFF, 0xD3, 0x57, 0x6F,
    0x00, 0x00, 0x00, 0x00, 0xFF, 0x7F, 0x7F, 0x02, 0x00, 0x00, 0x00, 0x00, 0x00, 0x00, 0x00, 0x00,
    0x00, 0x00, 0x00, 0x00, 0x00, 0x00, 0x00, 0x00, 0x00, 0x00, 0x00, 0x00, 0x00, 0x00, 0x00, 0x00,
    0x00, 0x00, 0x00, 0x00, 0x00, 0x00, 0x00, 0x00, 0x00, 0x00, 0x00, 0x00, 0x00, 0x00, 0x00, 0x00,
    0x00, 0x00, 0x00, 0x00, 0x00, 0x00, 0x00, 0x00, 0x00, 0x00, 0x00, 0x00, 0x00, 0x00, 0x00, 0x00,
    0xFF, 0xBF, 0x3F, 0x04, 0x00, 0x00, 0x00, 0x00, 0xFF, 0xDC, 0x59, 0x8B, 0xFF, 0xE7, 0x5F, 0xFF,
    0xFF, 0xD7, 0x58, 0xFB, 0xFF, 0xD8, 0x59, 0xFD, 0xFF, 0xE1, 0x5C, 0xFF, 0xFF, 0xD7, 0x59, 0xD3,
    0xFF, 0xD8, 0x58, 0x93, 0xFF, 0xD7, 0x58, 0x8D, 0xFF, 0xD6, 0x57, 0xAC, 0xFF, 0xD7, 0x59, 0xE8,
    0xFF, 0xE3, 0x5E, 0xFF, 0xFF, 0xDF, 0x5C, 0xFE, 0xFE, 0xD7, 0x59, 0xFC, 0xFF, 0xD7, 0x59, 0xFE,
    0xFF, 0xD8, 0x59, 0xFF, 0xFE, 0xD6, 0x59, 0xFC, 0xFF, 0xDD, 0x5B, 0xFF, 0xFE, 0xDE, 0x5B, 0xF6,
    0xFF, 0xD3, 0x56, 0x64, 0x00, 0x00, 0x00, 0x00, 0xFF, 0xFF, 0x7F, 0x02, 0xFF, 0x7F, 0x7F, 0x02,
    0x00, 0x00, 0x00, 0x00, 0x00, 0x00, 0x00, 0x00, 0x00, 0x00, 0x00, 0x00, 0xFF, 0xFF, 0x55, 0x03,
    0x00, 0x00, 0x00, 0x00, 0xFF, 0xDA, 0x5A, 0x8D, 0xFF, 0xDE, 0x5C, 0xFF, 0xFF, 0xDB, 0x5C, 0x24,
    0x00, 0x00, 0x00, 0x00, 0xFF, 0xAA, 0x55, 0x03, 0x00, 0x00, 0x00, 0x00, 0xFF, 0xDC, 0x5A, 0xAF,
    0xFF, 0xE5, 0x5E, 0xFF, 0xFF, 0xD7, 0x58, 0xFB, 0xFF, 0xD8, 0x59, 0xFF, 0xFF, 0xD8, 0x59, 0xFF,
    0xFF, 0xD8, 0x59, 0xFF, 0xFF, 0xD8, 0x59, 0xFF, 0xFF, 0xD7, 0x58, 0xFD, 0xFF, 0xD8, 0x59, 0xFB,
    0xFF, 0xD9, 0x59, 0xFF, 0xFF, 0xD7, 0x58, 0xFE, 0xFF, 0xD7, 0x58, 0xFB, 0xFF, 0xD8, 0x59, 0xFD,
    0xFF, 0xD8, 0x59, 0xFF, 0xFF, 0xD8, 0x59, 0xFF, 0xFF, 0xD8, 0x59, 0xFF, 0xFF, 0xD8, 0x59, 0xFF,
    0xFF, 0xD7, 0x59, 0xFB, 0xFF, 0xE5, 0x5E, 0xFF, 0xFF, 0xDC, 0x5A, 0x66, 0x00, 0x00, 0x00, 0x00,
    0xFF, 0xD4, 0x55, 0x06, 0x00, 0x00, 0x00, 0x00, 0xFE, 0xDA, 0x5A, 0x71, 0xFF, 0xE6, 0x5F, 0xFF,
    0xFF, 0xD3, 0x57, 0x3A, 0x00, 0x00, 0x00, 0x00, 0xFF, 0xFF, 0x7F, 0x02, 0x00, 0x00, 0x00, 0x00,
    0x00, 0x00, 0x00, 0x00, 0xFF, 0x7F, 0x00, 0x02, 0xFF, 0xFF, 0x7F, 0x02, 0x00, 0x00, 0x00, 0x00,
    0xFE, 0xD6, 0x59, 0x3F, 0xFF, 0xD8, 0x59, 0xD6, 0xFF, 0xE6, 0x5F, 0xFF, 0xFE, 0xD9, 0x5A, 0xFC,
    0xFE, 0xD7, 0x59, 0xFC, 0xFF, 0xD8, 0x59, 0xFF, 0xFF, 0xD8, 0x58, 0xFD, 0xFF, 0xD7, 0x58, 0xFD,
    0xFF, 0xE3, 0x5D, 0xFF, 0xFF, 0xDC, 0x5A, 0xFD, 0xFE, 0xD6, 0x58, 0xCA, 0xFF, 0xD8, 0x57, 0x91,
    0xFF, 0xD6, 0x57, 0x78, 0xFF, 0xD6, 0x58, 0x8A, 0xFF, 0xDA, 0x58, 0xD7, 0xFF, 0xE1, 0x5D, 0xFF,
    0xFF, 0xD7, 0x58, 0xFD, 0xFF, 0xD7, 0x58, 0xFD, 0xFF, 0xE1, 0x5D, 0xFF, 0xFF, 0xDC, 0x5C, 0x61,
    0x00, 0x00, 0x00, 0x00, 0xFF, 0xBF, 0x3F, 0x04, 0x00, 0x00, 0x00, 0x00, 0x00, 0x00, 0x00, 0x00,
    0x00, 0x00, 0x00, 0x00, 0x00, 0x00, 0x00, 0x00, 0x00, 0x00, 0x00, 0x00, 0x00, 0x00, 0x00, 0x00,
    0x00, 0x00, 0x00, 0x00, 0x00, 0x00, 0x00, 0x00, 0x00, 0x00, 0x00, 0x00, 0x00, 0x00, 0x00, 0x00,
    0x00, 0x00, 0x00, 0x00, 0x00, 0x00, 0x00, 0x00, 0x00, 0x00, 0x00, 0x00, 0x00, 0x00, 0x00, 0x00,
    0xFF, 0x7F, 0x7F, 0x02, 0x00, 0x00, 0x00, 0x00, 0xFF, 0xD3, 0x57, 0x6F, 0xFF, 0xE5, 0x5E, 0xFF,
    0xFF, 0xE4, 0x5D, 0xFA, 0xFF, 0xD3, 0x57, 0x97, 0xFF, 0xD6, 0x56, 0x2C, 0xFF, 0xBF, 0x3F, 0x04,
    0x00, 0x00, 0x00, 0x00, 0xFE, 0xD1, 0x5B, 0x1C, 0xFF, 0xD4, 0x57, 0x72, 0xFF, 0xDE, 0x5B, 0xE7,
    0xFF, 0xF2, 0x63, 0xFF, 0xFF, 0xD6, 0x57, 0xA9, 0xFF, 0xAA, 0x55, 0x06, 0x00, 0x00, 0x00, 0x00,
    0x00, 0x00, 0x00, 0x00, 0xFF, 0xD9, 0x58, 0x8D, 0xFF, 0xF2, 0x64, 0xFF, 0xFF, 0xDB, 0x5A, 0xC0,
    0xFF, 0xDA, 0x55, 0x15, 0xFF, 0xD4, 0x55, 0x06, 0xFF, 0xD5, 0x57, 0x63, 0xFF, 0xD8, 0x58, 0x98,
    0xFF, 0xD7, 0x59, 0x8F, 0xFF, 0xD8, 0x57, 0x43, 0x00, 0x00, 0x00, 0x00, 0xFF, 0xD0, 0x55, 0x42,
    0xFF, 0xDF, 0x5C, 0xEB, 0xFF, 0xE3, 0x5E, 0xFF, 0xFF, 0xD6, 0x58, 0x4B, 0x00, 0x00, 0x00, 0x00,
    0xFF, 0xAA, 0x55, 0x03, 0x00, 0x00, 0x00, 0x00, 0x00, 0x00, 0x00, 0x00, 0x00, 0x00, 0x00, 0x00,
    0x00, 0x00, 0x00, 0x00, 0x00, 0x00, 0x00, 0x00, 0x00, 0x00, 0x00, 0x00, 0x00, 0x00, 0x00, 0x00,
    0x00, 0x00, 0x00, 0x00, 0x00, 0x00, 0x00, 0x00, 0x00, 0x00, 0x00, 0x00, 0x00, 0x00, 0x00, 0x00,
    0x00, 0x00, 0x00, 0x00, 0x00, 0x00, 0x00, 0x00, 0xFF, 0xFF, 0x55, 0x03, 0x00, 0x00, 0x00, 0x00,
    0xFF, 0xDD, 0x5C, 0x53, 0xFF, 0xE2, 0x5D, 0xFF, 0xFE, 0xD7, 0x59, 0xFC, 0xFF, 0xD8, 0x59, 0xFE,
    0xFF, 0xD7, 0x58, 0xFD, 0xFF, 0xE0, 0x5B, 0xFF, 0xFF, 0xE7, 0x5F, 0xFF, 0xFF, 0xE8, 0x5F, 0xFF,
    0xFF, 0xE5, 0x5E, 0xFF, 0xFF, 0xDC, 0x5A, 0xFF, 0xFE, 0xD8, 0x59, 0xFC, 0xFF, 0xD7, 0x58, 0xFD,
    0xFF, 0xD8, 0x59, 0xFF, 0xFF, 0xD8, 0x59, 0xFF, 0xFE, 0xD6, 0x58, 0xFC, 0xFF, 0xE0, 0x5C, 0xFF,
    0xFF, 0xDB, 0x5B, 0xE8, 0xFF, 0xD3, 0x57, 0x40, 0x00, 0x00, 0x00, 0x00, 0xFF, 0xBF, 0x3F, 0x04,
    0xFF, 0xFF, 0x00, 0x01, 0x00, 0x00, 0x00, 0x00, 0x00, 0x00, 0x00, 0x00, 0x00, 0x00, 0x00, 0x00,
    0xFF, 0xFF, 0x00, 0x01, 0x00, 0x00, 0x00, 0x00, 0x00, 0x00, 0x00, 0x00, 0xFF, 0xD9, 0x59, 0xDB,
    0xFF, 0xDA, 0x59, 0xB0, 0x00, 0x00, 0x00, 0x00, 0xFF, 0xCC, 0x66, 0x05, 0x00, 0x00, 0x00, 0x00,
    0xFF, 0xD8, 0x58, 0x42, 0xFF, 0xDC, 0x5B, 0xFF, 0xFF, 0xD8, 0x58, 0xFD, 0xFF, 0xD8, 0x59, 0xFF,
    0xFF, 0xD8, 0x59, 0xFF, 0xFF, 0xD8, 0x59, 0xFF, 0xFF, 0xD8, 0x59, 0xFF, 0xFF, 0xD6, 0x58, 0xFD,
    0xFF, 0xDE, 0x5B, 0xFE, 0xFF, 0xE4, 0x5E, 0xFF, 0xFE, 0xD7, 0x59, 0xFC, 0xFF, 0xDA, 0x59, 0xFD,
    0xFF, 0xE5, 0x5F, 0xFF, 0xFF, 0xDA, 0x5A, 0xFD, 0xFF, 0xD7, 0x58, 0xFE, 0xFF, 0xD8, 0x59, 0xFF,
    0xFF, 0xD8, 0x59, 0xFF, 0xFF, 0xD8, 0x59, 0xFF, 0xFF, 0xD7, 0x58, 0xFD, 0xFF, 0xDE, 0x5B, 0xFF,
    0xFF, 0xDC, 0x5A, 0xD8, 0xFF, 0xD4, 0x55, 0x0C, 0x00, 0x00, 0x00, 0x00, 0x00, 0x00, 0x00, 0x00,
    0xFE, 0xB6, 0x48, 0x0E, 0xFF, 0xDF, 0x5B, 0xEC, 0xFF, 0xEA, 0x61, 0x6E, 0x00, 0x00, 0x00, 0x00,
    0xFF, 0xFF, 0x3F, 0x04, 0x00, 0x00, 0x00, 0x00, 0x00, 0x00, 0x00, 0x00, 0x00, 0x00, 0x00, 0x00,
    0xFF, 0xFF, 0x00, 0x01, 0xFF, 0xAA, 0x55, 0x03, 0x00, 0x00, 0x00, 0x00, 0xFF, 0xD7, 0x62, 0x0D,
    0xFF, 0xD3, 0x57, 0x8E, 0xFF, 0xDD, 0x5A, 0xFA, 0xFF, 0xE2, 0x5D, 0xFF, 0xFE, 0xD7, 0x59, 0xFC,
    0xFF, 0xD7, 0x58, 0xFE, 0xFF, 0xD8, 0x59, 0xFF, 0xFF, 0xD8, 0x59, 0xFB, 0xFF, 0xD7, 0x58, 0xFE,
    0xFF, 0xE1, 0x5C, 0xFF, 0xFF, 0xE7, 0x5F, 0xFF, 0xFF, 0xE4, 0x5E, 0xFF, 0xFF, 0xE7, 0x5F, 0xFF,
    0xFF, 0xDF, 0x5C, 0xFF, 0xFF, 0xD6, 0x58, 0xFD, 0xFF, 0xD7, 0x59, 0xFE, 0xFF, 0xD9, 0x59, 0xFF,
    0xFF, 0xDD, 0x5A, 0xF1, 0xFF, 0xD9, 0x5A, 0x22, 0x00, 0x00, 0x00, 0x00, 0xFF, 0x7F, 0x7F, 0x02,
    0x00, 0x00, 0x00, 0x00, 0x00, 0x00, 0x00, 0x00, 0x00, 0x00, 0x00, 0x00, 0x00, 0x00, 0x00, 0x00,
    0x00, 0x00, 0x00, 0x00, 0x00, 0x00, 0x00, 0x00, 0x00, 0x00, 0x00, 0x00, 0x00, 0x00, 0x00, 0x00,
    0x00, 0x00, 0x00, 0x00, 0x00, 0x00, 0x00, 0x00, 0x00, 0x00, 0x00, 0x00, 0x00, 0x00, 0x00, 0x00,
    0x00, 0x00, 0x00, 0x00, 0xFF, 0xAA, 0x55, 0x03, 0x00, 0x00, 0x00, 0x00, 0xFF, 0xD3, 0x57, 0x4C,
    0xFF, 0xE4, 0x5E, 0xFF, 0xFF, 0xDF, 0x5C, 0xEA, 0xFF, 0xD3, 0x57, 0x40, 0x00, 0x00, 0x00, 0x00,
    0xFF, 0xD6, 0x57, 0x46, 0xFF, 0xD8, 0x58, 0x90, 0xFF, 0xD8, 0x59, 0x97, 0xFF, 0xD7, 0x57, 0x60,
    0xFF, 0xFF, 0x3F, 0x04, 0xFF, 0xD2, 0x58, 0x17, 0xFF, 0xDB, 0x59, 0xC2, 0xFF, 0xF2, 0x64, 0xFF,
    0xFF, 0xD8, 0x58, 0x8B, 0x00, 0x00, 0x00, 0x00, 0xFF, 0xD8, 0x5B, 0x35, 0xFF, 0xE0, 0x5C, 0xFF,
    0xFF, 0xDB, 0x5A, 0xDD, 0xFF, 0xCF, 0x4F, 0x10, 0xFF, 0xD5, 0x58, 0x37, 0xFF, 0xD9, 0x59, 0xE7,
    0xFF, 0xE7, 0x5F, 0xFF, 0xFF, 0xE7, 0x60, 0xFE, 0xFF, 0xE7, 0x5F, 0xFE, 0xFF, 0xE5, 0x5E, 0xFF,
    0xFF, 0xD7, 0x58, 0xBB, 0xFF, 0xD4, 0x55, 0x06, 0xFF, 0xD7, 0x56, 0x47, 0xFF, 0xE4, 0x5E, 0xFF,
    0xFF, 0xDD, 0x5A, 0xD0, 0xFE, 0xB6, 0x48, 0x07, 0x00, 0x00, 0x00, 0x00, 0xFF, 0xFF, 0x00, 0x01,
    0x00, 0x00, 0x00, 0x00, 0x00, 0x00, 0x00, 0x00, 0x00, 0x00, 0x00, 0x00, 0x00, 0x00, 0x00, 0x00,
    0x00, 0x00, 0x00, 0x00, 0x00, 0x00, 0x00, 0x00, 0x00, 0x00, 0x00, 0x00, 0x00, 0x00, 0x00, 0x00,
    0x00, 0x00, 0x00, 0x00, 0x00, 0x00, 0x00, 0x00, 0x00, 0x00, 0x00, 0x00, 0x00, 0x00, 0x00, 0x00,
    0xFF, 0xFF, 0x00, 0x01, 0x00, 0x00, 0x00, 0x00, 0xFE, 0xB6, 0x48, 0x07, 0xFE, 0xDE, 0x5A, 0xCA,
    0xFF, 0xE3, 0x5D, 0xFF, 0xFF, 0xD7, 0x58, 0xFA, 0xFF, 0xD8, 0x59, 0xFE, 0xFE, 0xD8, 0x59, 0xFC,
    0xFF, 0xD7, 0x58, 0xFB, 0xFF, 0xD7, 0x59, 0xFB, 0xFF, 0xD7, 0x59, 0xFB, 0xFF, 0xD7, 0x59, 0xFE,
    0xFF, 0xD8, 0x59, 0xFF, 0xFF, 0xD8, 0x59, 0xFF, 0xFF, 0xD8, 0x59, 0xFF, 0xFF, 0xD7, 0x58, 0xFD,
    0xFF, 0xE2, 0x5D, 0xFF, 0xFF, 0xDB, 0x59, 0xD8, 0xFF, 0xD4, 0x55, 0x2A, 0x00, 0x00, 0x00, 0x00,
    0xFF, 0xFF, 0x55, 0x03, 0x00, 0x00, 0x00, 0x00, 0x00, 0x00, 0x00, 0x00, 0x00, 0x00, 0x00, 0x00,
    0x00, 0x00, 0x00, 0x00, 0x00, 0x00, 0x00, 0x00, 0xFF, 0xFF, 0x00, 0x01, 0x00, 0x00, 0x00, 0x00,
    0xFF, 0xC6, 0x55, 0x09, 0xFF, 0xE1, 0x5D, 0xEB, 0xFF, 0xD9, 0x59, 0x58, 0x00, 0x00, 0x00, 0x00,
    0xFF, 0xD4, 0x55, 0x06, 0x00, 0x00, 0x00, 0x00, 0xFF, 0xDC, 0x5A, 0x9B, 0xFF, 0xE5, 0x5E, 0xFF,
    0xFF, 0xD8, 0x59, 0xFB, 0xFF, 0xD8, 0x59, 0xFF, 0xFF, 0xD8, 0x59, 0xFF, 0xFF, 0xD8, 0x59, 0xFF,
    0xFF, 0xD6, 0x58, 0xFE, 0xFF, 0xE0, 0x5C, 0xFF, 0xFF, 0xDC, 0x5A, 0xDB, 0xFF, 0xD4, 0x56, 0x67,
    0xFF, 0xD9, 0x59, 0x36, 0xFF, 0xD8, 0x59, 0x3C, 0xFF, 0xD5, 0x58, 0x88, 0xFF, 0xDD, 0x5A, 0xF4,
    0xFF, 0xDB, 0x5A, 0xFF, 0xFF, 0xD7, 0x59, 0xFE, 0xFF, 0xD8, 0x59, 0xFF, 0xFF, 0xD8, 0x59, 0xFF,
    0xFF, 0xD8, 0x59, 0xFF, 0xFF, 0xD7, 0x58, 0xFD, 0xFF, 0xE0, 0x5C, 0xFF, 0xFF, 0xDA, 0x58, 0x54,
    0x00, 0x00, 0x00, 0x00, 0xFF, 0xCC, 0x66, 0x05, 0x00, 0x00, 0x00, 0x00, 0xFF, 0xD6, 0x59, 0x58,
    0xFF, 0xDA, 0x58, 0x45, 0x00, 0x00, 0x00, 0x00, 0xFF, 0xFF, 0x7F, 0x02, 0x00, 0x00, 0x00, 0x00,
    0x00, 0x00, 0x00, 0x00, 0x00, 0x00, 0x00, 0x00, 0x00, 0x00, 0x00, 0x00, 0x00, 0x00, 0x00, 0x00,
    0xFF, 0xFF, 0x00, 0x02, 0xFF, 0xFF, 0x00, 0x02, 0x00, 0x00, 0x00, 0x00, 0xFF, 0xD9, 0x58, 0x37,
    0xFF, 0xD7, 0x58, 0xC4, 0xFF, 0xE3, 0x5D, 0xFF, 0xFF, 0xDB, 0x5A, 0xFE, 0xFF, 0xD7, 0x59, 0xFF,
    0xFF, 0xD8, 0x59, 0xFF, 0xFF, 0xD8, 0x59, 0xFF, 0xFE, 0xD7, 0x59, 0xFC, 0xFF, 0xD7, 0x59, 0xFB,
    0xFE, 0xD7, 0x59, 0xFC, 0xFF, 0xD7, 0x59, 0xFB, 0xFF, 0xD7, 0x58, 0xFD, 0xFF, 0xD8, 0x59, 0xFF,
    0xFF, 0xD7, 0x58, 0xF9, 0xFF, 0xE8, 0x5F, 0xFF, 0xFF, 0xD9, 0x59, 0x94, 0x00, 0x00, 0x00, 0x00,
    0xFF, 0xFF, 0x7F, 0x02, 0x00, 0x00, 0x00, 0x00, 0x00, 0x00, 0x00, 0x00, 0x00, 0x00, 0x00, 0x00,
    0x00, 0x00, 0x00, 0x00, 0x00, 0x00, 0x00, 0x00, 0x00, 0x00, 0x00, 0x00, 0x00, 0x00, 0x00, 0x00,
    0x00, 0x00, 0x00, 0x00, 0x00, 0x00, 0x00, 0x00, 0x00, 0x00, 0x00, 0x00, 0x00, 0x00, 0x00, 0x00,
    0x00, 0x00, 0x00, 0x00, 0x00, 0x00, 0x00, 0x00, 0xFF, 0xFF, 0x00, 0x01, 0x00, 0x00, 0x00, 0x00,
    0xFF, 0x9F, 0x3F, 0x08, 0xFF, 0xDC, 0x5A, 0xD0, 0xFF, 0xE3, 0x5D, 0xFF, 0xFF, 0xD9, 0x5A, 0x44,
    0xFF, 0xCC, 0x4C, 0x0A, 0xFF, 0xD7, 0x58, 0xC0, 0xFF, 0xE6, 0x5E, 0xFF, 0xFF, 0xE7, 0x5F, 0xFE,
    0xFF, 0xE7, 0x60, 0xFE, 0xFF, 0xE7, 0x5F, 0xFF, 0xFF, 0xDA, 0x59, 0xE4, 0xFF, 0xD6, 0x56, 0x32,
    0xFF, 0xC6, 0x55, 0x12, 0xFF, 0xDB, 0x59, 0xDE, 0xFF, 0xDF, 0x5B, 0xFF, 0xFF, 0xD7, 0x5A, 0x33,
    0xFF, 0xDE, 0x5A, 0x93, 0xFF, 0xF0, 0x63, 0xFF, 0xFE, 0xD7, 0x56, 0x5B, 0xFF, 0xC3, 0x4B, 0x11,
    0xFF, 0xDE, 0x5B, 0xEA, 0xFF, 0xE2, 0x5D, 0xFF, 0xFF, 0xD6, 0x58, 0xFB, 0xFF, 0xD8, 0x58, 0xFB,
    0xFF, 0xD7, 0x59, 0xFB, 0xFF, 0xD8, 0x59, 0xFA, 0xFF, 0xEA, 0x60, 0xFF, 0xFF, 0xDA, 0x59, 0xB1,
    0x00, 0x00, 0x00, 0x00, 0xFF, 0xD8, 0x59, 0xA6, 0xFF, 0xEC, 0x61, 0xFF, 0xFF, 0xDB, 0x58, 0x4E,
    0x00, 0x00, 0x00, 0x00, 0xFF, 0xD4, 0x55, 0x06, 0xFF, 0xAA, 0x55, 0x03, 0xFF, 0xAA, 0x55, 0x03,
    0xFF, 0xAA, 0x55, 0x03, 0xFF, 0xAA, 0x55, 0x03, 0xFF, 0xAA, 0x55, 0x03, 0xFF, 0xAA, 0x55, 0x03,
    0xFF, 0xAA, 0x55, 0x03, 0xFF, 0xAA, 0x55, 0x03, 0xFF, 0xAA, 0x55, 0x03, 0xFF, 0xAA, 0x55, 0x03,
    0xFF, 0x7F, 0x7F, 0x02, 0x00, 0x00, 0x00, 0x00, 0x00, 0x00, 0x00, 0x00, 0xFF, 0xFF, 0x7F, 0x02,
    0x00, 0x00, 0x00, 0x00, 0xFF, 0xD4, 0x55, 0x30, 0xFF, 0xDB, 0x5B, 0xE8, 0xFF, 0xE4, 0x5E, 0xFF,
    0xFF, 0xD8, 0x58, 0xFB, 0xFF, 0xD8, 0x58, 0xFA, 0xFE, 0xD8, 0x59, 0xFC, 0xFE, 0xD8, 0x59, 0xFC,
    0xFE, 0xD7, 0x59, 0xFC, 0xFE, 0xD7, 0x59, 0xFC, 0xFF, 0xD7, 0x59, 0xFE, 0xFF, 0xD8, 0x59, 0xFF,
    0xFF, 0xD7, 0x58, 0xFD, 0xFF, 0xDF, 0x5C, 0xFF, 0xFF, 0xD9, 0x59, 0xCE, 0xFF, 0xCF, 0x55, 0x1B,
    0x00, 0x00, 0x00, 0x00, 0xFF, 0xFF, 0x55, 0x03, 0x00, 0x00, 0x00, 0x00, 0x00, 0x00, 0x00, 0x00,
    0x00, 0x00, 0x00, 0x00, 0x00, 0x00, 0x00, 0x00, 0x00, 0x00, 0x00, 0x00, 0x00, 0x00, 0x00, 0x00,
    0x00, 0x00, 0x00, 0x00, 0x00, 0x00, 0x00, 0x00, 0xFF, 0xFF, 0x55, 0x03, 0xFF, 0xD7, 0x59, 0x4D,
    0xFF, 0xDD, 0x55, 0x0F, 0x00, 0x00, 0x00, 0x00, 0x00, 0x00, 0x00, 0x00, 0xFE, 0xFE, 0x6D, 0x07,
    0xFF, 0xDA, 0x5A, 0xDA, 0xFF, 0xDD, 0x5B, 0xFF, 0xFF, 0xD8, 0x58, 0xFD, 0xFF, 0xD8, 0x59, 0xFF,
    0xFF, 0xD8, 0x59, 0xFF, 0xFF, 0xD7, 0x58, 0xFD, 0xFF, 0xDF, 0x5C, 0xFF, 0xFF, 0xDA, 0x5A, 0xD4,
    0xFF, 0xD6, 0x51, 0x19, 0x00, 0x00, 0x00, 0x00, 0xFF, 0xFF, 0xFF, 0x01, 0xFF, 0xFF, 0x7F, 0x02,
    0x00, 0x00, 0x00, 0x00, 0xFF, 0xD9, 0x59, 0x4A, 0xFF, 0xDB, 0x5A, 0xF9, 0xFF, 0xD9, 0x59, 0xFF,
    0xFF, 0xD7, 0x59, 0xFE, 0xFF, 0xD8, 0x59, 0xFF, 0xFF, 0xD8, 0x59, 0xFF, 0xFF, 0xD8, 0x59, 0xFB,
    0xFF, 0xE7, 0x5F, 0xFF, 0xFF, 0xDA, 0x59, 0x94, 0x00, 0x00, 0x00, 0x00, 0xFF, 0xFF, 0x55, 0x03,
    0xFF, 0xFF, 0x00, 0x01, 0xFF, 0xFF, 0x00, 0x01, 0xFF, 0xFF, 0x00, 0x01, 0xFF, 0xFF, 0x00, 0x01,
    0x00, 0x00, 0x00, 0x00, 0x00, 0x00, 0x00, 0x00, 0x00, 0x00, 0x00, 0x00, 0x00, 0x00, 0x00, 0x00,
    0x00, 0x00, 0x00, 0x00, 0x00, 0x00, 0x00, 0x00, 0x00, 0x00, 0x00, 0x00, 0xFF, 0xFF, 0x00, 0x01,
    0xFF, 0xFF, 0x7F, 0x02, 0x00, 0x00, 0x00, 0x00, 0xFF, 0xAA, 0x55, 0x03, 0xFF, 0xD8, 0x56, 0x64,
    0xFF, 0xD8, 0x59, 0xF3, 0xFF, 0xDA, 0x5A, 0xFF, 0xFF, 0xD7, 0x59, 0xFE, 0xFF, 0xD7, 0x59, 0xFE,
    0xFE, 0xD7, 0x59, 0xFC, 0xFE, 0xD8, 0x59, 0xFC, 0xFF, 0xD7, 0x59, 0xFE, 0xFF, 0xD7, 0x59, 0xFE,
    0xFE, 0xD7, 0x59, 0xFC, 0xFF, 0xD8, 0x58, 0xFA, 0xFF, 0xE7, 0x5F, 0xFF, 0xFF, 0xDA, 0x5A, 0xC6,
    0xFF, 0xCF, 0x4F, 0x10, 0x00, 0x00, 0x00, 0x00, 0xFF, 0xFF, 0x00, 0x01, 0x00, 0x00, 0x00, 0x00,
    0x00, 0x00, 0x00, 0x00, 0xFF, 0xFF, 0xFF, 0x01, 0xFF, 0xFF, 0x7F, 0x02, 0xFF, 0xFF, 0x7F, 0x02,
    0xFF, 0xFF, 0x7F, 0x02, 0xFF, 0xFF, 0x7F, 0x02, 0xFF, 0xFF, 0x7F, 0x02, 0xFF, 0xFF, 0x7F, 0x02,
    0xFF, 0xFF, 0x7F, 0x02, 0xFF, 0xFF, 0x7F, 0x02, 0xFF, 0xFF, 0x7F, 0x02, 0xFF, 0xFF, 0x7F, 0x02,
    0xFF, 0xD4, 0x55, 0x06, 0x00, 0x00, 0x00, 0x00, 0xFF, 0xD7, 0x58, 0x4E, 0xFF, 0xED, 0x61, 0xFF,
    0xFF, 0xD8, 0x59, 0xA6, 0x00, 0x00, 0x00, 0x00, 0xFF, 0xDB, 0x5A, 0xB5, 0xFF, 0xEA, 0x60, 0xFF,
    0xFF, 0xD8, 0x59, 0xFA, 0xFF, 0xD7, 0x59, 0xFB, 0xFF, 0xD8, 0x59, 0xFB, 0xFF, 0xD6, 0x58, 0xFB,
    0xFF, 0xE2, 0x5D, 0xFF, 0xFF, 0xDC, 0x5B, 0xE7, 0xFE, 0xC8, 0x5B, 0x0E, 0xFE, 0xD7, 0x56, 0x5B,
    0xFF, 0xF0, 0x63, 0xFF, 0xFF, 0xDC, 0x5A, 0x93, 0xFF, 0xDA, 0x59, 0xDB, 0xFF, 0xD8, 0x59, 0xF9,
    0xFF, 0xD4, 0x55, 0x06, 0xFF, 0xDC, 0x5A, 0x7C, 0xFF, 0xE9, 0x60, 0xFF, 0xFF, 0xD8, 0x59, 0xF9,
    0xFF, 0xD8, 0x59, 0xFF, 0xFF, 0xD8, 0x59, 0xFF, 0xFF, 0xD8, 0x59, 0xFF, 0xFF, 0xD7, 0x59, 0xFE,
    0xFF, 0xD7, 0x58, 0xFD, 0xFF, 0xDE, 0x5B, 0xFF, 0xFF, 0xDB, 0x58, 0x2B, 0xFF, 0xD9, 0x59, 0x4A,
    0xFF, 0xF1, 0x63, 0xFF, 0xFF, 0xDB, 0x5A, 0x88, 0x00, 0x00, 0x00, 0x00, 0xFF, 0xBF, 0x3F, 0x04,
    0x00, 0x00, 0x00, 0x00, 0x00, 0x00, 0x00, 0x00, 0x00, 0x00, 0x00, 0x00, 0x00, 0x00, 0x00, 0x00,
    0x00, 0x00, 0x00, 0x00, 0x00, 0x00, 0x00, 0x00, 0x00, 0x00, 0x00, 0x00, 0x00, 0x00, 0x00, 0x00,
    0x00, 0x00, 0x00, 0x00, 0x00, 0x00, 0x00, 0x00, 0x00, 0x00, 0x00, 0x00, 0x00, 0x00, 0x00, 0x00,
    0x00, 0x00, 0x00, 0x00, 0x00, 0x00, 0x00, 0x00, 0xFF, 0x7F, 0x7F, 0x02, 0x00, 0x00, 0x00, 0x00,
    0xFF, 0xDA, 0x5B, 0x2A, 0xFE, 0xD6, 0x58, 0xC5, 0xFF, 0xE1, 0x5C, 0xFF, 0xFF, 0xE6, 0x5F, 0xFE,
    0xFF, 0xE2, 0x5D, 0xFF, 0xFF, 0xE2, 0x5D, 0xFF, 0xFF, 0xE3, 0x5D, 0xFF, 0xFF, 0xE3, 0x5D, 0xFF,
    0xFF, 0xD9, 0x59, 0xFD, 0xFF, 0xD7, 0x59, 0xFE, 0xFF, 0xD7, 0x59, 0xFE, 0xFF, 0xDC, 0x5B, 0xFF,
    0xFF, 0xD6, 0x57, 0x4C, 0x00, 0x00, 0x00, 0x00, 0xFF, 0xFF, 0x3F, 0x04, 0x00, 0x00, 0x00, 0x00,
    0x00, 0x00, 0x00, 0x00, 0x00, 0x00, 0x00, 0x00, 0x00, 0x00, 0x00, 0x00, 0x00, 0x00, 0x00, 0x00,
    0x00, 0x00, 0x00, 0x00, 0x00, 0x00, 0x00, 0x00, 0x00, 0x00, 0x00, 0x00, 0x00, 0x00, 0x00, 0x00,
    0x00, 0x00, 0x00, 0x00, 0x00, 0x00, 0x00, 0x00, 0x00, 0x00, 0x00, 0x00, 0xFF, 0xFF, 0x7F, 0x02,
    0x00, 0x00, 0x00, 0x00, 0xFF, 0xD9, 0x5A, 0x22, 0xFF, 0xD8, 0x59, 0xF7, 0xFF, 0xDA, 0x5A, 0xFF,
    0xFF, 0xD7, 0x59, 0xFE, 0xFF, 0xD8, 0x59, 0xFF, 0xFF, 0xD8, 0x59, 0xFF, 0xFF, 0xD7, 0x59, 0xFE,
    0xFF, 0xDE, 0x5C, 0xFF, 0xFF, 0xDB, 0x5A, 0x55, 0x00, 0x00, 0x00, 0x00, 0xFF, 0xD4, 0x55, 0x06,
    0xFF, 0xFF, 0x7F, 0x02, 0xFF, 0xAA, 0x55, 0x03, 0xFF, 0xCC, 0x33, 0x05, 0x00, 0x00, 0x00, 0x00,
    0xFF, 0xD8, 0x58, 0x99, 0xFF, 0xE5, 0x5F, 0xFF, 0xFF, 0xD8, 0x59, 0xFB, 0xFF, 0xD8, 0x59, 0xFF,
    0xFF, 0xD8, 0x59, 0xFF, 0xFE, 0xD8, 0x59, 0xFC, 0xFF, 0xE1, 0x5D, 0xFF, 0xFF, 0xDA, 0x59, 0xBE,
    0x00, 0x00, 0x00, 0x00, 0x00, 0x00, 0x00, 0x00, 0x00, 0x00, 0x00, 0x00, 0xFF, 0xFF, 0x00, 0x01,
    0xFF, 0xFF, 0x00, 0x01, 0x00, 0x00, 0x00, 0x00, 0x00, 0x00, 0x00, 0x00, 0x00, 0x00, 0x00, 0x00,
    0x00, 0x00, 0x00, 0x00, 0x00, 0x00, 0x00, 0x00, 0x00, 0x00, 0x00, 0x00, 0x00, 0x00, 0x00, 0x00,
    0x00, 0x00, 0x00, 0x00, 0x00, 0x00, 0x00, 0x00, 0x00, 0x00, 0x00, 0x00, 0xFF, 0xFF, 0x55, 0x03,
    0x00, 0x00, 0x00, 0x00, 0xFF, 0xD4, 0x55, 0x0C, 0xFF, 0xD8, 0x59, 0xDC, 0xFF, 0xDE, 0x5B, 0xFF,
    0xFF, 0xD7, 0x58, 0xFD, 0xFF, 0xD8, 0x59, 0xFD, 0xFF, 0xE2, 0x5D, 0xFF, 0xFF, 0xE1, 0x5C, 0xFF,
    0xFF, 0xDB, 0x5A, 0xFF, 0xFF, 0xDB, 0x5A, 0xFF, 0xFF, 0xDF, 0x5C, 0xFE, 0xFF, 0xE6, 0x5F, 0xFF,
    0xFF, 0xD6, 0x57, 0xBB, 0xFF, 0xDC, 0x5C, 0x16, 0x00, 0x00, 0x00, 0x00, 0xFF, 0x7F, 0x00, 0x02,
    0x00, 0x00, 0x00, 0x00, 0x00, 0x00, 0x00, 0x00, 0x00, 0x00, 0x00, 0x00, 0x00, 0x00, 0x00, 0x00,
    0x00, 0x00, 0x00, 0x00, 0x00, 0x00, 0x00, 0x00, 0x00, 0x00, 0x00, 0x00, 0x00, 0x00, 0x00, 0x00,
    0x00, 0x00, 0x00, 0x00, 0x00, 0x00, 0x00, 0x00, 0x00, 0x00, 0x00, 0x00, 0x00, 0x00, 0x00, 0x00,
    0x00, 0x00, 0x00, 0x00, 0x00, 0x00, 0x00, 0x00, 0xFF, 0xBF, 0x3F, 0x04, 0x00, 0x00, 0x00, 0x00,
    0xFF, 0xDB, 0x59, 0x89, 0xFF, 0xF1, 0x63, 0xFF, 0xFF, 0xD8, 0x58, 0x48, 0xFF, 0xDD, 0x58, 0x2E,
    0xFF, 0xDF, 0x5C, 0xFF, 0xFF, 0xD7, 0x58, 0xFD, 0xFF, 0xD8, 0x59, 0xFE, 0xFF, 0xD8, 0x59, 0xFF,
    0xFF, 0xD8, 0x59, 0xFF, 0xFF, 0xD8, 0x59, 0xFF, 0xFF, 0xD7, 0x59, 0xF9, 0xFF, 0xE8, 0x60, 0xFF,
    0xFF, 0xDB, 0x59, 0x7A, 0xFE, 0xDA, 0x48, 0x07, 0xFF, 0xD8, 0x59, 0xFA, 0xFF, 0xDA, 0x5A, 0xDA,
    0xFF, 0xDB, 0x5B, 0xFF, 0xFE, 0xD7, 0x59, 0xD1, 0x00, 0x00, 0x00, 0x00, 0xFF, 0xDA, 0x5A, 0xAF,
    0xFF, 0xE3, 0x5D, 0xFF, 0xFE, 0xD8, 0x59, 0xFC, 0xFF, 0xD8, 0x59, 0xFF, 0xFF, 0xD8, 0x59, 0xFF,
    0xFF, 0xD8, 0x59, 0xFF, 0xFF, 0xD8, 0x59, 0xFF, 0xFE, 0xD7, 0x59, 0xFC, 0xFF, 0xE4, 0x5E, 0xFF,
    0xFF, 0xDC, 0x5A, 0x60, 0xFF, 0xDB, 0x57, 0x1D, 0xFF, 0xE0, 0x5C, 0xFF, 0xFE, 0xD7, 0x58, 0xCA,
    0xFF, 0xDB, 0x56, 0x50, 0xFF, 0xDB, 0x57, 0x55, 0xFF, 0xDA, 0x56, 0x4D, 0xFF, 0xDA, 0x57, 0x4C,
    0xFF, 0xD8, 0x5A, 0x55, 0xFF, 0xD7, 0x59, 0x53, 0xFF, 0xD9, 0x58, 0x4B, 0xFF, 0xD9, 0x58, 0x4B,
    0xFF, 0xD9, 0x58, 0x4B, 0xFF, 0xD9, 0x58, 0x4B, 0xFF, 0xD9, 0x58, 0x4B, 0xFF, 0xDB, 0x56, 0x50,
    0xFF, 0xD9, 0x5A, 0x30, 0x00, 0x00, 0x00, 0x00, 0xFF, 0x00, 0x00, 0x01, 0x00, 0x00, 0x00, 0x00,
    0x00, 0x00, 0x00, 0x00, 0xFF, 0x7F, 0x7F, 0x02, 0x00, 0x00, 0x00, 0x00, 0xFF, 0xCC, 0x66, 0x05,
    0xFF, 0xD5, 0x56, 0x4A, 0xFF, 0xD7, 0x57, 0x8E, 0xFF, 0xD6, 0x58, 0xB2, 0xFF, 0xD6, 0x58, 0xBC,
    0xFF, 0xD8, 0x58, 0xAC, 0xFF, 0xD8, 0x58, 0xAC, 0xFF, 0xDC, 0x5A, 0xF4, 0xFF, 0xD9, 0x59, 0xFF,
    0xFF, 0xD7, 0x58, 0xFD, 0xFF, 0xE0, 0x5C, 0xFF, 0xFF, 0xD8, 0x57, 0x69, 0x00, 0x00, 0x00, 0x00,
    0xFF, 0xBF, 0x3F, 0x04, 0x00, 0x00, 0x00, 0x00, 0x00, 0x00, 0x00, 0x00, 0x00, 0x00, 0x00, 0x00,
    0x00, 0x00, 0x00, 0x00, 0x00, 0x00, 0x00, 0x00, 0x00, 0x00, 0x00, 0x00, 0x00, 0x00, 0x00, 0x00,
    0xFF, 0xFF, 0x00, 0x01, 0x00, 0x00, 0x00, 0x00, 0xFF, 0xD6, 0x57, 0x26, 0xFF, 0xD7, 0x59, 0x67,
    0xFF, 0xD2, 0x5A, 0x11, 0x00, 0x00, 0x00, 0x00, 0x00, 0x00, 0x00, 0x00, 0xFF, 0xDD, 0x59, 0x36,
    0xFF, 0xD8, 0x58, 0xFD, 0xFF, 0xD9, 0x59, 0xFF, 0xFF, 0xD7, 0x59, 0xFE, 0xFF, 0xD8, 0x59, 0xFF,
    0xFF, 0xD7, 0x59, 0xFE, 0xFF, 0xDB, 0x5A, 0xFF, 0xFF, 0xD8, 0x59, 0xF3, 0xFF, 0xD0, 0x51, 0x16,
    0x00, 0x00, 0x00, 0x00, 0xFF, 0xFF, 0x00, 0x01, 0x00, 0x00, 0x00, 0x00, 0x00, 0x00, 0x00, 0x00,
    0xFF, 0xFF, 0x55, 0x03, 0x00, 0x00, 0x00, 0x00, 0xFF, 0xD7, 0x57, 0x5A, 0xFF, 0xE0, 0x5C, 0xFF,
    0xFF, 0xD7, 0x58, 0xFD, 0xFF, 0xD8, 0x59, 0xFF, 0xFF, 0xD8, 0x59, 0xFF, 0xFF, 0xD7, 0x58, 0xFD,
    0xFF, 0xDF, 0x5C, 0xFF, 0xFF, 0xD8, 0x59, 0xD3, 0xFF, 0xFF, 0x66, 0x05, 0x00, 0x00, 0x00, 0x00,
    0xFE, 0xDA, 0x5B, 0x0E, 0xFE, 0xD8, 0x58, 0xA4, 0xFF, 0xD6, 0x58, 0xA5, 0xFE, 0xDA, 0x5B, 0x0E,
    0x00, 0x00, 0x00, 0x00, 0xFF, 0xFF, 0x00, 0x01, 0x00, 0x00, 0x00, 0x00, 0x00, 0x00, 0x00, 0x00,
    0x00, 0x00, 0x00, 0x00, 0x00, 0x00, 0x00, 0x00, 0x00, 0x00, 0x00, 0x00, 0x00, 0x00, 0x00, 0x00,
    0x00, 0x00, 0x00, 0x00, 0xFF, 0xFF, 0x55, 0x03, 0x00, 0x00, 0x00, 0x00, 0xFF, 0xD9, 0x58, 0x79,
    0xFF, 0xE4, 0x5E, 0xFF, 0xFE, 0xD7, 0x59, 0xFC, 0xFF, 0xD8, 0x59, 0xFE, 0xFF, 0xDD, 0x5B, 0xFB,
    0xFF, 0xD8, 0x58, 0xB3, 0xFF, 0xD7, 0x58, 0xC2, 0xFF, 0xD8, 0x58, 0xF2, 0xFF, 0xD8, 0x59, 0xF2,
    0xFE, 0xD7, 0x59, 0xCF, 0xFF, 0xD7, 0x59, 0x67, 0xFF, 0xD4, 0x55, 0x06, 0x00, 0x00, 0x00, 0x00,
    0xFF, 0xFF, 0x00, 0x01, 0x00, 0x00, 0x00, 0x00, 0x00, 0x00, 0x00, 0x00, 0x00, 0x00, 0x00, 0x00,
    0x00, 0x00, 0x00, 0x00, 0xFF, 0xD7, 0x55, 0x27, 0xFF, 0xD7, 0x57, 0x40, 0xFF, 0xD4, 0x59, 0x3C,
    0xFF, 0xD8, 0x59, 0x3C, 0xFF, 0xD8, 0x59, 0x3C, 0xFF, 0xD8, 0x59, 0x3C, 0xFF, 0xD8, 0x59, 0x3C,
    0xFF, 0xD8, 0x59, 0x3C, 0xFF, 0xD8, 0x59, 0x3C, 0xFF, 0xD8, 0x59, 0x3C, 0xFF, 0xD8, 0x59, 0x3C,
    0xFF, 0xD9, 0x56, 0x44, 0xFF, 0xD9, 0x58, 0x4B, 0xFF, 0xD8, 0x59, 0xCE, 0xFF, 0xDF, 0x5C, 0xFF,
    0xFE, 0xD1, 0x51, 0x1C, 0xFE, 0xDE, 0x5A, 0x65, 0xFF, 0xE6, 0x5E, 0xFF, 0xFE, 0xD7, 0x59, 0xFC,
    0xFF, 0xD8, 0x59, 0xFF, 0xFF, 0xD8, 0x59, 0xFF, 0xFF, 0xD8, 0x59, 0xFF, 0xFF, 0xD8, 0x59, 0xFF,
    0xFE, 0xD7, 0x59, 0xFC, 0xFF, 0xE3, 0x5E, 0xFF, 0xFF, 0xDA, 0x5A, 0xAF, 0x00, 0x00, 0x00, 0x00,
    0xFF, 0xD8, 0x59, 0xD3, 0xFF, 0xDC, 0x5A, 0xFF, 0xFF, 0xDB, 0x5A, 0xFF, 0xFF, 0xD7, 0x59, 0xD6,
    0x00, 0x00, 0x00, 0x00, 0xFF, 0xDB, 0x59, 0xAB, 0xFF, 0xE4, 0x5E, 0xFF, 0xFE, 0xD7, 0x59, 0xFC,
    0xFF, 0xD8, 0x59, 0xFF, 0xFF, 0xD8, 0x59, 0xFF, 0xFF, 0xD8, 0x59, 0xFF, 0xFF, 0xD8, 0x59, 0xFF,
    0xFE, 0xD7, 0x59, 0xFC, 0xFF, 0xE4, 0x5E, 0xFF, 0xFF, 0xDB, 0x5A, 0x5D, 0xFF, 0xD2, 0x52, 0x22,
    0xFF, 0xD9, 0x59, 0xFF, 0xFF, 0xD9, 0x59, 0xFB, 0xFE, 0xD7, 0x58, 0xEE, 0xFE, 0xD7, 0x58, 0xEE,
    0xFE, 0xD7, 0x58, 0xE9, 0xFF, 0xD7, 0x59, 0xE8, 0xFF, 0xD7, 0x58, 0xEA, 0xFF, 0xD7, 0x58, 0xEA,
    0xFF, 0xD8, 0x58, 0xEC, 0xFF, 0xD8, 0x58, 0xEC, 0xFF, 0xD8, 0x58, 0xEC, 0xFF, 0xD8, 0x58, 0xEC,
    0xFF, 0xD7, 0x58, 0xE6, 0xFF, 0xD7, 0x59, 0xF3, 0xFF, 0xD8, 0x59, 0x9D, 0x00, 0x00, 0x00, 0x00,
    0xFF, 0xFF, 0x00, 0x01, 0x00, 0x00, 0x00, 0x00, 0x00, 0x00, 0x00, 0x00, 0x00, 0x00, 0x00, 0x00,
    0xFF, 0x7F, 0x00, 0x02, 0xFF, 0xFF, 0x00, 0x01, 0x00, 0x00, 0x00, 0x00, 0x00, 0x00, 0x00, 0x00,
    0x00, 0x00, 0x00, 0x00, 0x00, 0x00, 0x00, 0x00, 0xFF, 0xAA, 0x55, 0x03, 0x00, 0x00, 0x00, 0x00,
    0xFF, 0xD9, 0x5A, 0x7C, 0xFF, 0xE4, 0x5E, 0xFF, 0xFF, 0xD7, 0x58, 0xFA, 0xFF, 0xDD, 0x5B, 0xFF,
    0xFF, 0xDB, 0x5A, 0xEA, 0xFF, 0xD1, 0x55, 0x27, 0x00, 0x00, 0x00, 0x00, 0xFF, 0xFF, 0x7F, 0x02,
    0x00, 0x00, 0x00, 0x00, 0x00, 0x00, 0x00, 0x00, 0x00, 0x00, 0x00, 0x00, 0x00, 0x00, 0x00, 0x00,
    0x00, 0x00, 0x00, 0x00, 0xFF, 0xFF, 0x00, 0x01, 0x00, 0x00, 0x00, 0x00, 0xFF, 0x7F, 0x00, 0x02,
    0xFF, 0xDD, 0x5A, 0xC7, 0xFF, 0xFA, 0x67, 0xFF, 0xFF, 0xDB, 0x5A, 0x90, 0x00, 0x00, 0x00, 0x00,
    0x00, 0x00, 0x00, 0x00, 0xFF, 0xD9, 0x59, 0x36, 0xFF, 0xD8, 0x58, 0xFD, 0xFF, 0xD9, 0x59, 0xFF,
    0xFF, 0xD7, 0x59, 0xFE, 0xFF, 0xD8, 0x59, 0xFF, 0xFF, 0xD7, 0x59, 0xFE, 0xFF, 0xDB, 0x5A, 0xFF,
    0xFF, 0xD8, 0x58, 0xF4, 0xFF, 0xD4, 0x55, 0x18, 0x00, 0x00, 0x00, 0x00, 0xFF, 0xFF, 0x00, 0x01,
    0x00, 0x00, 0x00, 0x00, 0x00, 0x00, 0x00, 0x00, 0xFF, 0xBF, 0x3F, 0x04, 0x00, 0x00, 0x00, 0x00,
    0xFF, 0xD8, 0x5A, 0x5D, 0xFF, 0xE1, 0x5D, 0xFF, 0xFF, 0xD7, 0x58, 0xFD, 0xFF, 0xD8, 0x59, 0xFF,
    0xFF, 0xD8, 0x59, 0xFF, 0xFF, 0xD7, 0x58, 0xFD, 0xFF, 0xDF, 0x5C, 0xFF, 0xFF, 0xD8, 0x59, 0xD3,
    0xFF, 0xDF, 0x5F, 0x08, 0x00, 0x00, 0x00, 0x00, 0xFF, 0xDE, 0x5B, 0x46, 0xFF, 0xF1, 0x63, 0xFF,
    0xFF, 0xF1, 0x64, 0xFF, 0xFF, 0xDE, 0x5B, 0x46, 0x00, 0x00, 0x00, 0x00, 0xFF, 0xAA, 0x55, 0x03,
    0x00, 0x00, 0x00, 0x00, 0x00, 0x00, 0x00, 0x00, 0x00, 0x00, 0x00, 0x00, 0x00, 0x00, 0x00, 0x00,
    0x00, 0x00, 0x00, 0x00, 0x00, 0x00, 0x00, 0x00, 0xFF, 0xFF, 0x7F, 0x02, 0x00, 0x00, 0x00, 0x00,
    0xFF, 0xD5, 0x59, 0x25, 0xFF, 0xDC, 0x5B, 0xEB, 0xFF, 0xDC, 0x5A, 0xFF, 0xFF, 0xD7, 0x58, 0xFB,
    0xFF, 0xE4, 0x5D, 0xFF, 0xFF, 0xDA, 0x5A, 0x7F, 0x00, 0x00, 0x00, 0x00, 0xFF, 0xFF, 0x7F, 0x02,
    0xFF, 0xD4, 0x55, 0x1E, 0xFF, 0xD5, 0x52, 0x1F, 0xFF, 0xFF, 0x00, 0x02, 0x00, 0x00, 0x00, 0x00,
    0xFF, 0xFF, 0x00, 0x01, 0xFF, 0xFF, 0x00, 0x01, 0x00, 0x00, 0x00, 0x00, 0x00, 0x00, 0x00, 0x00,
    0xFF, 0x00, 0x00, 0x01, 0x00, 0x00, 0x00, 0x00, 0x00, 0x00, 0x00, 0x00, 0xFF, 0xD7, 0x57, 0xBA,
    0xFF, 0xDE, 0x5B, 0xFF, 0xFF, 0xD8, 0x58, 0xF7, 0xFF, 0xD7, 0x58, 0xFD, 0xFF, 0xD7, 0x59, 0xFF,
    0xFF, 0xD7, 0x59, 0xFF, 0xFF, 0xD7, 0x59, 0xFF, 0xFF, 0xD7, 0x59, 0xFF, 0xFF, 0xD7, 0x59, 0xFF,
    0xFF, 0xD7, 0x59, 0xFF, 0xFF, 0xD7, 0x59, 0xFF, 0xFF, 0xD8, 0x59, 0xFF, 0xFF, 0xDD, 0x5B, 0xFE,
    0xFF, 0xE1, 0x5C, 0xFF, 0xFF, 0xD8, 0x59, 0xFF, 0xFF, 0xD2, 0x52, 0x22, 0xFF, 0xDC, 0x5C, 0x61,
    0xFF, 0xE5, 0x5E, 0xFF, 0xFE, 0xD7, 0x59, 0xFC, 0xFF, 0xD8, 0x59, 0xFF, 0xFF, 0xD8, 0x59, 0xFF,
    0xFF, 0xD8, 0x59, 0xFF, 0xFF, 0xD8, 0x59, 0xFF, 0xFE, 0xD7, 0x59, 0xFC, 0xFF, 0xE4, 0x5E, 0xFF,
    0xFF, 0xDB, 0x5A, 0xAC, 0x00, 0x00, 0x00, 0x00, 0xFF, 0xD7, 0x58, 0xD5, 0xFF, 0xDA, 0x5A, 0xFF,
    0xFF, 0xDB, 0x59, 0xD5, 0xFF, 0xD7, 0x58, 0xFE, 0xFF, 0xBF, 0x55, 0x0C, 0xFF, 0xDC, 0x5A, 0x6E,
    0xFF, 0xE8, 0x60, 0xFF, 0xFF, 0xD7, 0x59, 0xF9, 0xFF, 0xD8, 0x59, 0xFE, 0xFF, 0xD8, 0x59, 0xFF,
    0xFF, 0xD8, 0x59, 0xFF, 0xFF, 0xD7, 0x59, 0xFD, 0xFF, 0xD8, 0x58, 0xFD, 0xFF, 0xDD, 0x5A, 0xFD,
    0xFF, 0xDA, 0x57, 0x23, 0xFF, 0xD8, 0x57, 0x4F, 0xFF, 0xF0, 0x63, 0xFF, 0xFF, 0xDB, 0x59, 0x91,
    0x00, 0x00, 0x00, 0x00, 0xFF, 0xD4, 0x55, 0x0C, 0xFF, 0xAA, 0x55, 0x03, 0xFF, 0xFF, 0x00, 0x01,
    0x00, 0x00, 0x00, 0x00, 0xFF, 0xFF, 0x00, 0x01, 0xFF, 0xC6, 0x55, 0x09, 0xFF, 0xC6, 0x55, 0x09,
    0xFF, 0xC6, 0x55, 0x09, 0xFF, 0xC6, 0x55, 0x09, 0xFF, 0xFF, 0x00, 0x01, 0xFF, 0xFF, 0x00, 0x01,
    0x00, 0x00, 0x00, 0x00, 0x00, 0x00, 0x00, 0x00, 0x00, 0x00, 0x00, 0x00, 0x00, 0x00, 0x00, 0x00,
    0x00, 0x00, 0x00, 0x00, 0x00, 0x00, 0x00, 0x00, 0x00, 0x00, 0x00, 0x00, 0x00, 0x00, 0x00, 0x00,
    0xFF, 0xFF, 0x7F, 0x02, 0xFF, 0xAA, 0x55, 0x03, 0xFF, 0xFF, 0x00, 0x01, 0xFF, 0xFF, 0x00, 0x01,
    0xFF, 0xFF, 0x00, 0x02, 0x00, 0x00, 0x00, 0x00, 0xFF, 0xBF, 0x55, 0x0C, 0xFF, 0xDD, 0x5B, 0xD2,
    0xFF, 0xDF, 0x5C, 0xFF, 0xFF, 0xD7, 0x58, 0xFA, 0xFF, 0xE4, 0x5E, 0xFF, 0xFF, 0xDB, 0x5A, 0xB9,
    0xFF, 0x7F, 0x00, 0x02, 0xFF, 0xFF, 0x00, 0x01, 0x00, 0x00, 0x00, 0x00, 0x00, 0x00, 0x00, 0x00,
    0x00, 0x00, 0x00, 0x00, 0x00, 0x00, 0x00, 0x00, 0x00, 0x00, 0x00, 0x00, 0x00, 0x00, 0x00, 0x00,
    0x00, 0x00, 0x00, 0x00, 0x00, 0x00, 0x00, 0x00, 0xFF, 0xD7, 0x57, 0xA6, 0xFF, 0xE0, 0x5C, 0xFF,
    0xFE, 0xD6, 0x58, 0x71, 0x00, 0x00, 0x00, 0x00, 0x00, 0x00, 0x00, 0x00, 0xFF, 0xDF, 0x57, 0x20,
    0xFE, 0xD9, 0x59, 0xF6, 0xFF, 0xDA, 0x5A, 0xFF, 0xFF, 0xD7, 0x59, 0xFE, 0xFF, 0xD8, 0x59, 0xFF,
    0xFF, 0xD8, 0x59, 0xFF, 0xFF, 0xD8, 0x58, 0xFD, 0xFF, 0xDF, 0x5C, 0xFF, 0xFE, 0xD7, 0x59, 0x5B,
    0x00, 0x00, 0x00, 0x00, 0xFE, 0xDA, 0x48, 0x07, 0xFF, 0xFF, 0x7F, 0x02, 0xFF, 0xAA, 0x55, 0x03,
    0xFF, 0xCC, 0x33, 0x05, 0x00, 0x00, 0x00, 0x00, 0xFF, 0xD7, 0x59, 0xA2, 0xFF, 0xE5, 0x5E, 0xFF,
    0xFE, 0xD7, 0x59, 0xFC, 0xFF, 0xD8, 0x59, 0xFF, 0xFF, 0xD8, 0x59, 0xFF, 0xFE, 0xD8, 0x59, 0xFC,
    0xFF, 0xE1, 0x5D, 0xFF, 0xFF, 0xDA, 0x5A, 0xBD, 0x00, 0x00, 0x00, 0x00, 0x00, 0x00, 0x00, 0x00,
    0xFF, 0xE2, 0x55, 0x09, 0xFF, 0xD7, 0x58, 0x95, 0xFF, 0xD7, 0x57, 0x95, 0xFF, 0xE2, 0x55, 0x09,
    0x00, 0x00, 0x00, 0x00, 0xFF, 0xFF, 0x00, 0x01, 0x00, 0x00, 0x00, 0x00, 0x00, 0x00, 0x00, 0x00,
    0x00, 0x00, 0x00, 0x00, 0x00, 0x00, 0x00, 0x00, 0x00, 0x00, 0x00, 0x00, 0x00, 0x00, 0x00, 0x00,
    0xFF, 0xFF, 0x7F, 0x02, 0x00, 0x00, 0x00, 0x00, 0xFF, 0xDB, 0x5A, 0xAA, 0xFF, 0xE4, 0x5E, 0xFF,
    0xFF, 0xD7, 0x59, 0xF9, 0xFF, 0xE2, 0x5E, 0xFF, 0xFF, 0xDD, 0x5B, 0xBD, 0xFF, 0xAA, 0x00, 0x03,
    0x00, 0x00, 0x00, 0x00, 0xFF, 0xFF, 0x00, 0x01, 0x00, 0x00, 0x00, 0x00, 0x00, 0x00, 0x00, 0x00,
    0x00, 0x00, 0x00, 0x00, 0xFF, 0xAA, 0x55, 0x03, 0xFF, 0x00, 0x00, 0x01, 0x00, 0x00, 0x00, 0x00,
    0x00, 0x00, 0x00, 0x00, 0x00, 0x00, 0x00, 0x00, 0x00, 0x00, 0x00, 0x00, 0x00, 0x00, 0x00, 0x00,
    0x00, 0x00, 0x00, 0x00, 0xFF, 0xD7, 0x58, 0x1A, 0xFF, 0xD3, 0x56, 0x2F, 0xFF, 0xD5, 0x58, 0x2B,
    0xFF, 0xD6, 0x56, 0x32, 0xFF, 0xD3, 0x56, 0x35, 0xFF, 0xD3, 0x56, 0x35, 0xFF, 0xD3, 0x56, 0x35,
    0xFF, 0xD3, 0x56, 0x35, 0xFF, 0xD3, 0x56, 0x35, 0xFF, 0xD3, 0x56, 0x35, 0xFF, 0xD3, 0x56, 0x35,
    0xFF, 0xD4, 0x59, 0x36, 0xFF, 0xD1, 0x55, 0x2D, 0xFF, 0xDB, 0x5A, 0xAC, 0xFF, 0xED, 0x62, 0xFF,
    0xFE, 0xD6, 0x5A, 0x52, 0xFF, 0xDB, 0x55, 0x24, 0xFF, 0xDC, 0x5B, 0xFE, 0xFF, 0xD8, 0x58, 0xFD,
    0xFF, 0xD7, 0x59, 0xFD, 0xFF, 0xD8, 0x59, 0xFF, 0xFF, 0xD8, 0x59, 0xFF, 0xFF, 0xD8, 0x59, 0xFE,
    0xFF, 0xD7, 0x59, 0xF9, 0xFF, 0xE9, 0x60, 0xFF, 0xFE, 0xDC, 0x5B, 0x70, 0xFF, 0xD0, 0x5C, 0x0B,
    0xFF, 0xD8, 0x58, 0xFD, 0xFF, 0xDB, 0x59, 0xD5, 0xFF, 0xDD, 0x5B, 0x8B, 0xFF, 0xF2, 0x64, 0xFF,
    0xFF, 0xD8, 0x58, 0x6B, 0xFF, 0x99, 0x33, 0x05, 0xFF, 0xDD, 0x5A, 0xDB, 0xFF, 0xE6, 0x5F, 0xFF,
    0xFF, 0xD7, 0x58, 0xFB, 0xFF, 0xD8, 0x58, 0xFA, 0xFF, 0xD7, 0x58, 0xFB, 0xFF, 0xD9, 0x59, 0xFB,
    0xFF, 0xEC, 0x61, 0xFF, 0xFF, 0xDA, 0x58, 0xA1, 0x00, 0x00, 0x00, 0x00, 0xFF, 0xD9, 0x59, 0xB1,
    0xFF, 0xEB, 0x61, 0xFF, 0xFF, 0xDA, 0x57, 0x46, 0x00, 0x00, 0x00, 0x00, 0xFF, 0xAA, 0x55, 0x03,
    0x00, 0x00, 0x00, 0x00, 0x00, 0x00, 0x00, 0x00, 0x00, 0x00, 0x00, 0x00, 0x00, 0x00, 0x00, 0x00,
    0x00, 0x00, 0x00, 0x00, 0x00, 0x00, 0x00, 0x00, 0x00, 0x00, 0x00, 0x00, 0x00, 0x00, 0x00, 0x00,
    0x00, 0x00, 0x00, 0x00, 0x00, 0x00, 0x00, 0x00, 0x00, 0x00, 0x00, 0x00, 0x00, 0x00, 0x00, 0x00,
    0x00, 0x00, 0x00, 0x00, 0x00, 0x00, 0x00, 0x00, 0x00, 0x00, 0x00, 0x00, 0x00, 0x00, 0x00, 0x00,
    0x00, 0x00, 0x00, 0x00, 0x00, 0x00, 0x00, 0x00, 0x00, 0x00, 0x00, 0x00, 0x00, 0x00, 0x00, 0x00,
    0x00, 0x00, 0x00, 0x00, 0x00, 0x00, 0x00, 0x00, 0x00, 0x00, 0x00, 0x00, 0xFF, 0xFF, 0x55, 0x03,
    0x00, 0x00, 0x00, 0x00, 0xFE, 0xDC, 0x5A, 0x52, 0xFF, 0xE0, 0x5C, 0xFF, 0xFE, 0xD8, 0x59, 0xFC,
    0xFF, 0xD7, 0x59, 0xFB, 0xFF, 0xE5, 0x5E, 0xFF, 0xFF, 0xD9, 0x59, 0x7A, 0x00, 0x00, 0x00, 0x00,
    0xFF, 0xFF, 0x55, 0x03, 0x00, 0x00, 0x00, 0x00, 0x00, 0x00, 0x00, 0x00, 0x00, 0x00, 0x00, 0x00,
    0x00, 0x00, 0x00, 0x00, 0x00, 0x00, 0x00, 0x00, 0x00, 0x00, 0x00, 0x00, 0x00, 0x00, 0x00, 0x00,
    0xFF, 0xD0, 0x5C, 0x0B, 0xFF, 0xD7, 0x55, 0x27, 0xFF, 0x7F, 0x00, 0x02, 0x00, 0x00, 0x00, 0x00,
    0x00, 0x00, 0x00, 0x00, 0xFF, 0xFF, 0x55, 0x06, 0xFF, 0xDB, 0x5A, 0xD7, 0xFF, 0xDE, 0x5C, 0xFF,
    0xFF, 0xD8, 0x58, 0xFD, 0xFF, 0xD8, 0x59, 0xFF, 0xFF, 0xD8, 0x59, 0xFF, 0xFF, 0xD7, 0x58, 0xFD,
    0xFF, 0xDE, 0x5C, 0xFF, 0xFF, 0xDB, 0x59, 0xDC, 0xFF, 0xD2, 0x5A, 0x22, 0x00, 0x00, 0x00, 0x00,
    0xFF, 0x7F, 0x7F, 0x02, 0xFF, 0xFF, 0x7F, 0x02, 0x00, 0x00, 0x00, 0x00, 0xFF, 0xDB, 0x5A, 0x57,
    0xFF, 0xDA, 0x5A, 0xFE, 0xFF, 0xD8, 0x59, 0xFF, 0xFF, 0xD8, 0x59, 0xFE, 0xFF, 0xD8, 0x59, 0xFF,
    0xFF, 0xD8, 0x59, 0xFF, 0xFF, 0xD8, 0x59, 0xFB, 0xFF, 0xE7, 0x5F, 0xFF, 0xFF, 0xDC, 0x5A, 0x92,
    0x00, 0x00, 0x00, 0x00, 0xFF, 0xFF, 0x55, 0x03, 0x00, 0x00, 0x00, 0x00, 0x00, 0x00, 0x00, 0x00,
    0x00, 0x00, 0x00, 0x00, 0x00, 0x00, 0x00, 0x00, 0x00, 0x00, 0x00, 0x00, 0x00, 0x00, 0x00, 0x00,
    0x00, 0x00, 0x00, 0x00, 0x00, 0x00, 0x00, 0x00, 0x00, 0x00, 0x00, 0x00, 0x00, 0x00, 0x00, 0x00,
    0x00, 0x00, 0x00, 0x00, 0xFF, 0xFF, 0x55, 0x03, 0x00, 0x00, 0x00, 0x00, 0xFF, 0xD9, 0x57, 0x60,
    0xFF, 0xE1, 0x5D, 0xFF, 0xFE, 0xD6, 0x58, 0xFC, 0xFF, 0xDA, 0x5A, 0xFF, 0xFE, 0xDD, 0x5B, 0xEE,
    0xFF, 0xD1, 0x55, 0x2D, 0x00, 0x00, 0x00, 0x00, 0xFF, 0xFF, 0x7F, 0x02, 0x00, 0x00, 0x00, 0x00,
    0xFF, 0x7F, 0x7F, 0x02, 0xFF, 0x7F, 0x7F, 0x02, 0x00, 0x00, 0x00, 0x00, 0x00, 0x00, 0x00, 0x00,
    0x00, 0x00, 0x00, 0x00, 0x00, 0x00, 0x00, 0x00, 0x00, 0x00, 0x00, 0x00, 0x00, 0x00, 0x00, 0x00,
    0x00, 0x00, 0x00, 0x00, 0x00, 0x00, 0x00, 0x00, 0x00, 0x00, 0x00, 0x00, 0x00, 0x00, 0x00, 0x00,
    0x00, 0x00, 0x00, 0x00, 0x00, 0x00, 0x00, 0x00, 0x00, 0x00, 0x00, 0x00, 0x00, 0x00, 0x00, 0x00,
    0x00, 0x00, 0x00, 0x00, 0x00, 0x00, 0x00, 0x00, 0x00, 0x00, 0x00, 0x00, 0x00, 0x00, 0x00, 0x00,
    0x00, 0x00, 0x00, 0x00, 0x00, 0x00, 0x00, 0x00, 0xFF, 0xFF, 0x55, 0x03, 0x00, 0x00, 0x00, 0x00,
    0xFF, 0xD9, 0x59, 0x4A, 0xFF, 0xEB, 0x61, 0xFF, 0xFF, 0xDA, 0x59, 0xB4, 0x00, 0x00, 0x00, 0x00,
    0xFF, 0xDA, 0x59, 0x9F, 0xFF, 0xEC, 0x61, 0xFF, 0xFF, 0xD9, 0x59, 0xFB, 0xFF, 0xD8, 0x58, 0xFA,
    0xFF, 0xD8, 0x58, 0xFA, 0xFF, 0xD8, 0x58, 0xFB, 0xFF, 0xE6, 0x5F, 0xFF, 0xFF, 0xDE, 0x5B, 0xDC,
    0xFE, 0xB6, 0x48, 0x07, 0xFF, 0xD9, 0x59, 0x67, 0xFF, 0xF1, 0x63, 0xFF, 0xFF, 0xDC, 0x59, 0x8B,
    0xFF, 0xD6, 0x56, 0x2C, 0xFF, 0xDD, 0x5A, 0xFA, 0xFF, 0xDB, 0x5A, 0xEB, 0xFF, 0xD0, 0x55, 0x21,
    0xFF, 0xD0, 0x55, 0x21, 0xFF, 0xD5, 0x58, 0xD3, 0xFF, 0xE5, 0x5E, 0xFF, 0xFF, 0xE9, 0x60, 0xFE,
    0xFF, 0xE9, 0x60, 0xFE, 0xFF, 0xDF, 0x5C, 0xFF, 0xFF, 0xD6, 0x58, 0xA5, 0x00, 0x00, 0x00, 0x00,
    0xFF, 0xD5, 0x57, 0x57, 0xFF, 0xEA, 0x60, 0xFF, 0xFF, 0xDC, 0x5A, 0xC0, 0xFF, 0x00, 0x00, 0x01,
    0xFF, 0xFF, 0x00, 0x01, 0xFF, 0x7F, 0x00, 0x02, 0x00, 0x00, 0x00, 0x00, 0x00, 0x00, 0x00, 0x00,
    0x00, 0x00, 0x00, 0x00, 0x00, 0x00, 0x00, 0x00, 0xFF, 0xFF, 0x00, 0x01, 0xFF, 0xFF, 0x00, 0x01,
    0xFF, 0xFF, 0x00, 0x01, 0xFF, 0xFF, 0x00, 0x01, 0x00, 0x00, 0x00, 0x00, 0x00, 0x00, 0x00, 0x00,
    0x00, 0x00, 0x00, 0x00, 0x00, 0x00, 0x00, 0x00, 0x00, 0x00, 0x00, 0x00, 0x00, 0x00, 0x00, 0x00,
    0x00, 0x00, 0x00, 0x00, 0x00, 0x00, 0x00, 0x00, 0x00, 0x00, 0x00, 0x00, 0x00, 0x00, 0x00, 0x00,
    0x00, 0x00, 0x00, 0x00, 0x00, 0x00, 0x00, 0x00, 0x00, 0x00, 0x00, 0x00, 0x00, 0x00, 0x00, 0x00,
    0x00, 0x00, 0x00, 0x00, 0x00, 0x00, 0x00, 0x00, 0xFF, 0xFF, 0xFF, 0x01, 0x00, 0x00, 0x00, 0x00,
    0xFF, 0xDC, 0x5B, 0xA2, 0xFF, 0xE5, 0x5E, 0xFF, 0xFF, 0xD6, 0x58, 0xFB, 0xFF, 0xD8, 0x59, 0xFF,
    0xFF, 0xDD, 0x5A, 0xF9, 0xFE, 0xDA, 0x59, 0x3F, 0x00, 0x00, 0x00, 0x00, 0xFF, 0xAA, 0x55, 0x03,
    0x00, 0x00, 0x00, 0x00, 0x00, 0x00, 0x00, 0x00, 0x00, 0x00, 0x00, 0x00, 0x00, 0x00, 0x00, 0x00,
    0x00, 0x00, 0x00, 0x00, 0x00, 0x00, 0x00, 0x00, 0x00, 0x00, 0x00, 0x00, 0x00, 0x00, 0x00, 0x00,
    0xFF, 0x00, 0x00, 0x01, 0xFF, 0xFF, 0x00, 0x01, 0xFF, 0xAA, 0x55, 0x03, 0x00, 0x00, 0x00, 0x00,
    0xFF, 0xDC, 0x5A, 0x95, 0xFF, 0xE6, 0x5E, 0xFF, 0xFF, 0xD8, 0x59, 0xFB, 0xFF, 0xD8, 0x59, 0xFF,
    0xFF, 0xD8, 0x59, 0xFF, 0xFF, 0xD8, 0x59, 0xFF, 0xFF, 0xD6, 0x58, 0xFE, 0xFF, 0xDF, 0x5C, 0xFF,
    0xFF, 0xDB, 0x59, 0xE3, 0xFE, 0xD6, 0x57, 0x77, 0xFF, 0xD5, 0x56, 0x3E, 0xFF, 0xD4, 0x58, 0x48,
    0xFF, 0xD5, 0x58, 0x99, 0xFF, 0xDD, 0x5B, 0xF9, 0xFF, 0xDA, 0x5A, 0xFF, 0xFF, 0xD7, 0x59, 0xFF,
    0xFF, 0xD8, 0x59, 0xFF, 0xFF, 0xD8, 0x59, 0xFF, 0xFF, 0xD8, 0x59, 0xFF, 0xFF, 0xD7, 0x58, 0xFD,
    0xFF, 0xDF, 0x5C, 0xFF, 0xFF, 0xDC, 0x5B, 0x51, 0x00, 0x00, 0x00, 0x00, 0xFF, 0xFF, 0x55, 0x03,
    0x00, 0x00, 0x00, 0x00, 0xFF, 0xBF, 0x3F, 0x08, 0xFF, 0xCC, 0x66, 0x05, 0x00, 0x00, 0x00, 0x00,
    0x00, 0x00, 0x00, 0x00, 0x00, 0x00, 0x00, 0x00, 0x00, 0x00, 0x00, 0x00, 0x00, 0x00, 0x00, 0x00,
    0x00, 0x00, 0x00, 0x00, 0x00, 0x00, 0x00, 0x00, 0xFF, 0xAA, 0x55, 0x03, 0x00, 0x00, 0x00, 0x00,
    0xFF, 0xD5, 0x53, 0x2B, 0xFF, 0xDD, 0x5B, 0xEB, 0xFF, 0xDB, 0x5A, 0xFF, 0xFF, 0xD7, 0x59, 0xFB,
    0xFF, 0xE2, 0x5D, 0xFF, 0xFE, 0xD9, 0x58, 0x65, 0x00, 0x00, 0x00, 0x00, 0xFF, 0xAA, 0x55, 0x03,
    0x00, 0x00, 0x00, 0x00, 0x00, 0x00, 0x00, 0x00, 0x00, 0x00, 0x00, 0x00, 0x00, 0x00, 0x00, 0x00,
    0x00, 0x00, 0x00, 0x00, 0x00, 0x00, 0x00, 0x00, 0x00, 0x00, 0x00, 0x00, 0x00, 0x00, 0x00, 0x00,
    0x00, 0x00, 0x00, 0x00, 0x00, 0x00, 0x00, 0x00, 0x00, 0x00, 0x00, 0x00, 0x00, 0x00, 0x00, 0x00,
    0x00, 0x00, 0x00, 0x00, 0xFF, 0xFF, 0xFF, 0x01, 0xFF, 0xFF, 0x7F, 0x02, 0xFF, 0xFF, 0x7F, 0x02,
    0xFF, 0xFF, 0x7F, 0x02, 0xFF, 0xFF, 0x7F, 0x02, 0xFF, 0xFF, 0x7F, 0x02, 0xFF, 0xFF, 0x7F, 0x02,
    0xFF, 0xFF, 0x7F, 0x02, 0xFF, 0xFF, 0x7F, 0x02, 0xFF, 0xFF, 0x7F, 0x02, 0xFF, 0xFF, 0x7F, 0x02,
    0xFF, 0xFF, 0x55, 0x03, 0xFF, 0xFF, 0xFF, 0x01, 0xFF, 0xBF, 0x3F, 0x04, 0xFE, 0xDD, 0x5A, 0xC5,
    0xFF, 0xE9, 0x60, 0xFF, 0xFE, 0xD7, 0x59, 0x5B, 0x00, 0x00, 0x00, 0x00, 0xFE, 0xD6, 0x57, 0xA4,
    0xFF, 0xDF, 0x5C, 0xFF, 0xFF, 0xE9, 0x60, 0xFE, 0xFF, 0xE9, 0x60, 0xFE, 0xFF, 0xE4, 0x5E, 0xFF,
    0xFF, 0xD7, 0x58, 0xD3, 0xFF, 0xE0, 0x55, 0x21, 0xFF, 0xD3, 0x57, 0x1D, 0xFE, 0xDA, 0x59, 0xE9,
    0xFF, 0xDE, 0x5B, 0xF9, 0xFF, 0xD5, 0x58, 0x2B, 0x00, 0x00, 0x00, 0x00, 0xFF, 0xD8, 0x57, 0x7D,
    0xFF, 0xF0, 0x63, 0xFF, 0xFF, 0xDC, 0x5A, 0xD4, 0xFF, 0xD2, 0x52, 0x28, 0x00, 0x00, 0x00, 0x00,
    0xFF, 0xD5, 0x56, 0x44, 0xFF, 0xD7, 0x5A, 0x73, 0xFF, 0xD6, 0x57, 0x6C, 0xFF, 0xD7, 0x55, 0x2D,
    0x00, 0x00, 0x00, 0x00, 0xFF, 0xD5, 0x57, 0x55, 0xFE, 0xE0, 0x5C, 0xF6, 0xFF, 0xDF, 0x5A, 0xF4,
    0xFF, 0xCE, 0x51, 0x35, 0x00, 0x00, 0x00, 0x00, 0xFF, 0xFF, 0x7F, 0x02, 0x00, 0x00, 0x00, 0x00,
    0x00, 0x00, 0x00, 0x00, 0x00, 0x00, 0x00, 0x00, 0x00, 0x00, 0x00, 0x00, 0x00, 0x00, 0x00, 0x00,
    0x00, 0x00, 0x00, 0x00, 0x00, 0x00, 0x00, 0x00, 0x00, 0x00, 0x00, 0x00, 0x00, 0x00, 0x00, 0x00,
    0x00, 0x00, 0x00, 0x00, 0x00, 0x00, 0x00, 0x00, 0x00, 0x00, 0x00, 0x00, 0x00, 0x00, 0x00, 0x00,
    0x00, 0x00, 0x00, 0x00, 0x00, 0x00, 0x00, 0x00, 0x00, 0x00, 0x00, 0x00, 0x00, 0x00, 0x00, 0x00,
    0x00, 0x00, 0x00, 0x00, 0x00, 0x00, 0x00, 0x00, 0x00, 0x00, 0x00, 0x00, 0x00, 0x00, 0x00, 0x00,
    0x00, 0x00, 0x00, 0x00, 0x00, 0x00, 0x00, 0x00, 0x00, 0x00, 0x00, 0x00, 0x00, 0x00, 0x00, 0x00,
    0xFF, 0xFF, 0x00, 0x01, 0x00, 0x00, 0x00, 0x00, 0xFF, 0xCD, 0x4E, 0x1A, 0xFF, 0xDD, 0x5A, 0xDD,
    0xFF, 0xDE, 0x5B, 0xFF, 0xFF, 0xD7, 0x58, 0xFA, 0xFF, 0xE0, 0x5C, 0xFF, 0xFF, 0xDC, 0x5A, 0xD7,
    0xFF, 0xD0, 0x51, 0x16, 0x00, 0x00, 0x00, 0x00, 0xFF, 0x7F, 0x7F, 0x02, 0x00, 0x00, 0x00, 0x00,
    0x00, 0x00, 0x00, 0x00, 0x00, 0x00, 0x00, 0x00, 0x00, 0x00, 0x00, 0x00, 0xFF, 0xFF, 0x7F, 0x02,
    0x00, 0x00, 0x00, 0x00, 0xFF, 0xD7, 0x59, 0x6F, 0xFF, 0xD8, 0x57, 0x78, 0x00, 0x00, 0x00, 0x00,
    0xFF, 0xFF, 0x3F, 0x04, 0x00, 0x00, 0x00, 0x00, 0xFF, 0xD8, 0x59, 0x3C, 0xFE, 0xDC, 0x5B, 0xFC,
    0xFF, 0xD7, 0x59, 0xFE, 0xFF, 0xD8, 0x59, 0xFF, 0xFF, 0xD8, 0x59, 0xFF, 0xFF, 0xD8, 0x59, 0xFF,
    0xFF, 0xD8, 0x59, 0xFF, 0xFF, 0xD6, 0x58, 0xFE, 0xFF, 0xDC, 0x5B, 0xFE, 0xFF, 0xE4, 0x5D, 0xFF,
    0xFF, 0xDB, 0x5A, 0xFF, 0xFF, 0xDE, 0x5B, 0xFF, 0xFF, 0xE4, 0x5E, 0xFF, 0xFF, 0xD8, 0x59, 0xFE,
    0xFF, 0xD7, 0x59, 0xFE, 0xFF, 0xD8, 0x59, 0xFF, 0xFF, 0xD8, 0x59, 0xFF, 0xFF, 0xD8, 0x59, 0xFF,
    0xFF, 0xD7, 0x58, 0xFD, 0xFF, 0xDE, 0x5B, 0xFF, 0xFF, 0xDD, 0x5A, 0xD5, 0xFF, 0xB9, 0x45, 0x0B,
    0x00, 0x00, 0x00, 0x00, 0xFF, 0xFF, 0x00, 0x01, 0x00, 0x00, 0x00, 0x00, 0xFF, 0xD7, 0x58, 0xB0,
    0xFF, 0xD7, 0x57, 0x60, 0x00, 0x00, 0x00, 0x00, 0xFF, 0xFF, 0x55, 0x03, 0x00, 0x00, 0x00, 0x00,
    0x00, 0x00, 0x00, 0x00, 0x00, 0x00, 0x00, 0x00, 0x00, 0x00, 0x00, 0x00, 0xFF, 0xFF, 0x7F, 0x02,
    0x00, 0x00, 0x00, 0x00, 0xFE, 0xC8, 0x5B, 0x0E, 0xFF, 0xDC, 0x5A, 0xC9, 0xFF, 0xE2, 0x5D, 0xFF,
    0xFF, 0xD6, 0x58, 0xF8, 0xFF, 0xE6, 0x5E, 0xFF, 0xFF, 0xD8, 0x58, 0x9F, 0x00, 0x00, 0x00, 0x00,
    0xFF, 0xFF, 0x00, 0x02, 0x00, 0x00, 0x00, 0x00, 0x00, 0x00, 0x00, 0x00, 0x00, 0x00, 0x00, 0x00,
    0x00, 0x00, 0x00, 0x00, 0x00, 0x00, 0x00, 0x00, 0x00, 0x00, 0x00, 0x00, 0x00, 0x00, 0x00, 0x00,
    0x00, 0x00, 0x00, 0x00, 0x00, 0x00, 0x00, 0x00, 0x00, 0x00, 0x00, 0x00, 0x00, 0x00, 0x00, 0x00,
    0x00, 0x00, 0x00, 0x00, 0x00, 0x00, 0x00, 0x00, 0x00, 0x00, 0x00, 0x00, 0x00, 0x00, 0x00, 0x00,
    0x00, 0x00, 0x00, 0x00, 0x00, 0x00, 0x00, 0x00, 0x00, 0x00, 0x00, 0x00, 0x00, 0x00, 0x00, 0x00,
    0x00, 0x00, 0x00, 0x00, 0x00, 0x00, 0x00, 0x00, 0x00, 0x00, 0x00, 0x00, 0x00, 0x00, 0x00, 0x00,
    0x00, 0x00, 0x00, 0x00, 0x00, 0x00, 0x00, 0x00, 0x00, 0x00, 0x00, 0x00, 0xFF, 0xFF, 0x7F, 0x02,
    0x00, 0x00, 0x00, 0x00, 0xFF, 0xD1, 0x53, 0x3D, 0xFF, 0xDF, 0x5C, 0xF9, 0xFF, 0xE1, 0x5C, 0xF7,
    0xFF, 0xD4, 0x55, 0x59, 0x00, 0x00, 0x00, 0x00, 0xFF, 0xD7, 0x55, 0x2D, 0xFF, 0xD8, 0x58, 0x6B,
    0xFF, 0xD9, 0x5A, 0x73, 0xFF, 0xD5, 0x56, 0x44, 0x00, 0x00, 0x00, 0x00, 0xFF, 0xD0, 0x50, 0x26,
    0xFF, 0xDB, 0x59, 0xD2, 0xFF, 0xF0, 0x63, 0xFF, 0xFE, 0xD7, 0x57, 0x7B, 0x00, 0x00, 0x00, 0x00,
    0xFF, 0xFF, 0x00, 0x01, 0xFF, 0x00, 0x00, 0x01, 0xFF, 0xD6, 0x57, 0x97, 0xFF, 0xEE, 0x62, 0xFF,
    0xFF, 0xE1, 0x5D, 0xF4, 0xFF, 0xD4, 0x56, 0x91, 0xFF, 0xDB, 0x56, 0x32, 0xFF, 0xCF, 0x4F, 0x10,
    0xFF, 0xCE, 0x55, 0x15, 0xFF, 0xD6, 0x57, 0x46, 0xFF, 0xD7, 0x58, 0xB3, 0xFF, 0xEB, 0x61, 0xFF,
    0xFF, 0xE0, 0x5C, 0xF2, 0xFF, 0xD0, 0x56, 0x4D, 0x00, 0x00, 0x00, 0x00, 0xFF, 0xFF, 0x7F, 0x02,
    0x00, 0x00, 0x00, 0x00, 0x00, 0x00, 0x00, 0x00, 0x00, 0x00, 0x00, 0x00, 0x00, 0x00, 0x00, 0x00,
    0x00, 0x00, 0x00, 0x00, 0x00, 0x00, 0x00, 0x00, 0x00, 0x00, 0x00, 0x00, 0x00, 0x00, 0x00, 0x00,
    0x00, 0x00, 0x00, 0x00, 0x00, 0x00, 0x00, 0x00, 0x00, 0x00, 0x00, 0x00, 0x00, 0x00, 0x00, 0x00,
    0x00, 0x00, 0x00, 0x00, 0x00, 0x00, 0x00, 0x00, 0x00, 0x00, 0x00, 0x00, 0x00, 0x00, 0x00, 0x00,
    0x00, 0x00, 0x00, 0x00, 0x00, 0x00, 0x00, 0x00, 0x00, 0x00, 0x00, 0x00, 0x00, 0x00, 0x00, 0x00,
    0x00, 0x00, 0x00, 0x00, 0x00, 0x00, 0x00, 0x00, 0x00, 0x00, 0x00, 0x00, 0x00, 0x00, 0x00, 0x00,
    0x00, 0x00, 0x00, 0x00, 0x00, 0x00, 0x00, 0x00, 0x00, 0x00, 0x00, 0x00, 0xFF, 0xAA, 0x55, 0x03,
    0x00, 0x00, 0x00, 0x00, 0xFF, 0xD4, 0x58, 0x48, 0xFE, 0xDD, 0x5B, 0xFC, 0xFF, 0xD9, 0x59, 0xFD,
    0xFF, 0xD7, 0x58, 0xFA, 0xFF, 0xE5, 0x5E, 0xFF, 0xFF, 0xDA, 0x5A, 0xA9, 0x00, 0x00, 0x00, 0x00,
    0xFF, 0xFF, 0x7F, 0x02, 0xFF, 0xFF, 0x00, 0x01, 0x00, 0x00, 0x00, 0x00, 0x00, 0x00, 0x00, 0x00,
    0x00, 0x00, 0x00, 0x00, 0xFF, 0xFF, 0x3F, 0x04, 0x00, 0x00, 0x00, 0x00, 0xFF, 0xE4, 0x5D, 0x86,
    0xFF, 0xDF, 0x5B, 0xF5, 0xFF, 0xC4, 0x4E, 0x0D, 0x00, 0x00, 0x00, 0x00, 0xFF, 0xFF, 0x7F, 0x02,
    0x00, 0x00, 0x00, 0x00, 0xFF, 0xDD, 0x5A, 0xA6, 0xFF, 0xE6, 0x5E, 0xFF, 0xFF, 0xD7, 0x58, 0xFA,
    0xFF, 0xD8, 0x59, 0xFF, 0xFF, 0xD8, 0x59, 0xFF, 0xFF, 0xD8, 0x59, 0xFF, 0xFF, 0xD8, 0x59, 0xFF,
    0xFF, 0xD7, 0x58, 0xFD, 0xFF, 0xD8, 0x59, 0xFB, 0xFF, 0xD8, 0x59, 0xFF, 0xFF, 0xD7, 0x59, 0xFE,
    0xFF, 0xD8, 0x59, 0xFB, 0xFF, 0xD7, 0x59, 0xFE, 0xFF, 0xD8, 0x59, 0xFF, 0xFF, 0xD8, 0x59, 0xFF,
    0xFF, 0xD8, 0x59, 0xFF, 0xFF, 0xD8, 0x59, 0xFF, 0xFF, 0xD9, 0x58, 0xFA, 0xFF, 0xE4, 0x5E, 0xFF,
    0xFF, 0xD8, 0x5A, 0x63, 0x00, 0x00, 0x00, 0x00, 0xFF, 0xCC, 0x66, 0x05, 0x00, 0x00, 0x00, 0x00,
    0xFF, 0xD8, 0x56, 0x35, 0xFF, 0xE2, 0x5D, 0xFF, 0xFF, 0xE0, 0x5B, 0x54, 0x00, 0x00, 0x00, 0x00,
    0xFF, 0xFF, 0x55, 0x03, 0x00, 0x00, 0x00, 0x00, 0x00, 0x00, 0x00, 0x00, 0x00, 0x00, 0x00, 0x00,
    0xFF, 0x7F, 0x00, 0x02, 0xFF, 0xFF, 0x00, 0x01, 0xFF, 0x7F, 0x3F, 0x04, 0xFF, 0xD9, 0x58, 0xAF,
    0xFF, 0xE5, 0x5E, 0xFF, 0xFF, 0xD6, 0x58, 0xF8, 0xFF, 0xE3, 0x5D, 0xFF, 0xFF, 0xDC, 0x5A, 0xC7,
    0xFF, 0xC4, 0x4E, 0x0D, 0x00, 0x00, 0x00, 0x00, 0xFF, 0xFF, 0x00, 0x01, 0x00, 0x00, 0x00, 0x00,
    0x00, 0x00, 0x00, 0x00, 0x00, 0x00, 0x00, 0x00, 0x00, 0x00, 0x00, 0x00, 0x00, 0x00, 0x00, 0x00,
    0x00, 0x00, 0x00, 0x00, 0x00, 0x00, 0x00, 0x00, 0x00, 0x00, 0x00, 0x00, 0x00, 0x00, 0x00, 0x00,
    0x00, 0x00, 0x00, 0x00, 0x00, 0x00, 0x00, 0x00, 0x00, 0x00, 0x00, 0x00, 0x00, 0x00, 0x00, 0x00,
    0x00, 0x00, 0x00, 0x00, 0x00, 0x00, 0x00, 0x00, 0x00, 0x00, 0x00, 0x00, 0x00, 0x00, 0x00, 0x00,
    0x00, 0x00, 0x00, 0x00, 0x00, 0x00, 0x00, 0x00, 0x00, 0x00, 0x00, 0x00, 0x00, 0x00, 0x00, 0x00,
    0x00, 0x00, 0x00, 0x00, 0x00, 0x00, 0x00, 0x00, 0x00, 0x00, 0x00, 0x00, 0x00, 0x00, 0x00, 0x00,
    0x00, 0x00, 0x00, 0x00, 0x00, 0x00, 0x00, 0x00, 0xFF, 0xFF, 0x7F, 0x02, 0x00, 0x00, 0x00, 0x00,
    0xFF, 0xD3, 0x56, 0x58, 0xFE, 0xE1, 0x5D, 0xF6, 0xFF, 0xEA, 0x60, 0xFF, 0xFF, 0xD5, 0x57, 0xB4,
    0xFF, 0xD4, 0x58, 0x48, 0xFF, 0xDC, 0x51, 0x16, 0xFF, 0xE2, 0x55, 0x12, 0xFF, 0xDA, 0x58, 0x31,
    0xFF, 0xD4, 0x57, 0x91, 0xFF, 0xE1, 0x5C, 0xF5, 0xFF, 0xED, 0x61, 0xFF, 0xFF, 0xD4, 0x57, 0x95,
    0x00, 0x00, 0x00, 0x00, 0xFF, 0x00, 0x00, 0x01, 0xFF, 0x00, 0x00, 0x01, 0xFF, 0xFF, 0x00, 0x01,
    0x00, 0x00, 0x00, 0x00, 0xFF, 0xD7, 0x59, 0x67, 0xFF, 0xD8, 0x59, 0xE8, 0xFF, 0xF2, 0x63, 0xFF,
    0xFF, 0xED, 0x61, 0xFE, 0xFF, 0xE4, 0x5E, 0xFF, 0xFF, 0xE6, 0x5F, 0xFF, 0xFF, 0xF1, 0x63, 0xFE,
    0xFF, 0xE8, 0x60, 0xFF, 0xFF, 0xD5, 0x58, 0xC0, 0xFF, 0xD8, 0x58, 0x2E, 0x00, 0x00, 0x00, 0x00,
    0xFF, 0xFF, 0x7F, 0x02, 0x00, 0x00, 0x00, 0x00, 0x00, 0x00, 0x00, 0x00, 0x00, 0x00, 0x00, 0x00,
    0x00, 0x00, 0x00, 0x00, 0x00, 0x00, 0x00, 0x00, 0x00, 0x00, 0x00, 0x00, 0x00, 0x00, 0x00, 0x00,
    0x00, 0x00, 0x00, 0x00, 0x00, 0x00, 0x00, 0x00, 0x00, 0x00, 0x00, 0x00, 0x00, 0x00, 0x00, 0x00,
    0x00, 0x00, 0x00, 0x00, 0x00, 0x00, 0x00, 0x00, 0x00, 0x00, 0x00, 0x00, 0x00, 0x00, 0x00, 0x00,
    0x00, 0x00, 0x00, 0x00, 0x00, 0x00, 0x00, 0x00, 0x00, 0x00, 0x00, 0x00, 0x00, 0x00, 0x00, 0x00,
    0x00, 0x00, 0x00, 0x00, 0x00, 0x00, 0x00, 0x00, 0x00, 0x00, 0x00, 0x00, 0x00, 0x00, 0x00, 0x00,
    0x00, 0x00, 0x00, 0x00, 0x00, 0x00, 0x00, 0x00, 0x00, 0x00, 0x00, 0x00, 0x00, 0x00, 0x00, 0x00,
    0x00, 0x00, 0x00, 0x00, 0x00, 0x00, 0x00, 0x00, 0xFF, 0xAA, 0x55, 0x03, 0x00, 0x00, 0x00, 0x00,
    0xFF, 0xD9, 0x5A, 0x74, 0xFF, 0xE5, 0x5E, 0xFF, 0xFF, 0xD8, 0x59, 0xFB, 0xFF, 0xD7, 0x59, 0xFB,
    0xFF, 0xE4, 0x5E, 0xFF, 0xFF, 0xDA, 0x5A, 0x85, 0x00, 0x00, 0x00, 0x00, 0xFF, 0xFF, 0x55, 0x03,
    0xFF, 0xFF, 0x00, 0x01, 0x00, 0x00, 0x00, 0x00, 0x00, 0x00, 0x00, 0x00, 0xFF, 0xFF, 0x7F, 0x02,
    0x00, 0x00, 0x00, 0x00, 0xFF, 0xD7, 0x58, 0x34, 0xFF, 0xE2, 0x5D, 0xFF, 0xFE, 0xD9, 0x5A, 0x65,
    0x00, 0x00, 0x00, 0x00, 0xFF, 0xCC, 0x66, 0x05, 0x00, 0x00, 0x00, 0x00, 0xFF, 0xCC, 0x55, 0x1E,
    0xFE, 0xDD, 0x5B, 0xDF, 0xFF, 0xDF, 0x5C, 0xFF, 0xFF, 0xD7, 0x58, 0xFB, 0xFF, 0xD8, 0x59, 0xFF,
    0xFF, 0xD8, 0x59, 0xFF, 0xFF, 0xD8, 0x59, 0xFF, 0xFF, 0xD8, 0x59, 0xFF, 0xFF, 0xD8, 0x59, 0xFF,
    0xFF, 0xD8, 0x59, 0xFF, 0xFF, 0xD8, 0x59, 0xFF, 0xFF, 0xD8, 0x59, 0xFF, 0xFF, 0xD8, 0x59, 0xFF,
    0xFF, 0xD8, 0x59, 0xFF, 0xFF, 0xD8, 0x59, 0xFF, 0xFF, 0xD8, 0x59, 0xFE, 0xFF, 0xD7, 0x58, 0xFA,
    0xFF, 0xE7, 0x5F, 0xFF, 0xFF, 0xD9, 0x58, 0xAC, 0x00, 0x00, 0x00, 0x00, 0xFF, 0xFF, 0x00, 0x01,
    0xFF, 0xBF, 0x3F, 0x04, 0x00, 0x00, 0x00, 0x00, 0xFF, 0xDC, 0x5A, 0x99, 0xFF, 0xDC, 0x5B, 0xFF,
    0xFF, 0xE1, 0x58, 0x1A, 0x00, 0x00, 0x00, 0x00, 0xFF, 0xFF, 0xFF, 0x01, 0x00, 0x00, 0x00, 0x00,
    0x00, 0x00, 0x00, 0x00, 0xFF, 0xAA, 0x55, 0x03, 0x00, 0x00, 0x00, 0x00, 0xFF, 0x99, 0x33, 0x05,
    0xFF, 0xD8, 0x59, 0xA6, 0xFF, 0xE5, 0x5E, 0xFF, 0xFF, 0xD7, 0x58, 0xF8, 0xFF, 0xDF, 0x5C, 0xFF,
    0xFE, 0xDD, 0x5B, 0xE0, 0xFF, 0xCD, 0x55, 0x24, 0x00, 0x00, 0x00, 0x00, 0xFF, 0xFF, 0x7F, 0x02,
    0x00, 0x00, 0x00, 0x00, 0x00, 0x00, 0x00, 0x00, 0x00, 0x00, 0x00, 0x00, 0x00, 0x00, 0x00, 0x00,
    0x00, 0x00, 0x00, 0x00, 0x00, 0x00, 0x00, 0x00, 0x00, 0x00, 0x00, 0x00, 0x00, 0x00, 0x00, 0x00,
    0x00, 0x00, 0x00, 0x00, 0x00, 0x00, 0x00, 0x00, 0x00, 0x00, 0x00, 0x00, 0x00, 0x00, 0x00, 0x00,
    0x00, 0x00, 0x00, 0x00, 0x00, 0x00, 0x00, 0x00, 0x00, 0x00, 0x00, 0x00, 0x00, 0x00, 0x00, 0x00,
    0x00, 0x00, 0x00, 0x00, 0x00, 0x00, 0x00, 0x00, 0x00, 0x00, 0x00, 0x00, 0x00, 0x00, 0x00, 0x00,
    0x00, 0x00, 0x00, 0x00, 0x00, 0x00, 0x00, 0x00, 0x00, 0x00, 0x00, 0x00, 0x00, 0x00, 0x00, 0x00,
    0x00, 0x00, 0x00, 0x00, 0x00, 0x00, 0x00, 0x00, 0x00, 0x00, 0x00, 0x00, 0x00, 0x00, 0x00, 0x00,
    0x00, 0x00, 0x00, 0x00, 0xFF, 0xFF, 0x7F, 0x02, 0x00, 0x00, 0x00, 0x00, 0xFF, 0xD9, 0x58, 0x37,
    0xFF, 0xD5, 0x57, 0xC7, 0xFF, 0xE8, 0x60, 0xFF, 0xFF, 0xF2, 0x64, 0xFE, 0xFF, 0xE0, 0x5C, 0xFF,
    0xFF, 0xDA, 0x5A, 0xFF, 0xFF, 0xEE, 0x61, 0xFE, 0xFF, 0xF0, 0x63, 0xFF, 0xFF, 0xD7, 0x58, 0xE4,
    0xFF, 0xD7, 0x56, 0x61, 0x00, 0x00, 0x00, 0x00, 0xFF, 0xFF, 0x00, 0x01, 0xFF, 0x00, 0x00, 0x01,
    0x00, 0x00, 0x00, 0x00, 0x00, 0x00, 0x00, 0x00, 0xFF, 0xFF, 0x7F, 0x02, 0x00, 0x00, 0x00, 0x00,
    0xFF, 0xD6, 0x50, 0x13, 0xFF, 0xD5, 0x57, 0x5D, 0xFF, 0xD8, 0x57, 0x97, 0xFF, 0xD7, 0x58, 0xB5,
    0xFF, 0xD7, 0x59, 0xAD, 0xFF, 0xD8, 0x58, 0x85, 0xFF, 0xD9, 0x57, 0x3D, 0xFF, 0xAA, 0x55, 0x03,
    0x00, 0x00, 0x00, 0x00, 0xFF, 0xFF, 0x7F, 0x02, 0x00, 0x00, 0x00, 0x00, 0x00, 0x00, 0x00, 0x00,
    0x00, 0x00, 0x00, 0x00, 0x00, 0x00, 0x00, 0x00, 0x00, 0x00, 0x00, 0x00, 0x00, 0x00, 0x00, 0x00,
    0x00, 0x00, 0x00, 0x00, 0x00, 0x00, 0x00, 0x00, 0x00, 0x00, 0x00, 0x00, 0x00, 0x00, 0x00, 0x00,
    0x00, 0x00, 0x00, 0x00, 0x00, 0x00, 0x00, 0x00, 0x00, 0x00, 0x00, 0x00, 0x00, 0x00, 0x00, 0x00,
    0x00, 0x00, 0x00, 0x00, 0x00, 0x00, 0x00, 0x00, 0x00, 0x00, 0x00, 0x00, 0x00, 0x00, 0x00, 0x00,
    0x00, 0x00, 0x00, 0x00, 0x00, 0x00, 0x00, 0x00, 0x00, 0x00, 0x00, 0x00, 0x00, 0x00, 0x00, 0x00,
    0x00, 0x00, 0x00, 0x00, 0x00, 0x00, 0x00, 0x00, 0x00, 0x00, 0x00, 0x00, 0x00, 0x00, 0x00, 0x00,
    0x00, 0x00, 0x00, 0x00, 0x00, 0x00, 0x00, 0x00, 0x00, 0x00, 0x00, 0x00, 0x00, 0x00, 0x00, 0x00,
    0x00, 0x00, 0x00, 0x00, 0xFF, 0xFF, 0x00, 0x02, 0x00, 0x00, 0x00, 0x00, 0xFF, 0xD9, 0x58, 0x95,
    0xFF, 0xE7, 0x5F, 0xFF, 0xFF, 0xD7, 0x58, 0xFA, 0xFE, 0xD8, 0x59, 0xFC, 0xFF, 0xE1, 0x5D, 0xFF,
    0xFF, 0xD6, 0x57, 0x7D, 0x00, 0x00, 0x00, 0x00, 0xFF, 0xFF, 0x00, 0x02, 0xFF, 0xFF, 0x7F, 0x02,
    0x00, 0x00, 0x00, 0x00, 0xFF, 0x00, 0x00, 0x01, 0x00, 0x00, 0x00, 0x00, 0x00, 0x00, 0x00, 0x00,
    0xFF, 0xDD, 0x5B, 0xCC, 0xFF, 0xDB, 0x5A, 0xDD, 0xFF, 0xCC, 0x4C, 0x0A, 0x00, 0x00, 0x00, 0x00,
    0xFF, 0xFF, 0x55, 0x03, 0x00, 0x00, 0x00, 0x00, 0xFF, 0xD6, 0x55, 0x39, 0xFE, 0xDD, 0x5B, 0xED,
    0xFF, 0xE1, 0x5D, 0xFF, 0xFF, 0xD7, 0x58, 0xFA, 0xFF, 0xD7, 0x59, 0xFD, 0xFF, 0xD8, 0x59, 0xFF,
    0xFF, 0xD8, 0x59, 0xFF, 0xFF, 0xD8, 0x59, 0xFF, 0xFF, 0xD8, 0x59, 0xFF, 0xFF, 0xD8, 0x59, 0xFF,
    0xFF, 0xD8, 0x59, 0xFF, 0xFF, 0xD8, 0x59, 0xFF, 0xFF, 0xD8, 0x59, 0xFF, 0xFE, 0xD7, 0x59, 0xFC,
    0xFF, 0xD8, 0x58, 0xFA, 0xFF, 0xE7, 0x5F, 0xFF, 0xFF, 0xD9, 0x58, 0xC3, 0xFF, 0xD2, 0x5A, 0x11,
    0x00, 0x00, 0x00, 0x00, 0xFF, 0xFF, 0x55, 0x03, 0x00, 0x00, 0x00, 0x00, 0xFF, 0xD8, 0x59, 0x28,
    0xFF, 0xDC, 0x5B, 0xFF, 0xFF, 0xDB, 0x5A, 0xAC, 0x00, 0x00, 0x00, 0x00, 0xFF, 0xFF, 0xFF, 0x01,
    0x00, 0x00, 0x00, 0x00, 0xFF, 0x00, 0x00, 0x01, 0xFF, 0xFF, 0x55, 0x03, 0x00, 0x00, 0x00, 0x00,
    0xFF, 0xD2, 0x4B, 0x11, 0xFF, 0xD8, 0x58, 0xB5, 0xFF, 0xE4, 0x5E, 0xFF, 0xFF, 0xD7, 0x59, 0xF8,
    0xFF, 0xDD, 0x5B, 0xFF, 0xFF, 0xDD, 0x5A, 0xEC, 0xFF, 0xD4, 0x55, 0x36, 0x00, 0x00, 0x00, 0x00,
    0xFF, 0xAA, 0x55, 0x03, 0x00, 0x00, 0x00, 0x00, 0x00, 0x00, 0x00, 0x00, 0x00, 0x00, 0x00, 0x00,
    0x00, 0x00, 0x00, 0x00, 0x00, 0x00, 0x00, 0x00, 0x00, 0x00, 0x00, 0x00, 0x00, 0x00, 0x00, 0x00,
    0x00, 0x00, 0x00, 0x00, 0x00, 0x00, 0x00, 0x00, 0x00, 0x00, 0x00, 0x00, 0x00, 0x00, 0x00, 0x00,
    0x00, 0x00, 0x00, 0x00, 0x00, 0x00, 0x00, 0x00, 0x00, 0x00, 0x00, 0x00, 0x00, 0x00, 0x00, 0x00,
    0x00, 0x00, 0x00, 0x00, 0x00, 0x00, 0x00, 0x00, 0x00, 0x00, 0x00, 0x00, 0x00, 0x00, 0x00, 0x00,
    0x00, 0x00, 0x00, 0x00, 0x00, 0x00, 0x00, 0x00, 0x00, 0x00, 0x00, 0x00, 0x00, 0x00, 0x00, 0x00,
    0x00, 0x00, 0x00, 0x00, 0x00, 0x00, 0x00, 0x00, 0x00, 0x00, 0x00, 0x00, 0x00, 0x00, 0x00, 0x00,
    0x00, 0x00, 0x00, 0x00, 0x00, 0x00, 0x00, 0x00, 0x00, 0x00, 0x00, 0x00, 0x00, 0x00, 0x00, 0x00,
    0xFF, 0xFF, 0x00, 0x02, 0x00, 0x00, 0x00, 0x00, 0xFF, 0xFF, 0x55, 0x03, 0xFF, 0xD9, 0x5A, 0x3E,
    0xFE, 0xD7, 0x59, 0x7B, 0xFF, 0xD7, 0x58, 0xDD, 0xFF, 0xDC, 0x5B, 0xFF, 0xFF, 0xD7, 0x58, 0x95,
    0xFF, 0xD7, 0x59, 0x4D, 0xFF, 0xCC, 0x55, 0x0F, 0x00, 0x00, 0x00, 0x00, 0xFF, 0x7F, 0x7F, 0x02,
    0x00, 0x00, 0x00, 0x00, 0x00, 0x00, 0x00, 0x00, 0x00, 0x00, 0x00, 0x00, 0x00, 0x00, 0x00, 0x00,
    0x00, 0x00, 0x00, 0x00, 0xFF, 0xFF, 0x7F, 0x02, 0x00, 0x00, 0x00, 0x00, 0x00, 0x00, 0x00, 0x00,
    0x00, 0x00, 0x00, 0x00, 0x00, 0x00, 0x00, 0x00, 0x00, 0x00, 0x00, 0x00, 0x00, 0x00, 0x00, 0x00,
    0x00, 0x00, 0x00, 0x00, 0xFF, 0xFF, 0x00, 0x01, 0xFF, 0x7F, 0x00, 0x02, 0x00, 0x00, 0x00, 0x00,
    0x00, 0x00, 0x00, 0x00, 0x00, 0x00, 0x00, 0x00, 0x00, 0x00, 0x00, 0x00, 0x00, 0x00, 0x00, 0x00,
    0x00, 0x00, 0x00, 0x00, 0x00, 0x00, 0x00, 0x00, 0x00, 0x00, 0x00, 0x00, 0x00, 0x00, 0x00, 0x00,
    0x00, 0x00, 0x00, 0x00, 0x00, 0x00, 0x00, 0x00, 0x00, 0x00, 0x00, 0x00, 0x00, 0x00, 0x00, 0x00,
    0x00, 0x00, 0x00, 0x00, 0x00, 0x00, 0x00, 0x00, 0x00, 0x00, 0x00, 0x00, 0x00, 0x00, 0x00, 0x00,
    0x00, 0x00, 0x00, 0x00, 0x00, 0x00, 0x00, 0x00, 0x00, 0x00, 0x00, 0x00, 0x00, 0x00, 0x00, 0x00,
    0x00, 0x00, 0x00, 0x00, 0x00, 0x00, 0x00, 0x00, 0x00, 0x00, 0x00, 0x00, 0x00, 0x00, 0x00, 0x00,
    0x00, 0x00, 0x00, 0x00, 0x00, 0x00, 0x00, 0x00, 0x00, 0x00, 0x00, 0x00, 0x00, 0x00, 0x00, 0x00,
    0x00, 0x00, 0x00, 0x00, 0x00, 0x00, 0x00, 0x00, 0x00, 0x00, 0x00, 0x00, 0xFF, 0xFF, 0x00, 0x01,
    0xFF, 0xFF, 0x00, 0x01, 0xFF, 0x7F, 0x00, 0x02, 0xFE, 0xD8, 0x58, 0xA4, 0xFF, 0xE7, 0x5F, 0xFF,
    0xFF, 0xD7, 0x58, 0xFA, 0xFF, 0xD9, 0x5A, 0xFB, 0xFF, 0xE3, 0x5D, 0xFF, 0xFF, 0xD8, 0x57, 0x97,
    0xFE, 0xDA, 0x48, 0x07, 0x00, 0x00, 0x00, 0x00, 0xFF, 0xFF, 0x55, 0x03, 0xFF, 0xFF, 0x00, 0x01,
    0xFF, 0xFF, 0x55, 0x03, 0x00, 0x00, 0x00, 0x00, 0xFF, 0xD7, 0x57, 0x5A, 0xFF, 0xEF, 0x62, 0xFF,
    0xFF, 0xD9, 0x59, 0x80, 0x00, 0x00, 0x00, 0x00, 0xFF, 0xBF, 0x3F, 0x04, 0xFF, 0xAA, 0x55, 0x03,
    0x00, 0x00, 0x00, 0x00, 0xFF, 0xD6, 0x5B, 0x32, 0xFF, 0xD9, 0x5A, 0xD7, 0xFF, 0xE7, 0x5F, 0xFF,
    0xFF, 0xDB, 0x5A, 0xFE, 0xFF, 0xD8, 0x58, 0xFB, 0xFF, 0xD8, 0x59, 0xFB, 0xFF, 0xD7, 0x58, 0xFD,
    0xFF, 0xD7, 0x58, 0xFD, 0xFF, 0xD7, 0x58, 0xFD, 0xFE, 0xD8, 0x59, 0xFC, 0xFF, 0xD7, 0x58, 0xFB,
    0xFE, 0xD7, 0x59, 0xFC, 0xFF, 0xDF, 0x5C, 0xFE, 0xFF, 0xE4, 0x5E, 0xFF, 0xFF, 0xD6, 0x58, 0xAC,
    0xFF, 0xDF, 0x5F, 0x10, 0x00, 0x00, 0x00, 0x00, 0xFF, 0xFF, 0x55, 0x03, 0xFF, 0xFF, 0x00, 0x01,
    0xFF, 0xFF, 0x00, 0x02, 0xFF, 0xDA, 0x58, 0xB8, 0xFF, 0xE6, 0x5F, 0xFF, 0xFF, 0xD8, 0x59, 0x3C,
    0x00, 0x00, 0x00, 0x00, 0xFF, 0xFF, 0x7F, 0x02, 0xFF, 0xFF, 0x7F, 0x02, 0xFF, 0xFF, 0x55, 0x03,
    0x00, 0x00, 0x00, 0x00, 0xFF, 0xD9, 0x56, 0x2F, 0xFF, 0xD9, 0x59, 0xD4, 0xFF, 0xE4, 0x5E, 0xFF,
    0xFF, 0xD6, 0x58, 0xF8, 0xFF, 0xDE, 0x5B, 0xFF, 0xFE, 0xDD, 0x5B, 0xED, 0xFF, 0xD4, 0x55, 0x3C,
    0x00, 0x00, 0x00, 0x00, 0xFF, 0xFF, 0x55, 0x03, 0x00, 0x00, 0x00, 0x00, 0x00, 0x00, 0x00, 0x00,
    0x00, 0x00, 0x00, 0x00, 0x00, 0x00, 0x00, 0x00, 0x00, 0x00, 0x00, 0x00, 0x00, 0x00, 0x00, 0x00,
    0x00, 0x00, 0x00, 0x00, 0x00, 0x00, 0x00, 0x00, 0x00, 0x00, 0x00, 0x00, 0x00, 0x00, 0x00, 0x00,
    0x00, 0x00, 0x00, 0x00, 0x00, 0x00, 0x00, 0x00, 0x00, 0x00, 0x00, 0x00, 0x00, 0x00, 0x00, 0x00,
    0x00, 0x00, 0x00, 0x00, 0x00, 0x00, 0x00, 0x00, 0x00, 0x00, 0x00, 0x00, 0x00, 0x00, 0x00, 0x00,
    0x00, 0x00, 0x00, 0x00, 0x00, 0x00, 0x00, 0x00, 0x00, 0x00, 0x00, 0x00, 0x00, 0x00, 0x00, 0x00,
    0x00, 0x00, 0x00, 0x00, 0x00, 0x00, 0x00, 0x00, 0x00, 0x00, 0x00, 0x00, 0x00, 0x00, 0x00, 0x00,
    0x00, 0x00, 0x00, 0x00, 0x00, 0x00, 0x00, 0x00, 0x00, 0x00, 0x00, 0x00, 0x00, 0x00, 0x00, 0x00,
    0x00, 0x00, 0x00, 0x00, 0x00, 0x00, 0x00, 0x00, 0x00, 0x00, 0x00, 0x00, 0xFF, 0xFF, 0x00, 0x02,
    0xFF, 0xFF, 0x00, 0x01, 0xFF, 0xFF, 0x55, 0x03, 0x00, 0x00, 0x00, 0x00, 0xFF, 0xD8, 0x58, 0x98,
    0xFF, 0xD7, 0x58, 0xF1, 0xFF, 0xBF, 0x3F, 0x04, 0x00, 0x00, 0x00, 0x00, 0xFF, 0xFF, 0x00, 0x01,
    0xFF, 0xAA, 0x55, 0x03, 0x00, 0x00, 0x00, 0x00, 0x00, 0x00, 0x00, 0x00, 0x00, 0x00, 0x00, 0x00,
    0x00, 0x00, 0x00, 0x00, 0x00, 0x00, 0x00, 0x00, 0x00, 0x00, 0x00, 0x00, 0x00, 0x00, 0x00, 0x00,
    0xFF, 0x00, 0x00, 0x01, 0xFF, 0xFF, 0x55, 0x03, 0xFF, 0xFF, 0x7F, 0x02, 0xFF, 0xFF, 0x00, 0x01,
    0xFF, 0xFF, 0x00, 0x01, 0xFF, 0xFF, 0x55, 0x03, 0xFF, 0xFF, 0x7F, 0x02, 0x00, 0x00, 0x00, 0x00,
    0x00, 0x00, 0x00, 0x00, 0x00, 0x00, 0x00, 0x00, 0x00, 0x00, 0x00, 0x00, 0x00, 0x00, 0x00, 0x00,
    0x00, 0x00, 0x00, 0x00, 0x00, 0x00, 0x00, 0x00, 0x00, 0x00, 0x00, 0x00, 0x00, 0x00, 0x00, 0x00,
    0x00, 0x00, 0x00, 0x00, 0x00, 0x00, 0x00, 0x00, 0x00, 0x00, 0x00, 0x00, 0x00, 0x00, 0x00, 0x00,
    0x00, 0x00, 0x00, 0x00, 0x00, 0x00, 0x00, 0x00, 0x00, 0x00, 0x00, 0x00, 0x00, 0x00, 0x00, 0x00,
    0x00, 0x00, 0x00, 0x00, 0x00, 0x00, 0x00, 0x00, 0x00, 0x00, 0x00, 0x00, 0x00, 0x00, 0x00, 0x00,
    0x00, 0x00, 0x00, 0x00, 0x00, 0x00, 0x00, 0x00, 0x00, 0x00, 0x00, 0x00, 0x00, 0x00, 0x00, 0x00,
    0x00, 0x00, 0x00, 0x00, 0x00, 0x00, 0x00, 0x00, 0x00, 0x00, 0x00, 0x00, 0x00, 0x00, 0x00, 0x00,
    0x00, 0x00, 0x00, 0x00, 0x00, 0x00, 0x00, 0x00, 0x00, 0x00, 0x00, 0x00, 0x00, 0x00, 0x00, 0x00,
    0x00, 0x00, 0x00, 0x00, 0x00, 0x00, 0x00, 0x00, 0xFF, 0xFF, 0x00, 0x01, 0xFF, 0x00, 0x00, 0x01,
    0xFF, 0xFF, 0x55, 0x03, 0xFE, 0xD9, 0x59, 0xA3, 0xFF, 0xE7, 0x5F, 0xFF, 0xFF, 0xD8, 0x58, 0xFA,
    0xFF, 0xD8, 0x58, 0xFA, 0xFF, 0xE5, 0x5E, 0xFF, 0xFF, 0xD9, 0x58, 0xC6, 0xFF, 0xD4, 0x55, 0x2A,
    0x00, 0x00, 0x00, 0x00, 0xFF, 0xFF, 0x7F, 0x02, 0xFF, 0xAA, 0x55, 0x03, 0x00, 0x00, 0x00, 0x00,
    0xFF, 0x00, 0x00, 0x01, 0xFF, 0xDD, 0x5A, 0xBD, 0xFF, 0xE6, 0x5E, 0xFF, 0xFF, 0xD6, 0x58, 0x4B,
    0x00, 0x00, 0x00, 0x00, 0xFF, 0xFF, 0x7F, 0x04, 0xFF, 0xAA, 0x55, 0x03, 0x00, 0x00, 0x00, 0x00,
    0xFF, 0xCF, 0x5F, 0x10, 0xFF, 0xD7, 0x58, 0x87, 0xFE, 0xD8, 0x59, 0xED, 0xFF, 0xE5, 0x5E, 0xFF,
    0xFF, 0xE4, 0x5E, 0xFE, 0xFF, 0xDF, 0x5C, 0xFF, 0xFF, 0xDE, 0x5B, 0xFF, 0xFF, 0xDE, 0x5B, 0xFF,
    0xFF, 0xE1, 0x5C, 0xFF, 0xFF, 0xE6, 0x5F, 0xFE, 0xFF, 0xE1, 0x5C, 0xFF, 0xFF, 0xD5, 0x58, 0xD9,
    0xFF, 0xD9, 0x56, 0x5E, 0xFF, 0xFF, 0x00, 0x01, 0xFF, 0xFF, 0x00, 0x01, 0xFF, 0xFF, 0x55, 0x03,
    0xFF, 0xFF, 0x7F, 0x02, 0x00, 0x00, 0x00, 0x00, 0xFF, 0xD8, 0x58, 0x93, 0xFF, 0xF2, 0x64, 0xFF,
    0xFF, 0xDB, 0x59, 0x9C, 0x00, 0x00, 0x00, 0x00, 0xFF, 0xFF, 0x7F, 0x02, 0xFF, 0xFF, 0x55, 0x03,
    0x00, 0x00, 0x00, 0x00, 0x00, 0x00, 0x00, 0x00, 0xFF, 0xD4, 0x56, 0x67, 0xFF, 0xDC, 0x5A, 0xF2,
    0xFF, 0xE0, 0x5C, 0xFF, 0xFF, 0xD6, 0x58, 0xF8, 0xFF, 0xE1, 0x5C, 0xFF, 0xFF, 0xDC, 0x5A, 0xE8,
    0xFF, 0xD2, 0x55, 0x39, 0x00, 0x00, 0x00, 0x00, 0xFF, 0xAA, 0x55, 0x03, 0x00, 0x00, 0x00, 0x00,
    0x00, 0x00, 0x00, 0x00, 0x00, 0x00, 0x00, 0x00, 0x00, 0x00, 0x00, 0x00, 0x00, 0x00, 0x00, 0x00,
    0x00, 0x00, 0x00, 0x00, 0x00, 0x00, 0x00, 0x00, 0x00, 0x00, 0x00, 0x00, 0x00, 0x00, 0x00, 0x00,
    0x00, 0x00, 0x00, 0x00, 0x00, 0x00, 0x00, 0x00, 0x00, 0x00, 0x00, 0x00, 0x00, 0x00, 0x00, 0x00,
    0x00, 0x00, 0x00, 0x00, 0x00, 0x00, 0x00, 0x00, 0x00, 0x00, 0x00, 0x00, 0x00, 0x00, 0x00, 0x00,
    0x00, 0x00, 0x00, 0x00, 0x00, 0x00, 0x00, 0x00, 0x00, 0x00, 0x00, 0x00, 0x00, 0x00, 0x00, 0x00,
    0x00, 0x00, 0x00, 0x00, 0x00, 0x00, 0x00, 0x00, 0x00, 0x00, 0x00, 0x00, 0x00, 0x00, 0x00, 0x00,
    0x00, 0x00, 0x00, 0x00, 0x00, 0x00, 0x00, 0x00, 0x00, 0x00, 0x00, 0x00, 0x00, 0x00, 0x00, 0x00,
    0x00, 0x00, 0x00, 0x00, 0x00, 0x00, 0x00, 0x00, 0x00, 0x00, 0x00, 0x00, 0x00, 0x00, 0x00, 0x00,
    0x00, 0x00, 0x00, 0x00, 0x00, 0x00, 0x00, 0x00, 0x00, 0x00, 0x00, 0x00, 0xFF, 0xCC, 0x66, 0x05,
    0x00, 0x00, 0x00, 0x00, 0xFE, 0xD7, 0x59, 0xA3, 0xFF, 0xD7, 0x59, 0xDE, 0xFF, 0xFF, 0x00, 0x01,
    0xFF, 0xFF, 0x7F, 0x02, 0xFF, 0xFF, 0x00, 0x01, 0x00, 0x00, 0x00, 0x00, 0x00, 0x00, 0x00, 0x00,
    0x00, 0x00, 0x00, 0x00, 0x00, 0x00, 0x00, 0x00, 0x00, 0x00, 0x00, 0x00, 0x00, 0x00, 0x00, 0x00,
    0x00, 0x00, 0x00, 0x00, 0x00, 0x00, 0x00, 0x00, 0x00, 0x00, 0x00, 0x00, 0x00, 0x00, 0x00, 0x00,
    0x00, 0x00, 0x00, 0x00, 0xFF, 0x00, 0x00, 0x01, 0xFF, 0x00, 0x00, 0x01, 0x00, 0x00, 0x00, 0x00,
    0x00, 0x00, 0x00, 0x00, 0x00, 0x00, 0x00, 0x00, 0x00, 0x00, 0x00, 0x00, 0x00, 0x00, 0x00, 0x00,
    0x00, 0x00, 0x00, 0x00, 0x00, 0x00, 0x00, 0x00, 0x00, 0x00, 0x00, 0x00, 0x00, 0x00, 0x00, 0x00,
    0x00, 0x00, 0x00, 0x00, 0x00, 0x00, 0x00, 0x00, 0x00, 0x00, 0x00, 0x00, 0x00, 0x00, 0x00, 0x00,
    0x00, 0x00, 0x00, 0x00, 0x00, 0x00, 0x00, 0x00, 0x00, 0x00, 0x00, 0x00, 0x00, 0x00, 0x00, 0x00,
    0x00, 0x00, 0x00, 0x00, 0x00, 0x00, 0x00, 0x00, 0x00, 0x00, 0x00, 0x00, 0x00, 0x00, 0x00, 0x00,
    0x00, 0x00, 0x00, 0x00, 0x00, 0x00, 0x00, 0x00, 0x00, 0x00, 0x00, 0x00, 0x00, 0x00, 0x00, 0x00,
    0x00, 0x00, 0x00, 0x00, 0x00, 0x00, 0x00, 0x00, 0x00, 0x00, 0x00, 0x00, 0x00, 0x00, 0x00, 0x00,
    0x00, 0x00, 0x00, 0x00, 0x00, 0x00, 0x00, 0x00, 0x00, 0x00, 0x00, 0x00, 0x00, 0x00, 0x00, 0x00,
    0x00, 0x00, 0x00, 0x00, 0x00, 0x00, 0x00, 0x00, 0x00, 0x00, 0x00, 0x00, 0x00, 0x00, 0x00, 0x00,
    0x00, 0x00, 0x00, 0x00, 0xFF, 0xFF, 0x00, 0x01, 0xFF, 0xFF, 0x00, 0x01, 0xFF, 0xFF, 0x00, 0x01,
    0xFF, 0xD6, 0x57, 0x91, 0xFF, 0xE4, 0x5E, 0xFF, 0xFE, 0xDB, 0x5B, 0xFC, 0xFF, 0xD7, 0x58, 0xF9,
    0xFF, 0xE2, 0x5D, 0xFF, 0xFF, 0xDC, 0x5A, 0xF1, 0xFE, 0xD6, 0x55, 0x71, 0xFF, 0xFF, 0x66, 0x05,
    0x00, 0x00, 0x00, 0x00, 0xFF, 0xCC, 0x33, 0x05, 0x00, 0x00, 0x00, 0x00, 0xFF, 0xCA, 0x56, 0x2C,
    0xFE, 0xE1, 0x5C, 0xEE, 0xFF, 0xE1, 0x5C, 0xF2, 0xFF, 0xD0, 0x55, 0x42, 0x00, 0x00, 0x00, 0x00,
    0xFF, 0xBF, 0x3F, 0x04, 0xFF, 0xBF, 0x3F, 0x04, 0xFF, 0xFF, 0x00, 0x01, 0x00, 0x00, 0x00, 0x00,
    0xFF, 0xD6, 0x51, 0x19, 0xFF, 0xD7, 0x57, 0x66, 0xFE, 0xD6, 0x58, 0xA4, 0xFF, 0xD7, 0x58, 0xCD,
    0xFE, 0xD9, 0x59, 0xDF, 0xFF, 0xD8, 0x59, 0xDC, 0xFF, 0xD7, 0x58, 0xC3, 0xFF, 0xD7, 0x57, 0x95,
    0xFF, 0xD8, 0x57, 0x4F, 0xFF, 0xCC, 0x4C, 0x0A, 0x00, 0x00, 0x00, 0x00, 0xFF, 0xFF, 0x7F, 0x02,
    0xFF, 0xFF, 0x3F, 0x04, 0x00, 0x00, 0x00, 0x00, 0xFF, 0xAA, 0x55, 0x03, 0xFF, 0xD7, 0x57, 0x94,
    0xFF, 0xEE, 0x62, 0xFF, 0xFF, 0xDC, 0x5B, 0xD4, 0xFF, 0xD0, 0x51, 0x16, 0x00, 0x00, 0x00, 0x00,
    0xFF, 0xAA, 0x55, 0x03, 0x00, 0x00, 0x00, 0x00, 0xFF, 0xDA, 0x57, 0x23, 0xFF, 0xD8, 0x59, 0xB1,
    0xFF, 0xE3, 0x5D, 0xFF, 0xFE, 0xDB, 0x5B, 0xFC, 0xFF, 0xD6, 0x59, 0xF8, 0xFF, 0xE5, 0x5F, 0xFF,
    0xFF, 0xDA, 0x59, 0xD8, 0xFF, 0xD5, 0x58, 0x2B, 0x00, 0x00, 0x00, 0x00, 0xFF, 0xAA, 0x55, 0x03,
    0x00, 0x00, 0x00, 0x00, 0x00, 0x00, 0x00, 0x00, 0x00, 0x00, 0x00, 0x00, 0x00, 0x00, 0x00, 0x00,
    0x00, 0x00, 0x00, 0x00, 0x00, 0x00, 0x00, 0x00, 0x00, 0x00, 0x00, 0x00, 0x00, 0x00, 0x00, 0x00,
    0x00, 0x00, 0x00, 0x00, 0x00, 0x00, 0x00, 0x00, 0x00, 0x00, 0x00, 0x00, 0x00, 0x00, 0x00, 0x00,
    0x00, 0x00, 0x00, 0x00, 0x00, 0x00, 0x00, 0x00, 0x00, 0x00, 0x00, 0x00, 0x00, 0x00, 0x00, 0x00,
    0x00, 0x00, 0x00, 0x00, 0x00, 0x00, 0x00, 0x00, 0x00, 0x00, 0x00, 0x00, 0x00, 0x00, 0x00, 0x00,
    0x00, 0x00, 0x00, 0x00, 0x00, 0x00, 0x00, 0x00, 0x00, 0x00, 0x00, 0x00, 0x00, 0x00, 0x00, 0x00,
    0x00, 0x00, 0x00, 0x00, 0x00, 0x00, 0x00, 0x00, 0x00, 0x00, 0x00, 0x00, 0x00, 0x00, 0x00, 0x00,
    0x00, 0x00, 0x00, 0x00, 0x00, 0x00, 0x00, 0x00, 0x00, 0x00, 0x00, 0x00, 0x00, 0x00, 0x00, 0x00,
    0x00, 0x00, 0x00, 0x00, 0x00, 0x00, 0x00, 0x00, 0x00, 0x00, 0x00, 0x00, 0x00, 0x00, 0x00, 0x00,
    0x00, 0x00, 0x00, 0x00, 0xFF, 0xFF, 0x00, 0x01, 0x00, 0x00, 0x00, 0x00, 0xFF, 0xD7, 0x59, 0xB7,
    0xFF, 0xD8, 0x59, 0xCE, 0x00, 0x00, 0x00, 0x00, 0x00, 0x00, 0x00, 0x00, 0xFF, 0x00, 0x00, 0x01,
    0x00, 0x00, 0x00, 0x00, 0x00, 0x00, 0x00, 0x00, 0x00, 0x00, 0x00, 0x00, 0x00, 0x00, 0x00, 0x00,
    0x00, 0x00, 0x00, 0x00, 0x00, 0x00, 0x00, 0x00, 0x00, 0x00, 0x00, 0x00, 0x00, 0x00, 0x00, 0x00,
    0x00, 0x00, 0x00, 0x00, 0x00, 0x00, 0x00, 0x00, 0x00, 0x00, 0x00, 0x00, 0x00, 0x00, 0x00, 0x00,
    0xFF, 0xFF, 0x00, 0x01, 0x00, 0x00, 0x00, 0x00, 0x00, 0x00, 0x00, 0x00, 0x00, 0x00, 0x00, 0x00,
    0x00, 0x00, 0x00, 0x00, 0x00, 0x00, 0x00, 0x00, 0x00, 0x00, 0x00, 0x00, 0x00, 0x00, 0x00, 0x00,
    0x00, 0x00, 0x00, 0x00, 0x00, 0x00, 0x00, 0x00, 0x00, 0x00, 0x00, 0x00, 0x00, 0x00, 0x00, 0x00,
    0x00, 0x00, 0x00, 0x00, 0x00, 0x00, 0x00, 0x00, 0x00, 0x00, 0x00, 0x00, 0x00, 0x00, 0x00, 0x00,
    0x00, 0x00, 0x00, 0x00, 0x00, 0x00, 0x00, 0x00, 0x00, 0x00, 0x00, 0x00, 0x00, 0x00, 0x00, 0x00,
    0x00, 0x00, 0x00, 0x00, 0x00, 0x00, 0x00, 0x00, 0x00, 0x00, 0x00, 0x00, 0x00, 0x00, 0x00, 0x00,
    0x00, 0x00, 0x00, 0x00, 0x00, 0x00, 0x00, 0x00, 0x00, 0x00, 0x00, 0x00, 0x00, 0x00, 0x00, 0x00,
    0x00, 0x00, 0x00, 0x00, 0x00, 0x00, 0x00, 0x00, 0x00, 0x00, 0x00, 0x00, 0x00, 0x00, 0x00, 0x00,
    0x00, 0x00, 0x00, 0x00, 0x00, 0x00, 0x00, 0x00, 0x00, 0x00, 0x00, 0x00, 0x00, 0x00, 0x00, 0x00,
    0x00, 0x00, 0x00, 0x00, 0x00, 0x00, 0x00, 0x00, 0x00, 0x00, 0x00, 0x00, 0x00, 0x00, 0x00, 0x00,
    0xFF, 0xFF, 0x00, 0x01, 0xFF, 0xFF, 0x7F, 0x02, 0x00, 0x00, 0x00, 0x00, 0xFF, 0xD4, 0x57, 0x6C,
    0xFF, 0xDE, 0x5B, 0xF7, 0xFF, 0xE0, 0x5C, 0xFF, 0xFF, 0xD6, 0x58, 0xF8, 0xFE, 0xDC, 0x5B, 0xFC,
    0xFF, 0xE4, 0x5E, 0xFF, 0xFF, 0xD6, 0x58, 0xC9, 0xFF, 0xD8, 0x56, 0x3B, 0x00, 0x00, 0x00, 0x00,
    0xFF, 0xBF, 0x3F, 0x04, 0x00, 0x00, 0x00, 0x00, 0xFF, 0xD0, 0x52, 0x4D, 0xFF, 0xE2, 0x5D, 0xF9,
    0xFE, 0xE1, 0x5D, 0xF6, 0xFF, 0xD4, 0x55, 0x5F, 0x00, 0x00, 0x00, 0x00, 0xFF, 0x00, 0x00, 0x01,
    0xFF, 0xBF, 0x3F, 0x04, 0xFF, 0xCC, 0x66, 0x05, 0x00, 0x00, 0x00, 0x00, 0x00, 0x00, 0x00, 0x00,
    0x00, 0x00, 0x00, 0x00, 0x00, 0x00, 0x00, 0x00, 0x00, 0x00, 0x00, 0x00, 0x00, 0x00, 0x00, 0x00,
    0x00, 0x00, 0x00, 0x00, 0x00, 0x00, 0x00, 0x00, 0x00, 0x00, 0x00, 0x00, 0xFF, 0xFF, 0x00, 0x01,
    0xFF, 0xD4, 0x2A, 0x06, 0xFF, 0xFF, 0x55, 0x03, 0x00, 0x00, 0x00, 0x00, 0xFF, 0xCC, 0x59, 0x14,
    0xFF, 0xD7, 0x58, 0xB0, 0xFF, 0xF0, 0x63, 0xFF, 0xFE, 0xDD, 0x5B, 0xE2, 0xFF, 0xD0, 0x53, 0x31,
    0x00, 0x00, 0x00, 0x00, 0x00, 0x00, 0x00, 0x00, 0xFF, 0xE9, 0x6A, 0x0C, 0xFF, 0xD5, 0x57, 0x7A,
    0xFE, 0xDB, 0x59, 0xEF, 0xFF, 0xE4, 0x5D, 0xFF, 0xFF, 0xD7, 0x58, 0xF9, 0xFF, 0xD9, 0x59, 0xFB,
    0xFF, 0xE7, 0x5F, 0xFF, 0xFF, 0xD6, 0x57, 0xB7, 0xFF, 0xD2, 0x58, 0x17, 0x00, 0x00, 0x00, 0x00,
    0xFF, 0xAA, 0x55, 0x03, 0x00, 0x00, 0x00, 0x00, 0x00, 0x00, 0x00, 0x00, 0x00, 0x00, 0x00, 0x00,
    0x00, 0x00, 0x00, 0x00, 0x00, 0x00, 0x00, 0x00, 0x00, 0x00, 0x00, 0x00, 0x00, 0x00, 0x00, 0x00,
    0x00, 0x00, 0x00, 0x00, 0x00, 0x00, 0x00, 0x00, 0x00, 0x00, 0x00, 0x00, 0x00, 0x00, 0x00, 0x00,
    0x00, 0x00, 0x00, 0x00, 0x00, 0x00, 0x00, 0x00, 0x00, 0x00, 0x00, 0x00, 0x00, 0x00, 0x00, 0x00,
    0x00, 0x00, 0x00, 0x00, 0x00, 0x00, 0x00, 0x00, 0x00, 0x00, 0x00, 0x00, 0x00, 0x00, 0x00, 0x00,
    0x00, 0x00, 0x00, 0x00, 0x00, 0x00, 0x00, 0x00, 0x00, 0x00, 0x00, 0x00, 0x00, 0x00, 0x00, 0x00,
    0x00, 0x00, 0x00, 0x00, 0x00, 0x00, 0x00, 0x00, 0x00, 0x00, 0x00, 0x00, 0x00, 0x00, 0x00, 0x00,
    0x00, 0x00, 0x00, 0x00, 0x00, 0x00, 0x00, 0x00, 0x00, 0x00, 0x00, 0x00, 0x00, 0x00, 0x00, 0x00,
    0x00, 0x00, 0x00, 0x00, 0x00, 0x00, 0x00, 0x00, 0x00, 0x00, 0x00, 0x00, 0x00, 0x00, 0x00, 0x00,
    0x00, 0x00, 0x00, 0x00, 0x00, 0x00, 0x00, 0x00, 0xFF, 0x00, 0x00, 0x01, 0x00, 0x00, 0x00, 0x00,
    0x00, 0x00, 0x00, 0x00, 0xFF, 0xD7, 0x58, 0xD5, 0xFF, 0xD9, 0x59, 0xB7, 0x00, 0x00, 0x00, 0x00,
    0xFF, 0xFF, 0x00, 0x01, 0x00, 0x00, 0x00, 0x00, 0x00, 0x00, 0x00, 0x00, 0x00, 0x00, 0x00, 0x00,
    0x00, 0x00, 0x00, 0x00, 0x00, 0x00, 0x00, 0x00, 0x00, 0x00, 0x00, 0x00, 0x00, 0x00, 0x00, 0x00,
    0x00, 0x00, 0x00, 0x00, 0x00, 0x00, 0x00, 0x00, 0x00, 0x00, 0x00, 0x00, 0x00, 0x00, 0x00, 0x00,
    0x00, 0x00, 0x00, 0x00, 0xFF, 0xFF, 0x55, 0x06, 0xFF, 0xFF, 0x55, 0x03, 0x00, 0x00, 0x00, 0x00,
    0x00, 0x00, 0x00, 0x00, 0x00, 0x00, 0x00, 0x00, 0x00, 0x00, 0x00, 0x00, 0x00, 0x00, 0x00, 0x00,
    0x00, 0x00, 0x00, 0x00, 0x00, 0x00, 0x00, 0x00, 0x00, 0x00, 0x00, 0x00, 0x00, 0x00, 0x00, 0x00,
    0x00, 0x00, 0x00, 0x00, 0x00, 0x00, 0x00, 0x00, 0x00, 0x00, 0x00, 0x00, 0x00, 0x00, 0x00, 0x00,
    0x00, 0x00, 0x00, 0x00, 0x00, 0x00, 0x00, 0x00, 0x00, 0x00, 0x00, 0x00, 0x00, 0x00, 0x00, 0x00,
    0x00, 0x00, 0x00, 0x00, 0x00, 0x00, 0x00, 0x00, 0x00, 0x00, 0x00, 0x00, 0x00, 0x00, 0x00, 0x00,
    0x00, 0x00, 0x00, 0x00, 0x00, 0x00, 0x00, 0x00, 0x00, 0x00, 0x00, 0x00, 0x00, 0x00, 0x00, 0x00,
    0x00, 0x00, 0x00, 0x00, 0x00, 0x00, 0x00, 0x00, 0x00, 0x00, 0x00, 0x00, 0x00, 0x00, 0x00, 0x00,
    0x00, 0x00, 0x00, 0x00, 0x00, 0x00, 0x00, 0x00, 0x00, 0x00, 0x00, 0x00, 0x00, 0x00, 0x00, 0x00,
    0x00, 0x00, 0x00, 0x00, 0x00, 0x00, 0x00, 0x00, 0x00, 0x00, 0x00, 0x00, 0x00, 0x00, 0x00, 0x00,
    0x00, 0x00, 0x00, 0x00, 0x00, 0x00, 0x00, 0x00, 0x00, 0x00, 0x00, 0x00, 0xFF, 0x00, 0x00, 0x01,
    0xFF, 0xAA, 0x55, 0x03, 0x00, 0x00, 0x00, 0x00, 0xFF, 0xD7, 0x57, 0x3A, 0xFF, 0xD9, 0x59, 0xD8,
    0xFF, 0xE6, 0x5F, 0xFF, 0xFF, 0xD9, 0x59, 0xFA, 0xFF, 0xD8, 0x59, 0xF9, 0xFF, 0xE1, 0x5C, 0xFF,
    0xFE, 0xDC, 0x5B, 0xFC, 0xFF, 0xD5, 0x57, 0x9A, 0xFF, 0xD6, 0x5B, 0x19, 0x00, 0x00, 0x00, 0x00,
    0x00, 0x00, 0x00, 0x00, 0xFF, 0xD2, 0x58, 0x4B, 0xFE, 0xE1, 0x5B, 0xEF, 0xFF, 0xEF, 0x62, 0xFF,
    0xFF, 0xD4, 0x57, 0xA9, 0xFF, 0xD9, 0x5A, 0x22, 0x00, 0x00, 0x00, 0x00, 0xFF, 0x00, 0x00, 0x01,
    0xFF, 0xFF, 0x7F, 0x02, 0xFE, 0xDA, 0x6D, 0x07, 0xFF, 0xFF, 0x7F, 0x04, 0xFF, 0xFF, 0x00, 0x01,
    0x00, 0x00, 0x00, 0x00, 0x00, 0x00, 0x00, 0x00, 0xFF, 0xFF, 0x00, 0x01, 0xFF, 0xFF, 0x7F, 0x04,
    0xFE, 0xDA, 0x48, 0x07, 0xFF, 0xFF, 0x7F, 0x02, 0x00, 0x00, 0x00, 0x00, 0x00, 0x00, 0x00, 0x00,
    0xFF, 0xD5, 0x56, 0x4A, 0xFF, 0xDE, 0x5A, 0xDE, 0xFF, 0xF6, 0x65, 0xFF, 0xFF, 0xD8, 0x57, 0xC8,
    0xFF, 0xD3, 0x57, 0x23, 0x00, 0x00, 0x00, 0x00, 0xFF, 0xDF, 0x5F, 0x10, 0xFF, 0xD6, 0x58, 0x6B,
    0xFF, 0xD7, 0x58, 0xDD, 0xFF, 0xE5, 0x5E, 0xFF, 0xFE, 0xDB, 0x5A, 0xFC, 0xFF, 0xD6, 0x58, 0xF9,
    0xFF, 0xE1, 0x5D, 0xFF, 0xFF, 0xDE, 0x5A, 0xFA, 0xFF, 0xD4, 0x58, 0x7F, 0xFF, 0xFF, 0x55, 0x03,
    0x00, 0x00, 0x00, 0x00, 0xFF, 0x7F, 0x7F, 0x02, 0x00, 0x00, 0x00, 0x00, 0x00, 0x00, 0x00, 0x00,
    0x00, 0x00, 0x00, 0x00, 0x00, 0x00, 0x00, 0x00, 0x00, 0x00, 0x00, 0x00, 0x00, 0x00, 0x00, 0x00,
    0x00, 0x00, 0x00, 0x00, 0x00, 0x00, 0x00, 0x00, 0x00, 0x00, 0x00, 0x00, 0x00, 0x00, 0x00, 0x00,
    0x00, 0x00, 0x00, 0x00, 0x00, 0x00, 0x00, 0x00, 0x00, 0x00, 0x00, 0x00, 0x00, 0x00, 0x00, 0x00,
    0x00, 0x00, 0x00, 0x00, 0x00, 0x00, 0x00, 0x00, 0x00, 0x00, 0x00, 0x00, 0x00, 0x00, 0x00, 0x00,
    0x00, 0x00, 0x00, 0x00, 0x00, 0x00, 0x00, 0x00, 0x00, 0x00, 0x00, 0x00, 0x00, 0x00, 0x00, 0x00,
    0x00, 0x00, 0x00, 0x00, 0x00, 0x00, 0x00, 0x00, 0x00, 0x00, 0x00, 0x00, 0x00, 0x00, 0x00, 0x00,
    0x00, 0x00, 0x00, 0x00, 0x00, 0x00, 0x00, 0x00, 0x00, 0x00, 0x00, 0x00, 0x00, 0x00, 0x00, 0x00,
    0x00, 0x00, 0x00, 0x00, 0x00, 0x00, 0x00, 0x00, 0x00, 0x00, 0x00, 0x00, 0x00, 0x00, 0x00, 0x00,
    0x00, 0x00, 0x00, 0x00, 0x00, 0x00, 0x00, 0x00, 0x00, 0x00, 0x00, 0x00, 0x00, 0x00, 0x00, 0x00,
    0xFF, 0xFF, 0x00, 0x01, 0x00, 0x00, 0x00, 0x00, 0xFF, 0xE2, 0x55, 0x09, 0xFF, 0xD9, 0x59, 0xFA,
    0xFF, 0xDA, 0x5A, 0x99, 0x00, 0x00, 0x00, 0x00, 0xFF, 0xFF, 0x55, 0x03, 0x00, 0x00, 0x00, 0x00,
    0x00, 0x00, 0x00, 0x00, 0x00, 0x00, 0x00, 0x00, 0x00, 0x00, 0x00, 0x00, 0x00, 0x00, 0x00, 0x00,
    0x00, 0x00, 0x00, 0x00, 0x00, 0x00, 0x00, 0x00, 0x00, 0x00, 0x00, 0x00, 0x00, 0x00, 0x00, 0x00,
    0x00, 0x00, 0x00, 0x00, 0xFF, 0xFF, 0x7F, 0x02, 0x00, 0x00, 0x00, 0x00, 0xFF, 0xD8, 0x58, 0x90,
    0xFF, 0xD6, 0x57, 0x8C, 0x00, 0x00, 0x00, 0x00, 0xFF, 0x7F, 0x7F, 0x02, 0x00, 0x00, 0x00, 0x00,
    0x00, 0x00, 0x00, 0x00, 0x00, 0x00, 0x00, 0x00, 0x00, 0x00, 0x00, 0x00, 0x00, 0x00, 0x00, 0x00,
    0x00, 0x00, 0x00, 0x00, 0x00, 0x00, 0x00, 0x00, 0x00, 0x00, 0x00, 0x00, 0x00, 0x00, 0x00, 0x00,
    0x00, 0x00, 0x00, 0x00, 0x00, 0x00, 0x00, 0x00, 0x00, 0x00, 0x00, 0x00, 0x00, 0x00, 0x00, 0x00,
    0x00, 0x00, 0x00, 0x00, 0x00, 0x00, 0x00, 0x00, 0x00, 0x00, 0x00, 0x00, 0x00, 0x00, 0x00, 0x00,
    0x00, 0x00, 0x00, 0x00, 0x00, 0x00, 0x00, 0x00, 0x00, 0x00, 0x00, 0x00, 0x00, 0x00, 0x00, 0x00,
    0x00, 0x00, 0x00, 0x00, 0x00, 0x00, 0x00, 0x00, 0x00, 0x00, 0x00, 0x00, 0x00, 0x00, 0x00, 0x00,
    0x00, 0x00, 0x00, 0x00, 0x00, 0x00, 0x00, 0x00, 0x00, 0x00, 0x00, 0x00, 0x00, 0x00, 0x00, 0x00,
    0x00, 0x00, 0x00, 0x00, 0x00, 0x00, 0x00, 0x00, 0x00, 0x00, 0x00, 0x00, 0x00, 0x00, 0x00, 0x00,
    0x00, 0x00, 0x00, 0x00, 0x00, 0x00, 0x00, 0x00, 0x00, 0x00, 0x00, 0x00, 0x00, 0x00, 0x00, 0x00,
    0x00, 0x00, 0x00, 0x00, 0x00, 0x00, 0x00, 0x00, 0x00, 0x00, 0x00, 0x00, 0xFF, 0xFF, 0x55, 0x03,
    0x00, 0x00, 0x00, 0x00, 0xFF, 0xDD, 0x55, 0x0F, 0xFF, 0xD4, 0x57, 0x97, 0xFF, 0xDE, 0x5B, 0xFD,
    0xFF, 0xE1, 0x5D, 0xFF, 0xFF, 0xD7, 0x59, 0xF9, 0xFF, 0xDA, 0x59, 0xFA, 0xFF, 0xE5, 0x5E, 0xFF,
    0xFE, 0xD8, 0x59, 0xE9, 0xFF, 0xD6, 0x57, 0x83, 0xFF, 0xD7, 0x5B, 0x27, 0x00, 0x00, 0x00, 0x00,
    0xFE, 0xDA, 0x51, 0x1C, 0xFF, 0xD6, 0x58, 0xB0, 0xFF, 0xEA, 0x60, 0xFF, 0xFF, 0xDD, 0x5A, 0xF2,
    0xFF, 0xD5, 0x57, 0x95, 0xFF, 0xD3, 0x56, 0x2F, 0xFF, 0x7F, 0x7F, 0x02, 0x00, 0x00, 0x00, 0x00,
    0x00, 0x00, 0x00, 0x00, 0x00, 0x00, 0x00, 0x00, 0x00, 0x00, 0x00, 0x00, 0x00, 0x00, 0x00, 0x00,
    0x00, 0x00, 0x00, 0x00, 0x00, 0x00, 0x00, 0x00, 0x00, 0x00, 0x00, 0x00, 0xFF, 0xFF, 0xFF, 0x01,
    0xFF, 0xD8, 0x5A, 0x3B, 0xFF, 0xD6, 0x58, 0xB2, 0xFF, 0xE5, 0x5E, 0xFF, 0xFF, 0xDD, 0x5B, 0xEA,
    0xFF, 0xD4, 0x58, 0x6B, 0xFF, 0xFF, 0x55, 0x03, 0xFF, 0xD0, 0x55, 0x21, 0xFF, 0xD7, 0x58, 0x88,
    0xFF, 0xD7, 0x58, 0xE1, 0xFF, 0xE5, 0x5E, 0xFF, 0xFF, 0xDD, 0x5B, 0xFE, 0xFF, 0xD6, 0x58, 0xF8,
    0xFF, 0xDC, 0x5A, 0xFD, 0xFF, 0xE6, 0x5E, 0xFF, 0xFF, 0xD7, 0x57, 0xCE, 0xFF, 0xD3, 0x56, 0x3B,
    0x00, 0x00, 0x00, 0x00, 0xFF, 0xFF, 0x7F, 0x02, 0xFF, 0xFF, 0x00, 0x01, 0x00, 0x00, 0x00, 0x00,
    0x00, 0x00, 0x00, 0x00, 0x00, 0x00, 0x00, 0x00, 0x00, 0x00, 0x00, 0x00, 0x00, 0x00, 0x00, 0x00,
    0x00, 0x00, 0x00, 0x00, 0x00, 0x00, 0x00, 0x00, 0x00, 0x00, 0x00, 0x00, 0x00, 0x00, 0x00, 0x00,
    0x00, 0x00, 0x00, 0x00, 0x00, 0x00, 0x00, 0x00, 0x00, 0x00, 0x00, 0x00, 0x00, 0x00, 0x00, 0x00,
    0x00, 0x00, 0x00, 0x00, 0x00, 0x00, 0x00, 0x00, 0x00, 0x00, 0x00, 0x00, 0x00, 0x00, 0x00, 0x00,
    0x00, 0x00, 0x00, 0x00, 0x00, 0x00, 0x00, 0x00, 0x00, 0x00, 0x00, 0x00, 0x00, 0x00, 0x00, 0x00,
    0x00, 0x00, 0x00, 0x00, 0x00, 0x00, 0x00, 0x00, 0x00, 0x00, 0x00, 0x00, 0x00, 0x00, 0x00, 0x00,
    0x00, 0x00, 0x00, 0x00, 0x00, 0x00, 0x00, 0x00, 0x00, 0x00, 0x00, 0x00, 0x00, 0x00, 0x00, 0x00,
    0x00, 0x00, 0x00, 0x00, 0x00, 0x00, 0x00, 0x00, 0x00, 0x00, 0x00, 0x00, 0x00, 0x00, 0x00, 0x00,
    0x00, 0x00, 0x00, 0x00, 0x00, 0x00, 0x00, 0x00, 0x00, 0x00, 0x00, 0x00, 0x00, 0x00, 0x00, 0x00,
    0x00, 0x00, 0x00, 0x00, 0x00, 0x00, 0x00, 0x00, 0xFF, 0xFF, 0x7F, 0x02, 0x00, 0x00, 0x00, 0x00,
    0xFF, 0xD6, 0x56, 0x2C, 0xFF, 0xE4, 0x5E, 0xFF, 0xFF, 0xD9, 0x5A, 0x73, 0x00, 0x00, 0x00, 0x00,
    0xFF, 0xFF, 0x7F, 0x04, 0x00, 0x00, 0x00, 0x00, 0x00, 0x00, 0x00, 0x00, 0x00, 0x00, 0x00, 0x00,
    0x00, 0x00, 0x00, 0x00, 0x00, 0x00, 0x00, 0x00, 0x00, 0x00, 0x00, 0x00, 0x00, 0x00, 0x00, 0x00,
    0x00, 0x00, 0x00, 0x00, 0x00, 0x00, 0x00, 0x00, 0x00, 0x00, 0x00, 0x00, 0xFF, 0xFF, 0x7F, 0x02,
    0x00, 0x00, 0x00, 0x00, 0xFF, 0xDD, 0x5C, 0xA9, 0xFF, 0xE0, 0x5B, 0xE7, 0xFF, 0x55, 0x55, 0x03,
    0x00, 0x00, 0x00, 0x00, 0xFF, 0xFF, 0x00, 0x01, 0x00, 0x00, 0x00, 0x00, 0x00, 0x00, 0x00, 0x00,
    0x00, 0x00, 0x00, 0x00, 0x00, 0x00, 0x00, 0x00, 0x00, 0x00, 0x00, 0x00, 0x00, 0x00, 0x00, 0x00,
    0x00, 0x00, 0x00, 0x00, 0x00, 0x00, 0x00, 0x00, 0x00, 0x00, 0x00, 0x00, 0x00, 0x00, 0x00, 0x00,
    0x00, 0x00, 0x00, 0x00, 0x00, 0x00, 0x00, 0x00, 0x00, 0x00, 0x00, 0x00, 0x00, 0x00, 0x00, 0x00,
    0x00, 0x00, 0x00, 0x00, 0x00, 0x00, 0x00, 0x00, 0x00, 0x00, 0x00, 0x00, 0x00, 0x00, 0x00, 0x00,
    0x00, 0x00, 0x00, 0x00, 0x00, 0x00, 0x00, 0x00, 0x00, 0x00, 0x00, 0x00, 0x00, 0x00, 0x00, 0x00,
    0x00, 0x00, 0x00, 0x00, 0x00, 0x00, 0x00, 0x00, 0x00, 0x00, 0x00, 0x00, 0x00, 0x00, 0x00, 0x00,
    0x00, 0x00, 0x00, 0x00, 0x00, 0x00, 0x00, 0x00, 0x00, 0x00, 0x00, 0x00, 0x00, 0x00, 0x00, 0x00,
    0x00, 0x00, 0x00, 0x00, 0x00, 0x00, 0x00, 0x00, 0x00, 0x00, 0x00, 0x00, 0x00, 0x00, 0x00, 0x00,
    0x00, 0x00, 0x00, 0x00, 0x00, 0x00, 0x00, 0x00, 0x00, 0x00, 0x00, 0x00, 0x00, 0x00, 0x00, 0x00,
    0x00, 0x00, 0x00, 0x00, 0x00, 0x00, 0x00, 0x00, 0xFF, 0xFF, 0x00, 0x02, 0xFF, 0xFF, 0x00, 0x02,
    0x00, 0x00, 0x00, 0x00, 0xFF, 0xD8, 0x58, 0x42, 0xFF, 0xD6, 0x57, 0xCE, 0xFF, 0xE4, 0x5E, 0xFF,
    0xFF, 0xE0, 0x5C, 0xFE, 0xFF, 0xD7, 0x58, 0xFA, 0xFE, 0xDB, 0x5A, 0xFC, 0xFF, 0xE4, 0x5E, 0xFF,
    0xFE, 0xD9, 0x59, 0xF6, 0xFE, 0xD6, 0x58, 0xBF, 0xFF, 0xD5, 0x58, 0x6E, 0xFF, 0xD7, 0x55, 0x2D,
    0xFF, 0xD7, 0x57, 0x66, 0xFF, 0xDA, 0x5A, 0xF0, 0xFF, 0xE7, 0x5F, 0xFF, 0xFF, 0xDA, 0x5A, 0xFA,
    0xFF, 0xD6, 0x58, 0xC3, 0xFF, 0xD7, 0x58, 0x7C, 0xFF, 0xD6, 0x55, 0x45, 0xFF, 0xD0, 0x57, 0x26,
    0xFF, 0xD7, 0x58, 0x1A, 0xFF, 0xD7, 0x58, 0x1A, 0xFF, 0xD2, 0x5A, 0x22, 0xFF, 0xD5, 0x58, 0x37,
    0xFF, 0xD8, 0x56, 0x6A, 0xFE, 0xD6, 0x58, 0xBF, 0xFE, 0xDD, 0x5B, 0xFC, 0xFF, 0xE7, 0x5F, 0xFF,
    0xFE, 0xD8, 0x58, 0xC5, 0xFF, 0xD7, 0x58, 0x68, 0xFE, 0xD8, 0x57, 0x77, 0xFF, 0xD7, 0x58, 0xC3,
    0xFF, 0xDA, 0x59, 0xFB, 0xFF, 0xE4, 0x5E, 0xFF, 0xFF, 0xDC, 0x5B, 0xFD, 0xFF, 0xD7, 0x58, 0xF9,
    0xFF, 0xDC, 0x5A, 0xFD, 0xFF, 0xE6, 0x5F, 0xFF, 0xFE, 0xD8, 0x59, 0xE9, 0xFF, 0xD6, 0x57, 0x72,
    0xFF, 0xDF, 0x5F, 0x08, 0x00, 0x00, 0x00, 0x00, 0xFF, 0xAA, 0x55, 0x03, 0xFF, 0x00, 0x00, 0x01,
    0x00, 0x00, 0x00, 0x00, 0x00, 0x00, 0x00, 0x00, 0x00, 0x00, 0x00, 0x00, 0x00, 0x00, 0x00, 0x00,
    0x00, 0x00, 0x00, 0x00, 0x00, 0x00, 0x00, 0x00, 0x00, 0x00, 0x00, 0x00, 0x00, 0x00, 0x00, 0x00,
    0x00, 0x00, 0x00, 0x00, 0x00, 0x00, 0x00, 0x00, 0x00, 0x00, 0x00, 0x00, 0x00, 0x00, 0x00, 0x00,
    0x00, 0x00, 0x00, 0x00, 0x00, 0x00, 0x00, 0x00, 0x00, 0x00, 0x00, 0x00, 0x00, 0x00, 0x00, 0x00,
    0x00, 0x00, 0x00, 0x00, 0x00, 0x00, 0x00, 0x00, 0x00, 0x00, 0x00, 0x00, 0x00, 0x00, 0x00, 0x00,
    0x00, 0x00, 0x00, 0x00, 0x00, 0x00, 0x00, 0x00, 0x00, 0x00, 0x00, 0x00, 0x00, 0x00, 0x00, 0x00,
    0x00, 0x00, 0x00, 0x00, 0x00, 0x00, 0x00, 0x00, 0x00, 0x00, 0x00, 0x00, 0x00, 0x00, 0x00, 0x00,
    0x00, 0x00, 0x00, 0x00, 0x00, 0x00, 0x00, 0x00, 0x00, 0x00, 0x00, 0x00, 0x00, 0x00, 0x00, 0x00,
    0x00, 0x00, 0x00, 0x00, 0x00, 0x00, 0x00, 0x00, 0x00, 0x00, 0x00, 0x00, 0x00, 0x00, 0x00, 0x00,
    0x00, 0x00, 0x00, 0x00, 0x00, 0x00, 0x00, 0x00, 0x00, 0x00, 0x00, 0x00, 0x00, 0x00, 0x00, 0x00,
    0xFF, 0xBF, 0x3F, 0x04, 0x00, 0x00, 0x00, 0x00, 0xFF, 0xDB, 0x5A, 0x5D, 0xFF, 0xE5, 0x5E, 0xFF,
    0xFF, 0xDD, 0x5C, 0x45, 0x00, 0x00, 0x00, 0x00, 0xFF, 0xAA, 0x55, 0x03, 0x00, 0x00, 0x00, 0x00,
    0x00, 0x00, 0x00, 0x00, 0x00, 0x00, 0x00, 0x00, 0x00, 0x00, 0x00, 0x00, 0x00, 0x00, 0x00, 0x00,
    0x00, 0x00, 0x00, 0x00, 0x00, 0x00, 0x00, 0x00, 0x00, 0x00, 0x00, 0x00, 0x00, 0x00, 0x00, 0x00,
    0x00, 0x00, 0x00, 0x00, 0xFF, 0xFF, 0x3F, 0x04, 0x00, 0x00, 0x00, 0x00, 0xFE, 0xDB, 0x59, 0x7B,
    0xFF, 0xDB, 0x5A, 0xFF, 0xFF, 0xD4, 0x55, 0x12, 0x00, 0x00, 0x00, 0x00, 0xFF, 0xFF, 0x00, 0x01,
    0x00, 0x00, 0x00, 0x00, 0x00, 0x00, 0x00, 0x00, 0x00, 0x00, 0x00, 0x00, 0x00, 0x00, 0x00, 0x00,
    0x00, 0x00, 0x00, 0x00, 0x00, 0x00, 0x00, 0x00, 0x00, 0x00, 0x00, 0x00, 0x00, 0x00, 0x00, 0x00,
    0x00, 0x00, 0x00, 0x00, 0x00, 0x00, 0x00, 0x00, 0x00, 0x00, 0x00, 0x00, 0x00, 0x00, 0x00, 0x00,
    0x00, 0x00, 0x00, 0x00, 0x00, 0x00, 0x00, 0x00, 0x00, 0x00, 0x00, 0x00, 0x00, 0x00, 0x00, 0x00,
    0x00, 0x00, 0x00, 0x00, 0x00, 0x00, 0x00, 0x00, 0x00, 0x00, 0x00, 0x00, 0x00, 0x00, 0x00, 0x00,
    0x00, 0x00, 0x00, 0x00, 0x00, 0x00, 0x00, 0x00, 0x00, 0x00, 0x00, 0x00, 0x00, 0x00, 0x00, 0x00,
    0x00, 0x00, 0x00, 0x00, 0x00, 0x00, 0x00, 0x00, 0x00, 0x00, 0x00, 0x00, 0x00, 0x00, 0x00, 0x00,
    0x00, 0x00, 0x00, 0x00, 0x00, 0x00, 0x00, 0x00, 0x00, 0x00, 0x00, 0x00, 0x00, 0x00, 0x00, 0x00,
    0x00, 0x00, 0x00, 0x00, 0x00, 0x00, 0x00, 0x00, 0x00, 0x00, 0x00, 0x00, 0x00, 0x00, 0x00, 0x00,
    0x00, 0x00, 0x00, 0x00, 0x00, 0x00, 0x00, 0x00, 0x00, 0x00, 0x00, 0x00, 0x00, 0x00, 0x00, 0x00,
    0x00, 0x00, 0x00, 0x00, 0xFF, 0xFF, 0x00, 0x01, 0xFF, 0xAA, 0x55, 0x03, 0x00, 0x00, 0x00, 0x00,
    0xFE, 0xDA, 0x48, 0x07, 0xFF, 0xD6, 0x58, 0x5F, 0xFE, 0xD6, 0x57, 0xD1, 0xFF, 0xDF, 0x5C, 0xFF,
    0xFF, 0xE4, 0x5D, 0xFF, 0xFF, 0xD9, 0x59, 0xFE, 0xFF, 0xD7, 0x58, 0xFD, 0xFF, 0xE1, 0x5D, 0xFF,
    0xFF, 0xE5, 0x5E, 0xFF, 0xFF, 0xDA, 0x5A, 0xFE, 0xFF, 0xD7, 0x58, 0xDB, 0xFF, 0xD8, 0x59, 0xF3,
    0xFF, 0xD7, 0x59, 0xFE, 0xFF, 0xD7, 0x59, 0xFE, 0xFF, 0xE2, 0x5D, 0xFF, 0xFF, 0xE5, 0x5E, 0xFF,
    0xFF, 0xDC, 0x5A, 0xFF, 0xFF, 0xD8, 0x59, 0xFF, 0xFF, 0xD8, 0x58, 0xF9, 0xFF, 0xD8, 0x59, 0xF9,
    0xFF, 0xD8, 0x59, 0xFF, 0xFF, 0xDA, 0x59, 0xFF, 0xFF, 0xE3, 0x5D, 0xFF, 0xFF, 0xE3, 0x5E, 0xFF,
    0xFF, 0xD7, 0x58, 0xFE, 0xFE, 0xD7, 0x59, 0xFC, 0xFF, 0xD8, 0x58, 0xF2, 0xFF, 0xDA, 0x5A, 0xF9,
    0xFF, 0xE8, 0x5F, 0xFF, 0xFF, 0xE1, 0x5D, 0xFF, 0xFF, 0xD8, 0x59, 0xFB, 0xFF, 0xD7, 0x58, 0xFB,
    0xFF, 0xDF, 0x5C, 0xFF, 0xFF, 0xE4, 0x5E, 0xFF, 0xFE, 0xD7, 0x58, 0xE9, 0xFF, 0xD6, 0x58, 0x84,
    0xFF, 0xD2, 0x58, 0x17, 0x00, 0x00, 0x00, 0x00, 0xFF, 0xFF, 0x00, 0x02, 0xFF, 0xFF, 0x00, 0x02,
    0x00, 0x00, 0x00, 0x00, 0x00, 0x00, 0x00, 0x00, 0x00, 0x00, 0x00, 0x00, 0x00, 0x00, 0x00, 0x00,
    0x00, 0x00, 0x00, 0x00, 0x00, 0x00, 0x00, 0x00, 0x00, 0x00, 0x00, 0x00, 0x00, 0x00, 0x00, 0x00,
    0x00, 0x00, 0x00, 0x00, 0x00, 0x00, 0x00, 0x00, 0x00, 0x00, 0x00, 0x00, 0x00, 0x00, 0x00, 0x00,
    0x00, 0x00, 0x00, 0x00, 0x00, 0x00, 0x00, 0x00, 0x00, 0x00, 0x00, 0x00, 0x00, 0x00, 0x00, 0x00,
    0x00, 0x00, 0x00, 0x00, 0x00, 0x00, 0x00, 0x00, 0x00, 0x00, 0x00, 0x00, 0x00, 0x00, 0x00, 0x00,
    0x00, 0x00, 0x00, 0x00, 0x00, 0x00, 0x00, 0x00, 0x00, 0x00, 0x00, 0x00, 0x00, 0x00, 0x00, 0x00,
    0x00, 0x00, 0x00, 0x00, 0x00, 0x00, 0x00, 0x00, 0x00, 0x00, 0x00, 0x00, 0x00, 0x00, 0x00, 0x00,
    0x00, 0x00, 0x00, 0x00, 0x00, 0x00, 0x00, 0x00, 0x00, 0x00, 0x00, 0x00, 0x00, 0x00, 0x00, 0x00,
    0x00, 0x00, 0x00, 0x00, 0x00, 0x00, 0x00, 0x00, 0x00, 0x00, 0x00, 0x00, 0x00, 0x00, 0x00, 0x00,
    0x00, 0x00, 0x00, 0x00, 0x00, 0x00, 0x00, 0x00, 0x00, 0x00, 0x00, 0x00, 0x00, 0x00, 0x00, 0x00,
    0x00, 0x00, 0x00, 0x00, 0x00, 0x00, 0x00, 0x00, 0xFF, 0xFF, 0x55, 0x03, 0x00, 0x00, 0x00, 0x00,
    0xFF, 0xD9, 0x59, 0x94, 0xFF, 0xDE, 0x5C, 0xFF, 0xFF, 0xD4, 0x55, 0x18, 0x00, 0x00, 0x00, 0x00,
    0xFF, 0xFF, 0x00, 0x01, 0x00, 0x00, 0x00, 0x00, 0x00, 0x00, 0x00, 0x00, 0x00, 0x00, 0x00, 0x00,
    0x00, 0x00, 0x00, 0x00, 0x00, 0x00, 0x00, 0x00, 0x00, 0x00, 0x00, 0x00, 0x00, 0x00, 0x00, 0x00,
    0x00, 0x00, 0x00, 0x00, 0x00, 0x00, 0x00, 0x00, 0x00, 0x00, 0x00, 0x00, 0xFF, 0xFF, 0x55, 0x03,
    0x00, 0x00, 0x00, 0x00, 0xFF, 0xDA, 0x5A, 0x4C, 0xFF, 0xDD, 0x5B, 0xFF, 0xFF, 0xD8, 0x56, 0x3B,
    0x00, 0x00, 0x00, 0x00, 0xFF, 0xFF, 0x7F, 0x02, 0x00, 0x00, 0x00, 0x00, 0x00, 0x00, 0x00, 0x00,
    0x00, 0x00, 0x00, 0x00, 0x00, 0x00, 0x00, 0x00, 0x00, 0x00, 0x00, 0x00, 0x00, 0x00, 0x00, 0x00,
    0x00, 0x00, 0x00, 0x00, 0x00, 0x00, 0x00, 0x00, 0x00, 0x00, 0x00, 0x00, 0x00, 0x00, 0x00, 0x00,
    0x00, 0x00, 0x00, 0x00, 0x00, 0x00, 0x00, 0x00, 0x00, 0x00, 0x00, 0x00, 0x00, 0x00, 0x00, 0x00,
    0x00, 0x00, 0x00, 0x00, 0x00, 0x00, 0x00, 0x00, 0x00, 0x00, 0x00, 0x00, 0x00, 0x00, 0x00, 0x00,
    0x00, 0x00, 0x00, 0x00, 0x00, 0x00, 0x00, 0x00, 0x00, 0x00, 0x00, 0x00, 0x00, 0x00, 0x00, 0x00,
    0x00, 0x00, 0x00, 0x00, 0x00, 0x00, 0x00, 0x00, 0x00, 0x00, 0x00, 0x00, 0x00, 0x00, 0x00, 0x00,
    0x00, 0x00, 0x00, 0x00, 0x00, 0x00, 0x00, 0x00, 0x00, 0x00, 0x00, 0x00, 0x00, 0x00, 0x00, 0x00,
    0x00, 0x00, 0x00, 0x00, 0x00, 0x00, 0x00, 0x00, 0x00, 0x00, 0x00, 0x00, 0x00, 0x00, 0x00, 0x00,
    0x00, 0x00, 0x00, 0x00, 0x00, 0x00, 0x00, 0x00, 0x00, 0x00, 0x00, 0x00, 0x00, 0x00, 0x00, 0x00,
    0x00, 0x00, 0x00, 0x00, 0x00, 0x00, 0x00, 0x00, 0x00, 0x00, 0x00, 0x00, 0x00, 0x00, 0x00, 0x00,
    0x00, 0x00, 0x00, 0x00, 0xFF, 0xFF, 0x00, 0x02, 0xFF, 0xFF, 0x00, 0x01, 0x00, 0x00, 0x00, 0x00,
    0xFF, 0xCC, 0x66, 0x05, 0xFF, 0xD3, 0x56, 0x47, 0xFF, 0xD7, 0x58, 0xA1, 0xFF, 0xD7, 0x57, 0xEC,
    0xFF, 0xE3, 0x5D, 0xFF, 0xFF, 0xE0, 0x5C, 0xFF, 0xFF, 0xD7, 0x58, 0xFE, 0xFE, 0xD7, 0x59, 0xFC,
    0xFF, 0xDC, 0x5A, 0xFF, 0xFF, 0xD9, 0x59, 0xFD, 0xFF, 0xD7, 0x59, 0xFE, 0xFF, 0xD7, 0x59, 0xFE,
    0xFE, 0xD7, 0x59, 0xFC, 0xFF, 0xD7, 0x59, 0xFB, 0xFF, 0xD7, 0x59, 0xFE, 0xFF, 0xD8, 0x59, 0xFF,
    0xFF, 0xD9, 0x59, 0xFF, 0xFF, 0xD9, 0x59, 0xFF, 0xFF, 0xD9, 0x59, 0xFF, 0xFF, 0xD7, 0x59, 0xFF,
    0xFE, 0xD7, 0x59, 0xFC, 0xFF, 0xD8, 0x59, 0xFB, 0xFF, 0xD7, 0x58, 0xFD, 0xFE, 0xD7, 0x59, 0xFC,
    0xFF, 0xD7, 0x58, 0xFE, 0xFF, 0xD7, 0x58, 0xFD, 0xFF, 0xD7, 0x58, 0xFD, 0xFF, 0xDD, 0x5B, 0xFF,
    0xFF, 0xE6, 0x5F, 0xFF, 0xFE, 0xDC, 0x5B, 0xFC, 0xFF, 0xD6, 0x57, 0xCE, 0xFF, 0xD9, 0x58, 0x6D,
    0xFF, 0xDA, 0x55, 0x15, 0x00, 0x00, 0x00, 0x00, 0xFF, 0xFF, 0x00, 0x01, 0xFF, 0xFF, 0x7F, 0x02,
    0xFF, 0xFF, 0x00, 0x01, 0x00, 0x00, 0x00, 0x00, 0x00, 0x00, 0x00, 0x00, 0x00, 0x00, 0x00, 0x00,
    0x00, 0x00, 0x00, 0x00, 0x00, 0x00, 0x00, 0x00, 0x00, 0x00, 0x00, 0x00, 0x00, 0x00, 0x00, 0x00,
    0x00, 0x00, 0x00, 0x00, 0x00, 0x00, 0x00, 0x00, 0x00, 0x00, 0x00, 0x00, 0x00, 0x00, 0x00, 0x00,
    0x00, 0x00, 0x00, 0x00, 0x00, 0x00, 0x00, 0x00, 0x00, 0x00, 0x00, 0x00, 0x00, 0x00, 0x00, 0x00,
    0x00, 0x00, 0x00, 0x00, 0x00, 0x00, 0x00, 0x00, 0x00, 0x00, 0x00, 0x00, 0x00, 0x00, 0x00, 0x00,
    0x00, 0x00, 0x00, 0x00, 0x00, 0x00, 0x00, 0x00, 0x00, 0x00, 0x00, 0x00, 0x00, 0x00, 0x00, 0x00,
    0x00, 0x00, 0x00, 0x00, 0x00, 0x00, 0x00, 0x00, 0x00, 0x00, 0x00, 0x00, 0x00, 0x00, 0x00, 0x00,
    0x00, 0x00, 0x00, 0x00, 0x00, 0x00, 0x00, 0x00, 0x00, 0x00, 0x00, 0x00, 0x00, 0x00, 0x00, 0x00,
    0x00, 0x00, 0x00, 0x00, 0x00, 0x00, 0x00, 0x00, 0x00, 0x00, 0x00, 0x00, 0x00, 0x00, 0x00, 0x00,
    0x00, 0x00, 0x00, 0x00, 0x00, 0x00, 0x00, 0x00, 0x00, 0x00, 0x00, 0x00, 0x00, 0x00, 0x00, 0x00,
    0x00, 0x00, 0x00, 0x00, 0x00, 0x00, 0x00, 0x00, 0x00, 0x00, 0x00, 0x00, 0xFF, 0xFF, 0x00, 0x01,
    0x00, 0x00, 0x00, 0x00, 0x00, 0x00, 0x00, 0x00, 0xFF, 0xDA, 0x59, 0xD0, 0xFF, 0xDA, 0x59, 0xD3,
    0x00, 0x00, 0x00, 0x00, 0x00, 0x00, 0x00, 0x00, 0xFF, 0xFF, 0x00, 0x01, 0x00, 0x00, 0x00, 0x00,
    0x00, 0x00, 0x00, 0x00, 0x00, 0x00, 0x00, 0x00, 0x00, 0x00, 0x00, 0x00, 0x00, 0x00, 0x00, 0x00,
    0x00, 0x00, 0x00, 0x00, 0x00, 0x00, 0x00, 0x00, 0x00, 0x00, 0x00, 0x00, 0x00, 0x00, 0x00, 0x00,
    0x00, 0x00, 0x00, 0x00, 0xFF, 0xFF, 0x00, 0x01, 0x00, 0x00, 0x00, 0x00, 0xFF, 0xDC, 0x5C, 0x16,
    0xFF, 0xDA, 0x59, 0xFF, 0xFF, 0xD7, 0x56, 0x6D, 0x00, 0x00, 0x00, 0x00, 0xFF, 0xBF, 0x3F, 0x04,
    0x00, 0x00, 0x00, 0x00, 0x00, 0x00, 0x00, 0x00, 0x00, 0x00, 0x00, 0x00, 0x00, 0x00, 0x00, 0x00,
    0x00, 0x00, 0x00, 0x00, 0x00, 0x00, 0x00, 0x00, 0x00, 0x00, 0x00, 0x00, 0x00, 0x00, 0x00, 0x00,
    0x00, 0x00, 0x00, 0x00, 0x00, 0x00, 0x00, 0x00, 0x00, 0x00, 0x00, 0x00, 0x00, 0x00, 0x00, 0x00,
    0xFF, 0xFF, 0x7F, 0x02, 0xFF, 0xFF, 0x3F, 0x04, 0xFF, 0xBF, 0x3F, 0x04, 0xFF, 0x00, 0x00, 0x01,
    0x00, 0x00, 0x00, 0x00, 0x00, 0x00, 0x00, 0x00, 0x00, 0x00, 0x00, 0x00, 0x00, 0x00, 0x00, 0x00,
    0x00, 0x00, 0x00, 0x00, 0x00, 0x00, 0x00, 0x00, 0x00, 0x00, 0x00, 0x00, 0x00, 0x00, 0x00, 0x00,
    0x00, 0x00, 0x00, 0x00, 0x00, 0x00, 0x00, 0x00, 0x00, 0x00, 0x00, 0x00, 0x00, 0x00, 0x00, 0x00,
    0x00, 0x00, 0x00, 0x00, 0x00, 0x00, 0x00, 0x00, 0x00, 0x00, 0x00, 0x00, 0x00, 0x00, 0x00, 0x00,
    0x00, 0x00, 0x00, 0x00, 0x00, 0x00, 0x00, 0x00, 0x00, 0x00, 0x00, 0x00, 0x00, 0x00, 0x00, 0x00,
    0x00, 0x00, 0x00, 0x00, 0x00, 0x00, 0x00, 0x00, 0x00, 0x00, 0x00, 0x00, 0x00, 0x00, 0x00, 0x00,
    0x00, 0x00, 0x00, 0x00, 0x00, 0x00, 0x00, 0x00, 0x00, 0x00, 0x00, 0x00, 0x00, 0x00, 0x00, 0x00,
    0xFF, 0x00, 0x00, 0x01, 0xFF, 0xAA, 0x55, 0x03, 0xFF, 0x00, 0x00, 0x01, 0xFF, 0xFF, 0x00, 0x01,
    0x00, 0x00, 0x00, 0x00, 0xFF, 0xDC, 0x5C, 0x16, 0xFF, 0xD7, 0x58, 0x62, 0xFF, 0xD6, 0x58, 0xB8,
    0xFF, 0xD8, 0x59, 0xF5, 0xFF, 0xE5, 0x5E, 0xFF, 0xFF, 0xE2, 0x5D, 0xFF, 0xFF, 0xDD, 0x5B, 0xFF,
    0xFF, 0xD9, 0x5A, 0xFF, 0xFF, 0xD8, 0x58, 0xFB, 0xFF, 0xD7, 0x58, 0xFB, 0xFE, 0xD7, 0x59, 0xFC,
    0xFF, 0xD7, 0x58, 0xFE, 0xFF, 0xD8, 0x59, 0xFF, 0xFF, 0xD7, 0x59, 0xFE, 0xFF, 0xD7, 0x59, 0xFE,
    0xFF, 0xD8, 0x59, 0xFF, 0xFF, 0xD7, 0x58, 0xFE, 0xFF, 0xD7, 0x58, 0xFB, 0xFF, 0xD7, 0x58, 0xFE,
    0xFF, 0xDC, 0x5B, 0xFF, 0xFF, 0xE0, 0x5C, 0xFF, 0xFF, 0xE6, 0x5F, 0xFF, 0xFF, 0xE3, 0x5E, 0xFF,
    0xFF, 0xD7, 0x58, 0xF9, 0xFF, 0xD7, 0x58, 0xD3, 0xFF, 0xD7, 0x57, 0x89, 0xFF, 0xD3, 0x56, 0x3B,
    0xFF, 0xAA, 0x55, 0x03, 0x00, 0x00, 0x00, 0x00, 0x00, 0x00, 0x00, 0x00, 0xFF, 0xAA, 0x55, 0x03,
    0xFF, 0xFF, 0xFF, 0x01, 0x00, 0x00, 0x00, 0x00, 0x00, 0x00, 0x00, 0x00, 0x00, 0x00, 0x00, 0x00,
    0x00, 0x00, 0x00, 0x00, 0x00, 0x00, 0x00, 0x00, 0x00, 0x00, 0x00, 0x00, 0x00, 0x00, 0x00, 0x00,
    0x00, 0x00, 0x00, 0x00, 0x00, 0x00, 0x00, 0x00, 0x00, 0x00, 0x00, 0x00, 0x00, 0x00, 0x00, 0x00,
    0x00, 0x00, 0x00, 0x00, 0x00, 0x00, 0x00, 0x00, 0x00, 0x00, 0x00, 0x00, 0x00, 0x00, 0x00, 0x00,
    0x00, 0x00, 0x00, 0x00, 0x00, 0x00, 0x00, 0x00, 0x00, 0x00, 0x00, 0x00, 0x00, 0x00, 0x00, 0x00,
    0x00, 0x00, 0x00, 0x00, 0x00, 0x00, 0x00, 0x00, 0x00, 0x00, 0x00, 0x00, 0x00, 0x00, 0x00, 0x00,
    0x00, 0x00, 0x00, 0x00, 0x00, 0x00, 0x00, 0x00, 0x00, 0x00, 0x00, 0x00, 0x00, 0x00, 0x00, 0x00,
    0x00, 0x00, 0x00, 0x00, 0x00, 0x00, 0x00, 0x00, 0x00, 0x00, 0x00, 0x00, 0x00, 0x00, 0x00, 0x00,
    0x00, 0x00, 0x00, 0x00, 0x00, 0x00, 0x00, 0x00, 0x00, 0x00, 0x00, 0x00, 0x00, 0x00, 0x00, 0x00,
    0x00, 0x00, 0x00, 0x00, 0x00, 0x00, 0x00, 0x00, 0x00, 0x00, 0x00, 0x00, 0x00, 0x00, 0x00, 0x00,
    0x00, 0x00, 0x00, 0x00, 0x00, 0x00, 0x00, 0x00, 0x00, 0x00, 0x00, 0x00, 0x00, 0x00, 0x00, 0x00,
    0x00, 0x00, 0x00, 0x00, 0xFF, 0xFF, 0xFF, 0x01, 0x00, 0x00, 0x00, 0x00, 0xFF, 0xD9, 0x5E, 0x1B,
    0xFF, 0xDF, 0x5C, 0xFF, 0xFF, 0xD9, 0x59, 0x94, 0x00, 0x00, 0x00, 0x00, 0xFF, 0xFF, 0x55, 0x03,
    0x00, 0x00, 0x00, 0x00, 0x00, 0x00, 0x00, 0x00, 0x00, 0x00, 0x00, 0x00, 0x00, 0x00, 0x00, 0x00,
    0x00, 0x00, 0x00, 0x00, 0x00, 0x00, 0x00, 0x00, 0x00, 0x00, 0x00, 0x00, 0x00, 0x00, 0x00, 0x00,
    0x00, 0x00, 0x00, 0x00, 0x00, 0x00, 0x00, 0x00, 0x00, 0x00, 0x00, 0x00, 0xFF, 0x00, 0x00, 0x01,
    0x00, 0x00, 0x00, 0x00, 0x00, 0x00, 0x00, 0x00, 0xFE, 0xDA, 0x5A, 0xD1, 0xFF, 0xD9, 0x58, 0xAA,
    0x00, 0x00, 0x00, 0x00, 0xFF, 0xFF, 0x7F, 0x02, 0x00, 0x00, 0x00, 0x00, 0x00, 0x00, 0x00, 0x00,
    0x00, 0x00, 0x00, 0x00, 0x00, 0x00, 0x00, 0x00, 0x00, 0x00, 0x00, 0x00, 0x00, 0x00, 0x00, 0x00,
    0x00, 0x00, 0x00, 0x00, 0x00, 0x00, 0x00, 0x00, 0x00, 0x00, 0x00, 0x00, 0xFF, 0xFF, 0xFF, 0x01,
    0xFF, 0xAA, 0x55, 0x03, 0xFF, 0xFF, 0x00, 0x01, 0x00, 0x00, 0x00, 0x00, 0x00, 0x00, 0x00, 0x00,
    0x00, 0x00, 0x00, 0x00, 0xFF, 0xFF, 0x00, 0x01, 0x00, 0x00, 0x00, 0x00, 0x00, 0x00, 0x00, 0x00,
    0x00, 0x00, 0x00, 0x00, 0x00, 0x00, 0x00, 0x00, 0x00, 0x00, 0x00, 0x00, 0x00, 0x00, 0x00, 0x00,
    0x00, 0x00, 0x00, 0x00, 0x00, 0x00, 0x00, 0x00, 0x00, 0x00, 0x00, 0x00, 0x00, 0x00, 0x00, 0x00,
    0x00, 0x00, 0x00, 0x00, 0x00, 0x00, 0x00, 0x00, 0x00, 0x00, 0x00, 0x00, 0x00, 0x00, 0x00, 0x00,
    0x00, 0x00, 0x00, 0x00, 0x00, 0x00, 0x00, 0x00, 0x00, 0x00, 0x00, 0x00, 0x00, 0x00, 0x00, 0x00,
    0x00, 0x00, 0x00, 0x00, 0x00, 0x00, 0x00, 0x00, 0x00, 0x00, 0x00, 0x00, 0x00, 0x00, 0x00, 0x00,
    0x00, 0x00, 0x00, 0x00, 0x00, 0x00, 0x00, 0x00, 0x00, 0x00, 0x00, 0x00, 0x00, 0x00, 0x00, 0x00,
    0x00, 0x00, 0x00, 0x00, 0x00, 0x00, 0x00, 0x00, 0x00, 0x00, 0x00, 0x00, 0x00, 0x00, 0x00, 0x00,
    0x00, 0x00, 0x00, 0x00, 0xFF, 0xFF, 0x55, 0x03, 0xFF, 0x7F, 0x7F, 0x02, 0x00, 0x00, 0x00, 0x00,
    0x00, 0x00, 0x00, 0x00, 0x00, 0x00, 0x00, 0x00, 0xFF, 0xD4, 0x55, 0x24, 0xFF, 0xD4, 0x56, 0x6D,
    0xFF, 0xD7, 0x57, 0xAE, 0xFF, 0xD8, 0x58, 0xE1, 0xFF, 0xD8, 0x59, 0xF9, 0xFF, 0xE4, 0x5D, 0xFF,
    0xFF, 0xE7, 0x5F, 0xFF, 0xFF, 0xE1, 0x5D, 0xFF, 0xFF, 0xD9, 0x59, 0xFF, 0xFF, 0xD8, 0x59, 0xFF,
    0xFF, 0xD8, 0x59, 0xFF, 0xFF, 0xD8, 0x59, 0xFF, 0xFF, 0xD8, 0x59, 0xFF, 0xFF, 0xD9, 0x59, 0xFF,
    0xFF, 0xE6, 0x5E, 0xFF, 0xFF, 0xDC, 0x5A, 0xFE, 0xFE, 0xD6, 0x57, 0xEE, 0xFF, 0xD7, 0x58, 0xC7,
    0xFF, 0xD6, 0x57, 0x91, 0xFF, 0xD6, 0x58, 0x5F, 0xFF, 0xD6, 0x56, 0x2C, 0xFF, 0xFF, 0x7F, 0x02,
    0x00, 0x00, 0x00, 0x00, 0x00, 0x00, 0x00, 0x00, 0xFF, 0x00, 0x00, 0x01, 0xFF, 0xAA, 0x55, 0x03,
    0xFF, 0xFF, 0x00, 0x01, 0x00, 0x00, 0x00, 0x00, 0x00, 0x00, 0x00, 0x00, 0x00, 0x00, 0x00, 0x00,
    0x00, 0x00, 0x00, 0x00, 0x00, 0x00, 0x00, 0x00, 0x00, 0x00, 0x00, 0x00, 0x00, 0x00, 0x00, 0x00,
    0x00, 0x00, 0x00, 0x00, 0x00, 0x00, 0x00, 0x00, 0x00, 0x00, 0x00, 0x00, 0x00, 0x00, 0x00, 0x00,
    0x00, 0x00, 0x00, 0x00, 0x00, 0x00, 0x00, 0x00, 0x00, 0x00, 0x00, 0x00, 0x00, 0x00, 0x00, 0x00,
    0x00, 0x00, 0x00, 0x00, 0x00, 0x00, 0x00, 0x00, 0x00, 0x00, 0x00, 0x00, 0x00, 0x00, 0x00, 0x00,
    0x00, 0x00, 0x00, 0x00, 0x00, 0x00, 0x00, 0x00, 0x00, 0x00, 0x00, 0x00, 0x00, 0x00, 0x00, 0x00,
    0x00, 0x00, 0x00, 0x00, 0x00, 0x00, 0x00, 0x00, 0x00, 0x00, 0x00, 0x00, 0x00, 0x00, 0x00, 0x00,
    0x00, 0x00, 0x00, 0x00, 0x00, 0x00, 0x00, 0x00, 0x00, 0x00, 0x00, 0x00, 0x00, 0x00, 0x00, 0x00,
    0x00, 0x00, 0x00, 0x00, 0x00, 0x00, 0x00, 0x00, 0x00, 0x00, 0x00, 0x00, 0x00, 0x00, 0x00, 0x00,
    0x00, 0x00, 0x00, 0x00, 0x00, 0x00, 0x00, 0x00, 0x00, 0x00, 0x00, 0x00, 0x00, 0x00, 0x00, 0x00,
    0x00, 0x00, 0x00, 0x00, 0x00, 0x00, 0x00, 0x00, 0x00, 0x00, 0x00, 0x00, 0x00, 0x00, 0x00, 0x00,
    0x00, 0x00, 0x00, 0x00, 0x00, 0x00, 0x00, 0x00, 0x00, 0x00, 0x00, 0x00, 0xFF, 0xFF, 0x55, 0x03,
    0x00, 0x00, 0x00, 0x00, 0xFF, 0xDC, 0x58, 0x59, 0xFF, 0xE8, 0x5F, 0xFF, 0xFF, 0xDD, 0x59, 0x53,
    0x00, 0x00, 0x00, 0x00, 0xFF, 0xFF, 0x55, 0x03, 0x00, 0x00, 0x00, 0x00, 0x00, 0x00, 0x00, 0x00,
    0x00, 0x00, 0x00, 0x00, 0x00, 0x00, 0x00, 0x00, 0x00, 0x00, 0x00, 0x00, 0x00, 0x00, 0x00, 0x00,
    0x00, 0x00, 0x00, 0x00, 0x00, 0x00, 0x00, 0x00, 0x00, 0x00, 0x00, 0x00, 0x00, 0x00, 0x00, 0x00,
    0x00, 0x00, 0x00, 0x00, 0x00, 0x00, 0x00, 0x00, 0xFF, 0xBF, 0x3F, 0x04, 0x00, 0x00, 0x00, 0x00,
    0xFF, 0xDB, 0x5B, 0x89, 0xFF, 0xDA, 0x59, 0xEC, 0xFF, 0xD4, 0x55, 0x06, 0x00, 0x00, 0x00, 0x00,
    0xFF, 0xFF, 0x00, 0x01, 0x00, 0x00, 0x00, 0x00, 0x00, 0x00, 0x00, 0x00, 0x00, 0x00, 0x00, 0x00,
    0x00, 0x00, 0x00, 0x00, 0x00, 0x00, 0x00, 0x00, 0x00, 0x00, 0x00, 0x00, 0xFF, 0xFF, 0x55, 0x03,
    0xFF, 0xFF, 0x7F, 0x02, 0x00, 0x00, 0x00, 0x00, 0x00, 0x00, 0x00, 0x00, 0xFF, 0xFF, 0xFF, 0x01,
    0xFF, 0xD4, 0x59, 0x36, 0xFF, 0xD5, 0x58, 0x82, 0xFF, 0xD7, 0x56, 0x67, 0xFF, 0xC6, 0x55, 0x09,
    0x00, 0x00, 0x00, 0x00, 0xFF, 0xFF, 0x00, 0x01, 0x00, 0x00, 0x00, 0x00, 0x00, 0x00, 0x00, 0x00,
    0x00, 0x00, 0x00, 0x00, 0x00, 0x00, 0x00, 0x00, 0x00, 0x00, 0x00, 0x00, 0x00, 0x00, 0x00, 0x00,
    0x00, 0x00, 0x00, 0x00, 0x00, 0x00, 0x00, 0x00, 0x00, 0x00, 0x00, 0x00, 0x00, 0x00, 0x00, 0x00,
    0x00, 0x00, 0x00, 0x00, 0x00, 0x00, 0x00, 0x00, 0x00, 0x00, 0x00, 0x00, 0x00, 0x00, 0x00, 0x00,
    0x00, 0x00, 0x00, 0x00, 0x00, 0x00, 0x00, 0x00, 0x00, 0x00, 0x00, 0x00, 0x00, 0x00, 0x00, 0x00,
    0x00, 0x00, 0x00, 0x00, 0x00, 0x00, 0x00, 0x00, 0x00, 0x00, 0x00, 0x00, 0x00, 0x00, 0x00, 0x00,
    0x00, 0x00, 0x00, 0x00, 0x00, 0x00, 0x00, 0x00, 0x00, 0x00, 0x00, 0x00, 0x00, 0x00, 0x00, 0x00,
    0x00, 0x00, 0x00, 0x00, 0x00, 0x00, 0x00, 0x00, 0x00, 0x00, 0x00, 0x00, 0x00, 0x00, 0x00, 0x00,
    0x00, 0x00, 0x00, 0x00, 0xFF, 0x00, 0x00, 0x01, 0xFF, 0xFF, 0x55, 0x03, 0xFF, 0xFF, 0x00, 0x01,
    0x00, 0x00, 0x00, 0x00, 0x00, 0x00, 0x00, 0x00, 0x00, 0x00, 0x00, 0x00, 0xFF, 0xDF, 0x5F, 0x08,
    0xFF, 0xD6, 0x56, 0x32, 0xFF, 0xD6, 0x56, 0x5E, 0xFF, 0xD7, 0x58, 0x87, 0xFF, 0xD7, 0x59, 0xB7,
    0xFE, 0xD7, 0x59, 0xFC, 0xFF, 0xD9, 0x59, 0xFF, 0xFF, 0xD8, 0x59, 0xFF, 0xFF, 0xD8, 0x59, 0xFE,
    0xFF, 0xD9, 0x59, 0xFF, 0xFF, 0xD8, 0x59, 0xF9, 0xFF, 0xD7, 0x58, 0x87, 0xFF, 0xD8, 0x57, 0x43,
    0xFF, 0xDC, 0x5C, 0x16, 0x00, 0x00, 0x00, 0x00, 0x00, 0x00, 0x00, 0x00, 0x00, 0x00, 0x00, 0x00,
    0x00, 0x00, 0x00, 0x00, 0x00, 0x00, 0x00, 0x00, 0xFF, 0xAA, 0x55, 0x03, 0xFF, 0xAA, 0x55, 0x03,
    0x00, 0x00, 0x00, 0x00, 0x00, 0x00, 0x00, 0x00, 0x00, 0x00, 0x00, 0x00, 0x00, 0x00, 0x00, 0x00,
    0x00, 0x00, 0x00, 0x00, 0x00, 0x00, 0x00, 0x00, 0x00, 0x00, 0x00, 0x00, 0x00, 0x00, 0x00, 0x00,
    0x00, 0x00, 0x00, 0x00, 0x00, 0x00, 0x00, 0x00, 0x00, 0x00, 0x00, 0x00, 0x00, 0x00, 0x00, 0x00,
    0x00, 0x00, 0x00, 0x00, 0x00, 0x00, 0x00, 0x00, 0x00, 0x00, 0x00, 0x00, 0x00, 0x00, 0x00, 0x00,
    0x00, 0x00, 0x00, 0x00, 0x00, 0x00, 0x00, 0x00, 0x00, 0x00, 0x00, 0x00, 0x00, 0x00, 0x00, 0x00,
    0x00, 0x00, 0x00, 0x00, 0x00, 0x00, 0x00, 0x00, 0x00, 0x00, 0x00, 0x00, 0x00, 0x00, 0x00, 0x00,
    0x00, 0x00, 0x00, 0x00, 0x00, 0x00, 0x00, 0x00, 0x00, 0x00, 0x00, 0x00, 0x00, 0x00, 0x00, 0x00,
    0x00, 0x00, 0x00, 0x00, 0x00, 0x00, 0x00, 0x00, 0x00, 0x00, 0x00, 0x00, 0x00, 0x00, 0x00, 0x00,
    0x00, 0x00, 0x00, 0x00, 0x00, 0x00, 0x00, 0x00, 0x00, 0x00, 0x00, 0x00, 0x00, 0x00, 0x00, 0x00,
    0x00, 0x00, 0x00, 0x00, 0x00, 0x00, 0x00, 0x00, 0x00, 0x00, 0x00, 0x00, 0x00, 0x00, 0x00, 0x00,
    0x00, 0x00, 0x00, 0x00, 0x00, 0x00, 0x00, 0x00, 0x00, 0x00, 0x00, 0x00, 0x00, 0x00, 0x00, 0x00,
    0x00, 0x00, 0x00, 0x00, 0x00, 0x00, 0x00, 0x00, 0x00, 0x00, 0x00, 0x00, 0x00, 0x00, 0x00, 0x00,
    0x00, 0x00, 0x00, 0x00, 0xFF, 0xFF, 0x7F, 0x02, 0x00, 0x00, 0x00, 0x00, 0xFF, 0xD8, 0x59, 0xA0,
    0xFF, 0xDA, 0x59, 0xFD, 0xFF, 0xE5, 0x59, 0x14, 0x00, 0x00, 0x00, 0x00, 0xFF, 0xFF, 0x00, 0x01,
    0x00, 0x00, 0x00, 0x00, 0x00, 0x00, 0x00, 0x00, 0x00, 0x00, 0x00, 0x00, 0x00, 0x00, 0x00, 0x00,
    0x00, 0x00, 0x00, 0x00, 0x00, 0x00, 0x00, 0x00, 0x00, 0x00, 0x00, 0x00, 0x00, 0x00, 0x00, 0x00,
    0x00, 0x00, 0x00, 0x00, 0x00, 0x00, 0x00, 0x00, 0x00, 0x00, 0x00, 0x00, 0x00, 0x00, 0x00, 0x00,
    0xFF, 0xFF, 0x7F, 0x02, 0x00, 0x00, 0x00, 0x00, 0xFF, 0xD8, 0x59, 0x3C, 0xFF, 0xDD, 0x5B, 0xFF,
    0xFF, 0xD8, 0x58, 0x42, 0x00, 0x00, 0x00, 0x00, 0xFF, 0xAA, 0x55, 0x03, 0x00, 0x00, 0x00, 0x00,
    0x00, 0x00, 0x00, 0x00, 0x00, 0x00, 0x00, 0x00, 0xFF, 0xFF, 0x7F, 0x02, 0xFF, 0xFF, 0x55, 0x03,
    0x00, 0x00, 0x00, 0x00, 0xFF, 0x00, 0x00, 0x01, 0x00, 0x00, 0x00, 0x00, 0xFF, 0xCF, 0x55, 0x1B,
    0xFF, 0xD8, 0x58, 0x76, 0xFF, 0xD9, 0x58, 0xD8, 0xFF, 0xDF, 0x5C, 0xFF, 0xFF, 0xD9, 0x59, 0xFB,
    0xFF, 0xF0, 0x63, 0xFF, 0xFF, 0xD8, 0x59, 0xA0, 0x00, 0x00, 0x00, 0x00, 0xFF, 0xFF, 0x00, 0x01,
    0x00, 0x00, 0x00, 0x00, 0x00, 0x00, 0x00, 0x00, 0x00, 0x00, 0x00, 0x00, 0x00, 0x00, 0x00, 0x00,
    0x00, 0x00, 0x00, 0x00, 0x00, 0x00, 0x00, 0x00, 0x00, 0x00, 0x00, 0x00, 0x00, 0x00, 0x00, 0x00,
    0x00, 0x00, 0x00, 0x00, 0x00, 0x00, 0x00, 0x00, 0x00, 0x00, 0x00, 0x00, 0x00, 0x00, 0x00, 0x00,
    0x00, 0x00, 0x00, 0x00, 0x00, 0x00, 0x00, 0x00, 0x00, 0x00, 0x00, 0x00, 0x00, 0x00, 0x00, 0x00,
    0x00, 0x00, 0x00, 0x00, 0x00, 0x00, 0x00, 0x00, 0x00, 0x00, 0x00, 0x00, 0x00, 0x00, 0x00, 0x00,
    0x00, 0x00, 0x00, 0x00, 0x00, 0x00, 0x00, 0x00, 0x00, 0x00, 0x00, 0x00, 0x00, 0x00, 0x00, 0x00,
    0x00, 0x00, 0x00, 0x00, 0x00, 0x00, 0x00, 0x00, 0x00, 0x00, 0x00, 0x00, 0x00, 0x00, 0x00, 0x00,
    0x00, 0x00, 0x00, 0x00, 0x00, 0x00, 0x00, 0x00, 0x00, 0x00, 0x00, 0x00, 0x00, 0x00, 0x00, 0x00,
    0x00, 0x00, 0x00, 0x00, 0x00, 0x00, 0x00, 0x00, 0xFF, 0xFF, 0x00, 0x01, 0xFF, 0xFF, 0x55, 0x03,
    0xFF, 0x00, 0x00, 0x01, 0x00, 0x00, 0x00, 0x00, 0x00, 0x00, 0x00, 0x00, 0xFF, 0xFF, 0x00, 0x01,
    0x00, 0x00, 0x00, 0x00, 0xFF, 0xFF, 0x7F, 0x02, 0xFF, 0xD8, 0x59, 0xCB, 0xFF, 0xE0, 0x5C, 0xFF,
    0xFF, 0xD7, 0x58, 0xFD, 0xFF, 0xD7, 0x58, 0xFD, 0xFF, 0xE0, 0x5C, 0xFF, 0xFF, 0xD7, 0x59, 0xCE,
    0xFF, 0xAA, 0x55, 0x03, 0x00, 0x00, 0x00, 0x00, 0xFF, 0xFF, 0x00, 0x01, 0x00, 0x00, 0x00, 0x00,
    0xFF, 0x55, 0x55, 0x03, 0xFF, 0xBF, 0x3F, 0x04, 0xFF, 0xFF, 0x00, 0x01, 0x00, 0x00, 0x00, 0x00,
    0x00, 0x00, 0x00, 0x00, 0x00, 0x00, 0x00, 0x00, 0x00, 0x00, 0x00, 0x00, 0x00, 0x00, 0x00, 0x00,
    0x00, 0x00, 0x00, 0x00, 0x00, 0x00, 0x00, 0x00, 0x00, 0x00, 0x00, 0x00, 0x00, 0x00, 0x00, 0x00,
    0x00, 0x00, 0x00, 0x00, 0x00, 0x00, 0x00, 0x00, 0x00, 0x00, 0x00, 0x00, 0x00, 0x00, 0x00, 0x00,
    0x00, 0x00, 0x00, 0x00, 0x00, 0x00, 0x00, 0x00, 0x00, 0x00, 0x00, 0x00, 0x00, 0x00, 0x00, 0x00,
    0x00, 0x00, 0x00, 0x00, 0x00, 0x00, 0x00, 0x00, 0x00, 0x00, 0x00, 0x00, 0x00, 0x00, 0x00, 0x00,
    0x00, 0x00, 0x00, 0x00, 0x00, 0x00, 0x00, 0x00, 0x00, 0x00, 0x00, 0x00, 0x00, 0x00, 0x00, 0x00,
    0x00, 0x00, 0x00, 0x00, 0x00, 0x00, 0x00, 0x00, 0x00, 0x00, 0x00, 0x00, 0x00, 0x00, 0x00, 0x00,
    0x00, 0x00, 0x00, 0x00, 0x00, 0x00, 0x00, 0x00, 0x00, 0x00, 0x00, 0x00, 0x00, 0x00, 0x00, 0x00,
    0x00, 0x00, 0x00, 0x00, 0x00, 0x00, 0x00, 0x00, 0x00, 0x00, 0x00, 0x00, 0x00, 0x00, 0x00, 0x00,
    0x00, 0x00, 0x00, 0x00, 0x00, 0x00, 0x00, 0x00, 0x00, 0x00, 0x00, 0x00, 0x00, 0x00, 0x00, 0x00,
    0x00, 0x00, 0x00, 0x00, 0x00, 0x00, 0x00, 0x00, 0x00, 0x00, 0x00, 0x00, 0x00, 0x00, 0x00, 0x00,
    0x00, 0x00, 0x00, 0x00, 0x00, 0x00, 0x00, 0x00, 0x00, 0x00, 0x00, 0x00, 0x00, 0x00, 0x00, 0x00,
    0x00, 0x00, 0x00, 0x00, 0x00, 0x00, 0x00, 0x00, 0xFF, 0xFF, 0x00, 0x01, 0x00, 0x00, 0x00, 0x00,
    0xFF, 0xDF, 0x3F, 0x08, 0xFE, 0xDA, 0x59, 0xE9, 0xFF, 0xDA, 0x5A, 0xB7, 0x00, 0x00, 0x00, 0x00,
    0xFF, 0xFF, 0x00, 0x01, 0x00, 0x00, 0x00, 0x00, 0x00, 0x00, 0x00, 0x00, 0x00, 0x00, 0x00, 0x00,
    0x00, 0x00, 0x00, 0x00, 0x00, 0x00, 0x00, 0x00, 0x00, 0x00, 0x00, 0x00, 0x00, 0x00, 0x00, 0x00,
    0x00, 0x00, 0x00, 0x00, 0x00, 0x00, 0x00, 0x00, 0x00, 0x00, 0x00, 0x00, 0x00, 0x00, 0x00, 0x00,
    0x00, 0x00, 0x00, 0x00, 0x00, 0x00, 0x00, 0x00, 0xFF, 0xFF, 0x00, 0x01, 0x00, 0x00, 0x00, 0x00,
    0xFF, 0xAA, 0x55, 0x03, 0xFF, 0xDB, 0x59, 0xE3, 0xFF, 0xDD, 0x5B, 0x97, 0x00, 0x00, 0x00, 0x00,
    0xFF, 0xAA, 0x55, 0x03, 0xFF, 0xFF, 0x00, 0x01, 0xFF, 0xAA, 0x55, 0x03, 0xFF, 0xFF, 0x7F, 0x02,
    0x00, 0x00, 0x00, 0x00, 0x00, 0x00, 0x00, 0x00, 0xFF, 0xD4, 0x55, 0x06, 0xFF, 0xD8, 0x57, 0x49,
    0xFF, 0xD7, 0x58, 0xB3, 0xFF, 0xE0, 0x5B, 0xFA, 0xFF, 0xDD, 0x5B, 0xFF, 0xFF, 0xD5, 0x58, 0xB8,
    0xFF, 0xD6, 0x57, 0x4C, 0xFF, 0xC6, 0x46, 0x12, 0xFF, 0xDC, 0x58, 0x7C, 0xFF, 0xEC, 0x61, 0xFF,
    0xFF, 0xD6, 0x58, 0x5F, 0x00, 0x00, 0x00, 0x00, 0xFF, 0xFF, 0x55, 0x03, 0x00, 0x00, 0x00, 0x00,
    0x00, 0x00, 0x00, 0x00, 0x00, 0x00, 0x00, 0x00, 0x00, 0x00, 0x00, 0x00, 0x00, 0x00, 0x00, 0x00,
    0x00, 0x00, 0x00, 0x00, 0x00, 0x00, 0x00, 0x00, 0x00, 0x00, 0x00, 0x00, 0x00, 0x00, 0x00, 0x00,
    0x00, 0x00, 0x00, 0x00, 0x00, 0x00, 0x00, 0x00, 0x00, 0x00, 0x00, 0x00, 0x00, 0x00, 0x00, 0x00,
    0x00, 0x00, 0x00, 0x00, 0x00, 0x00, 0x00, 0x00, 0x00, 0x00, 0x00, 0x00, 0x00, 0x00, 0x00, 0x00,
    0x00, 0x00, 0x00, 0x00, 0x00, 0x00, 0x00, 0x00, 0x00, 0x00, 0x00, 0x00, 0x00, 0x00, 0x00, 0x00,
    0x00, 0x00, 0x00, 0x00, 0x00, 0x00, 0x00, 0x00, 0x00, 0x00, 0x00, 0x00, 0x00, 0x00, 0x00, 0x00,
    0x00, 0x00, 0x00, 0x00, 0x00, 0x00, 0x00, 0x00, 0x00, 0x00, 0x00, 0x00, 0x00, 0x00, 0x00, 0x00,
    0x00, 0x00, 0x00, 0x00, 0x00, 0x00, 0x00, 0x00, 0x00, 0x00, 0x00, 0x00, 0x00, 0x00, 0x00, 0x00,
    0x00, 0x00, 0x00, 0x00, 0x00, 0x00, 0x00, 0x00, 0x00, 0x00, 0x00, 0x00, 0xFF, 0x00, 0x00, 0x01,
    0xFF, 0xFF, 0x7F, 0x02, 0xFF, 0xFF, 0x3F, 0x04, 0xFF, 0xFF, 0x00, 0x01, 0xFF, 0xD4, 0x55, 0x06,
    0xFF, 0xD7, 0x58, 0xD7, 0xFF, 0xDF, 0x5C, 0xFF, 0xFF, 0xD7, 0x58, 0xFD, 0xFF, 0xD8, 0x58, 0xFD,
    0xFF, 0xDE, 0x5C, 0xFF, 0xFF, 0xD8, 0x58, 0xDA, 0xFF, 0xE2, 0x55, 0x09, 0xFF, 0xFF, 0x00, 0x01,
    0xFF, 0xFF, 0x00, 0x01, 0x00, 0x00, 0x00, 0x00, 0x00, 0x00, 0x00, 0x00, 0x00, 0x00, 0x00, 0x00,
    0x00, 0x00, 0x00, 0x00, 0x00, 0x00, 0x00, 0x00, 0x00, 0x00, 0x00, 0x00, 0x00, 0x00, 0x00, 0x00,
    0x00, 0x00, 0x00, 0x00, 0x00, 0x00, 0x00, 0x00, 0x00, 0x00, 0x00, 0x00, 0x00, 0x00, 0x00, 0x00,
    0x00, 0x00, 0x00, 0x00, 0x00, 0x00, 0x00, 0x00, 0x00, 0x00, 0x00, 0x00, 0x00, 0x00, 0x00, 0x00,
    0x00, 0x00, 0x00, 0x00, 0x00, 0x00, 0x00, 0x00, 0x00, 0x00, 0x00, 0x00, 0x00, 0x00, 0x00, 0x00,
    0x00, 0x00, 0x00, 0x00, 0x00, 0x00, 0x00, 0x00, 0x00, 0x00, 0x00, 0x00, 0x00, 0x00, 0x00, 0x00,
    0x00, 0x00, 0x00, 0x00, 0x00, 0x00, 0x00, 0x00, 0x00, 0x00, 0x00, 0x00, 0x00, 0x00, 0x00, 0x00,
    0x00, 0x00, 0x00, 0x00, 0x00, 0x00, 0x00, 0x00, 0x00, 0x00, 0x00, 0x00, 0x00, 0x00, 0x00, 0x00,
    0x00, 0x00, 0x00, 0x00, 0x00, 0x00, 0x00, 0x00, 0x00, 0x00, 0x00, 0x00, 0x00, 0x00, 0x00, 0x00,
    0x00, 0x00, 0x00, 0x00, 0x00, 0x00, 0x00, 0x00, 0x00, 0x00, 0x00, 0x00, 0x00, 0x00, 0x00, 0x00,
    0x00, 0x00, 0x00, 0x00, 0x00, 0x00, 0x00, 0x00, 0x00, 0x00, 0x00, 0x00, 0x00, 0x00, 0x00, 0x00,
    0x00, 0x00, 0x00, 0x00, 0x00, 0x00, 0x00, 0x00, 0x00, 0x00, 0x00, 0x00, 0x00, 0x00, 0x00, 0x00,
    0x00, 0x00, 0x00, 0x00, 0x00, 0x00, 0x00, 0x00, 0x00, 0x00, 0x00, 0x00, 0x00, 0x00, 0x00, 0x00,
    0x00, 0x00, 0x00, 0x00, 0x00, 0x00, 0x00, 0x00, 0x00, 0x00, 0x00, 0x00, 0x00, 0x00, 0x00, 0x00,
    0xFF, 0xAA, 0x55, 0x03, 0x00, 0x00, 0x00, 0x00, 0xFF, 0xDB, 0x57, 0x40, 0xFF, 0xE6, 0x5F, 0xFF,
    0xFE, 0xDB, 0x58, 0x65, 0x00, 0x00, 0x00, 0x00, 0xFF, 0xBF, 0x3F, 0x04, 0x00, 0x00, 0x00, 0x00,
    0x00, 0x00, 0x00, 0x00, 0x00, 0x00, 0x00, 0x00, 0x00, 0x00, 0x00, 0x00, 0x00, 0x00, 0x00, 0x00,
    0x00, 0x00, 0x00, 0x00, 0x00, 0x00, 0x00, 0x00, 0x00, 0x00, 0x00, 0x00, 0x00, 0x00, 0x00, 0x00,
    0x00, 0x00, 0x00, 0x00, 0x00, 0x00, 0x00, 0x00, 0x00, 0x00, 0x00, 0x00, 0x00, 0x00, 0x00, 0x00,
    0x00, 0x00, 0x00, 0x00, 0xFF, 0xFF, 0x55, 0x03, 0x00, 0x00, 0x00, 0x00, 0xFF, 0xDD, 0x58, 0x87,
    0xFF, 0xDA, 0x5A, 0xF0, 0xFF, 0xD7, 0x4E, 0x0D, 0x00, 0x00, 0x00, 0x00, 0xFF, 0xFF, 0x7F, 0x02,
    0x00, 0x00, 0x00, 0x00, 0x00, 0x00, 0x00, 0x00, 0xFF, 0xDB, 0x57, 0x1D, 0xFF, 0xD6, 0x58, 0x7F,
    0xFF, 0xDB, 0x5A, 0xE1, 0xFF, 0xE8, 0x5F, 0xFF, 0xFF, 0xD8, 0x59, 0xE7, 0xFF, 0xD6, 0x58, 0x7F,
    0xFF, 0xD7, 0x57, 0x20, 0x00, 0x00, 0x00, 0x00, 0xFF, 0xFF, 0x00, 0x01, 0x00, 0x00, 0x00, 0x00,
    0x00, 0x00, 0x00, 0x00, 0xFF, 0xDE, 0x5B, 0xBA, 0xFF, 0xDF, 0x5B, 0xF2, 0xFF, 0xCD, 0x52, 0x1F,
    0x00, 0x00, 0x00, 0x00, 0xFF, 0x7F, 0x7F, 0x02, 0x00, 0x00, 0x00, 0x00, 0x00, 0x00, 0x00, 0x00,
    0x00, 0x00, 0x00, 0x00, 0x00, 0x00, 0x00, 0x00, 0x00, 0x00, 0x00, 0x00, 0x00, 0x00, 0x00, 0x00,
    0x00, 0x00, 0x00, 0x00, 0x00, 0x00, 0x00, 0x00, 0x00, 0x00, 0x00, 0x00, 0x00, 0x00, 0x00, 0x00,
    0x00, 0x00, 0x00, 0x00, 0x00, 0x00, 0x00, 0x00, 0x00, 0x00, 0x00, 0x00, 0x00, 0x00, 0x00, 0x00,
    0x00, 0x00, 0x00, 0x00, 0x00, 0x00, 0x00, 0x00, 0x00, 0x00, 0x00, 0x00, 0x00, 0x00, 0x00, 0x00,
    0x00, 0x00, 0x00, 0x00, 0x00, 0x00, 0x00, 0x00, 0x00, 0x00, 0x00, 0x00, 0x00, 0x00, 0x00, 0x00,
    0x00, 0x00, 0x00, 0x00, 0x00, 0x00, 0x00, 0x00, 0x00, 0x00, 0x00, 0x00, 0x00, 0x00, 0x00, 0x00,
    0x00, 0x00, 0x00, 0x00, 0x00, 0x00, 0x00, 0x00, 0x00, 0x00, 0x00, 0x00, 0x00, 0x00, 0x00, 0x00,
    0x00, 0x00, 0x00, 0x00, 0x00, 0x00, 0x00, 0x00, 0x00, 0x00, 0x00, 0x00, 0x00, 0x00, 0x00, 0x00,
    0x00, 0x00, 0x00, 0x00, 0x00, 0x00, 0x00, 0x00, 0x00, 0x00, 0x00, 0x00, 0xFF, 0xFF, 0x00, 0x01,
    0x00, 0x00, 0x00, 0x00, 0xFF, 0xDD, 0x55, 0x0F, 0xFF, 0xD7, 0x58, 0xF0, 0xFF, 0xDC, 0x5A, 0xFF,
    0xFF, 0xD7, 0x59, 0xFE, 0xFF, 0xD7, 0x59, 0xFE, 0xFF, 0xDC, 0x5B, 0xFF, 0xFE, 0xD7, 0x58, 0xEF,
    0xFE, 0xC8, 0x5B, 0x0E, 0x00, 0x00, 0x00, 0x00, 0xFF, 0xFF, 0x00, 0x01, 0x00, 0x00, 0x00, 0x00,
    0x00, 0x00, 0x00, 0x00, 0x00, 0x00, 0x00, 0x00, 0x00, 0x00, 0x00, 0x00, 0x00, 0x00, 0x00, 0x00,
    0x00, 0x00, 0x00, 0x00, 0x00, 0x00, 0x00, 0x00, 0x00, 0x00, 0x00, 0x00, 0x00, 0x00, 0x00, 0x00,
    0x00, 0x00, 0x00, 0x00, 0x00, 0x00, 0x00, 0x00, 0x00, 0x00, 0x00, 0x00, 0x00, 0x00, 0x00, 0x00,
    0x00, 0x00, 0x00, 0x00, 0x00, 0x00, 0x00, 0x00, 0x00, 0x00, 0x00, 0x00, 0x00, 0x00, 0x00, 0x00,
    0x00, 0x00, 0x00, 0x00, 0x00, 0x00, 0x00, 0x00, 0x00, 0x00, 0x00, 0x00, 0x00, 0x00, 0x00, 0x00,
    0x00, 0x00, 0x00, 0x00, 0x00, 0x00, 0x00, 0x00, 0x00, 0x00, 0x00, 0x00, 0x00, 0x00, 0x00, 0x00,
    0x00, 0x00, 0x00, 0x00, 0x00, 0x00, 0x00, 0x00, 0x00, 0x00, 0x00, 0x00, 0x00, 0x00, 0x00, 0x00,
    0x00, 0x00, 0x00, 0x00, 0x00, 0x00, 0x00, 0x00, 0x00, 0x00, 0x00, 0x00, 0x00, 0x00, 0x00, 0x00,
    0x00, 0x00, 0x00, 0x00, 0x00, 0x00, 0x00, 0x00, 0x00, 0x00, 0x00, 0x00, 0x00, 0x00, 0x00, 0x00,
    0x00, 0x00, 0x00, 0x00, 0x00, 0x00, 0x00, 0x00, 0x00, 0x00, 0x00, 0x00, 0x00, 0x00, 0x00, 0x00,
    0x00, 0x00, 0x00, 0x00, 0x00, 0x00, 0x00, 0x00, 0x00, 0x00, 0x00, 0x00, 0x00, 0x00, 0x00, 0x00,
    0x00, 0x00, 0x00, 0x00, 0x00, 0x00, 0x00, 0x00, 0x00, 0x00, 0x00, 0x00, 0x00, 0x00, 0x00, 0x00,
    0x00, 0x00, 0x00, 0x00, 0x00, 0x00, 0x00, 0x00, 0x00, 0x00, 0x00, 0x00, 0x00, 0x00, 0x00, 0x00,
    0x00, 0x00, 0x00, 0x00, 0x00, 0x00, 0x00, 0x00, 0xFF, 0xAA, 0x55, 0x03, 0x00, 0x00, 0x00, 0x00,
    0xFF, 0xDC, 0x5B, 0x94, 0xFF, 0xDA, 0x59, 0xFD, 0xFF, 0xE0, 0x51, 0x19, 0x00, 0x00, 0x00, 0x00,
    0xFF, 0xFF, 0x00, 0x01, 0x00, 0x00, 0x00, 0x00, 0x00, 0x00, 0x00, 0x00, 0x00, 0x00, 0x00, 0x00,
    0x00, 0x00, 0x00, 0x00, 0x00, 0x00, 0x00, 0x00, 0x00, 0x00, 0x00, 0x00, 0x00, 0x00, 0x00, 0x00,
    0x00, 0x00, 0x00, 0x00, 0x00, 0x00, 0x00, 0x00, 0x00, 0x00, 0x00, 0x00, 0x00, 0x00, 0x00, 0x00,
    0x00, 0x00, 0x00, 0x00, 0x00, 0x00, 0x00, 0x00, 0x00, 0x00, 0x00, 0x00, 0xFF, 0xFF, 0x7F, 0x02,
    0x00, 0x00, 0x00, 0x00, 0xFF, 0xDA, 0x5B, 0x2A, 0xFF, 0xDE, 0x5B, 0xFF, 0xFE, 0xD9, 0x58, 0x65,
    0x00, 0x00, 0x00, 0x00, 0xFF, 0xCC, 0x33, 0x05, 0xFF, 0xD9, 0x5A, 0x3E, 0xFF, 0xD6, 0x58, 0xB0,
    0xFF, 0xE1, 0x5C, 0xFB, 0xFF, 0xE0, 0x5C, 0xFF, 0xFF, 0xD5, 0x57, 0xBA, 0xFF, 0xDD, 0x58, 0x4B,
    0xFF, 0xD4, 0x55, 0x06, 0x00, 0x00, 0x00, 0x00, 0x00, 0x00, 0x00, 0x00, 0xFF, 0xFF, 0xFF, 0x01,
    0xFF, 0xFF, 0x7F, 0x02, 0xFF, 0xFF, 0x55, 0x03, 0x00, 0x00, 0x00, 0x00, 0xFF, 0xD7, 0x5A, 0x2D,
    0xFF, 0xE0, 0x5C, 0xFF, 0xFF, 0xDC, 0x5A, 0xAA, 0x00, 0x00, 0x00, 0x00, 0xFF, 0xFF, 0x00, 0x02,
    0x00, 0x00, 0x00, 0x00, 0x00, 0x00, 0x00, 0x00, 0x00, 0x00, 0x00, 0x00, 0x00, 0x00, 0x00, 0x00,
    0x00, 0x00, 0x00, 0x00, 0x00, 0x00, 0x00, 0x00, 0x00, 0x00, 0x00, 0x00, 0x00, 0x00, 0x00, 0x00,
    0x00, 0x00, 0x00, 0x00, 0x00, 0x00, 0x00, 0x00, 0x00, 0x00, 0x00, 0x00, 0x00, 0x00, 0x00, 0x00,
    0x00, 0x00, 0x00, 0x00, 0x00, 0x00, 0x00, 0x00, 0x00, 0x00, 0x00, 0x00, 0x00, 0x00, 0x00, 0x00,
    0x00, 0x00, 0x00, 0x00, 0x00, 0x00, 0x00, 0x00, 0x00, 0x00, 0x00, 0x00, 0x00, 0x00, 0x00, 0x00,
    0x00, 0x00, 0x00, 0x00, 0x00, 0x00, 0x00, 0x00, 0x00, 0x00, 0x00, 0x00, 0x00, 0x00, 0x00, 0x00,
    0x00, 0x00, 0x00, 0x00, 0x00, 0x00, 0x00, 0x00, 0x00, 0x00, 0x00, 0x00, 0x00, 0x00, 0x00, 0x00,
    0x00, 0x00, 0x00, 0x00, 0x00, 0x00, 0x00, 0x00, 0x00, 0x00, 0x00, 0x00, 0x00, 0x00, 0x00, 0x00,
    0x00, 0x00, 0x00, 0x00, 0x00, 0x00, 0x00, 0x00, 0x00, 0x00, 0x00, 0x00, 0x00, 0x00, 0x00, 0x00,
    0x00, 0x00, 0x00, 0x00, 0xFF, 0x7F, 0x7F, 0x02, 0x00, 0x00, 0x00, 0x00, 0xFF, 0xD4, 0x55, 0x24,
    0xFF, 0xD7, 0x59, 0xF8, 0xFF, 0xDA, 0x5A, 0xFF, 0xFF, 0xD7, 0x59, 0xFE, 0xFF, 0xD7, 0x59, 0xFE,
    0xFF, 0xDA, 0x5A, 0xFF, 0xFF, 0xD7, 0x58, 0xF7, 0xFF, 0xD5, 0x5A, 0x1F, 0x00, 0x00, 0x00, 0x00,
    0xFF, 0x7F, 0x7F, 0x02, 0x00, 0x00, 0x00, 0x00, 0x00, 0x00, 0x00, 0x00, 0x00, 0x00, 0x00, 0x00,
    0x00, 0x00, 0x00, 0x00, 0x00, 0x00, 0x00, 0x00, 0x00, 0x00, 0x00, 0x00, 0x00, 0x00, 0x00, 0x00,
    0x00, 0x00, 0x00, 0x00, 0x00, 0x00, 0x00, 0x00, 0x00, 0x00, 0x00, 0x00, 0x00, 0x00, 0x00, 0x00,
    0x00, 0x00, 0x00, 0x00, 0x00, 0x00, 0x00, 0x00, 0x00, 0x00, 0x00, 0x00, 0x00, 0x00, 0x00, 0x00,
    0x00, 0x00, 0x00, 0x00, 0x00, 0x00, 0x00, 0x00, 0x00, 0x00, 0x00, 0x00, 0x00, 0x00, 0x00, 0x00,
    0x00, 0x00, 0x00, 0x00, 0x00, 0x00, 0x00, 0x00, 0x00, 0x00, 0x00, 0x00, 0x00, 0x00, 0x00, 0x00,
    0x00, 0x00, 0x00, 0x00, 0x00, 0x00, 0x00, 0x00, 0x00, 0x00, 0x00, 0x00, 0x00, 0x00, 0x00, 0x00,
    0x00, 0x00, 0x00, 0x00, 0x00, 0x00, 0x00, 0x00, 0x00, 0x00, 0x00, 0x00, 0x00, 0x00, 0x00, 0x00,
    0x00, 0x00, 0x00, 0x00, 0x00, 0x00, 0x00, 0x00, 0x00, 0x00, 0x00, 0x00, 0x00, 0x00, 0x00, 0x00,
    0x00, 0x00, 0x00, 0x00, 0x00, 0x00, 0x00, 0x00, 0x00, 0x00, 0x00, 0x00, 0x00, 0x00, 0x00, 0x00,
    0x00, 0x00, 0x00, 0x00, 0x00, 0x00, 0x00, 0x00, 0x00, 0x00, 0x00, 0x00, 0x00, 0x00, 0x00, 0x00,
    0x00, 0x00, 0x00, 0x00, 0x00, 0x00, 0x00, 0x00, 0x00, 0x00, 0x00, 0x00, 0x00, 0x00, 0x00, 0x00,
    0x00, 0x00, 0x00, 0x00, 0x00, 0x00, 0x00, 0x00, 0x00, 0x00, 0x00, 0x00, 0x00, 0x00, 0x00, 0x00,
    0x00, 0x00, 0x00, 0x00, 0x00, 0x00, 0x00, 0x00, 0x00, 0x00, 0x00, 0x00, 0xFF, 0xFF, 0x00, 0x01,
    0x00, 0x00, 0x00, 0x00, 0xFF, 0xD7, 0x4E, 0x0D, 0xFE, 0xDC, 0x5B, 0xEE, 0xFF, 0xDB, 0x5A, 0xAC,
    0x00, 0x00, 0x00, 0x00, 0xFF, 0x7F, 0x7F, 0x02, 0x00, 0x00, 0x00, 0x00, 0x00, 0x00, 0x00, 0x00,
    0x00, 0x00, 0x00, 0x00, 0x00, 0x00, 0x00, 0x00, 0x00, 0x00, 0x00, 0x00, 0x00, 0x00, 0x00, 0x00,
    0x00, 0x00, 0x00, 0x00, 0x00, 0x00, 0x00, 0x00, 0x00, 0x00, 0x00, 0x00, 0x00, 0x00, 0x00, 0x00,
    0x00, 0x00, 0x00, 0x00, 0x00, 0x00, 0x00, 0x00, 0x00, 0x00, 0x00, 0x00, 0x00, 0x00, 0x00, 0x00,
    0x00, 0x00, 0x00, 0x00, 0x00, 0x00, 0x00, 0x00, 0xFF, 0xFF, 0x00, 0x01, 0x00, 0x00, 0x00, 0x00,
    0xFF, 0xDE, 0x5B, 0xB2, 0xFE, 0xDD, 0x5A, 0xEF, 0xFF, 0xD6, 0x57, 0x89, 0xFF, 0xD9, 0x59, 0xCE,
    0xFF, 0xE7, 0x5F, 0xFF, 0xFF, 0xD8, 0x58, 0xEA, 0xFF, 0xD8, 0x58, 0x84, 0xFF, 0xD9, 0x5A, 0x22,
    0x00, 0x00, 0x00, 0x00, 0xFF, 0xFF, 0x00, 0x01, 0x00, 0x00, 0x00, 0x00, 0xFF, 0xFF, 0x55, 0x03,
    0xFF, 0x7F, 0x7F, 0x02, 0x00, 0x00, 0x00, 0x00, 0x00, 0x00, 0x00, 0x00, 0x00, 0x00, 0x00, 0x00,
    0xFF, 0xAA, 0x55, 0x03, 0x00, 0x00, 0x00, 0x00, 0xFF, 0xDB, 0x58, 0x79, 0xFF, 0xEF, 0x62, 0xFF,
    0xFF, 0xD6, 0x59, 0x58, 0x00, 0x00, 0x00, 0x00, 0xFF, 0xFF, 0x55, 0x03, 0x00, 0x00, 0x00, 0x00,
    0x00, 0x00, 0x00, 0x00, 0x00, 0x00, 0x00, 0x00, 0x00, 0x00, 0x00, 0x00, 0x00, 0x00, 0x00, 0x00,
    0x00, 0x00, 0x00, 0x00, 0x00, 0x00, 0x00, 0x00, 0x00, 0x00, 0x00, 0x00, 0x00, 0x00, 0x00, 0x00,
    0x00, 0x00, 0x00, 0x00, 0x00, 0x00, 0x00, 0x00, 0x00, 0x00, 0x00, 0x00, 0x00, 0x00, 0x00, 0x00,
    0x00, 0x00, 0x00, 0x00, 0x00, 0x00, 0x00, 0x00, 0x00, 0x00, 0x00, 0x00, 0x00, 0x00, 0x00, 0x00,
    0x00, 0x00, 0x00, 0x00, 0x00, 0x00, 0x00, 0x00, 0x00, 0x00, 0x00, 0x00, 0x00, 0x00, 0x00, 0x00,
    0x00, 0x00, 0x00, 0x00, 0x00, 0x00, 0x00, 0x00, 0x00, 0x00, 0x00, 0x00, 0x00, 0x00, 0x00, 0x00,
    0x00, 0x00, 0x00, 0x00, 0x00, 0x00, 0x00, 0x00, 0x00, 0x00, 0x00, 0x00, 0x00, 0x00, 0x00, 0x00,
    0x00, 0x00, 0x00, 0x00, 0x00, 0x00, 0x00, 0x00, 0x00, 0x00, 0x00, 0x00, 0x00, 0x00, 0x00, 0x00,
    0x00, 0x00, 0x00, 0x00, 0x00, 0x00, 0x00, 0x00, 0x00, 0x00, 0x00, 0x00, 0xFF, 0xFF, 0x7F, 0x02,
    0x00, 0x00, 0x00, 0x00, 0xFF, 0xD7, 0x57, 0x3A, 0xFF, 0xD7, 0x59, 0xFE, 0xFF, 0xD9, 0x59, 0xFF,
    0xFF, 0xD8, 0x59, 0xFE, 0xFF, 0xD7, 0x59, 0xFE, 0xFF, 0xD9, 0x59, 0xFF, 0xFF, 0xD7, 0x59, 0xFD,
    0xFF, 0xD5, 0x58, 0x37, 0x00, 0x00, 0x00, 0x00, 0xFF, 0xFF, 0x7F, 0x02, 0x00, 0x00, 0x00, 0x00,
    0x00, 0x00, 0x00, 0x00, 0x00, 0x00, 0x00, 0x00, 0x00, 0x00, 0x00, 0x00, 0x00, 0x00, 0x00, 0x00,
    0x00, 0x00, 0x00, 0x00, 0x00, 0x00, 0x00, 0x00, 0x00, 0x00, 0x00, 0x00, 0x00, 0x00, 0x00, 0x00,
    0x00, 0x00, 0x00, 0x00, 0x00, 0x00, 0x00, 0x00, 0x00, 0x00, 0x00, 0x00, 0x00, 0x00, 0x00, 0x00,
    0x00, 0x00, 0x00, 0x00, 0x00, 0x00, 0x00, 0x00, 0x00, 0x00, 0x00, 0x00, 0x00, 0x00, 0x00, 0x00,
    0x00, 0x00, 0x00, 0x00, 0x00, 0x00, 0x00, 0x00, 0x00, 0x00, 0x00, 0x00, 0x00, 0x00, 0x00, 0x00,
    0x00, 0x00, 0x00, 0x00, 0x00, 0x00, 0x00, 0x00, 0x00, 0x00, 0x00, 0x00, 0x00, 0x00, 0x00, 0x00,
    0x00, 0x00, 0x00, 0x00, 0x00, 0x00, 0x00, 0x00, 0x00, 0x00, 0x00, 0x00, 0x00, 0x00, 0x00, 0x00,
    0x00, 0x00, 0x00, 0x00, 0x00, 0x00, 0x00, 0x00, 0x00, 0x00, 0x00, 0x00, 0x00, 0x00, 0x00, 0x00,
    0x00, 0x00, 0x00, 0x00, 0x00, 0x00, 0x00, 0x00, 0x00, 0x00, 0x00, 0x00, 0x00, 0x00, 0x00, 0x00,
    0x00, 0x00, 0x00, 0x00, 0x00, 0x00, 0x00, 0x00, 0x00, 0x00, 0x00, 0x00, 0x00, 0x00, 0x00, 0x00,
    0x00, 0x00, 0x00, 0x00, 0x00, 0x00, 0x00, 0x00, 0x00, 0x00, 0x00, 0x00, 0x00, 0x00, 0x00, 0x00,
    0x00, 0x00, 0x00, 0x00, 0x00, 0x00, 0x00, 0x00, 0x00, 0x00, 0x00, 0x00, 0x00, 0x00, 0x00, 0x00,
    0x00, 0x00, 0x00, 0x00, 0x00, 0x00, 0x00, 0x00, 0x00, 0x00, 0x00, 0x00, 0x00, 0x00, 0x00, 0x00,
    0x00, 0x00, 0x00, 0x00, 0xFF, 0xFF, 0x55, 0x03, 0x00, 0x00, 0x00, 0x00, 0xFF, 0xD5, 0x58, 0x5C,
    0xFF, 0xE8, 0x60, 0xFF, 0xFF, 0xDA, 0x5A, 0x4C, 0x00, 0x00, 0x00, 0x00, 0xFF, 0xFF, 0x55, 0x03,
    0x00, 0x00, 0x00, 0x00, 0x00, 0x00, 0x00, 0x00, 0x00, 0x00, 0x00, 0x00, 0x00, 0x00, 0x00, 0x00,
    0x00, 0x00, 0x00, 0x00, 0x00, 0x00, 0x00, 0x00, 0x00, 0x00, 0x00, 0x00, 0x00, 0x00, 0x00, 0x00,
    0x00, 0x00, 0x00, 0x00, 0x00, 0x00, 0x00, 0x00, 0x00, 0x00, 0x00, 0x00, 0x00, 0x00, 0x00, 0x00,
    0x00, 0x00, 0x00, 0x00, 0x00, 0x00, 0x00, 0x00, 0x00, 0x00, 0x00, 0x00, 0x00, 0x00, 0x00, 0x00,
    0xFF, 0xAA, 0x55, 0x03, 0x00, 0x00, 0x00, 0x00, 0xFE, 0xD2, 0x59, 0x3F, 0xFE, 0xDC, 0x5A, 0xF6,
    0xFF, 0xDF, 0x5B, 0xFF, 0xFF, 0xD7, 0x58, 0xC0, 0xFF, 0xD9, 0x58, 0x51, 0xFF, 0xBF, 0x5F, 0x08,
    0x00, 0x00, 0x00, 0x00, 0x00, 0x00, 0x00, 0x00, 0xFF, 0xFF, 0xFF, 0x01, 0xFF, 0xFF, 0x55, 0x03,
    0x00, 0x00, 0x00, 0x00, 0x00, 0x00, 0x00, 0x00, 0x00, 0x00, 0x00, 0x00, 0x00, 0x00, 0x00, 0x00,
    0x00, 0x00, 0x00, 0x00, 0x00, 0x00, 0x00, 0x00, 0xFF, 0x00, 0x00, 0x01, 0x00, 0x00, 0x00, 0x00,
    0xFF, 0x7F, 0x3F, 0x04, 0xFF, 0xDF, 0x5B, 0xC4, 0xFF, 0xDF, 0x5B, 0xEC, 0xFF, 0xCA, 0x57, 0x1D,
    0x00, 0x00, 0x00, 0x00, 0xFF, 0xFF, 0x7F, 0x02, 0x00, 0x00, 0x00, 0x00, 0x00, 0x00, 0x00, 0x00,
    0x00, 0x00, 0x00, 0x00, 0x00, 0x00, 0x00, 0x00, 0x00, 0x00, 0x00, 0x00, 0x00, 0x00, 0x00, 0x00,
    0x00, 0x00, 0x00, 0x00, 0x00, 0x00, 0x00, 0x00, 0x00, 0x00, 0x00, 0x00, 0x00, 0x00, 0x00, 0x00,
    0x00, 0x00, 0x00, 0x00, 0x00, 0x00, 0x00, 0x00, 0x00, 0x00, 0x00, 0x00, 0x00, 0x00, 0x00, 0x00,
    0x00, 0x00, 0x00, 0x00, 0x00, 0x00, 0x00, 0x00, 0x00, 0x00, 0x00, 0x00, 0x00, 0x00, 0x00, 0x00,
    0x00, 0x00, 0x00, 0x00, 0x00, 0x00, 0x00, 0x00, 0x00, 0x00, 0x00, 0x00, 0x00, 0x00, 0x00, 0x00,
    0x00, 0x00, 0x00, 0x00, 0x00, 0x00, 0x00, 0x00, 0x00, 0x00, 0x00, 0x00, 0x00, 0x00, 0x00, 0x00,
    0x00, 0x00, 0x00, 0x00, 0x00, 0x00, 0x00, 0x00, 0x00, 0x00, 0x00, 0x00, 0x00, 0x00, 0x00, 0x00,
    0x00, 0x00, 0x00, 0x00, 0x00, 0x00, 0x00, 0x00, 0x00, 0x00, 0x00, 0x00, 0x00, 0x00, 0x00, 0x00,
    0x00, 0x00, 0x00, 0x00, 0xFF, 0xFF, 0x55, 0x03, 0x00, 0x00, 0x00, 0x00, 0xFE, 0xD9, 0x57, 0x52,
    0xFF, 0xDE, 0x5B, 0xFF, 0xFF, 0xD7, 0x59, 0xFE, 0xFF, 0xD8, 0x59, 0xFF, 0xFF, 0xD8, 0x59, 0xFF,
    0xFF, 0xD7, 0x59, 0xFE, 0xFF, 0xDE, 0x5B, 0xFF, 0xFE, 0xD6, 0x57, 0x52, 0x00, 0x00, 0x00, 0x00,
    0xFF, 0xFF, 0x55, 0x03, 0x00, 0x00, 0x00, 0x00, 0x00, 0x00, 0x00, 0x00, 0x00, 0x00, 0x00, 0x00,
    0x00, 0x00, 0x00, 0x00, 0x00, 0x00, 0x00, 0x00, 0x00, 0x00, 0x00, 0x00, 0x00, 0x00, 0x00, 0x00,
    0x00, 0x00, 0x00, 0x00, 0x00, 0x00, 0x00, 0x00, 0x00, 0x00, 0x00, 0x00, 0x00, 0x00, 0x00, 0x00,
    0x00, 0x00, 0x00, 0x00, 0x00, 0x00, 0x00, 0x00, 0x00, 0x00, 0x00, 0x00, 0x00, 0x00, 0x00, 0x00,
    0x00, 0x00, 0x00, 0x00, 0x00, 0x00, 0x00, 0x00, 0x00, 0x00, 0x00, 0x00, 0x00, 0x00, 0x00, 0x00,
    0x00, 0x00, 0x00, 0x00, 0x00, 0x00, 0x00, 0x00, 0x00, 0x00, 0x00, 0x00, 0x00, 0x00, 0x00, 0x00,
    0x00, 0x00, 0x00, 0x00, 0x00, 0x00, 0x00, 0x00, 0x00, 0x00, 0x00, 0x00, 0x00, 0x00, 0x00, 0x00,
    0x00, 0x00, 0x00, 0x00, 0x00, 0x00, 0x00, 0x00, 0x00, 0x00, 0x00, 0x00, 0x00, 0x00, 0x00, 0x00,
    0x00, 0x00, 0x00, 0x00, 0x00, 0x00, 0x00, 0x00, 0x00, 0x00, 0x00, 0x00, 0x00, 0x00, 0x00, 0x00,
    0x00, 0x00, 0x00, 0x00, 0x00, 0x00, 0x00, 0x00, 0x00, 0x00, 0x00, 0x00, 0x00, 0x00, 0x00, 0x00,
    0x00, 0x00, 0x00, 0x00, 0x00, 0x00, 0x00, 0x00, 0x00, 0x00, 0x00, 0x00, 0x00, 0x00, 0x00, 0x00,
    0x00, 0x00, 0x00, 0x00, 0x00, 0x00, 0x00, 0x00, 0x00, 0x00, 0x00, 0x00, 0x00, 0x00, 0x00, 0x00,
    0x00, 0x00, 0x00, 0x00, 0x00, 0x00, 0x00, 0x00, 0x00, 0x00, 0x00, 0x00, 0x00, 0x00, 0x00, 0x00,
    0x00, 0x00, 0x00, 0x00, 0x00, 0x00, 0x00, 0x00, 0x00, 0x00, 0x00, 0x00, 0xFF, 0xFF, 0x00, 0x01,
    0x00, 0x00, 0x00, 0x00, 0xFF, 0xDC, 0x5B, 0xC1, 0xFF, 0xDB, 0x5A, 0xDE, 0xFF, 0x99, 0x33, 0x05,
    0x00, 0x00, 0x00, 0x00, 0xFF, 0xFF, 0x00, 0x01, 0x00, 0x00, 0x00, 0x00, 0x00, 0x00, 0x00, 0x00,
    0x00, 0x00, 0x00, 0x00, 0x00, 0x00, 0x00, 0x00, 0x00, 0x00, 0x00, 0x00, 0x00, 0x00, 0x00, 0x00,
    0x00, 0x00, 0x00, 0x00, 0x00, 0x00, 0x00, 0x00, 0x00, 0x00, 0x00, 0x00, 0x00, 0x00, 0x00, 0x00,
    0x00, 0x00, 0x00, 0x00, 0x00, 0x00, 0x00, 0x00, 0x00, 0x00, 0x00, 0x00, 0x00, 0x00, 0x00, 0x00,
    0x00, 0x00, 0x00, 0x00, 0x00, 0x00, 0x00, 0x00, 0x00, 0x00, 0x00, 0x00, 0x00, 0x00, 0x00, 0x00,
    0x00, 0x00, 0x00, 0x00, 0xFF, 0xD8, 0x59, 0x28, 0xFF, 0xD2, 0x52, 0x22, 0x00, 0x00, 0x00, 0x00,
    0x00, 0x00, 0x00, 0x00, 0x00, 0x00, 0x00, 0x00, 0xFF, 0xAA, 0x55, 0x03, 0xFF, 0x7F, 0x7F, 0x02,
    0x00, 0x00, 0x00, 0x00, 0x00, 0x00, 0x00, 0x00, 0x00, 0x00, 0x00, 0x00, 0x00, 0x00, 0x00, 0x00,
    0x00, 0x00, 0x00, 0x00, 0x00, 0x00, 0x00, 0x00, 0x00, 0x00, 0x00, 0x00, 0x00, 0x00, 0x00, 0x00,
    0x00, 0x00, 0x00, 0x00, 0xFF, 0xFF, 0x7F, 0x02, 0x00, 0x00, 0x00, 0x00, 0xFF, 0xD2, 0x59, 0x28,
    0xFF, 0xE1, 0x5B, 0xF7, 0xFF, 0xDD, 0x5A, 0xB1, 0x00, 0x00, 0x00, 0x00, 0xFF, 0xFF, 0x7F, 0x02,
    0x00, 0x00, 0x00, 0x00, 0x00, 0x00, 0x00, 0x00, 0x00, 0x00, 0x00, 0x00, 0x00, 0x00, 0x00, 0x00,
    0x00, 0x00, 0x00, 0x00, 0x00, 0x00, 0x00, 0x00, 0x00, 0x00, 0x00, 0x00, 0x00, 0x00, 0x00, 0x00,
    0x00, 0x00, 0x00, 0x00, 0x00, 0x00, 0x00, 0x00, 0x00, 0x00, 0x00, 0x00, 0x00, 0x00, 0x00, 0x00,
    0x00, 0x00, 0x00, 0x00, 0x00, 0x00, 0x00, 0x00, 0x00, 0x00, 0x00, 0x00, 0x00, 0x00, 0x00, 0x00,
    0x00, 0x00, 0x00, 0x00, 0x00, 0x00, 0x00, 0x00, 0x00, 0x00, 0x00, 0x00, 0x00, 0x00, 0x00, 0x00,
    0x00, 0x00, 0x00, 0x00, 0x00, 0x00, 0x00, 0x00, 0x00, 0x00, 0x00, 0x00, 0x00, 0x00, 0x00, 0x00,
    0x00, 0x00, 0x00, 0x00, 0x00, 0x00, 0x00, 0x00, 0x00, 0x00, 0x00, 0x00, 0x00, 0x00, 0x00, 0x00,
    0x00, 0x00, 0x00, 0x00, 0x00, 0x00, 0x00, 0x00, 0x00, 0x00, 0x00, 0x00, 0x00, 0x00, 0x00, 0x00,
    0x00, 0x00, 0x00, 0x00, 0x00, 0x00, 0x00, 0x00, 0x00, 0x00, 0x00, 0x00, 0xFF, 0xBF, 0x3F, 0x04,
    0x00, 0x00, 0x00, 0x00, 0xFF, 0xD8, 0x58, 0x6B, 0xFF, 0xE5, 0x5E, 0xFF, 0xFE, 0xD7, 0x59, 0xFC,
    0xFF, 0xD8, 0x59, 0xFF, 0xFF, 0xD8, 0x59, 0xFF, 0xFE, 0xD7, 0x59, 0xFC, 0xFF, 0xE5, 0x5E, 0xFF,
    0xFF, 0xD7, 0x58, 0x6D, 0x00, 0x00, 0x00, 0x00, 0xFF, 0xBF, 0x3F, 0x04, 0x00, 0x00, 0x00, 0x00,
    0x00, 0x00, 0x00, 0x00, 0x00, 0x00, 0x00, 0x00, 0x00, 0x00, 0x00, 0x00, 0x00, 0x00, 0x00, 0x00,
    0x00, 0x00, 0x00, 0x00, 0x00, 0x00, 0x00, 0x00, 0x00, 0x00, 0x00, 0x00, 0x00, 0x00, 0x00, 0x00,
    0x00, 0x00, 0x00, 0x00, 0x00, 0x00, 0x00, 0x00, 0x00, 0x00, 0x00, 0x00, 0x00, 0x00, 0x00, 0x00,
    0x00, 0x00, 0x00, 0x00, 0x00, 0x00, 0x00, 0x00, 0x00, 0x00, 0x00, 0x00, 0x00, 0x00, 0x00, 0x00,
    0x00, 0x00, 0x00, 0x00, 0x00, 0x00, 0x00, 0x00, 0x00, 0x00, 0x00, 0x00, 0x00, 0x00, 0x00, 0x00,
    0x00, 0x00, 0x00, 0x00, 0x00, 0x00, 0x00, 0x00, 0x00, 0x00, 0x00, 0x00, 0x00, 0x00, 0x00, 0x00,
    0x00, 0x00, 0x00, 0x00, 0x00, 0x00, 0x00, 0x00, 0x00, 0x00, 0x00, 0x00, 0x00, 0x00, 0x00, 0x00,
    0x00, 0x00, 0x00, 0x00, 0x00, 0x00, 0x00, 0x00, 0x00, 0x00, 0x00, 0x00, 0x00, 0x00, 0x00, 0x00,
    0x00, 0x00, 0x00, 0x00, 0x00, 0x00, 0x00, 0x00, 0x00, 0x00, 0x00, 0x00, 0x00, 0x00, 0x00, 0x00,
    0x00, 0x00, 0x00, 0x00, 0x00, 0x00, 0x00, 0x00, 0x00, 0x00, 0x00, 0x00, 0x00, 0x00, 0x00, 0x00,
    0x00, 0x00, 0x00, 0x00, 0x00, 0x00, 0x00, 0x00, 0x00, 0x00, 0x00, 0x00, 0x00, 0x00, 0x00, 0x00,
    0x00, 0x00, 0x00, 0x00, 0x00, 0x00, 0x00, 0x00, 0x00, 0x00, 0x00, 0x00, 0x00, 0x00, 0x00, 0x00,
    0x00, 0x00, 0x00, 0x00, 0x00, 0x00, 0x00, 0x00, 0x00, 0x00, 0x00, 0x00, 0x00, 0x00, 0x00, 0x00,
    0xFF, 0xFF, 0x7F, 0x02, 0x00, 0x00, 0x00, 0x00, 0xFE, 0xD6, 0x56, 0x38, 0xFF, 0xE5, 0x5E, 0xFF,
    0xFF, 0xD9, 0x58, 0x73, 0x00, 0x00, 0x00, 0x00, 0xFF, 0xFF, 0x55, 0x03, 0x00, 0x00, 0x00, 0x00,
    0x00, 0x00, 0x00, 0x00, 0x00, 0x00, 0x00, 0x00, 0x00, 0x00, 0x00, 0x00, 0x00, 0x00, 0x00, 0x00,
    0x00, 0x00, 0x00, 0x00, 0x00, 0x00, 0x00, 0x00, 0x00, 0x00, 0x00, 0x00, 0x00, 0x00, 0x00, 0x00,
    0x00, 0x00, 0x00, 0x00, 0x00, 0x00, 0x00, 0x00, 0x00, 0x00, 0x00, 0x00, 0x00, 0x00, 0x00, 0x00,
    0x00, 0x00, 0x00, 0x00, 0x00, 0x00, 0x00, 0x00, 0x00, 0x00, 0x00, 0x00, 0x00, 0x00, 0x00, 0x00,
    0x00, 0x00, 0x00, 0x00, 0x00, 0x00, 0x00, 0x00, 0xFF, 0xFF, 0x00, 0x01, 0x00, 0x00, 0x00, 0x00,
    0x00, 0x00, 0x00, 0x00, 0xFF, 0xFF, 0xFF, 0x01, 0xFF, 0xFF, 0x55, 0x03, 0x00, 0x00, 0x00, 0x00,
    0x00, 0x00, 0x00, 0x00, 0x00, 0x00, 0x00, 0x00, 0x00, 0x00, 0x00, 0x00, 0x00, 0x00, 0x00, 0x00,
    0x00, 0x00, 0x00, 0x00, 0x00, 0x00, 0x00, 0x00, 0x00, 0x00, 0x00, 0x00, 0x00, 0x00, 0x00, 0x00,
    0x00, 0x00, 0x00, 0x00, 0x00, 0x00, 0x00, 0x00, 0x00, 0x00, 0x00, 0x00, 0x00, 0x00, 0x00, 0x00,
    0xFF, 0xAA, 0x55, 0x03, 0x00, 0x00, 0x00, 0x00, 0xFF, 0xD6, 0x58, 0x59, 0xFF, 0xEC, 0x61, 0xFF,
    0xFF, 0xDC, 0x58, 0x76, 0x00, 0x00, 0x00, 0x00, 0xFF, 0xFF, 0x55, 0x03, 0x00, 0x00, 0x00, 0x00,
    0x00, 0x00, 0x00, 0x00, 0x00, 0x00, 0x00, 0x00, 0x00, 0x00, 0x00, 0x00, 0x00, 0x00, 0x00, 0x00,
    0x00, 0x00, 0x00, 0x00, 0x00, 0x00, 0x00, 0x00, 0x00, 0x00, 0x00, 0x00, 0x00, 0x00, 0x00, 0x00,
    0x00, 0x00, 0x00, 0x00, 0x00, 0x00, 0x00, 0x00, 0x00, 0x00, 0x00, 0x00, 0x00, 0x00, 0x00, 0x00,
    0x00, 0x00, 0x00, 0x00, 0x00, 0x00, 0x00, 0x00, 0x00, 0x00, 0x00, 0x00, 0x00, 0x00, 0x00, 0x00,
    0x00, 0x00, 0x00, 0x00, 0x00, 0x00, 0x00, 0x00, 0x00, 0x00, 0x00, 0x00, 0x00, 0x00, 0x00, 0x00,
    0x00, 0x00, 0x00, 0x00, 0x00, 0x00, 0x00, 0x00, 0x00, 0x00, 0x00, 0x00, 0x00, 0x00, 0x00, 0x00,
    0x00, 0x00, 0x00, 0x00, 0x00, 0x00, 0x00, 0x00, 0x00, 0x00, 0x00, 0x00, 0x00, 0x00, 0x00, 0x00,
    0x00, 0x00, 0x00, 0x00, 0x00, 0x00, 0x00, 0x00, 0x00, 0x00, 0x00, 0x00, 0x00, 0x00, 0x00, 0x00,
    0x00, 0x00, 0x00, 0x00, 0xFF, 0xFF, 0x7F, 0x04, 0x00, 0x00, 0x00, 0x00, 0xFF, 0xD8, 0x58, 0x84,
    0xFF, 0xE9, 0x60, 0xFF, 0xFF, 0xD7, 0x58, 0xFB, 0xFF, 0xD8, 0x59, 0xFF, 0xFF, 0xD8, 0x59, 0xFF,
    0xFF, 0xD7, 0x59, 0xFB, 0xFF, 0xE8, 0x60, 0xFF, 0xFF, 0xD6, 0x58, 0x8B, 0x00, 0x00, 0x00, 0x00,
    0xFF, 0xBF, 0x3F, 0x04, 0x00, 0x00, 0x00, 0x00, 0x00, 0x00, 0x00, 0x00, 0x00, 0x00, 0x00, 0x00,
    0x00, 0x00, 0x00, 0x00, 0x00, 0x00, 0x00, 0x00, 0x00, 0x00, 0x00, 0x00, 0x00, 0x00, 0x00, 0x00,
    0x00, 0x00, 0x00, 0x00, 0x00, 0x00, 0x00, 0x00, 0x00, 0x00, 0x00, 0x00, 0x00, 0x00, 0x00, 0x00,
    0x00, 0x00, 0x00, 0x00, 0x00, 0x00, 0x00, 0x00, 0x00, 0x00, 0x00, 0x00, 0x00, 0x00, 0x00, 0x00,
    0x00, 0x00, 0x00, 0x00, 0x00, 0x00, 0x00, 0x00, 0x00, 0x00, 0x00, 0x00, 0x00, 0x00, 0x00, 0x00,
    0x00, 0x00, 0x00, 0x00, 0x00, 0x00, 0x00, 0x00, 0x00, 0x00, 0x00, 0x00, 0x00, 0x00, 0x00, 0x00,
    0x00, 0x00, 0x00, 0x00, 0x00, 0x00, 0x00, 0x00, 0x00, 0x00, 0x00, 0x00, 0x00, 0x00, 0x00, 0x00,
    0x00, 0x00, 0x00, 0x00, 0x00, 0x00, 0x00, 0x00, 0x00, 0x00, 0x00, 0x00, 0x00, 0x00, 0x00, 0x00,
    0x00, 0x00, 0x00, 0x00, 0x00, 0x00, 0x00, 0x00, 0x00, 0x00, 0x00, 0x00, 0x00, 0x00, 0x00, 0x00,
    0x00, 0x00, 0x00, 0x00, 0x00, 0x00, 0x00, 0x00, 0x00, 0x00, 0x00, 0x00, 0x00, 0x00, 0x00, 0x00,
    0x00, 0x00, 0x00, 0x00, 0x00, 0x00, 0x00, 0x00, 0x00, 0x00, 0x00, 0x00, 0x00, 0x00, 0x00, 0x00,
    0x00, 0x00, 0x00, 0x00, 0x00, 0x00, 0x00, 0x00, 0x00, 0x00, 0x00, 0x00, 0x00, 0x00, 0x00, 0x00,
    0x00, 0x00, 0x00, 0x00, 0x00, 0x00, 0x00, 0x00, 0x00, 0x00, 0x00, 0x00, 0x00, 0x00, 0x00, 0x00,
    0x00, 0x00, 0x00, 0x00, 0x00, 0x00, 0x00, 0x00, 0xFF, 0xFF, 0x7F, 0x02, 0x00, 0x00, 0x00, 0x00,
    0xFE, 0xDB, 0x5A, 0xA4, 0xFF, 0xDB, 0x59, 0xF4, 0xFF, 0xD8, 0x4C, 0x14, 0x00, 0x00, 0x00, 0x00,
    0xFF, 0xFF, 0x00, 0x01, 0x00, 0x00, 0x00, 0x00, 0x00, 0x00, 0x00, 0x00, 0x00, 0x00, 0x00, 0x00,
    0x00, 0x00, 0x00, 0x00, 0x00, 0x00, 0x00, 0x00, 0x00, 0x00, 0x00, 0x00, 0x00, 0x00, 0x00, 0x00,
    0x00, 0x00, 0x00, 0x00, 0x00, 0x00, 0x00, 0x00, 0x00, 0x00, 0x00, 0x00, 0x00, 0x00, 0x00, 0x00,
    0x00, 0x00, 0x00, 0x00, 0x00, 0x00, 0x00, 0x00, 0x00, 0x00, 0x00, 0x00, 0x00, 0x00, 0x00, 0x00,
    0x00, 0x00, 0x00, 0x00, 0x00, 0x00, 0x00, 0x00, 0x00, 0x00, 0x00, 0x00, 0x00, 0x00, 0x00, 0x00,
    0x00, 0x00, 0x00, 0x00, 0xFF, 0xFF, 0x7F, 0x02, 0xFF, 0xFF, 0x7F, 0x02, 0x00, 0x00, 0x00, 0x00,
    0x00, 0x00, 0x00, 0x00, 0x00, 0x00, 0x00, 0x00, 0x00, 0x00, 0x00, 0x00, 0x00, 0x00, 0x00, 0x00,
    0x00, 0x00, 0x00, 0x00, 0x00, 0x00, 0x00, 0x00, 0x00, 0x00, 0x00, 0x00, 0x00, 0x00, 0x00, 0x00,
    0x00, 0x00, 0x00, 0x00, 0x00, 0x00, 0x00, 0x00, 0x00, 0x00, 0x00, 0x00, 0x00, 0x00, 0x00, 0x00,
    0x00, 0x00, 0x00, 0x00, 0x00, 0x00, 0x00, 0x00, 0x00, 0x00, 0x00, 0x00, 0xFF, 0xAA, 0x55, 0x03,
    0x00, 0x00, 0x00, 0x00, 0xFF, 0xDB, 0x59, 0x89, 0xFF, 0xE9, 0x60, 0xFF, 0xFF, 0xD5, 0x57, 0x49,
    0x00, 0x00, 0x00, 0x00, 0xFF, 0xFF, 0x55, 0x03, 0x00, 0x00, 0x00, 0x00, 0x00, 0x00, 0x00, 0x00,
    0x00, 0x00, 0x00, 0x00, 0x00, 0x00, 0x00, 0x00, 0x00, 0x00, 0x00, 0x00, 0x00, 0x00, 0x00, 0x00,
    0x00, 0x00, 0x00, 0x00, 0x00, 0x00, 0x00, 0x00, 0x00, 0x00, 0x00, 0x00, 0x00, 0x00, 0x00, 0x00,
    0x00, 0x00, 0x00, 0x00, 0x00, 0x00, 0x00, 0x00, 0x00, 0x00, 0x00, 0x00, 0x00, 0x00, 0x00, 0x00,
    0x00, 0x00, 0x00, 0x00, 0x00, 0x00, 0x00, 0x00, 0x00, 0x00, 0x00, 0x00, 0x00, 0x00, 0x00, 0x00,
    0x00, 0x00, 0x00, 0x00, 0x00, 0x00, 0x00, 0x00, 0x00, 0x00, 0x00, 0x00, 0x00, 0x00, 0x00, 0x00,
    0x00, 0x00, 0x00, 0x00, 0x00, 0x00, 0x00, 0x00, 0x00, 0x00, 0x00, 0x00, 0x00, 0x00, 0x00, 0x00,
    0x00, 0x00, 0x00, 0x00, 0x00, 0x00, 0x00, 0x00, 0x00, 0x00, 0x00, 0x00, 0x00, 0x00, 0x00, 0x00,
    0x00, 0x00, 0x00, 0x00, 0x00, 0x00, 0x00, 0x00, 0x00, 0x00, 0x00, 0x00, 0xFF, 0xFF, 0x7F, 0x02,
    0x00, 0x00, 0x00, 0x00, 0xFF, 0xD7, 0x58, 0xA1, 0xFF, 0xE6, 0x5F, 0xFF, 0xFF, 0xD8, 0x59, 0xFB,
    0xFF, 0xD8, 0x59, 0xFF, 0xFF, 0xD8, 0x59, 0xFF, 0xFE, 0xD7, 0x59, 0xFC, 0xFF, 0xE4, 0x5E, 0xFF,
    0xFF, 0xD8, 0x58, 0xAD, 0x00, 0x00, 0x00, 0x00, 0xFF, 0xFF, 0x00, 0x01, 0x00, 0x00, 0x00, 0x00,
    0x00, 0x00, 0x00, 0x00, 0x00, 0x00, 0x00, 0x00, 0x00, 0x00, 0x00, 0x00, 0x00, 0x00, 0x00, 0x00,
    0x00, 0x00, 0x00, 0x00, 0x00, 0x00, 0x00, 0x00, 0x00, 0x00, 0x00, 0x00, 0x00, 0x00, 0x00, 0x00,
    0x00, 0x00, 0x00, 0x00, 0x00, 0x00, 0x00, 0x00, 0x00, 0x00, 0x00, 0x00, 0x00, 0x00, 0x00, 0x00,
    0x00, 0x00, 0x00, 0x00, 0x00, 0x00, 0x00, 0x00, 0x00, 0x00, 0x00, 0x00, 0x00, 0x00, 0x00, 0x00,
    0x00, 0x00, 0x00, 0x00, 0x00, 0x00, 0x00, 0x00, 0x00, 0x00, 0x00, 0x00, 0x00, 0x00, 0x00, 0x00,
    0x00, 0x00, 0x00, 0x00, 0x00, 0x00, 0x00, 0x00, 0x00, 0x00, 0x00, 0x00, 0x00, 0x00, 0x00, 0x00,
    0x00, 0x00, 0x00, 0x00, 0xFF, 0x00, 0x00, 0x01, 0xFF, 0xFF, 0x7F, 0x02, 0xFF, 0xAA, 0x55, 0x03,
    0xFF, 0xFF, 0x7F, 0x02, 0xFF, 0x00, 0x00, 0x01, 0x00, 0x00, 0x00, 0x00, 0x00, 0x00, 0x00, 0x00,
    0x00, 0x00, 0x00, 0x00, 0x00, 0x00, 0x00, 0x00, 0x00, 0x00, 0x00, 0x00, 0x00, 0x00, 0x00, 0x00,
    0x00, 0x00, 0x00, 0x00, 0x00, 0x00, 0x00, 0x00, 0x00, 0x00, 0x00, 0x00, 0x00, 0x00, 0x00, 0x00,
    0x00, 0x00, 0x00, 0x00, 0x00, 0x00, 0x00, 0x00, 0x00, 0x00, 0x00, 0x00, 0x00, 0x00, 0x00, 0x00,
    0x00, 0x00, 0x00, 0x00, 0x00, 0x00, 0x00, 0x00, 0x00, 0x00, 0x00, 0x00, 0x00, 0x00, 0x00, 0x00,
    0x00, 0x00, 0x00, 0x00, 0x00, 0x00, 0x00, 0x00, 0x00, 0x00, 0x00, 0x00, 0xFF, 0xFF, 0x7F, 0x02,
    0x00, 0x00, 0x00, 0x00, 0xFE, 0xD3, 0x57, 0x29, 0xFF, 0xDF, 0x5C, 0xFF, 0xFF, 0xDA, 0x59, 0x86,
    0x00, 0x00, 0x00, 0x00, 0xFF, 0xFF, 0x55, 0x03, 0x00, 0x00, 0x00, 0x00, 0x00, 0x00, 0x00, 0x00,
    0x00, 0x00, 0x00, 0x00, 0x00, 0x00, 0x00, 0x00, 0x00, 0x00, 0x00, 0x00, 0x00, 0x00, 0x00, 0x00,
    0x00, 0x00, 0x00, 0x00, 0x00, 0x00, 0x00, 0x00, 0x00, 0x00, 0x00, 0x00, 0x00, 0x00, 0x00, 0x00,
    0x00, 0x00, 0x00, 0x00, 0x00, 0x00, 0x00, 0x00, 0x00, 0x00, 0x00, 0x00, 0x00, 0x00, 0x00, 0x00,
    0x00, 0x00, 0x00, 0x00, 0x00, 0x00, 0x00, 0x00, 0x00, 0x00, 0x00, 0x00, 0x00, 0x00, 0x00, 0x00,
    0x00, 0x00, 0x00, 0x00, 0x00, 0x00, 0x00, 0x00, 0x00, 0x00, 0x00, 0x00, 0x00, 0x00, 0x00, 0x00,
    0x00, 0x00, 0x00, 0x00, 0x00, 0x00, 0x00, 0x00, 0x00, 0x00, 0x00, 0x00, 0x00, 0x00, 0x00, 0x00,
    0x00, 0x00, 0x00, 0x00, 0x00, 0x00, 0x00, 0x00, 0x00, 0x00, 0x00, 0x00, 0x00, 0x00, 0x00, 0x00,
    0x00, 0x00, 0x00, 0x00, 0x00, 0x00, 0x00, 0x00, 0x00, 0x00, 0x00, 0x00, 0x00, 0x00, 0x00, 0x00,
    0x00, 0x00, 0x00, 0x00, 0x00, 0x00, 0x00, 0x00, 0x00, 0x00, 0x00, 0x00, 0x00, 0x00, 0x00, 0x00,
    0x00, 0x00, 0x00, 0x00, 0xFF, 0xFF, 0x00, 0x01, 0xFF, 0xFF, 0x00, 0x01, 0x00, 0x00, 0x00, 0x00,
    0xFF, 0xDF, 0x5C, 0xB1, 0xFF, 0xE3, 0x5D, 0xF4, 0xFF, 0xD0, 0x51, 0x2C, 0x00, 0x00, 0x00, 0x00,
    0xFF, 0xFF, 0x55, 0x03, 0x00, 0x00, 0x00, 0x00, 0x00, 0x00, 0x00, 0x00, 0x00, 0x00, 0x00, 0x00,
    0x00, 0x00, 0x00, 0x00, 0x00, 0x00, 0x00, 0x00, 0x00, 0x00, 0x00, 0x00, 0x00, 0x00, 0x00, 0x00,
    0x00, 0x00, 0x00, 0x00, 0x00, 0x00, 0x00, 0x00, 0x00, 0x00, 0x00, 0x00, 0x00, 0x00, 0x00, 0x00,
    0x00, 0x00, 0x00, 0x00, 0x00, 0x00, 0x00, 0x00, 0x00, 0x00, 0x00, 0x00, 0x00, 0x00, 0x00, 0x00,
    0x00, 0x00, 0x00, 0x00, 0x00, 0x00, 0x00, 0x00, 0x00, 0x00, 0x00, 0x00, 0x00, 0x00, 0x00, 0x00,
    0x00, 0x00, 0x00, 0x00, 0x00, 0x00, 0x00, 0x00, 0x00, 0x00, 0x00, 0x00, 0x00, 0x00, 0x00, 0x00,
    0x00, 0x00, 0x00, 0x00, 0x00, 0x00, 0x00, 0x00, 0x00, 0x00, 0x00, 0x00, 0x00, 0x00, 0x00, 0x00,
    0x00, 0x00, 0x00, 0x00, 0x00, 0x00, 0x00, 0x00, 0x00, 0x00, 0x00, 0x00, 0x00, 0x00, 0x00, 0x00,
    0xFF, 0x00, 0x00, 0x01, 0x00, 0x00, 0x00, 0x00, 0x00, 0x00, 0x00, 0x00, 0xFF, 0xD9, 0x59, 0xBE,
    0xFF, 0xE1, 0x5D, 0xFF, 0xFE, 0xD8, 0x59, 0xFC, 0xFF, 0xD8, 0x59, 0xFF, 0xFF, 0xD8, 0x59, 0xFF,
    0xFF, 0xD7, 0x58, 0xFD, 0xFF, 0xE0, 0x5C, 0xFF, 0xFF, 0xD7, 0x59, 0xD0, 0xFF, 0xBF, 0x3F, 0x04,
    0x00, 0x00, 0x00, 0x00, 0xFF, 0xFF, 0x00, 0x01, 0x00, 0x00, 0x00, 0x00, 0x00, 0x00, 0x00, 0x00,
    0x00, 0x00, 0x00, 0x00, 0x00, 0x00, 0x00, 0x00, 0x00, 0x00, 0x00, 0x00, 0x00, 0x00, 0x00, 0x00,
    0x00, 0x00, 0x00, 0x00, 0x00, 0x00, 0x00, 0x00, 0x00, 0x00, 0x00, 0x00, 0x00, 0x00, 0x00, 0x00,
    0x00, 0x00, 0x00, 0x00, 0x00, 0x00, 0x00, 0x00, 0x00, 0x00, 0x00, 0x00, 0x00, 0x00, 0x00, 0x00,
    0x00, 0x00, 0x00, 0x00, 0x00, 0x00, 0x00, 0x00, 0x00, 0x00, 0x00, 0x00, 0x00, 0x00, 0x00, 0x00,
    0x00, 0x00, 0x00, 0x00, 0x00, 0x00, 0x00, 0x00, 0x00, 0x00, 0x00, 0x00, 0x00, 0x00, 0x00, 0x00,
    0x00, 0x00, 0x00, 0x00, 0x00, 0x00, 0x00, 0x00, 0xFF, 0xAA, 0x55, 0x03, 0x00, 0x00, 0x00, 0x00,
    0x00, 0x00, 0x00, 0x00, 0x00, 0x00, 0x00, 0x00, 0x00, 0x00, 0x00, 0x00, 0xFF, 0xFF, 0x00, 0x01,
    0xFF, 0xFF, 0x00, 0x02, 0x00, 0x00, 0x00, 0x00, 0x00, 0x00, 0x00, 0x00, 0x00, 0x00, 0x00, 0x00,
    0x00, 0x00, 0x00, 0x00, 0x00, 0x00, 0x00, 0x00, 0x00, 0x00, 0x00, 0x00, 0x00, 0x00, 0x00, 0x00,
    0x00, 0x00, 0x00, 0x00, 0x00, 0x00, 0x00, 0x00, 0x00, 0x00, 0x00, 0x00, 0x00, 0x00, 0x00, 0x00,
    0x00, 0x00, 0x00, 0x00, 0x00, 0x00, 0x00, 0x00, 0x00, 0x00, 0x00, 0x00, 0x00, 0x00, 0x00, 0x00,
    0x00, 0x00, 0x00, 0x00, 0x00, 0x00, 0x00, 0x00, 0x00, 0x00, 0x00, 0x00, 0x00, 0x00, 0x00, 0x00,
    0x00, 0x00, 0x00, 0x00, 0xFF, 0xFF, 0x7F, 0x02, 0x00, 0x00, 0x00, 0x00, 0xFF, 0xDB, 0x59, 0x9C,
    0xFF, 0xDC, 0x5A, 0xF9, 0xFF, 0xD9, 0x55, 0x1B, 0x00, 0x00, 0x00, 0x00, 0xFF, 0xFF, 0xFF, 0x01,
    0x00, 0x00, 0x00, 0x00, 0x00, 0x00, 0x00, 0x00, 0x00, 0x00, 0x00, 0x00, 0x00, 0x00, 0x00, 0x00,
    0x00, 0x00, 0x00, 0x00, 0x00, 0x00, 0x00, 0x00, 0x00, 0x00, 0x00, 0x00, 0x00, 0x00, 0x00, 0x00,
    0x00, 0x00, 0x00, 0x00, 0x00, 0x00, 0x00, 0x00, 0x00, 0x00, 0x00, 0x00, 0x00, 0x00, 0x00, 0x00,
    0x00, 0x00, 0x00, 0x00, 0x00, 0x00, 0x00, 0x00, 0x00, 0x00, 0x00, 0x00, 0x00, 0x00, 0x00, 0x00,
    0x00, 0x00, 0x00, 0x00, 0x00, 0x00, 0x00, 0x00, 0x00, 0x00, 0x00, 0x00, 0x00, 0x00, 0x00, 0x00,
    0x00, 0x00, 0x00, 0x00, 0x00, 0x00, 0x00, 0x00, 0x00, 0x00, 0x00, 0x00, 0x00, 0x00, 0x00, 0x00,
    0x00, 0x00, 0x00, 0x00, 0x00, 0x00, 0x00, 0x00, 0x00, 0x00, 0x00, 0x00, 0x00, 0x00, 0x00, 0x00,
    0x00, 0x00, 0x00, 0x00, 0x00, 0x00, 0x00, 0x00, 0x00, 0x00, 0x00, 0x00, 0x00, 0x00, 0x00, 0x00,
    0x00, 0x00, 0x00, 0x00, 0x00, 0x00, 0x00, 0x00, 0x00, 0x00, 0x00, 0x00, 0x00, 0x00, 0x00, 0x00,
    0x00, 0x00, 0x00, 0x00, 0x00, 0x00, 0x00, 0x00, 0x00, 0x00, 0x00, 0x00, 0x00, 0x00, 0x00, 0x00,
    0xFF, 0xFF, 0x00, 0x01, 0x00, 0x00, 0x00, 0x00, 0xFF, 0xBB, 0x44, 0x0F, 0xFF, 0xE1, 0x5B, 0xCE,
    0xFE, 0xE0, 0x5C, 0xE2, 0xFF, 0xCA, 0x4F, 0x1D, 0x00, 0x00, 0x00, 0x00, 0xFF, 0xAA, 0x55, 0x03,
    0x00, 0x00, 0x00, 0x00, 0x00, 0x00, 0x00, 0x00, 0x00, 0x00, 0x00, 0x00, 0x00, 0x00, 0x00, 0x00,
    0x00, 0x00, 0x00, 0x00, 0x00, 0x00, 0x00, 0x00, 0x00, 0x00, 0x00, 0x00, 0x00, 0x00, 0x00, 0x00,
    0x00, 0x00, 0x00, 0x00, 0x00, 0x00, 0x00, 0x00, 0x00, 0x00, 0x00, 0x00, 0x00, 0x00, 0x00, 0x00,
    0x00, 0x00, 0x00, 0x00, 0x00, 0x00, 0x00, 0x00, 0x00, 0x00, 0x00, 0x00, 0x00, 0x00, 0x00, 0x00,
    0x00, 0x00, 0x00, 0x00, 0x00, 0x00, 0x00, 0x00, 0x00, 0x00, 0x00, 0x00, 0x00, 0x00, 0x00, 0x00,
    0x00, 0x00, 0x00, 0x00, 0x00, 0x00, 0x00, 0x00, 0x00, 0x00, 0x00, 0x00, 0x00, 0x00, 0x00, 0x00,
    0x00, 0x00, 0x00, 0x00, 0x00, 0x00, 0x00, 0x00, 0x00, 0x00, 0x00, 0x00, 0x00, 0x00, 0x00, 0x00,
    0x00, 0x00, 0x00, 0x00, 0x00, 0x00, 0x00, 0x00, 0xFF, 0xFF, 0x00, 0x01, 0x00, 0x00, 0x00, 0x00,
    0xFF, 0xDF, 0x5F, 0x08, 0xFE, 0xD9, 0x59, 0xDF, 0xFF, 0xDD, 0x5B, 0xFF, 0xFF, 0xD8, 0x58, 0xFD,
    0xFF, 0xD8, 0x59, 0xFF, 0xFF, 0xD8, 0x59, 0xFF, 0xFF, 0xD7, 0x59, 0xFE, 0xFF, 0xDB, 0x5A, 0xFF,
    0xFE, 0xD8, 0x59, 0xEF, 0xFF, 0xD6, 0x5D, 0x13, 0x00, 0x00, 0x00, 0x00, 0xFF, 0xFF, 0x00, 0x01,
    0x00, 0x00, 0x00, 0x00, 0x00, 0x00, 0x00, 0x00, 0x00, 0x00, 0x00, 0x00, 0x00, 0x00, 0x00, 0x00,
    0x00, 0x00, 0x00, 0x00, 0x00, 0x00, 0x00, 0x00, 0x00, 0x00, 0x00, 0x00, 0x00, 0x00, 0x00, 0x00,
    0x00, 0x00, 0x00, 0x00, 0x00, 0x00, 0x00, 0x00, 0x00, 0x00, 0x00, 0x00, 0x00, 0x00, 0x00, 0x00,
    0x00, 0x00, 0x00, 0x00, 0x00, 0x00, 0x00, 0x00, 0x00, 0x00, 0x00, 0x00, 0x00, 0x00, 0x00, 0x00,
    0x00, 0x00, 0x00, 0x00, 0x00, 0x00, 0x00, 0x00, 0x00, 0x00, 0x00, 0x00, 0x00, 0x00, 0x00, 0x00,
    0x00, 0x00, 0x00, 0x00, 0x00, 0x00, 0x00, 0x00, 0x00, 0x00, 0x00, 0x00, 0xFF, 0xFF, 0x00, 0x02,
    0x00, 0x00, 0x00, 0x00, 0xFF, 0xD4, 0x55, 0x06, 0xFF, 0xD7, 0x55, 0x33, 0xFF, 0xD4, 0x55, 0x4E,
    0xFF, 0xD7, 0x55, 0x2D, 0xFF, 0xBF, 0x3F, 0x04, 0x00, 0x00, 0x00, 0x00, 0xFF, 0xFF, 0x00, 0x02,
    0x00, 0x00, 0x00, 0x00, 0x00, 0x00, 0x00, 0x00, 0x00, 0x00, 0x00, 0x00, 0x00, 0x00, 0x00, 0x00,
    0x00, 0x00, 0x00, 0x00, 0x00, 0x00, 0x00, 0x00, 0x00, 0x00, 0x00, 0x00, 0x00, 0x00, 0x00, 0x00,
    0x00, 0x00, 0x00, 0x00, 0x00, 0x00, 0x00, 0x00, 0x00, 0x00, 0x00, 0x00, 0x00, 0x00, 0x00, 0x00,
    0x00, 0x00, 0x00, 0x00, 0x00, 0x00, 0x00, 0x00, 0x00, 0x00, 0x00, 0x00, 0x00, 0x00, 0x00, 0x00,
    0x00, 0x00, 0x00, 0x00, 0x00, 0x00, 0x00, 0x00, 0xFF, 0xFF, 0x7F, 0x02, 0x00, 0x00, 0x00, 0x00,
    0xFF, 0xD6, 0x56, 0x2C, 0xFF, 0xE1, 0x5D, 0xFF, 0xFF, 0xDC, 0x5A, 0x85, 0x00, 0x00, 0x00, 0x00,
    0xFF, 0xFF, 0x55, 0x03, 0x00, 0x00, 0x00, 0x00, 0x00, 0x00, 0x00, 0x00, 0x00, 0x00, 0x00, 0x00,
    0x00, 0x00, 0x00, 0x00, 0x00, 0x00, 0x00, 0x00, 0x00, 0x00, 0x00, 0x00, 0x00, 0x00, 0x00, 0x00,
    0x00, 0x00, 0x00, 0x00, 0x00, 0x00, 0x00, 0x00, 0x00, 0x00, 0x00, 0x00, 0x00, 0x00, 0x00, 0x00,
    0x00, 0x00, 0x00, 0x00, 0x00, 0x00, 0x00, 0x00, 0x00, 0x00, 0x00, 0x00, 0x00, 0x00, 0x00, 0x00,
    0x00, 0x00, 0x00, 0x00, 0x00, 0x00, 0x00, 0x00, 0x00, 0x00, 0x00, 0x00, 0x00, 0x00, 0x00, 0x00,
    0x00, 0x00, 0x00, 0x00, 0x00, 0x00, 0x00, 0x00, 0x00, 0x00, 0x00, 0x00, 0x00, 0x00, 0x00, 0x00,
    0x00, 0x00, 0x00, 0x00, 0x00, 0x00, 0x00, 0x00, 0x00, 0x00, 0x00, 0x00, 0x00, 0x00, 0x00, 0x00,
    0x00, 0x00, 0x00, 0x00, 0x00, 0x00, 0x00, 0x00, 0x00, 0x00, 0x00, 0x00, 0x00, 0x00, 0x00, 0x00,
    0x00, 0x00, 0x00, 0x00, 0x00, 0x00, 0x00, 0x00, 0x00, 0x00, 0x00, 0x00, 0x00, 0x00, 0x00, 0x00,
    0x00, 0x00, 0x00, 0x00, 0x00, 0x00, 0x00, 0x00, 0x00, 0x00, 0x00, 0x00, 0x00, 0x00, 0x00, 0x00,
    0x00, 0x00, 0x00, 0x00, 0x00, 0x00, 0x00, 0x00, 0x00, 0x00, 0x00, 0x00, 0xFF, 0xFF, 0x7F, 0x02,
    0x00, 0x00, 0x00, 0x00, 0xFF, 0xCA, 0x57, 0x1D, 0xFE, 0xE1, 0x5C, 0xE2, 0xFF, 0xE1, 0x5C, 0xD6,
    0xFF, 0xCC, 0x51, 0x19, 0x00, 0x00, 0x00, 0x00, 0xFF, 0xAA, 0x55, 0x03, 0x00, 0x00, 0x00, 0x00,
    0x00, 0x00, 0x00, 0x00, 0x00, 0x00, 0x00, 0x00, 0x00, 0x00, 0x00, 0x00, 0x00, 0x00, 0x00, 0x00,
    0x00, 0x00, 0x00, 0x00, 0x00, 0x00, 0x00, 0x00, 0x00, 0x00, 0x00, 0x00, 0x00, 0x00, 0x00, 0x00,
    0x00, 0x00, 0x00, 0x00, 0x00, 0x00, 0x00, 0x00, 0x00, 0x00, 0x00, 0x00, 0x00, 0x00, 0x00, 0x00,
    0x00, 0x00, 0x00, 0x00, 0x00, 0x00, 0x00, 0x00, 0x00, 0x00, 0x00, 0x00, 0x00, 0x00, 0x00, 0x00,
    0x00, 0x00, 0x00, 0x00, 0x00, 0x00, 0x00, 0x00, 0x00, 0x00, 0x00, 0x00, 0x00, 0x00, 0x00, 0x00,
    0x00, 0x00, 0x00, 0x00, 0x00, 0x00, 0x00, 0x00, 0x00, 0x00, 0x00, 0x00, 0x00, 0x00, 0x00, 0x00,
    0x00, 0x00, 0x00, 0x00, 0x00, 0x00, 0x00, 0x00, 0x00, 0x00, 0x00, 0x00, 0x00, 0x00, 0x00, 0x00,
    0xFF, 0x7F, 0x7F, 0x02, 0x00, 0x00, 0x00, 0x00, 0xFF, 0xD7, 0x57, 0x20, 0xFF, 0xD8, 0x58, 0xF7,
    0xFF, 0xDA, 0x5A, 0xFF, 0xFF, 0xD7, 0x59, 0xFE, 0xFF, 0xD8, 0x59, 0xFF, 0xFF, 0xD8, 0x59, 0xFF,
    0xFF, 0xD8, 0x59, 0xFE, 0xFF, 0xD8, 0x59, 0xFF, 0xFF, 0xD8, 0x59, 0xFE, 0xFF, 0xD8, 0x56, 0x3B,
    0x00, 0x00, 0x00, 0x00, 0xFF, 0xFF, 0x7F, 0x02, 0x00, 0x00, 0x00, 0x00, 0x00, 0x00, 0x00, 0x00,
    0x00, 0x00, 0x00, 0x00, 0x00, 0x00, 0x00, 0x00, 0x00, 0x00, 0x00, 0x00, 0x00, 0x00, 0x00, 0x00,
    0x00, 0x00, 0x00, 0x00, 0x00, 0x00, 0x00, 0x00, 0x00, 0x00, 0x00, 0x00, 0x00, 0x00, 0x00, 0x00,
    0x00, 0x00, 0x00, 0x00, 0x00, 0x00, 0x00, 0x00, 0x00, 0x00, 0x00, 0x00, 0x00, 0x00, 0x00, 0x00,
    0x00, 0x00, 0x00, 0x00, 0x00, 0x00, 0x00, 0x00, 0x00, 0x00, 0x00, 0x00, 0x00, 0x00, 0x00, 0x00,
    0x00, 0x00, 0x00, 0x00, 0x00, 0x00, 0x00, 0x00, 0x00, 0x00, 0x00, 0x00, 0x00, 0x00, 0x00, 0x00,
    0xFF, 0xFF, 0x00, 0x02, 0x00, 0x00, 0x00, 0x00, 0xFF, 0xD6, 0x58, 0x59, 0xFF, 0xD7, 0x57, 0xE8,
    0xFE, 0xD8, 0x59, 0xF6, 0xFF, 0xD8, 0x58, 0xE6, 0xFF, 0xD8, 0x58, 0xFA, 0xFE, 0xD8, 0x58, 0xDF,
    0xFF, 0xD8, 0x5A, 0x49, 0x00, 0x00, 0x00, 0x00, 0xFF, 0xFF, 0x00, 0x02, 0x00, 0x00, 0x00, 0x00,
    0x00, 0x00, 0x00, 0x00, 0x00, 0x00, 0x00, 0x00, 0x00, 0x00, 0x00, 0x00, 0x00, 0x00, 0x00, 0x00,
    0x00, 0x00, 0x00, 0x00, 0x00, 0x00, 0x00, 0x00, 0x00, 0x00, 0x00, 0x00, 0x00, 0x00, 0x00, 0x00,
    0x00, 0x00, 0x00, 0x00, 0x00, 0x00, 0x00, 0x00, 0x00, 0x00, 0x00, 0x00, 0x00, 0x00, 0x00, 0x00,
    0x00, 0x00, 0x00, 0x00, 0x00, 0x00, 0x00, 0x00, 0x00, 0x00, 0x00, 0x00, 0x00, 0x00, 0x00, 0x00,
    0xFF, 0xFF, 0x7F, 0x02, 0x00, 0x00, 0x00, 0x00, 0xFF, 0xDC, 0x5A, 0xA9, 0xFF, 0xDD, 0x5B, 0xF0,
    0xFF, 0xC5, 0x51, 0x16, 0x00, 0x00, 0x00, 0x00, 0xFF, 0xFF, 0x00, 0x01, 0x00, 0x00, 0x00, 0x00,
    0x00, 0x00, 0x00, 0x00, 0x00, 0x00, 0x00, 0x00, 0x00, 0x00, 0x00, 0x00, 0x00, 0x00, 0x00, 0x00,
    0x00, 0x00, 0x00, 0x00, 0x00, 0x00, 0x00, 0x00, 0x00, 0x00, 0x00, 0x00, 0x00, 0x00, 0x00, 0x00,
    0x00, 0x00, 0x00, 0x00, 0x00, 0x00, 0x00, 0x00, 0x00, 0x00, 0x00, 0x00, 0x00, 0x00, 0x00, 0x00,
    0x00, 0x00, 0x00, 0x00, 0x00, 0x00, 0x00, 0x00, 0x00, 0x00, 0x00, 0x00, 0x00, 0x00, 0x00, 0x00,
    0x00, 0x00, 0x00, 0x00, 0x00, 0x00, 0x00, 0x00, 0x00, 0x00, 0x00, 0x00, 0x00, 0x00, 0x00, 0x00,
    0x00, 0x00, 0x00, 0x00, 0x00, 0x00, 0x00, 0x00, 0x00, 0x00, 0x00, 0x00, 0x00, 0x00, 0x00, 0x00,
    0x00, 0x00, 0x00, 0x00, 0x00, 0x00, 0x00, 0x00, 0x00, 0x00, 0x00, 0x00, 0x00, 0x00, 0x00, 0x00,
    0x00, 0x00, 0x00, 0x00, 0x00, 0x00, 0x00, 0x00, 0x00, 0x00, 0x00, 0x00, 0x00, 0x00, 0x00, 0x00,
    0x00, 0x00, 0x00, 0x00, 0x00, 0x00, 0x00, 0x00, 0x00, 0x00, 0x00, 0x00, 0x00, 0x00, 0x00, 0x00,
    0x00, 0x00, 0x00, 0x00, 0x00, 0x00, 0x00, 0x00, 0x00, 0x00, 0x00, 0x00, 0x00, 0x00, 0x00, 0x00,
    0x00, 0x00, 0x00, 0x00, 0x00, 0x00, 0x00, 0x00, 0xFF, 0xAA, 0x55, 0x03, 0x00, 0x00, 0x00, 0x00,
    0xFE, 0xC7, 0x50, 0x29, 0xFF, 0xE2, 0x5C, 0xEC, 0xFF, 0xE0, 0x5D, 0xD3, 0xFF, 0xCD, 0x4E, 0x1A,
    0x00, 0x00, 0x00, 0x00, 0xFF, 0xFF, 0x55, 0x03, 0x00, 0x00, 0x00, 0x00, 0x00, 0x00, 0x00, 0x00,
    0x00, 0x00, 0x00, 0x00, 0x00, 0x00, 0x00, 0x00, 0x00, 0x00, 0x00, 0x00, 0x00, 0x00, 0x00, 0x00,
    0x00, 0x00, 0x00, 0x00, 0x00, 0x00, 0x00, 0x00, 0x00, 0x00, 0x00, 0x00, 0x00, 0x00, 0x00, 0x00,
    0x00, 0x00, 0x00, 0x00, 0x00, 0x00, 0x00, 0x00, 0x00, 0x00, 0x00, 0x00, 0x00, 0x00, 0x00, 0x00,
    0x00, 0x00, 0x00, 0x00, 0x00, 0x00, 0x00, 0x00, 0x00, 0x00, 0x00, 0x00, 0x00, 0x00, 0x00, 0x00,
    0x00, 0x00, 0x00, 0x00, 0x00, 0x00, 0x00, 0x00, 0x00, 0x00, 0x00, 0x00, 0x00, 0x00, 0x00, 0x00,
    0x00, 0x00, 0x00, 0x00, 0x00, 0x00, 0x00, 0x00, 0x00, 0x00, 0x00, 0x00, 0x00, 0x00, 0x00, 0x00,
    0x00, 0x00, 0x00, 0x00, 0x00, 0x00, 0x00, 0x00, 0xFF, 0xAA, 0x55, 0x03, 0x00, 0x00, 0x00, 0x00,
    0xFF, 0xDB, 0x59, 0x47, 0xFF, 0xDB, 0x5A, 0xFF, 0xFF, 0xD8, 0x59, 0xFF, 0xFF, 0xD8, 0x59, 0xFF,
    0xFF, 0xD8, 0x59, 0xFF, 0xFF, 0xD8, 0x59, 0xFF, 0xFF, 0xD8, 0x59, 0xFF, 0xFE, 0xD8, 0x59, 0xFC,
    0xFF, 0xE3, 0x5D, 0xFF, 0xFF, 0xD9, 0x59, 0x67, 0x00, 0x00, 0x00, 0x00, 0xFF, 0xBF, 0x3F, 0x04,
    0x00, 0x00, 0x00, 0x00, 0x00, 0x00, 0x00, 0x00, 0x00, 0x00, 0x00, 0x00, 0x00, 0x00, 0x00, 0x00,
    0x00, 0x00, 0x00, 0x00, 0x00, 0x00, 0x00, 0x00, 0x00, 0x00, 0x00, 0x00, 0x00, 0x00, 0x00, 0x00,
    0x00, 0x00, 0x00, 0x00, 0x00, 0x00, 0x00, 0x00, 0x00, 0x00, 0x00, 0x00, 0x00, 0x00, 0x00, 0x00,
    0x00, 0x00, 0x00, 0x00, 0x00, 0x00, 0x00, 0x00, 0x00, 0x00, 0x00, 0x00, 0x00, 0x00, 0x00, 0x00,
    0x00, 0x00, 0x00, 0x00, 0x00, 0x00, 0x00, 0x00, 0x00, 0x00, 0x00, 0x00, 0x00, 0x00, 0x00, 0x00,
    0x00, 0x00, 0x00, 0x00, 0xFF, 0xFF, 0x7F, 0x02, 0x00, 0x00, 0x00, 0x00, 0xFF, 0xDA, 0x5A, 0x76,
    0xFF, 0xE3, 0x5D, 0xFF, 0xFF, 0xD6, 0x57, 0x7D, 0xFF, 0xD4, 0x55, 0x30, 0xFF, 0xD7, 0x5A, 0x2D,
    0xFF, 0xD5, 0x58, 0x31, 0xFF, 0xD8, 0x59, 0x92, 0xFF, 0xE5, 0x5E, 0xFF, 0xFF, 0xDC, 0x5A, 0x60,
    0x00, 0x00, 0x00, 0x00, 0xFF, 0xFF, 0x7F, 0x02, 0x00, 0x00, 0x00, 0x00, 0x00, 0x00, 0x00, 0x00,
    0x00, 0x00, 0x00, 0x00, 0x00, 0x00, 0x00, 0x00, 0x00, 0x00, 0x00, 0x00, 0x00, 0x00, 0x00, 0x00,
    0x00, 0x00, 0x00, 0x00, 0x00, 0x00, 0x00, 0x00, 0x00, 0x00, 0x00, 0x00, 0x00, 0x00, 0x00, 0x00,
    0x00, 0x00, 0x00, 0x00, 0x00, 0x00, 0x00, 0x00, 0x00, 0x00, 0x00, 0x00, 0x00, 0x00, 0x00, 0x00,
    0x00, 0x00, 0x00, 0x00, 0xFF, 0xAA, 0x55, 0x03, 0x00, 0x00, 0x00, 0x00, 0xFE, 0xDA, 0x59, 0x3F,
    0xFF, 0xE8, 0x5F, 0xFF, 0xFE, 0xD8, 0x58, 0x70, 0x00, 0x00, 0x00, 0x00, 0xFF, 0xFF, 0x55, 0x03,
    0x00, 0x00, 0x00, 0x00, 0x00, 0x00, 0x00, 0x00, 0x00, 0x00, 0x00, 0x00, 0x00, 0x00, 0x00, 0x00,
    0x00, 0x00, 0x00, 0x00, 0x00, 0x00, 0x00, 0x00, 0x00, 0x00, 0x00, 0x00, 0x00, 0x00, 0x00, 0x00,
    0x00, 0x00, 0x00, 0x00, 0x00, 0x00, 0x00, 0x00, 0x00, 0x00, 0x00, 0x00, 0x00, 0x00, 0x00, 0x00,
    0x00, 0x00, 0x00, 0x00, 0x00, 0x00, 0x00, 0x00, 0x00, 0x00, 0x00, 0x00, 0x00, 0x00, 0x00, 0x00,
    0x00, 0x00, 0x00, 0x00, 0x00, 0x00, 0x00, 0x00, 0x00, 0x00, 0x00, 0x00, 0x00, 0x00, 0x00, 0x00,
    0x00, 0x00, 0x00, 0x00, 0x00, 0x00, 0x00, 0x00, 0x00, 0x00, 0x00, 0x00, 0x00, 0x00, 0x00, 0x00,
    0x00, 0x00, 0x00, 0x00, 0x00, 0x00, 0x00, 0x00, 0x00, 0x00, 0x00, 0x00, 0x00, 0x00, 0x00, 0x00,
    0x00, 0x00, 0x00, 0x00, 0x00, 0x00, 0x00, 0x00, 0x00, 0x00, 0x00, 0x00, 0x00, 0x00, 0x00, 0x00,
    0x00, 0x00, 0x00, 0x00, 0x00, 0x00, 0x00, 0x00, 0x00, 0x00, 0x00, 0x00, 0x00, 0x00, 0x00, 0x00,
    0x00, 0x00, 0x00, 0x00, 0x00, 0x00, 0x00, 0x00, 0x00, 0x00, 0x00, 0x00, 0x00, 0x00, 0x00, 0x00,
    0x00, 0x00, 0x00, 0x00, 0x00, 0x00, 0x00, 0x00, 0x00, 0x00, 0x00, 0x00, 0x00, 0x00, 0x00, 0x00,
    0x00, 0x00, 0x00, 0x00, 0xFF, 0xAA, 0x55, 0x03, 0x00, 0x00, 0x00, 0x00, 0xFF, 0xCF, 0x55, 0x30,
    0xFE, 0xE3, 0x5D, 0xEE, 0xFF, 0xE0, 0x5C, 0xDC, 0xFF, 0xD2, 0x52, 0x28, 0x00, 0x00, 0x00, 0x00,
    0xFF, 0xFF, 0x55, 0x03, 0xFF, 0xFF, 0x00, 0x01, 0x00, 0x00, 0x00, 0x00, 0x00, 0x00, 0x00, 0x00,
    0x00, 0x00, 0x00, 0x00, 0x00, 0x00, 0x00, 0x00, 0x00, 0x00, 0x00, 0x00, 0x00, 0x00, 0x00, 0x00,
    0x00, 0x00, 0x00, 0x00, 0x00, 0x00, 0x00, 0x00, 0x00, 0x00, 0x00, 0x00, 0x00, 0x00, 0x00, 0x00,
    0x00, 0x00, 0x00, 0x00, 0x00, 0x00, 0x00, 0x00, 0x00, 0x00, 0x00, 0x00, 0x00, 0x00, 0x00, 0x00,
    0x00, 0x00, 0x00, 0x00, 0x00, 0x00, 0x00, 0x00, 0x00, 0x00, 0x00, 0x00, 0x00, 0x00, 0x00, 0x00,
    0x00, 0x00, 0x00, 0x00, 0x00, 0x00, 0x00, 0x00, 0x00, 0x00, 0x00, 0x00, 0x00, 0x00, 0x00, 0x00,
    0x00, 0x00, 0x00, 0x00, 0x00, 0x00, 0x00, 0x00, 0x00, 0x00, 0x00, 0x00, 0x00, 0x00, 0x00, 0x00,
    0xFF, 0xFF, 0x3F, 0x04, 0x00, 0x00, 0x00, 0x00, 0xFF, 0xD9, 0x58, 0x73, 0xFF, 0xE6, 0x5F, 0xFF,
    0xFF, 0xD8, 0x59, 0xFB, 0xFF, 0xD8, 0x59, 0xFF, 0xFF, 0xD8, 0x59, 0xFF, 0xFF, 0xD8, 0x59, 0xFF,
    0xFF, 0xD8, 0x59, 0xFF, 0xFF, 0xD7, 0x59, 0xFB, 0xFF, 0xE7, 0x5F, 0xFF, 0xFF, 0xD8, 0x59, 0x92,
    0x00, 0x00, 0x00, 0x00, 0xFF, 0xFF, 0x55, 0x03, 0x00, 0x00, 0x00, 0x00, 0x00, 0x00, 0x00, 0x00,
    0x00, 0x00, 0x00, 0x00, 0x00, 0x00, 0x00, 0x00, 0x00, 0x00, 0x00, 0x00, 0x00, 0x00, 0x00, 0x00,
    0x00, 0x00, 0x00, 0x00, 0x00, 0x00, 0x00, 0x00, 0x00, 0x00, 0x00, 0x00, 0x00, 0x00, 0x00, 0x00,
    0x00, 0x00, 0x00, 0x00, 0x00, 0x00, 0x00, 0x00, 0x00, 0x00, 0x00, 0x00, 0x00, 0x00, 0x00, 0x00,
    0x00, 0x00, 0x00, 0x00, 0x00, 0x00, 0x00, 0x00, 0x00, 0x00, 0x00, 0x00, 0x00, 0x00, 0x00, 0x00,
    0x00, 0x00, 0x00, 0x00, 0x00, 0x00, 0x00, 0x00, 0xFF, 0xFF, 0x7F, 0x02, 0x00, 0x00, 0x00, 0x00,
    0xFF, 0xD5, 0x58, 0x37, 0xFF, 0xDF, 0x5C, 0xFE, 0xFF, 0xDE, 0x5A, 0x4F, 0xFF, 0xD6, 0x58, 0x45,
    0xFF, 0xD8, 0x58, 0xD8, 0xFF, 0xD7, 0x58, 0xF5, 0xFF, 0xD6, 0x58, 0xC9, 0xFF, 0xD7, 0x55, 0x2D,
    0xFF, 0xDE, 0x5B, 0x6D, 0xFF, 0xE1, 0x5C, 0xF8, 0xFF, 0xCD, 0x55, 0x24, 0x00, 0x00, 0x00, 0x00,
    0xFF, 0x7F, 0x7F, 0x02, 0x00, 0x00, 0x00, 0x00, 0x00, 0x00, 0x00, 0x00, 0x00, 0x00, 0x00, 0x00,
    0x00, 0x00, 0x00, 0x00, 0x00, 0x00, 0x00, 0x00, 0x00, 0x00, 0x00, 0x00, 0x00, 0x00, 0x00, 0x00,
    0x00, 0x00, 0x00, 0x00, 0x00, 0x00, 0x00, 0x00, 0x00, 0x00, 0x00, 0x00, 0x00, 0x00, 0x00, 0x00,
    0x00, 0x00, 0x00, 0x00, 0x00, 0x00, 0x00, 0x00, 0xFF, 0x00, 0x00, 0x01, 0x00, 0x00, 0x00, 0x00,
    0xFF, 0x00, 0x00, 0x01, 0xFE, 0xDE, 0x5C, 0xCA, 0xFF, 0xDC, 0x5B, 0xD7, 0xFF, 0xAA, 0x55, 0x06,
    0x00, 0x00, 0x00, 0x00, 0xFF, 0xFF, 0x00, 0x01, 0x00, 0x00, 0x00, 0x00, 0x00, 0x00, 0x00, 0x00,
    0x00, 0x00, 0x00, 0x00, 0x00, 0x00, 0x00, 0x00, 0x00, 0x00, 0x00, 0x00, 0x00, 0x00, 0x00, 0x00,
    0x00, 0x00, 0x00, 0x00, 0x00, 0x00, 0x00, 0x00, 0x00, 0x00, 0x00, 0x00, 0x00, 0x00, 0x00, 0x00,
    0x00, 0x00, 0x00, 0x00, 0x00, 0x00, 0x00, 0x00, 0x00, 0x00, 0x00, 0x00, 0x00, 0x00, 0x00, 0x00,
    0x00, 0x00, 0x00, 0x00, 0x00, 0x00, 0x00, 0x00, 0x00, 0x00, 0x00, 0x00, 0x00, 0x00, 0x00, 0x00,
    0x00, 0x00, 0x00, 0x00, 0x00, 0x00, 0x00, 0x00, 0x00, 0x00, 0x00, 0x00, 0x00, 0x00, 0x00, 0x00,
    0x00, 0x00, 0x00, 0x00, 0x00, 0x00, 0x00, 0x00, 0x00, 0x00, 0x00, 0x00, 0x00, 0x00, 0x00, 0x00,
    0x00, 0x00, 0x00, 0x00, 0x00, 0x00, 0x00, 0x00, 0x00, 0x00, 0x00, 0x00, 0x00, 0x00, 0x00, 0x00,
    0x00, 0x00, 0x00, 0x00, 0x00, 0x00, 0x00, 0x00, 0x00, 0x00, 0x00, 0x00, 0x00, 0x00, 0x00, 0x00,
    0x00, 0x00, 0x00, 0x00, 0x00, 0x00, 0x00, 0x00, 0x00, 0x00, 0x00, 0x00, 0x00, 0x00, 0x00, 0x00,
    0x00, 0x00, 0x00, 0x00, 0x00, 0x00, 0x00, 0x00, 0x00, 0x00, 0x00, 0x00, 0x00, 0x00, 0x00, 0x00,
    0x00, 0x00, 0x00, 0x00, 0x00, 0x00, 0x00, 0x00, 0x00, 0x00, 0x00, 0x00, 0x00, 0x00, 0x00, 0x00,
    0xFF, 0xFF, 0x55, 0x03, 0x00, 0x00, 0x00, 0x00, 0xFF, 0xD3, 0x56, 0x35, 0xFE, 0xDD, 0x5B, 0xEE,
    0xFF, 0xDC, 0x5B, 0xEB, 0xFF, 0xD3, 0x56, 0x41, 0x00, 0x00, 0x00, 0x00, 0xFF, 0xFF, 0x55, 0x03,
    0xFF, 0x7F, 0x7F, 0x02, 0x00, 0x00, 0x00, 0x00, 0x00, 0x00, 0x00, 0x00, 0x00, 0x00, 0x00, 0x00,
    0x00, 0x00, 0x00, 0x00, 0x00, 0x00, 0x00, 0x00, 0x00, 0x00, 0x00, 0x00, 0x00, 0x00, 0x00, 0x00,
    0x00, 0x00, 0x00, 0x00, 0x00, 0x00, 0x00, 0x00, 0x00, 0x00, 0x00, 0x00, 0x00, 0x00, 0x00, 0x00,
    0x00, 0x00, 0x00, 0x00, 0x00, 0x00, 0x00, 0x00, 0x00, 0x00, 0x00, 0x00, 0x00, 0x00, 0x00, 0x00,
    0x00, 0x00, 0x00, 0x00, 0x00, 0x00, 0x00, 0x00, 0x00, 0x00, 0x00, 0x00, 0x00, 0x00, 0x00, 0x00,
    0x00, 0x00, 0x00, 0x00, 0x00, 0x00, 0x00, 0x00, 0x00, 0x00, 0x00, 0x00, 0x00, 0x00, 0x00, 0x00,
    0x00, 0x00, 0x00, 0x00, 0x00, 0x00, 0x00, 0x00, 0xFF, 0xFF, 0x7F, 0x02, 0x00, 0x00, 0x00, 0x00,
    0xFE, 0xD9, 0x59, 0xA3, 0xFF, 0xE5, 0x5F, 0xFF, 0xFF, 0xD8, 0x59, 0xFB, 0xFF, 0xD8, 0x59, 0xFF,
    0xFF, 0xD8, 0x59, 0xFF, 0xFF, 0xD8, 0x59, 0xFF, 0xFF, 0xD8, 0x59, 0xFF, 0xFF, 0xD7, 0x58, 0xFD,
    0xFF, 0xE1, 0x5D, 0xFF, 0xFF, 0xD9, 0x5A, 0xC3, 0x00, 0x00, 0x00, 0x00, 0x00, 0x00, 0x00, 0x00,
    0xFF, 0x00, 0x00, 0x01, 0x00, 0x00, 0x00, 0x00, 0x00, 0x00, 0x00, 0x00, 0x00, 0x00, 0x00, 0x00,
    0x00, 0x00, 0x00, 0x00, 0x00, 0x00, 0x00, 0x00, 0x00, 0x00, 0x00, 0x00, 0x00, 0x00, 0x00, 0x00,
    0x00, 0x00, 0x00, 0x00, 0x00, 0x00, 0x00, 0x00, 0x00, 0x00, 0x00, 0x00, 0x00, 0x00, 0x00, 0x00,
    0x00, 0x00, 0x00, 0x00, 0x00, 0x00, 0x00, 0x00, 0x00, 0x00, 0x00, 0x00, 0x00, 0x00, 0x00, 0x00,
    0x00, 0x00, 0x00, 0x00, 0x00, 0x00, 0x00, 0x00, 0x00, 0x00, 0x00, 0x00, 0x00, 0x00, 0x00, 0x00,
    0xFF, 0xFF, 0x55, 0x03, 0x00, 0x00, 0x00, 0x00, 0xFF, 0xDD, 0x5B, 0xA1, 0xFF, 0xDB, 0x5A, 0xB4,
    0xFE, 0xD1, 0x56, 0x38, 0xFF, 0xE3, 0x5D, 0xFF, 0xFF, 0xE1, 0x5D, 0xFF, 0xFF, 0xD9, 0x59, 0xFD,
    0xFF, 0xE6, 0x5F, 0xFF, 0xFF, 0xE0, 0x5C, 0xEC, 0xFF, 0xCE, 0x52, 0x25, 0xFF, 0xDA, 0x59, 0xD4,
    0xFF, 0xDD, 0x5A, 0x87, 0x00, 0x00, 0x00, 0x00, 0xFF, 0xBF, 0x3F, 0x04, 0x00, 0x00, 0x00, 0x00,
    0x00, 0x00, 0x00, 0x00, 0x00, 0x00, 0x00, 0x00, 0x00, 0x00, 0x00, 0x00, 0x00, 0x00, 0x00, 0x00,
    0x00, 0x00, 0x00, 0x00, 0x00, 0x00, 0x00, 0x00, 0x00, 0x00, 0x00, 0x00, 0x00, 0x00, 0x00, 0x00,
    0x00, 0x00, 0x00, 0x00, 0x00, 0x00, 0x00, 0x00, 0x00, 0x00, 0x00, 0x00, 0x00, 0x00, 0x00, 0x00,
    0xFF, 0xFF, 0x55, 0x03, 0x00, 0x00, 0x00, 0x00, 0xFF, 0xDA, 0x59, 0x6A, 0xFF, 0xE9, 0x60, 0xFF,
    0xFF, 0xD8, 0x58, 0x48, 0x00, 0x00, 0x00, 0x00, 0xFF, 0xAA, 0x55, 0x03, 0x00, 0x00, 0x00, 0x00,
    0x00, 0x00, 0x00, 0x00, 0x00, 0x00, 0x00, 0x00, 0x00, 0x00, 0x00, 0x00, 0x00, 0x00, 0x00, 0x00,
    0x00, 0x00, 0x00, 0x00, 0x00, 0x00, 0x00, 0x00, 0x00, 0x00, 0x00, 0x00, 0x00, 0x00, 0x00, 0x00,
    0x00, 0x00, 0x00, 0x00, 0x00, 0x00, 0x00, 0x00, 0x00, 0x00, 0x00, 0x00, 0x00, 0x00, 0x00, 0x00,
    0x00, 0x00, 0x00, 0x00, 0x00, 0x00, 0x00, 0x00, 0x00, 0x00, 0x00, 0x00, 0x00, 0x00, 0x00, 0x00,
    0x00, 0x00, 0x00, 0x00, 0x00, 0x00, 0x00, 0x00, 0x00, 0x00, 0x00, 0x00, 0x00, 0x00, 0x00, 0x00,
    0x00, 0x00, 0x00, 0x00, 0x00, 0x00, 0x00, 0x00, 0x00, 0x00, 0x00, 0x00, 0x00, 0x00, 0x00, 0x00,
    0x00, 0x00, 0x00, 0x00, 0x00, 0x00, 0x00, 0x00, 0x00, 0x00, 0x00, 0x00, 0x00, 0x00, 0x00, 0x00,
    0x00, 0x00, 0x00, 0x00, 0x00, 0x00, 0x00, 0x00, 0x00, 0x00, 0x00, 0x00, 0x00, 0x00, 0x00, 0x00,
    0x00, 0x00, 0x00, 0x00, 0x00, 0x00, 0x00, 0x00, 0x00, 0x00, 0x00, 0x00, 0x00, 0x00, 0x00, 0x00,
    0x00, 0x00, 0x00, 0x00, 0x00, 0x00, 0x00, 0x00, 0x00, 0x00, 0x00, 0x00, 0x00, 0x00, 0x00, 0x00,
    0x00, 0x00, 0x00, 0x00, 0x00, 0x00, 0x00, 0x00, 0x00, 0x00, 0x00, 0x00, 0x00, 0x00, 0x00, 0x00,
    0x00, 0x00, 0x00, 0x00, 0x00, 0x00, 0x00, 0x00, 0x00, 0x00, 0x00, 0x00, 0xFF, 0xD4, 0x55, 0x06,
    0x00, 0x00, 0x00, 0x00, 0xFF, 0xD5, 0x57, 0x86, 0xFF, 0xF0, 0x63, 0xFF, 0xFF, 0xE4, 0x5D, 0xF9,
    0xFF, 0xD3, 0x55, 0x74, 0x00, 0x00, 0x00, 0x00, 0xFF, 0xFF, 0x00, 0x01, 0xFF, 0xFF, 0x55, 0x03,
    0x00, 0x00, 0x00, 0x00, 0x00, 0x00, 0x00, 0x00, 0x00, 0x00, 0x00, 0x00, 0x00, 0x00, 0x00, 0x00,
    0x00, 0x00, 0x00, 0x00, 0x00, 0x00, 0x00, 0x00, 0x00, 0x00, 0x00, 0x00, 0x00, 0x00, 0x00, 0x00,
    0x00, 0x00, 0x00, 0x00, 0x00, 0x00, 0x00, 0x00, 0x00, 0x00, 0x00, 0x00, 0x00, 0x00, 0x00, 0x00,
    0x00, 0x00, 0x00, 0x00, 0x00, 0x00, 0x00, 0x00, 0x00, 0x00, 0x00, 0x00, 0x00, 0x00, 0x00, 0x00,
    0x00, 0x00, 0x00, 0x00, 0x00, 0x00, 0x00, 0x00, 0x00, 0x00, 0x00, 0x00, 0x00, 0x00, 0x00, 0x00,
    0x00, 0x00, 0x00, 0x00, 0x00, 0x00, 0x00, 0x00, 0x00, 0x00, 0x00, 0x00, 0xFF, 0xFF, 0x00, 0x01,
    0x00, 0x00, 0x00, 0x00, 0xFF, 0xD4, 0x55, 0x06, 0xFF, 0xDA, 0x59, 0xD6, 0xFF, 0xDE, 0x5C, 0xFF,
    0xFF, 0xD8, 0x58, 0xFD, 0xFF, 0xD8, 0x59, 0xFF, 0xFF, 0xD8, 0x59, 0xFF, 0xFF, 0xD8, 0x59, 0xFF,
    0xFF, 0xD8, 0x59, 0xFF, 0xFF, 0xD7, 0x59, 0xFE, 0xFF, 0xDB, 0x5A, 0xFF, 0xFF, 0xD9, 0x5A, 0xF0,
    0xFF, 0xD6, 0x5B, 0x19, 0x00, 0x00, 0x00, 0x00, 0xFF, 0xFF, 0x00, 0x01, 0x00, 0x00, 0x00, 0x00,
    0x00, 0x00, 0x00, 0x00, 0x00, 0x00, 0x00, 0x00, 0x00, 0x00, 0x00, 0x00, 0x00, 0x00, 0x00, 0x00,
    0x00, 0x00, 0x00, 0x00, 0x00, 0x00, 0x00, 0x00, 0x00, 0x00, 0x00, 0x00, 0x00, 0x00, 0x00, 0x00,
    0x00, 0x00, 0x00, 0x00, 0x00, 0x00, 0x00, 0x00, 0x00, 0x00, 0x00, 0x00, 0x00, 0x00, 0x00, 0x00,
    0x00, 0x00, 0x00, 0x00, 0x00, 0x00, 0x00, 0x00, 0x00, 0x00, 0x00, 0x00, 0x00, 0x00, 0x00, 0x00,
    0x00, 0x00, 0x00, 0x00, 0xFF, 0x00, 0x00, 0x01, 0x00, 0x00, 0x00, 0x00, 0x00, 0x00, 0x00, 0x00,
    0xFE, 0xD9, 0x59, 0xD1, 0xFE, 0xD6, 0x56, 0x70, 0xFF, 0xDD, 0x5A, 0x81, 0xFF, 0xE9, 0x60, 0xFF,
    0xFF, 0xD7, 0x59, 0xF8, 0xFF, 0xD7, 0x59, 0xFE, 0xFF, 0xD7, 0x59, 0xF8, 0xFF, 0xEA, 0x61, 0xFF,
    0xFF, 0xDD, 0x59, 0x64, 0xFF, 0xD8, 0x58, 0x8A, 0xFE, 0xD9, 0x59, 0xBF, 0x00, 0x00, 0x00, 0x00,
    0xFF, 0x7F, 0x7F, 0x02, 0x00, 0x00, 0x00, 0x00, 0x00, 0x00, 0x00, 0x00, 0x00, 0x00, 0x00, 0x00,
    0x00, 0x00, 0x00, 0x00, 0x00, 0x00, 0x00, 0x00, 0x00, 0x00, 0x00, 0x00, 0x00, 0x00, 0x00, 0x00,
    0x00, 0x00, 0x00, 0x00, 0x00, 0x00, 0x00, 0x00, 0x00, 0x00, 0x00, 0x00, 0x00, 0x00, 0x00, 0x00,
    0x00, 0x00, 0x00, 0x00, 0xFF, 0x7F, 0x7F, 0x02, 0x00, 0x00, 0x00, 0x00, 0xFF, 0xCF, 0x57, 0x20,
    0xFF, 0xDE, 0x5B, 0xF5, 0xFE, 0xDC, 0x5A, 0xA3, 0x00, 0x00, 0x00, 0x00, 0xFF, 0x7F, 0x7F, 0x02,
    0x00, 0x00, 0x00, 0x00, 0x00, 0x00, 0x00, 0x00, 0x00, 0x00, 0x00, 0x00, 0x00, 0x00, 0x00, 0x00,
    0x00, 0x00, 0x00, 0x00, 0x00, 0x00, 0x00, 0x00, 0x00, 0x00, 0x00, 0x00, 0x00, 0x00, 0x00, 0x00,
    0x00, 0x00, 0x00, 0x00, 0x00, 0x00, 0x00, 0x00, 0x00, 0x00, 0x00, 0x00, 0x00, 0x00, 0x00, 0x00,
    0x00, 0x00, 0x00, 0x00, 0x00, 0x00, 0x00, 0x00, 0x00, 0x00, 0x00, 0x00, 0x00, 0x00, 0x00, 0x00,
    0x00, 0x00, 0x00, 0x00, 0x00, 0x00, 0x00, 0x00, 0x00, 0x00, 0x00, 0x00, 0x00, 0x00, 0x00, 0x00,
    0x00, 0x00, 0x00, 0x00, 0x00, 0x00, 0x00, 0x00, 0x00, 0x00, 0x00, 0x00, 0x00, 0x00, 0x00, 0x00,
    0x00, 0x00, 0x00, 0x00, 0x00, 0x00, 0x00, 0x00, 0x00, 0x00, 0x00, 0x00, 0x00, 0x00, 0x00, 0x00,
    0x00, 0x00, 0x00, 0x00, 0x00, 0x00, 0x00, 0x00, 0x00, 0x00, 0x00, 0x00, 0x00, 0x00, 0x00, 0x00,
    0x00, 0x00, 0x00, 0x00, 0x00, 0x00, 0x00, 0x00, 0x00, 0x00, 0x00, 0x00, 0x00, 0x00, 0x00, 0x00,
    0x00, 0x00, 0x00, 0x00, 0x00, 0x00, 0x00, 0x00, 0x00, 0x00, 0x00, 0x00, 0x00, 0x00, 0x00, 0x00,
    0x00, 0x00, 0x00, 0x00, 0x00, 0x00, 0x00, 0x00, 0x00, 0x00, 0x00, 0x00, 0x00, 0x00, 0x00, 0x00,
    0x00, 0x00, 0x00, 0x00, 0x00, 0x00, 0x00, 0x00, 0x00, 0x00, 0x00, 0x00, 0x00, 0x00, 0x00, 0x00,
    0xFF, 0xFF, 0x7F, 0x02, 0x00, 0x00, 0x00, 0x00, 0xFF, 0xCC, 0x4C, 0x14, 0xFF, 0xDE, 0x5A, 0xD6,
    0xFF, 0xDB, 0x59, 0xEC, 0xFF, 0xD5, 0x57, 0xC4, 0xFF, 0xE6, 0x5F, 0xFF, 0xFF, 0xDA, 0x58, 0xBB,
    0xFF, 0xCA, 0x57, 0x1D, 0x00, 0x00, 0x00, 0x00, 0xFF, 0xFF, 0x7F, 0x02, 0xFF, 0xFF, 0x7F, 0x02,
    0x00, 0x00, 0x00, 0x00, 0x00, 0x00, 0x00, 0x00, 0x00, 0x00, 0x00, 0x00, 0x00, 0x00, 0x00, 0x00,
    0x00, 0x00, 0x00, 0x00, 0x00, 0x00, 0x00, 0x00, 0x00, 0x00, 0x00, 0x00, 0x00, 0x00, 0x00, 0x00,
    0x00, 0x00, 0x00, 0x00, 0x00, 0x00, 0x00, 0x00, 0x00, 0x00, 0x00, 0x00, 0x00, 0x00, 0x00, 0x00,
    0x00, 0x00, 0x00, 0x00, 0x00, 0x00, 0x00, 0x00, 0x00, 0x00, 0x00, 0x00, 0x00, 0x00, 0x00, 0x00,
    0x00, 0x00, 0x00, 0x00, 0x00, 0x00, 0x00, 0x00, 0x00, 0x00, 0x00, 0x00, 0x00, 0x00, 0x00, 0x00,
    0x00, 0x00, 0x00, 0x00, 0xFF, 0xFF, 0x7F, 0x02, 0x00, 0x00, 0x00, 0x00, 0xFF, 0xDF, 0x59, 0x28,
    0xFF, 0xD9, 0x59, 0xF9, 0xFF, 0xD9, 0x5A, 0xFF, 0xFF, 0xD7, 0x59, 0xFE, 0xFF, 0xD8, 0x59, 0xFF,
    0xFF, 0xD8, 0x59, 0xFF, 0xFF, 0xD8, 0x59, 0xFF, 0xFF, 0xD8, 0x59, 0xFF, 0xFF, 0xD8, 0x59, 0xFF,
    0xFF, 0xD7, 0x59, 0xFE, 0xFF, 0xDD, 0x5B, 0xFF, 0xFF, 0xDB, 0x58, 0x4E, 0x00, 0x00, 0x00, 0x00,
    0xFF, 0xFF, 0x55, 0x03, 0x00, 0x00, 0x00, 0x00, 0x00, 0x00, 0x00, 0x00, 0x00, 0x00, 0x00, 0x00,
    0x00, 0x00, 0x00, 0x00, 0x00, 0x00, 0x00, 0x00, 0x00, 0x00, 0x00, 0x00, 0x00, 0x00, 0x00, 0x00,
    0x00, 0x00, 0x00, 0x00, 0x00, 0x00, 0x00, 0x00, 0x00, 0x00, 0x00, 0x00, 0x00, 0x00, 0x00, 0x00,
    0x00, 0x00, 0x00, 0x00, 0x00, 0x00, 0x00, 0x00, 0x00, 0x00, 0x00, 0x00, 0x00, 0x00, 0x00, 0x00,
    0x00, 0x00, 0x00, 0x00, 0x00, 0x00, 0x00, 0x00, 0x00, 0x00, 0x00, 0x00, 0xFF, 0x00, 0x00, 0x01,
    0x00, 0x00, 0x00, 0x00, 0x00, 0x00, 0x00, 0x00, 0xFE, 0xDA, 0x59, 0xD1, 0xFF, 0xD7, 0x57, 0x74,
    0xFF, 0xDD, 0x5A, 0x81, 0xFF, 0xEA, 0x60, 0xFF, 0xFF, 0xD7, 0x58, 0xF8, 0xFF, 0xD7, 0x59, 0xFE,
    0xFF, 0xD7, 0x58, 0xF8, 0xFF, 0xEA, 0x60, 0xFF, 0xFF, 0xDD, 0x5B, 0x62, 0xFF, 0xD6, 0x58, 0x8B,
    0xFF, 0xDA, 0x5A, 0xBD, 0x00, 0x00, 0x00, 0x00, 0xFF, 0x7F, 0x7F, 0x02, 0x00, 0x00, 0x00, 0x00,
    0x00, 0x00, 0x00, 0x00, 0x00, 0x00, 0x00, 0x00, 0x00, 0x00, 0x00, 0x00, 0x00, 0x00, 0x00, 0x00,
    0x00, 0x00, 0x00, 0x00, 0x00, 0x00, 0x00, 0x00, 0x00, 0x00, 0x00, 0x00, 0x00, 0x00, 0x00, 0x00,
    0x00, 0x00, 0x00, 0x00, 0x00, 0x00, 0x00, 0x00, 0x00, 0x00, 0x00, 0x00, 0xFF, 0x7F, 0x7F, 0x02,
    0x00, 0x00, 0x00, 0x00, 0xFF, 0xDF, 0x5B, 0xB0, 0xFE, 0xDF, 0x5C, 0xEE, 0xFF, 0xCD, 0x4E, 0x1A,
    0x00, 0x00, 0x00, 0x00, 0xFF, 0xFF, 0xFF, 0x01, 0x00, 0x00, 0x00, 0x00, 0x00, 0x00, 0x00, 0x00,
    0x00, 0x00, 0x00, 0x00, 0x00, 0x00, 0x00, 0x00, 0x00, 0x00, 0x00, 0x00, 0x00, 0x00, 0x00, 0x00,
    0x00, 0x00, 0x00, 0x00, 0x00, 0x00, 0x00, 0x00, 0x00, 0x00, 0x00, 0x00, 0x00, 0x00, 0x00, 0x00,
    0x00, 0x00, 0x00, 0x00, 0x00, 0x00, 0x00, 0x00, 0x00, 0x00, 0x00, 0x00, 0x00, 0x00, 0x00, 0x00,
    0x00, 0x00, 0x00, 0x00, 0x00, 0x00, 0x00, 0x00, 0x00, 0x00, 0x00, 0x00, 0x00, 0x00, 0x00, 0x00,
    0x00, 0x00, 0x00, 0x00, 0x00, 0x00, 0x00, 0x00, 0x00, 0x00, 0x00, 0x00, 0x00, 0x00, 0x00, 0x00,
    0x00, 0x00, 0x00, 0x00, 0x00, 0x00, 0x00, 0x00, 0x00, 0x00, 0x00, 0x00, 0x00, 0x00, 0x00, 0x00,
    0x00, 0x00, 0x00, 0x00, 0x00, 0x00, 0x00, 0x00, 0x00, 0x00, 0x00, 0x00, 0x00, 0x00, 0x00, 0x00,
    0x00, 0x00, 0x00, 0x00, 0x00, 0x00, 0x00, 0x00, 0x00, 0x00, 0x00, 0x00, 0x00, 0x00, 0x00, 0x00,
    0x00, 0x00, 0x00, 0x00, 0x00, 0x00, 0x00, 0x00, 0x00, 0x00, 0x00, 0x00, 0x00, 0x00, 0x00, 0x00,
    0x00, 0x00, 0x00, 0x00, 0x00, 0x00, 0x00, 0x00, 0x00, 0x00, 0x00, 0x00, 0x00, 0x00, 0x00, 0x00,
    0x00, 0x00, 0x00, 0x00, 0x00, 0x00, 0x00, 0x00, 0x00, 0x00, 0x00, 0x00, 0x00, 0x00, 0x00, 0x00,
    0x00, 0x00, 0x00, 0x00, 0xFF, 0x7F, 0x00, 0x02, 0x00, 0x00, 0x00, 0x00, 0xFF, 0xBF, 0x3F, 0x08,
    0xFE, 0xDF, 0x5B, 0xC5, 0xFF, 0xDE, 0x5B, 0xD6, 0xFF, 0xCA, 0x4F, 0x1D, 0x00, 0x00, 0x00, 0x00,
    0xFE, 0xD6, 0x59, 0x3F, 0xFF, 0xD9, 0x59, 0xDB, 0xFF, 0xDD, 0x5B, 0xF8, 0xFF, 0xD6, 0x57, 0x6C,
    0xFF, 0xFF, 0xFF, 0x01, 0x00, 0x00, 0x00, 0x00, 0xFF, 0xFF, 0x7F, 0x02, 0xFF, 0xFF, 0x7F, 0x02,
    0x00, 0x00, 0x00, 0x00, 0x00, 0x00, 0x00, 0x00, 0x00, 0x00, 0x00, 0x00, 0x00, 0x00, 0x00, 0x00,
    0x00, 0x00, 0x00, 0x00, 0x00, 0x00, 0x00, 0x00, 0x00, 0x00, 0x00, 0x00, 0x00, 0x00, 0x00, 0x00,
    0x00, 0x00, 0x00, 0x00, 0x00, 0x00, 0x00, 0x00, 0x00, 0x00, 0x00, 0x00, 0x00, 0x00, 0x00, 0x00,
    0x00, 0x00, 0x00, 0x00, 0x00, 0x00, 0x00, 0x00, 0x00, 0x00, 0x00, 0x00, 0x00, 0x00, 0x00, 0x00,
    0x00, 0x00, 0x00, 0x00, 0x00, 0x00, 0x00, 0x00, 0x00, 0x00, 0x00, 0x00, 0xFF, 0xBF, 0x3F, 0x04,
    0x00, 0x00, 0x00, 0x00, 0xFF, 0xD9, 0x5A, 0x60, 0xFF, 0xE1, 0x5D, 0xFF, 0xFF, 0xD7, 0x58, 0xFD,
    0xFF, 0xD8, 0x59, 0xFF, 0xFF, 0xD8, 0x59, 0xFF, 0xFF, 0xD8, 0x59, 0xFF, 0xFF, 0xD8, 0x59, 0xFF,
    0xFF, 0xD8, 0x59, 0xFF, 0xFF, 0xD8, 0x59, 0xFF, 0xFF, 0xD8, 0x59, 0xFB, 0xFF, 0xE7, 0x5F, 0xFF,
    0xFF, 0xDA, 0x59, 0x86, 0x00, 0x00, 0x00, 0x00, 0xFF, 0xBF, 0x3F, 0x04, 0x00, 0x00, 0x00, 0x00,
    0x00, 0x00, 0x00, 0x00, 0x00, 0x00, 0x00, 0x00, 0x00, 0x00, 0x00, 0x00, 0x00, 0x00, 0x00, 0x00,
    0x00, 0x00, 0x00, 0x00, 0x00, 0x00, 0x00, 0x00, 0x00, 0x00, 0x00, 0x00, 0x00, 0x00, 0x00, 0x00,
    0x00, 0x00, 0x00, 0x00, 0x00, 0x00, 0x00, 0x00, 0x00, 0x00, 0x00, 0x00, 0x00, 0x00, 0x00, 0x00,
    0x00, 0x00, 0x00, 0x00, 0x00, 0x00, 0x00, 0x00, 0x00, 0x00, 0x00, 0x00, 0x00, 0x00, 0x00, 0x00,
    0x00, 0x00, 0x00, 0x00, 0xFF, 0x00, 0x00, 0x01, 0xFF, 0xD4, 0x55, 0x06, 0x00, 0x00, 0x00, 0x00,
    0xFF, 0xD9, 0x59, 0x94, 0xFF, 0xD9, 0x58, 0xB8, 0xFF, 0xD3, 0x56, 0x35, 0xFF, 0xE1, 0x5C, 0xFD,
    0xFF, 0xE2, 0x5D, 0xFF, 0xFF, 0xDB, 0x5A, 0xFD, 0xFF, 0xE7, 0x5F, 0xFF, 0xFF, 0xE0, 0x5C, 0xEB,
    0xFF, 0xC9, 0x50, 0x26, 0xFF, 0xDC, 0x5A, 0xD6, 0xFF, 0xDD, 0x5A, 0x81, 0x00, 0x00, 0x00, 0x00,
    0xFF, 0xBF, 0x3F, 0x04, 0x00, 0x00, 0x00, 0x00, 0x00, 0x00, 0x00, 0x00, 0x00, 0x00, 0x00, 0x00,
    0x00, 0x00, 0x00, 0x00, 0x00, 0x00, 0x00, 0x00, 0x00, 0x00, 0x00, 0x00, 0x00, 0x00, 0x00, 0x00,
    0x00, 0x00, 0x00, 0x00, 0x00, 0x00, 0x00, 0x00, 0x00, 0x00, 0x00, 0x00, 0x00, 0x00, 0x00, 0x00,
    0xFF, 0xFF, 0x55, 0x03, 0x00, 0x00, 0x00, 0x00, 0xFF, 0xDA, 0x5A, 0x63, 0xFF, 0xEC, 0x61, 0xFF,
    0xFF, 0xD7, 0x57, 0x5A, 0x00, 0x00, 0x00, 0x00, 0xFF, 0xFF, 0x55, 0x03, 0x00, 0x00, 0x00, 0x00,
    0x00, 0x00, 0x00, 0x00, 0x00, 0x00, 0x00, 0x00, 0x00, 0x00, 0x00, 0x00, 0x00, 0x00, 0x00, 0x00,
    0x00, 0x00, 0x00, 0x00, 0x00, 0x00, 0x00, 0x00, 0x00, 0x00, 0x00, 0x00, 0x00, 0x00, 0x00, 0x00,
    0x00, 0x00, 0x00, 0x00, 0x00, 0x00, 0x00, 0x00, 0x00, 0x00, 0x00, 0x00, 0x00, 0x00, 0x00, 0x00,
    0x00, 0x00, 0x00, 0x00, 0x00, 0x00, 0x00, 0x00, 0x00, 0x00, 0x00, 0x00, 0x00, 0x00, 0x00, 0x00,
    0x00, 0x00, 0x00, 0x00, 0x00, 0x00, 0x00, 0x00, 0x00, 0x00, 0x00, 0x00, 0x00, 0x00, 0x00, 0x00,
    0x00, 0x00, 0x00, 0x00, 0x00, 0x00, 0x00, 0x00, 0x00, 0x00, 0x00, 0x00, 0x00, 0x00, 0x00, 0x00,
    0x00, 0x00, 0x00, 0x00, 0x00, 0x00, 0x00, 0x00, 0x00, 0x00, 0x00, 0x00, 0x00, 0x00, 0x00, 0x00,
    0x00, 0x00, 0x00, 0x00, 0x00, 0x00, 0x00, 0x00, 0x00, 0x00, 0x00, 0x00, 0x00, 0x00, 0x00, 0x00,
    0x00, 0x00, 0x00, 0x00, 0x00, 0x00, 0x00, 0x00, 0x00, 0x00, 0x00, 0x00, 0x00, 0x00, 0x00, 0x00,
    0x00, 0x00, 0x00, 0x00, 0x00, 0x00, 0x00, 0x00, 0x00, 0x00, 0x00, 0x00, 0x00, 0x00, 0x00, 0x00,
    0x00, 0x00, 0x00, 0x00, 0x00, 0x00, 0x00, 0x00, 0x00, 0x00, 0x00, 0x00, 0x00, 0x00, 0x00, 0x00,
    0x00, 0x00, 0x00, 0x00, 0x00, 0x00, 0x00, 0x00, 0xFF, 0xFF, 0x00, 0x01, 0xFF, 0xFF, 0x00, 0x01,
    0xFF, 0x00, 0x00, 0x02, 0xFF, 0xDC, 0x5A, 0xBA, 0xFF, 0xDE, 0x5B, 0xDC, 0xFF, 0xCE, 0x55, 0x15,
    0x00, 0x00, 0x00, 0x00, 0xFF, 0xFF, 0x7F, 0x02, 0x00, 0x00, 0x00, 0x00, 0xFF, 0xCC, 0x66, 0x05,
    0xFE, 0xD6, 0x57, 0x77, 0xFE, 0xDA, 0x5A, 0xFC, 0xFF, 0xDB, 0x59, 0xD5, 0xFF, 0xD7, 0x57, 0x40,
    0x00, 0x00, 0x00, 0x00, 0xFF, 0xFF, 0x00, 0x01, 0xFF, 0xAA, 0x55, 0x03, 0xFF, 0xFF, 0x7F, 0x02,
    0x00, 0x00, 0x00, 0x00, 0x00, 0x00, 0x00, 0x00, 0x00, 0x00, 0x00, 0x00, 0x00, 0x00, 0x00, 0x00,
    0x00, 0x00, 0x00, 0x00, 0x00, 0x00, 0x00, 0x00, 0x00, 0x00, 0x00, 0x00, 0x00, 0x00, 0x00, 0x00,
    0x00, 0x00, 0x00, 0x00, 0x00, 0x00, 0x00, 0x00, 0x00, 0x00, 0x00, 0x00, 0x00, 0x00, 0x00, 0x00,
    0x00, 0x00, 0x00, 0x00, 0x00, 0x00, 0x00, 0x00, 0x00, 0x00, 0x00, 0x00, 0x00, 0x00, 0x00, 0x00,
    0x00, 0x00, 0x00, 0x00, 0xFF, 0xAA, 0x55, 0x03, 0x00, 0x00, 0x00, 0x00, 0xFF, 0xD8, 0x59, 0x97,
    0xFF, 0xE7, 0x5F, 0xFF, 0xFF, 0xD8, 0x59, 0xFB, 0xFF, 0xD8, 0x59, 0xFF, 0xFF, 0xD8, 0x59, 0xFF,
    0xFF, 0xD8, 0x59, 0xFF, 0xFF, 0xD8, 0x59, 0xFF, 0xFF, 0xD8, 0x59, 0xFF, 0xFF, 0xD8, 0x59, 0xFF,
    0xFE, 0xD8, 0x59, 0xFC, 0xFF, 0xE2, 0x5D, 0xFF, 0xFE, 0xD9, 0x59, 0xBF, 0x00, 0x00, 0x00, 0x00,
    0x00, 0x00, 0x00, 0x00, 0xFF, 0x00, 0x00, 0x01, 0x00, 0x00, 0x00, 0x00, 0x00, 0x00, 0x00, 0x00,
    0x00, 0x00, 0x00, 0x00, 0x00, 0x00, 0x00, 0x00, 0x00, 0x00, 0x00, 0x00, 0x00, 0x00, 0x00, 0x00,
    0x00, 0x00, 0x00, 0x00, 0x00, 0x00, 0x00, 0x00, 0x00, 0x00, 0x00, 0x00, 0x00, 0x00, 0x00, 0x00,
    0x00, 0x00, 0x00, 0x00, 0x00, 0x00, 0x00, 0x00, 0x00, 0x00, 0x00, 0x00, 0x00, 0x00, 0x00, 0x00,
    0x00, 0x00, 0x00, 0x00, 0x00, 0x00, 0x00, 0x00, 0xFF, 0xFF, 0x7F, 0x02, 0xFF, 0xFF, 0x7F, 0x02,
    0x00, 0x00, 0x00, 0x00, 0xFF, 0xAA, 0x55, 0x06, 0xFF, 0xDD, 0x5B, 0xA8, 0xFF, 0xF5, 0x64, 0xFF,
    0xFF, 0xDB, 0x5A, 0x55, 0xFF, 0xD3, 0x56, 0x41, 0xFF, 0xD7, 0x57, 0xD4, 0xFF, 0xD7, 0x58, 0xEB,
    0xFE, 0xD8, 0x59, 0xC5, 0xFF, 0xD2, 0x52, 0x28, 0xFF, 0xDC, 0x5B, 0x75, 0xFF, 0xE0, 0x5C, 0xF2,
    0xFE, 0xC8, 0x51, 0x1C, 0x00, 0x00, 0x00, 0x00, 0xFF, 0x7F, 0x7F, 0x02, 0x00, 0x00, 0x00, 0x00,
    0x00, 0x00, 0x00, 0x00, 0x00, 0x00, 0x00, 0x00, 0x00, 0x00, 0x00, 0x00, 0x00, 0x00, 0x00, 0x00,
    0x00, 0x00, 0x00, 0x00, 0x00, 0x00, 0x00, 0x00, 0x00, 0x00, 0x00, 0x00, 0x00, 0x00, 0x00, 0x00,
    0x00, 0x00, 0x00, 0x00, 0xFF, 0xFF, 0x7F, 0x02, 0x00, 0x00, 0x00, 0x00, 0xFF, 0xCC, 0x52, 0x28,
    0xFF, 0xE2, 0x5C, 0xF7, 0xFE, 0xDE, 0x5C, 0xA3, 0x00, 0x00, 0x00, 0x00, 0xFF, 0xFF, 0x00, 0x02,
    0x00, 0x00, 0x00, 0x00, 0x00, 0x00, 0x00, 0x00, 0x00, 0x00, 0x00, 0x00, 0x00, 0x00, 0x00, 0x00,
    0x00, 0x00, 0x00, 0x00, 0x00, 0x00, 0x00, 0x00, 0x00, 0x00, 0x00, 0x00, 0x00, 0x00, 0x00, 0x00,
    0x00, 0x00, 0x00, 0x00, 0x00, 0x00, 0x00, 0x00, 0x00, 0x00, 0x00, 0x00, 0x00, 0x00, 0x00, 0x00,
    0x00, 0x00, 0x00, 0x00, 0x00, 0x00, 0x00, 0x00, 0x00, 0x00, 0x00, 0x00, 0x00, 0x00, 0x00, 0x00,
    0x00, 0x00, 0x00, 0x00, 0x00, 0x00, 0x00, 0x00, 0x00, 0x00, 0x00, 0x00, 0x00, 0x00, 0x00, 0x00,
    0x00, 0x00, 0x00, 0x00, 0x00, 0x00, 0x00, 0x00, 0x00, 0x00, 0x00, 0x00, 0x00, 0x00, 0x00, 0x00,
    0x00, 0x00, 0x00, 0x00, 0x00, 0x00, 0x00, 0x00, 0x00, 0x00, 0x00, 0x00, 0x00, 0x00, 0x00, 0x00,
    0x00, 0x00, 0x00, 0x00, 0x00, 0x00, 0x00, 0x00, 0x00, 0x00, 0x00, 0x00, 0x00, 0x00, 0x00, 0x00,
    0x00, 0x00, 0x00, 0x00, 0x00, 0x00, 0x00, 0x00, 0x00, 0x00, 0x00, 0x00, 0x00, 0x00, 0x00, 0x00,
    0x00, 0x00, 0x00, 0x00, 0x00, 0x00, 0x00, 0x00, 0x00, 0x00, 0x00, 0x00, 0x00, 0x00, 0x00, 0x00,
    0x00, 0x00, 0x00, 0x00, 0x00, 0x00, 0x00, 0x00, 0x00, 0x00, 0x00, 0x00, 0x00, 0x00, 0x00, 0x00,
    0x00, 0x00, 0x00, 0x00, 0x00, 0x00, 0x00, 0x00, 0x00, 0x00, 0x00, 0x00, 0xFF, 0x00, 0x00, 0x01,
    0x00, 0x00, 0x00, 0x00, 0x00, 0x00, 0x00, 0x00, 0xFF, 0xDC, 0x5A, 0xAB, 0xFF, 0xDF, 0x5B, 0xE1,
    0xFF, 0xCC, 0x51, 0x19, 0x00, 0x00, 0x00, 0x00, 0xFF, 0xAA, 0x55, 0x03, 0x00, 0x00, 0x00, 0x00,
    0xFF, 0xFF, 0x00, 0x02, 0xFF, 0xFF, 0x7F, 0x02, 0x00, 0x00, 0x00, 0x00, 0xFF, 0xD4, 0x55, 0x1E,
    0xFF, 0xD7, 0x58, 0xAF, 0xFF, 0xE2, 0x5D, 0xFF, 0xFE, 0xDA, 0x59, 0xB6, 0xFF, 0xD5, 0x58, 0x2B,
    0x00, 0x00, 0x00, 0x00, 0xFF, 0xFF, 0x00, 0x01, 0xFF, 0xAA, 0x55, 0x03, 0xFF, 0x7F, 0x7F, 0x02,
    0x00, 0x00, 0x00, 0x00, 0x00, 0x00, 0x00, 0x00, 0x00, 0x00, 0x00, 0x00, 0x00, 0x00, 0x00, 0x00,
    0x00, 0x00, 0x00, 0x00, 0x00, 0x00, 0x00, 0x00, 0x00, 0x00, 0x00, 0x00, 0x00, 0x00, 0x00, 0x00,
    0x00, 0x00, 0x00, 0x00, 0x00, 0x00, 0x00, 0x00, 0x00, 0x00, 0x00, 0x00, 0x00, 0x00, 0x00, 0x00,
    0x00, 0x00, 0x00, 0x00, 0x00, 0x00, 0x00, 0x00, 0xFF, 0xFF, 0x00, 0x01, 0x00, 0x00, 0x00, 0x00,
    0xFF, 0xFF, 0x55, 0x03, 0xFF, 0xD9, 0x59, 0xCE, 0xFF, 0xDF, 0x5C, 0xFF, 0xFF, 0xD7, 0x58, 0xFD,
    0xFF, 0xD8, 0x59, 0xFF, 0xFF, 0xD8, 0x59, 0xFF, 0xFF, 0xD8, 0x59, 0xFF, 0xFF, 0xD8, 0x59, 0xFF,
    0xFF, 0xD8, 0x59, 0xFF, 0xFF, 0xD8, 0x59, 0xFF, 0xFF, 0xD7, 0x59, 0xFE, 0xFF, 0xDB, 0x5A, 0xFF,
    0xFE, 0xD9, 0x59, 0xEF, 0xFF, 0xDD, 0x58, 0x17, 0x00, 0x00, 0x00, 0x00, 0xFF, 0xFF, 0x00, 0x01,
    0x00, 0x00, 0x00, 0x00, 0x00, 0x00, 0x00, 0x00, 0x00, 0x00, 0x00, 0x00, 0x00, 0x00, 0x00, 0x00,
    0x00, 0x00, 0x00, 0x00, 0x00, 0x00, 0x00, 0x00, 0x00, 0x00, 0x00, 0x00, 0x00, 0x00, 0x00, 0x00,
    0x00, 0x00, 0x00, 0x00, 0x00, 0x00, 0x00, 0x00, 0x00, 0x00, 0x00, 0x00, 0x00, 0x00, 0x00, 0x00,
    0x00, 0x00, 0x00, 0x00, 0x00, 0x00, 0x00, 0x00, 0xFF, 0xFF, 0x00, 0x01, 0xFF, 0xAA, 0x55, 0x03,
    0xFF, 0xFF, 0x00, 0x01, 0x00, 0x00, 0x00, 0x00, 0xFF, 0xD6, 0x58, 0x51, 0xFF, 0xDC, 0x5A, 0xEA,
    0xFF, 0xDB, 0x5A, 0xE6, 0xFF, 0xD4, 0x58, 0x9C, 0xFF, 0xDE, 0x5B, 0xF9, 0xFF, 0xD9, 0x58, 0x90,
    0xFF, 0xD7, 0x55, 0x33, 0xFF, 0xD5, 0x58, 0x31, 0xFF, 0xD7, 0x5A, 0x33, 0xFF, 0xD9, 0x58, 0x9E,
    0xFF, 0xDF, 0x5C, 0xFF, 0xFE, 0xD6, 0x57, 0x52, 0x00, 0x00, 0x00, 0x00, 0xFF, 0xFF, 0x7F, 0x02,
    0x00, 0x00, 0x00, 0x00, 0x00, 0x00, 0x00, 0x00, 0x00, 0x00, 0x00, 0x00, 0x00, 0x00, 0x00, 0x00,
    0x00, 0x00, 0x00, 0x00, 0x00, 0x00, 0x00, 0x00, 0x00, 0x00, 0x00, 0x00, 0x00, 0x00, 0x00, 0x00,
    0x00, 0x00, 0x00, 0x00, 0x00, 0x00, 0x00, 0x00, 0xFF, 0xFF, 0x00, 0x01, 0x00, 0x00, 0x00, 0x00,
    0xFF, 0xAA, 0x2A, 0x06, 0xFF, 0xDF, 0x5B, 0xC9, 0xFE, 0xE0, 0x5C, 0xE0, 0xFF, 0xC9, 0x50, 0x13,
    0x00, 0x00, 0x00, 0x00, 0xFF, 0xFF, 0x00, 0x01, 0x00, 0x00, 0x00, 0x00, 0x00, 0x00, 0x00, 0x00,
    0x00, 0x00, 0x00, 0x00, 0x00, 0x00, 0x00, 0x00, 0x00, 0x00, 0x00, 0x00, 0x00, 0x00, 0x00, 0x00,
    0x00, 0x00, 0x00, 0x00, 0x00, 0x00, 0x00, 0x00, 0x00, 0x00, 0x00, 0x00, 0x00, 0x00, 0x00, 0x00,
    0x00, 0x00, 0x00, 0x00, 0x00, 0x00, 0x00, 0x00, 0x00, 0x00, 0x00, 0x00, 0x00, 0x00, 0x00, 0x00,
    0x00, 0x00, 0x00, 0x00, 0x00, 0x00, 0x00, 0x00, 0x00, 0x00, 0x00, 0x00, 0x00, 0x00, 0x00, 0x00,
    0x00, 0x00, 0x00, 0x00, 0x00, 0x00, 0x00, 0x00, 0x00, 0x00, 0x00, 0x00, 0x00, 0x00, 0x00, 0x00,
    0x00, 0x00, 0x00, 0x00, 0x00, 0x00, 0x00, 0x00, 0x00, 0x00, 0x00, 0x00, 0x00, 0x00, 0x00, 0x00,
    0x00, 0x00, 0x00, 0x00, 0x00, 0x00, 0x00, 0x00, 0x00, 0x00, 0x00, 0x00, 0x00, 0x00, 0x00, 0x00,
    0x00, 0x00, 0x00, 0x00, 0x00, 0x00, 0x00, 0x00, 0x00, 0x00, 0x00, 0x00, 0x00, 0x00, 0x00, 0x00,
    0x00, 0x00, 0x00, 0x00, 0x00, 0x00, 0x00, 0x00, 0x00, 0x00, 0x00, 0x00, 0x00, 0x00, 0x00, 0x00,
    0x00, 0x00, 0x00, 0x00, 0x00, 0x00, 0x00, 0x00, 0x00, 0x00, 0x00, 0x00, 0x00, 0x00, 0x00, 0x00,
    0x00, 0x00, 0x00, 0x00, 0x00, 0x00, 0x00, 0x00, 0x00, 0x00, 0x00, 0x00, 0x00, 0x00, 0x00, 0x00,
    0x00, 0x00, 0x00, 0x00, 0x00, 0x00, 0x00, 0x00, 0x00, 0x00, 0x00, 0x00, 0xFF, 0xDA, 0x58, 0xA1,
    0xFF, 0xDD, 0x5B, 0xE4, 0xFF, 0xD4, 0x55, 0x1E, 0x00, 0x00, 0x00, 0x00, 0xFF, 0xAA, 0x55, 0x03,
    0x00, 0x00, 0x00, 0x00, 0x00, 0x00, 0x00, 0x00, 0x00, 0x00, 0x00, 0x00, 0xFF, 0xFF, 0x00, 0x01,
    0xFF, 0xAA, 0x00, 0x03, 0xFF, 0xFF, 0x00, 0x01, 0x00, 0x00, 0x00, 0x00, 0xFF, 0xD5, 0x57, 0x43,
    0xFF, 0xD9, 0x58, 0xD7, 0xFF, 0xE2, 0x5D, 0xFF, 0xFF, 0xD7, 0x58, 0xA2, 0xFF, 0xD7, 0x57, 0x20,
    0x00, 0x00, 0x00, 0x00, 0xFF, 0xFF, 0x00, 0x01, 0xFF, 0xFF, 0x7F, 0x02, 0xFF, 0x7F, 0x7F, 0x02,
    0x00, 0x00, 0x00, 0x00, 0x00, 0x00, 0x00, 0x00, 0x00, 0x00, 0x00, 0x00, 0x00, 0x00, 0x00, 0x00,
    0x00, 0x00, 0x00, 0x00, 0x00, 0x00, 0x00, 0x00, 0x00, 0x00, 0x00, 0x00, 0x00, 0x00, 0x00, 0x00,
    0x00, 0x00, 0x00, 0x00, 0x00, 0x00, 0x00, 0x00, 0x00, 0x00, 0x00, 0x00, 0x00, 0x00, 0x00, 0x00,
    0xFF, 0x7F, 0x7F, 0x02, 0x00, 0x00, 0x00, 0x00, 0xFF, 0xD7, 0x57, 0x20, 0xFE, 0xD9, 0x59, 0xF6,
    0xFF, 0xDA, 0x5A, 0xFF, 0xFF, 0xD7, 0x59, 0xFE, 0xFF, 0xD8, 0x59, 0xFF, 0xFF, 0xD8, 0x59, 0xFF,
    0xFF, 0xD8, 0x59, 0xFF, 0xFF, 0xD8, 0x59, 0xFF, 0xFF, 0xD8, 0x59, 0xFF, 0xFF, 0xD8, 0x59, 0xFF,
    0xFF, 0xD8, 0x59, 0xFF, 0xFF, 0xD7, 0x59, 0xFE, 0xFF, 0xDC, 0x5B, 0xFF, 0xFF, 0xD9, 0x59, 0x4A,
    0x00, 0x00, 0x00, 0x00, 0xFF, 0xAA, 0x55, 0x03, 0x00, 0x00, 0x00, 0x00, 0x00, 0x00, 0x00, 0x00,
    0x00, 0x00, 0x00, 0x00, 0x00, 0x00, 0x00, 0x00, 0x00, 0x00, 0x00, 0x00, 0x00, 0x00, 0x00, 0x00,
    0x00, 0x00, 0x00, 0x00, 0x00, 0x00, 0x00, 0x00, 0x00, 0x00, 0x00, 0x00, 0x00, 0x00, 0x00, 0x00,
    0x00, 0x00, 0x00, 0x00, 0x00, 0x00, 0x00, 0x00, 0x00, 0x00, 0x00, 0x00, 0xFF, 0xAA, 0x55, 0x03,
    0xFF, 0x7F, 0x00, 0x02, 0x00, 0x00, 0x00, 0x00, 0xFF, 0xD7, 0x5B, 0x27, 0xFF, 0xD7, 0x59, 0xBD,
    0xFF, 0xD8, 0x59, 0xFF, 0xFF, 0xD6, 0x57, 0x92, 0xFF, 0xCE, 0x55, 0x15, 0x00, 0x00, 0x00, 0x00,
    0xFF, 0xD6, 0x57, 0x46, 0xFF, 0xD7, 0x59, 0xD4, 0xFF, 0xD8, 0x59, 0xF3, 0xFF, 0xD7, 0x58, 0xEA,
    0xFF, 0xD7, 0x58, 0xF5, 0xFF, 0xD8, 0x59, 0xCB, 0xFF, 0xD9, 0x58, 0x37, 0x00, 0x00, 0x00, 0x00,
    0xFF, 0xFF, 0x00, 0x02, 0x00, 0x00, 0x00, 0x00, 0x00, 0x00, 0x00, 0x00, 0x00, 0x00, 0x00, 0x00,
    0x00, 0x00, 0x00, 0x00, 0x00, 0x00, 0x00, 0x00, 0x00, 0x00, 0x00, 0x00, 0x00, 0x00, 0x00, 0x00,
    0x00, 0x00, 0x00, 0x00, 0x00, 0x00, 0x00, 0x00, 0x00, 0x00, 0x00, 0x00, 0x00, 0x00, 0x00, 0x00,
    0xFF, 0xAA, 0x55, 0x03, 0x00, 0x00, 0x00, 0x00, 0xFF, 0xDC, 0x59, 0x92, 0xFF, 0xE6, 0x5E, 0xFF,
    0xFF, 0xD1, 0x56, 0x3E, 0x00, 0x00, 0x00, 0x00, 0xFF, 0xAA, 0x55, 0x03, 0x00, 0x00, 0x00, 0x00,
    0x00, 0x00, 0x00, 0x00, 0x00, 0x00, 0x00, 0x00, 0x00, 0x00, 0x00, 0x00, 0x00, 0x00, 0x00, 0x00,
    0x00, 0x00, 0x00, 0x00, 0x00, 0x00, 0x00, 0x00, 0x00, 0x00, 0x00, 0x00, 0x00, 0x00, 0x00, 0x00,
    0x00, 0x00, 0x00, 0x00, 0x00, 0x00, 0x00, 0x00, 0x00, 0x00, 0x00, 0x00, 0x00, 0x00, 0x00, 0x00,
    0x00, 0x00, 0x00, 0x00, 0x00, 0x00, 0x00, 0x00, 0x00, 0x00, 0x00, 0x00, 0x00, 0x00, 0x00, 0x00,
    0x00, 0x00, 0x00, 0x00, 0x00, 0x00, 0x00, 0x00, 0x00, 0x00, 0x00, 0x00, 0x00, 0x00, 0x00, 0x00,
    0x00, 0x00, 0x00, 0x00, 0x00, 0x00, 0x00, 0x00, 0x00, 0x00, 0x00, 0x00, 0x00, 0x00, 0x00, 0x00,
    0x00, 0x00, 0x00, 0x00, 0x00, 0x00, 0x00, 0x00, 0x00, 0x00, 0x00, 0x00, 0x00, 0x00, 0x00, 0x00,
    0x00, 0x00, 0x00, 0x00, 0x00, 0x00, 0x00, 0x00, 0x00, 0x00, 0x00, 0x00, 0x00, 0x00, 0x00, 0x00,
    0x00, 0x00, 0x00, 0x00, 0x00, 0x00, 0x00, 0x00, 0x00, 0x00, 0x00, 0x00, 0x00, 0x00, 0x00, 0x00,
    0x00, 0x00, 0x00, 0x00, 0x00, 0x00, 0x00, 0x00, 0x00, 0x00, 0x00, 0x00, 0x00, 0x00, 0x00, 0x00,
    0xFF, 0x00, 0x00, 0x01, 0xFF, 0xFF, 0x7F, 0x02, 0xFF, 0xFF, 0x55, 0x03, 0xFF, 0xFF, 0x7F, 0x02,
    0xFF, 0xFF, 0x00, 0x01, 0x00, 0x00, 0x00, 0x00, 0xFF, 0xFF, 0x7F, 0x02, 0x00, 0x00, 0x00, 0x00,
    0xFF, 0xD3, 0x57, 0x3A, 0xFE, 0xD7, 0x58, 0xCA, 0xFF, 0xD9, 0x5A, 0x22, 0x00, 0x00, 0x00, 0x00,
    0xFF, 0xAA, 0x55, 0x03, 0x00, 0x00, 0x00, 0x00, 0x00, 0x00, 0x00, 0x00, 0x00, 0x00, 0x00, 0x00,
    0x00, 0x00, 0x00, 0x00, 0x00, 0x00, 0x00, 0x00, 0x00, 0x00, 0x00, 0x00, 0xFF, 0xFF, 0xFF, 0x01,
    0xFF, 0xFF, 0x7F, 0x02, 0x00, 0x00, 0x00, 0x00, 0xFF, 0xBF, 0x7F, 0x04, 0xFF, 0xD4, 0x59, 0x67,
    0xFE, 0xDB, 0x5A, 0xED, 0xFF, 0xDF, 0x5B, 0xFD, 0xFF, 0xD6, 0x57, 0x97, 0xFF, 0xD9, 0x55, 0x1B,
    0x00, 0x00, 0x00, 0x00, 0xFF, 0xFF, 0x00, 0x01, 0xFF, 0xFF, 0x7F, 0x02, 0xFF, 0x7F, 0x7F, 0x02,
    0x00, 0x00, 0x00, 0x00, 0x00, 0x00, 0x00, 0x00, 0x00, 0x00, 0x00, 0x00, 0x00, 0x00, 0x00, 0x00,
    0x00, 0x00, 0x00, 0x00, 0x00, 0x00, 0x00, 0x00, 0x00, 0x00, 0x00, 0x00, 0x00, 0x00, 0x00, 0x00,
    0x00, 0x00, 0x00, 0x00, 0x00, 0x00, 0x00, 0x00, 0xFF, 0xFF, 0x55, 0x03, 0x00, 0x00, 0x00, 0x00,
    0xFF, 0xDB, 0x5A, 0x55, 0xFF, 0xDF, 0x5B, 0xFF, 0xFF, 0xD7, 0x59, 0xFE, 0xFF, 0xD8, 0x59, 0xFF,
    0xFF, 0xD8, 0x59, 0xFF, 0xFF, 0xD8, 0x59, 0xFF, 0xFF, 0xD8, 0x59, 0xFF, 0xFF, 0xD8, 0x59, 0xFF,
    0xFF, 0xD8, 0x59, 0xFF, 0xFF, 0xD8, 0x59, 0xFF, 0xFF, 0xD8, 0x59, 0xFF, 0xFF, 0xD8, 0x59, 0xFB,
    0xFF, 0xE7, 0x5F, 0xFF, 0xFF, 0xDA, 0x59, 0x7D, 0x00, 0x00, 0x00, 0x00, 0xFF, 0xBF, 0x3F, 0x04,
    0x00, 0x00, 0x00, 0x00, 0x00, 0x00, 0x00, 0x00, 0x00, 0x00, 0x00, 0x00, 0x00, 0x00, 0x00, 0x00,
    0x00, 0x00, 0x00, 0x00, 0x00, 0x00, 0x00, 0x00, 0x00, 0x00, 0x00, 0x00, 0x00, 0x00, 0x00, 0x00,
    0x00, 0x00, 0x00, 0x00, 0x00, 0x00, 0x00, 0x00, 0x00, 0x00, 0x00, 0x00, 0xFF, 0xAA, 0x55, 0x03,
    0xFF, 0x7F, 0x00, 0x02, 0x00, 0x00, 0x00, 0x00, 0xFF, 0xDF, 0x5F, 0x10, 0xFF, 0xD8, 0x57, 0x91,
    0xFF, 0xD7, 0x58, 0xFB, 0xFF, 0xD6, 0x59, 0xB1, 0xFF, 0xD3, 0x57, 0x23, 0x00, 0x00, 0x00, 0x00,
    0xFF, 0xFF, 0xFF, 0x01, 0xFF, 0xFF, 0x00, 0x01, 0x00, 0x00, 0x00, 0x00, 0x00, 0x00, 0x00, 0x00,
    0xFF, 0xD7, 0x57, 0x20, 0xFF, 0xD6, 0x55, 0x39, 0xFE, 0xDA, 0x51, 0x1C, 0x00, 0x00, 0x00, 0x00,
    0x00, 0x00, 0x00, 0x00, 0xFF, 0xFF, 0x00, 0x01, 0x00, 0x00, 0x00, 0x00, 0x00, 0x00, 0x00, 0x00,
    0x00, 0x00, 0x00, 0x00, 0x00, 0x00, 0x00, 0x00, 0x00, 0x00, 0x00, 0x00, 0x00, 0x00, 0x00, 0x00,
    0x00, 0x00, 0x00, 0x00, 0x00, 0x00, 0x00, 0x00, 0x00, 0x00, 0x00, 0x00, 0x00, 0x00, 0x00, 0x00,
    0x00, 0x00, 0x00, 0x00, 0xFF, 0xBF, 0x3F, 0x04, 0x00, 0x00, 0x00, 0x00, 0xFF, 0xD7, 0x57, 0x60,
    0xFF, 0xEE, 0x62, 0xFF, 0xFE, 0xD8, 0x58, 0x70, 0x00, 0x00, 0x00, 0x00, 0xFF, 0xFF, 0x55, 0x03,
    0x00, 0x00, 0x00, 0x00, 0x00, 0x00, 0x00, 0x00, 0x00, 0x00, 0x00, 0x00, 0x00, 0x00, 0x00, 0x00,
    0x00, 0x00, 0x00, 0x00, 0x00, 0x00, 0x00, 0x00, 0x00, 0x00, 0x00, 0x00, 0x00, 0x00, 0x00, 0x00,
    0x00, 0x00, 0x00, 0x00, 0x00, 0x00, 0x00, 0x00, 0x00, 0x00, 0x00, 0x00, 0x00, 0x00, 0x00, 0x00,
    0x00, 0x00, 0x00, 0x00, 0x00, 0x00, 0x00, 0x00, 0x00, 0x00, 0x00, 0x00, 0x00, 0x00, 0x00, 0x00,
    0x00, 0x00, 0x00, 0x00, 0x00, 0x00, 0x00, 0x00, 0x00, 0x00, 0x00, 0x00, 0x00, 0x00, 0x00, 0x00,
    0x00, 0x00, 0x00, 0x00, 0x00, 0x00, 0x00, 0x00, 0x00, 0x00, 0x00, 0x00, 0x00, 0x00, 0x00, 0x00,
    0x00, 0x00, 0x00, 0x00, 0x00, 0x00, 0x00, 0x00, 0x00, 0x00, 0x00, 0x00, 0x00, 0x00, 0x00, 0x00,
    0x00, 0x00, 0x00, 0x00, 0x00, 0x00, 0x00, 0x00, 0x00, 0x00, 0x00, 0x00, 0x00, 0x00, 0x00, 0x00,
    0x00, 0x00, 0x00, 0x00, 0x00, 0x00, 0x00, 0x00, 0x00, 0x00, 0x00, 0x00, 0x00, 0x00, 0x00, 0x00,
    0x00, 0x00, 0x00, 0x00, 0x00, 0x00, 0x00, 0x00, 0x00, 0x00, 0x00, 0x00, 0x00, 0x00, 0x00, 0x00,
    0x00, 0x00, 0x00, 0x00, 0xFF, 0x7F, 0x7F, 0x02, 0xFF, 0xFF, 0xFF, 0x01, 0x00, 0x00, 0x00, 0x00,
    0x00, 0x00, 0x00, 0x00, 0x00, 0x00, 0x00, 0x00, 0x00, 0x00, 0x00, 0x00, 0xFF, 0xFF, 0x00, 0x02,
    0x00, 0x00, 0x00, 0x00, 0x00, 0x00, 0x00, 0x00, 0xFF, 0xFF, 0x00, 0x01, 0x00, 0x00, 0x00, 0x00,
    0xFF, 0xFF, 0x00, 0x01, 0xFF, 0xFF, 0x00, 0x01, 0x00, 0x00, 0x00, 0x00, 0x00, 0x00, 0x00, 0x00,
    0x00, 0x00, 0x00, 0x00, 0x00, 0x00, 0x00, 0x00, 0x00, 0x00, 0x00, 0x00, 0x00, 0x00, 0x00, 0x00,
    0x00, 0x00, 0x00, 0x00, 0x00, 0x00, 0x00, 0x00, 0x00, 0x00, 0x00, 0x00, 0xFF, 0xFF, 0x00, 0x02,
    0xFF, 0x7F, 0x00, 0x02, 0x00, 0x00, 0x00, 0x00, 0xFE, 0xDA, 0x5B, 0x0E, 0xFE, 0xD4, 0x57, 0x7E,
    0xFF, 0xDB, 0x5A, 0xF5, 0xFF, 0xDF, 0x5B, 0xFA, 0xFF, 0xD6, 0x58, 0x96, 0xFE, 0xDA, 0x5B, 0x1C,
    0x00, 0x00, 0x00, 0x00, 0xFF, 0xFF, 0x00, 0x01, 0xFF, 0xFF, 0x00, 0x01, 0x00, 0x00, 0x00, 0x00,
    0x00, 0x00, 0x00, 0x00, 0x00, 0x00, 0x00, 0x00, 0x00, 0x00, 0x00, 0x00, 0x00, 0x00, 0x00, 0x00,
    0x00, 0x00, 0x00, 0x00, 0x00, 0x00, 0x00, 0x00, 0x00, 0x00, 0x00, 0x00, 0x00, 0x00, 0x00, 0x00,
    0xFF, 0xBF, 0x3F, 0x04, 0x00, 0x00, 0x00, 0x00, 0xFF, 0xDA, 0x5A, 0x84, 0xFF, 0xE7, 0x60, 0xFF,
    0xFF, 0xD8, 0x59, 0xFB, 0xFF, 0xD8, 0x59, 0xFF, 0xFF, 0xD8, 0x59, 0xFF, 0xFF, 0xD8, 0x59, 0xFF,
    0xFF, 0xD8, 0x59, 0xFF, 0xFF, 0xD8, 0x59, 0xFF, 0xFF, 0xD8, 0x59, 0xFF, 0xFF, 0xD8, 0x59, 0xFF,
    0xFF, 0xD8, 0x59, 0xFF, 0xFE, 0xD7, 0x59, 0xFC, 0xFF, 0xE4, 0x5E, 0xFF, 0xFF, 0xD9, 0x58, 0xAC,
    0x00, 0x00, 0x00, 0x00, 0xFF, 0xFF, 0x00, 0x01, 0x00, 0x00, 0x00, 0x00, 0x00, 0x00, 0x00, 0x00,
    0x00, 0x00, 0x00, 0x00, 0x00, 0x00, 0x00, 0x00, 0x00, 0x00, 0x00, 0x00, 0x00, 0x00, 0x00, 0x00,
    0x00, 0x00, 0x00, 0x00, 0x00, 0x00, 0x00, 0x00, 0x00, 0x00, 0x00, 0x00, 0xFF, 0xFF, 0x00, 0x01,
    0xFF, 0xFF, 0x7F, 0x02, 0x00, 0x00, 0x00, 0x00, 0xFF, 0xDF, 0x5F, 0x08, 0xFF, 0xD9, 0x59, 0x75,
    0xFF, 0xD7, 0x58, 0xF0, 0xFF, 0xD7, 0x57, 0xCE, 0xFF, 0xD9, 0x57, 0x3D, 0x00, 0x00, 0x00, 0x00,
    0xFF, 0xFF, 0x00, 0x01, 0xFF, 0xFF, 0x00, 0x02, 0xFF, 0xFF, 0x00, 0x01, 0x00, 0x00, 0x00, 0x00,
    0xFF, 0xFF, 0x00, 0x02, 0xFF, 0xFF, 0x00, 0x01, 0x00, 0x00, 0x00, 0x00, 0x00, 0x00, 0x00, 0x00,
    0x00, 0x00, 0x00, 0x00, 0xFF, 0xFF, 0x00, 0x01, 0xFF, 0xFF, 0x00, 0x02, 0x00, 0x00, 0x00, 0x00,
    0x00, 0x00, 0x00, 0x00, 0x00, 0x00, 0x00, 0x00, 0x00, 0x00, 0x00, 0x00, 0x00, 0x00, 0x00, 0x00,
    0x00, 0x00, 0x00, 0x00, 0x00, 0x00, 0x00, 0x00, 0x00, 0x00, 0x00, 0x00, 0x00, 0x00, 0x00, 0x00,
    0x00, 0x00, 0x00, 0x00, 0x00, 0x00, 0x00, 0x00, 0xFF, 0xFF, 0x55, 0x03, 0x00, 0x00, 0x00, 0x00,
    0xFF, 0xD1, 0x53, 0x3D, 0xFF, 0xE4, 0x5D, 0xFF, 0xFF, 0xDC, 0x5B, 0xA2, 0x00, 0x00, 0x00, 0x00,
    0xFF, 0xFF, 0x7F, 0x02, 0x00, 0x00, 0x00, 0x00, 0x00, 0x00, 0x00, 0x00, 0x00, 0x00, 0x00, 0x00,
    0x00, 0x00, 0x00, 0x00, 0x00, 0x00, 0x00, 0x00, 0x00, 0x00, 0x00, 0x00, 0x00, 0x00, 0x00, 0x00,
    0x00, 0x00, 0x00, 0x00, 0x00, 0x00, 0x00, 0x00, 0x00, 0x00, 0x00, 0x00, 0x00, 0x00, 0x00, 0x00,
    0x00, 0x00, 0x00, 0x00, 0x00, 0x00, 0x00, 0x00, 0x00, 0x00, 0x00, 0x00, 0x00, 0x00, 0x00, 0x00,
    0x00, 0x00, 0x00, 0x00, 0x00, 0x00, 0x00, 0x00, 0x00, 0x00, 0x00, 0x00, 0x00, 0x00, 0x00, 0x00,
    0x00, 0x00, 0x00, 0x00, 0x00, 0x00, 0x00, 0x00, 0x00, 0x00, 0x00, 0x00, 0x00, 0x00, 0x00, 0x00,
    0x00, 0x00, 0x00, 0x00, 0x00, 0x00, 0x00, 0x00, 0x00, 0x00, 0x00, 0x00, 0x00, 0x00, 0x00, 0x00,
    0x00, 0x00, 0x00, 0x00, 0x00, 0x00, 0x00, 0x00, 0x00, 0x00, 0x00, 0x00, 0x00, 0x00, 0x00, 0x00,
    0x00, 0x00, 0x00, 0x00, 0x00, 0x00, 0x00, 0x00, 0x00, 0x00, 0x00, 0x00, 0x00, 0x00, 0x00, 0x00,
    0x00, 0x00, 0x00, 0x00, 0x00, 0x00, 0x00, 0x00, 0x00, 0x00, 0x00, 0x00, 0x00, 0x00, 0x00, 0x00,
    0x00, 0x00, 0x00, 0x00, 0x00, 0x00, 0x00, 0x00, 0xFF, 0xFF, 0x00, 0x01, 0x00, 0x00, 0x00, 0x00,
    0xFF, 0xBF, 0x3F, 0x04, 0xFF, 0xD7, 0x57, 0x40, 0xFF, 0xD9, 0x58, 0x6D, 0xFF, 0xDB, 0x57, 0x55,
    0xFF, 0xE1, 0x5A, 0x11, 0x00, 0x00, 0x00, 0x00, 0xFF, 0x7F, 0x00, 0x02, 0x00, 0x00, 0x00, 0x00,
    0x00, 0x00, 0x00, 0x00, 0xFF, 0xFF, 0x00, 0x01, 0xFF, 0xFF, 0x00, 0x01, 0x00, 0x00, 0x00, 0x00,
    0x00, 0x00, 0x00, 0x00, 0x00, 0x00, 0x00, 0x00, 0x00, 0x00, 0x00, 0x00, 0x00, 0x00, 0x00, 0x00,
    0x00, 0x00, 0x00, 0x00, 0x00, 0x00, 0x00, 0x00, 0x00, 0x00, 0x00, 0x00, 0x00, 0x00, 0x00, 0x00,
    0x00, 0x00, 0x00, 0x00, 0x00, 0x00, 0x00, 0x00, 0xFF, 0x00, 0x00, 0x01, 0xFF, 0xAA, 0x55, 0x03,
    0xFF, 0xFF, 0x00, 0x01, 0x00, 0x00, 0x00, 0x00, 0xFF, 0xD6, 0x50, 0x13, 0xFF, 0xD6, 0x58, 0x7F,
    0xFF, 0xD9, 0x59, 0xF0, 0xFE, 0xDB, 0x5A, 0xFC, 0xFF, 0xD6, 0x58, 0x98, 0xFF, 0xDB, 0x57, 0x1D,
    0x00, 0x00, 0x00, 0x00, 0xFF, 0xFF, 0x00, 0x01, 0x00, 0x00, 0x00, 0x00, 0x00, 0x00, 0x00, 0x00,
    0x00, 0x00, 0x00, 0x00, 0x00, 0x00, 0x00, 0x00, 0x00, 0x00, 0x00, 0x00, 0x00, 0x00, 0x00, 0x00,
    0x00, 0x00, 0x00, 0x00, 0x00, 0x00, 0x00, 0x00, 0xFF, 0xFF, 0x00, 0x01, 0x00, 0x00, 0x00, 0x00,
    0xFF, 0xD9, 0x59, 0xB1, 0xFF, 0xE3, 0x5E, 0xFF, 0xFE, 0xD7, 0x59, 0xFC, 0xFF, 0xD8, 0x59, 0xFF,
    0xFF, 0xD8, 0x59, 0xFF, 0xFF, 0xD8, 0x59, 0xFF, 0xFF, 0xD8, 0x59, 0xFF, 0xFF, 0xD8, 0x59, 0xFF,
    0xFF, 0xD8, 0x59, 0xFF, 0xFF, 0xD8, 0x59, 0xFF, 0xFF, 0xD8, 0x59, 0xFF, 0xFF, 0xD8, 0x58, 0xFD,
    0xFF, 0xDE, 0x5C, 0xFF, 0xFF, 0xD9, 0x58, 0xD7, 0xFF, 0xD4, 0x55, 0x06, 0x00, 0x00, 0x00, 0x00,
    0xFF, 0xFF, 0x00, 0x01, 0x00, 0x00, 0x00, 0x00, 0x00, 0x00, 0x00, 0x00, 0x00, 0x00, 0x00, 0x00,
    0x00, 0x00, 0x00, 0x00, 0x00, 0x00, 0x00, 0x00, 0x00, 0x00, 0x00, 0x00, 0x00, 0x00, 0x00, 0x00,
    0x00, 0x00, 0x00, 0x00, 0x00, 0x00, 0x00, 0x00, 0xFF, 0xFF, 0x7F, 0x04, 0xFF, 0xD7, 0x58, 0x62,
    0xFF, 0xD8, 0x58, 0xE7, 0xFF, 0xD7, 0x58, 0xE3, 0xFE, 0xD7, 0x59, 0x5B, 0x00, 0x00, 0x00, 0x00,
    0x00, 0x00, 0x00, 0x00, 0xFF, 0x7F, 0x7F, 0x02, 0xFF, 0x7F, 0x7F, 0x02, 0x00, 0x00, 0x00, 0x00,
    0x00, 0x00, 0x00, 0x00, 0x00, 0x00, 0x00, 0x00, 0x00, 0x00, 0x00, 0x00, 0x00, 0x00, 0x00, 0x00,
    0xFF, 0xFF, 0x00, 0x01, 0xFF, 0xFF, 0x7F, 0x02, 0xFF, 0xFF, 0x00, 0x01, 0x00, 0x00, 0x00, 0x00,
    0x00, 0x00, 0x00, 0x00, 0x00, 0x00, 0x00, 0x00, 0x00, 0x00, 0x00, 0x00, 0x00, 0x00, 0x00, 0x00,
    0x00, 0x00, 0x00, 0x00, 0x00, 0x00, 0x00, 0x00, 0x00, 0x00, 0x00, 0x00, 0x00, 0x00, 0x00, 0x00,
    0x00, 0x00, 0x00, 0x00, 0x00, 0x00, 0x00, 0x00, 0x00, 0x00, 0x00, 0x00, 0xFF, 0xAA, 0x55, 0x03,
    0x00, 0x00, 0x00, 0x00, 0xFF, 0xCD, 0x4D, 0x24, 0xFF, 0xE2, 0x5D, 0xEB, 0xFF, 0xE0, 0x5C, 0xC7,
    0xFF, 0xB2, 0x4C, 0x0A, 0x00, 0x00, 0x00, 0x00, 0xFF, 0xFF, 0x00, 0x01, 0x00, 0x00, 0x00, 0x00,
    0x00, 0x00, 0x00, 0x00, 0x00, 0x00, 0x00, 0x00, 0x00, 0x00, 0x00, 0x00, 0x00, 0x00, 0x00, 0x00,
    0x00, 0x00, 0x00, 0x00, 0x00, 0x00, 0x00, 0x00, 0x00, 0x00, 0x00, 0x00, 0x00, 0x00, 0x00, 0x00,
    0x00, 0x00, 0x00, 0x00, 0x00, 0x00, 0x00, 0x00, 0x00, 0x00, 0x00, 0x00, 0x00, 0x00, 0x00, 0x00,
    0x00, 0x00, 0x00, 0x00, 0x00, 0x00, 0x00, 0x00, 0x00, 0x00, 0x00, 0x00, 0x00, 0x00, 0x00, 0x00,
    0x00, 0x00, 0x00, 0x00, 0x00, 0x00, 0x00, 0x00, 0x00, 0x00, 0x00, 0x00, 0x00, 0x00, 0x00, 0x00,
    0x00, 0x00, 0x00, 0x00, 0x00, 0x00, 0x00, 0x00, 0x00, 0x00, 0x00, 0x00, 0x00, 0x00, 0x00, 0x00,
    0x00, 0x00, 0x00, 0x00, 0x00, 0x00, 0x00, 0x00, 0x00, 0x00, 0x00, 0x00, 0x00, 0x00, 0x00, 0x00,
    0x00, 0x00, 0x00, 0x00, 0x00, 0x00, 0x00, 0x00, 0x00, 0x00, 0x00, 0x00, 0x00, 0x00, 0x00, 0x00,
    0x00, 0x00, 0x00, 0x00, 0x00, 0x00, 0x00, 0x00, 0x00, 0x00, 0x00, 0x00, 0x00, 0x00, 0x00, 0x00,
    0x00, 0x00, 0x00, 0x00, 0x00, 0x00, 0x00, 0x00, 0x00, 0x00, 0x00, 0x00, 0xFF, 0x7F, 0x7F, 0x02,
    0x00, 0x00, 0x00, 0x00, 0xFF, 0xD2, 0x52, 0x28, 0xFF, 0xD7, 0x58, 0xCC, 0xFF, 0xD7, 0x57, 0xD4,
    0xFF, 0xD7, 0x58, 0xA1, 0xFE, 0xD6, 0x59, 0xBF, 0xFF, 0xD7, 0x58, 0xE7, 0xFF, 0xD8, 0x57, 0x5D,
    0x00, 0x00, 0x00, 0x00, 0xFF, 0x7F, 0x7F, 0x02, 0x00, 0x00, 0x00, 0x00, 0x00, 0x00, 0x00, 0x00,
    0x00, 0x00, 0x00, 0x00, 0x00, 0x00, 0x00, 0x00, 0x00, 0x00, 0x00, 0x00, 0x00, 0x00, 0x00, 0x00,
    0x00, 0x00, 0x00, 0x00, 0x00, 0x00, 0x00, 0x00, 0x00, 0x00, 0x00, 0x00, 0x00, 0x00, 0x00, 0x00,
    0x00, 0x00, 0x00, 0x00, 0x00, 0x00, 0x00, 0x00, 0x00, 0x00, 0x00, 0x00, 0x00, 0x00, 0x00, 0x00,
    0x00, 0x00, 0x00, 0x00, 0x00, 0x00, 0x00, 0x00, 0xFF, 0xFF, 0x00, 0x01, 0xFF, 0xFF, 0x00, 0x02,
    0xFF, 0xFF, 0x00, 0x01, 0x00, 0x00, 0x00, 0x00, 0xFF, 0xD4, 0x55, 0x0C, 0xFF, 0xD4, 0x57, 0x66,
    0xFF, 0xD9, 0x59, 0xE3, 0xFF, 0xDB, 0x5A, 0xF2, 0xFF, 0xCF, 0x55, 0x36, 0x00, 0x00, 0x00, 0x00,
    0xFF, 0xFF, 0x7F, 0x02, 0x00, 0x00, 0x00, 0x00, 0x00, 0x00, 0x00, 0x00, 0x00, 0x00, 0x00, 0x00,
    0x00, 0x00, 0x00, 0x00, 0x00, 0x00, 0x00, 0x00, 0x00, 0x00, 0x00, 0x00, 0xFF, 0xFF, 0x00, 0x01,
    0x00, 0x00, 0x00, 0x00, 0xFF, 0xD4, 0x55, 0x06, 0xFF, 0xD7, 0x58, 0xD7, 0xFF, 0xDE, 0x5C, 0xFF,
    0xFF, 0xD8, 0x58, 0xFD, 0xFF, 0xD8, 0x59, 0xFF, 0xFF, 0xD8, 0x59, 0xFF, 0xFF, 0xD8, 0x59, 0xFF,
    0xFF, 0xD8, 0x59, 0xFF, 0xFF, 0xD8, 0x59, 0xFF, 0xFF, 0xD8, 0x59, 0xFF, 0xFF, 0xD8, 0x59, 0xFF,
    0xFF, 0xD8, 0x59, 0xFF, 0xFF, 0xD7, 0x59, 0xFE, 0xFF, 0xDB, 0x5A, 0xFF, 0xFF, 0xD8, 0x58, 0xF4,
    0xFF, 0xD4, 0x55, 0x18, 0x00, 0x00, 0x00, 0x00, 0xFF, 0xFF, 0x00, 0x01, 0x00, 0x00, 0x00, 0x00,
    0x00, 0x00, 0x00, 0x00, 0x00, 0x00, 0x00, 0x00, 0x00, 0x00, 0x00, 0x00, 0x00, 0x00, 0x00, 0x00,
    0x00, 0x00, 0x00, 0x00, 0xFF, 0xFF, 0x00, 0x01, 0x00, 0x00, 0x00, 0x00, 0xFF, 0xCF, 0x4F, 0x10,
    0xFF, 0xD9, 0x59, 0xC4, 0xFF, 0xDC, 0x5A, 0xF3, 0xFF, 0xD5, 0x59, 0x6F, 0xFF, 0xBF, 0x5F, 0x08,
    0x00, 0x00, 0x00, 0x00, 0xFF, 0xFF, 0x00, 0x02, 0xFF, 0xFF, 0x00, 0x02, 0x00, 0x00, 0x00, 0x00,
    0x00, 0x00, 0x00, 0x00, 0x00, 0x00, 0x00, 0x00, 0x00, 0x00, 0x00, 0x00, 0x00, 0x00, 0x00, 0x00,
    0x00, 0x00, 0x00, 0x00, 0x00, 0x00, 0x00, 0x00, 0x00, 0x00, 0x00, 0x00, 0x00, 0x00, 0x00, 0x00,
    0x00, 0x00, 0x00, 0x00, 0x00, 0x00, 0x00, 0x00, 0x00, 0x00, 0x00, 0x00, 0x00, 0x00, 0x00, 0x00,
    0x00, 0x00, 0x00, 0x00, 0x00, 0x00, 0x00, 0x00, 0x00, 0x00, 0x00, 0x00, 0x00, 0x00, 0x00, 0x00,
    0x00, 0x00, 0x00, 0x00, 0x00, 0x00, 0x00, 0x00, 0x00, 0x00, 0x00, 0x00, 0x00, 0x00, 0x00, 0x00,
    0xFF, 0xFF, 0x00, 0x02, 0x00, 0x00, 0x00, 0x00, 0xFF, 0xCE, 0x55, 0x15, 0xFF, 0xE0, 0x5C, 0xD7,
    0xFF, 0xE0, 0x5C, 0xE3, 0xFF, 0xC3, 0x4C, 0x1E, 0x00, 0x00, 0x00, 0x00, 0xFF, 0xFF, 0x7F, 0x02,
    0x00, 0x00, 0x00, 0x00, 0x00, 0x00, 0x00, 0x00, 0x00, 0x00, 0x00, 0x00, 0x00, 0x00, 0x00, 0x00,
    0x00, 0x00, 0x00, 0x00, 0x00, 0x00, 0x00, 0x00, 0x00, 0x00, 0x00, 0x00, 0x00, 0x00, 0x00, 0x00,
    0x00, 0x00, 0x00, 0x00, 0x00, 0x00, 0x00, 0x00, 0x00, 0x00, 0x00, 0x00, 0x00, 0x00, 0x00, 0x00,
    0x00, 0x00, 0x00, 0x00, 0x00, 0x00, 0x00, 0x00, 0x00, 0x00, 0x00, 0x00, 0x00, 0x00, 0x00, 0x00,
    0x00, 0x00, 0x00, 0x00, 0x00, 0x00, 0x00, 0x00, 0x00, 0x00, 0x00, 0x00, 0x00, 0x00, 0x00, 0x00,
    0x00, 0x00, 0x00, 0x00, 0x00, 0x00, 0x00, 0x00, 0x00, 0x00, 0x00, 0x00, 0x00, 0x00, 0x00, 0x00,
    0x00, 0x00, 0x00, 0x00, 0x00, 0x00, 0x00, 0x00, 0x00, 0x00, 0x00, 0x00, 0x00, 0x00, 0x00, 0x00,
    0x00, 0x00, 0x00, 0x00, 0x00, 0x00, 0x00, 0x00, 0x00, 0x00, 0x00, 0x00, 0x00, 0x00, 0x00, 0x00,
    0x00, 0x00, 0x00, 0x00, 0x00, 0x00, 0x00, 0x00, 0x00, 0x00, 0x00, 0x00, 0x00, 0x00, 0x00, 0x00,
    0x00, 0x00, 0x00, 0x00, 0x00, 0x00, 0x00, 0x00, 0x00, 0x00, 0x00, 0x00, 0x00, 0x00, 0x00, 0x00,
    0xFF, 0xFF, 0x00, 0x01, 0x00, 0x00, 0x00, 0x00, 0xFF, 0xD0, 0x51, 0x16, 0xFF, 0xDC, 0x5A, 0xDE,
    0xFF, 0xD9, 0x5A, 0x82, 0xFE, 0xD6, 0x56, 0x38, 0xFF, 0xD7, 0x57, 0x7A, 0xFF, 0xDA, 0x59, 0x53,
    0xFF, 0xD5, 0x56, 0x50, 0xFE, 0xDC, 0x5A, 0xEF, 0xFF, 0xDD, 0x59, 0x53, 0x00, 0x00, 0x00, 0x00,
    0xFF, 0xAA, 0x55, 0x03, 0x00, 0x00, 0x00, 0x00, 0x00, 0x00, 0x00, 0x00, 0x00, 0x00, 0x00, 0x00,
    0x00, 0x00, 0x00, 0x00, 0x00, 0x00, 0x00, 0x00, 0x00, 0x00, 0x00, 0x00, 0x00, 0x00, 0x00, 0x00,
    0x00, 0x00, 0x00, 0x00, 0x00, 0x00, 0x00, 0x00, 0x00, 0x00, 0x00, 0x00, 0x00, 0x00, 0x00, 0x00,
    0x00, 0x00, 0x00, 0x00, 0x00, 0x00, 0x00, 0x00, 0x00, 0x00, 0x00, 0x00, 0x00, 0x00, 0x00, 0x00,
    0x00, 0x00, 0x00, 0x00, 0x00, 0x00, 0x00, 0x00, 0xFF, 0xFF, 0x00, 0x01, 0xFF, 0xAA, 0x55, 0x03,
    0xFF, 0xFF, 0x00, 0x01, 0x00, 0x00, 0x00, 0x00, 0xFF, 0xC6, 0x55, 0x09, 0xFE, 0xDB, 0x5A, 0xE9,
    0xFF, 0xE4, 0x5D, 0x88, 0x00, 0x00, 0x00, 0x00, 0xFF, 0xFF, 0x7F, 0x04, 0x00, 0x00, 0x00, 0x00,
    0x00, 0x00, 0x00, 0x00, 0x00, 0x00, 0x00, 0x00, 0x00, 0x00, 0x00, 0x00, 0x00, 0x00, 0x00, 0x00,
    0x00, 0x00, 0x00, 0x00, 0xFF, 0xFF, 0x00, 0x01, 0x00, 0x00, 0x00, 0x00, 0xFF, 0xD0, 0x51, 0x16,
    0xFF, 0xD8, 0x59, 0xF3, 0xFF, 0xDB, 0x5A, 0xFF, 0xFF, 0xD7, 0x59, 0xFE, 0xFF, 0xD8, 0x59, 0xFF,
    0xFF, 0xD8, 0x59, 0xFF, 0xFF, 0xD8, 0x59, 0xFF, 0xFF, 0xD8, 0x59, 0xFF, 0xFF, 0xD8, 0x59, 0xFF,
    0xFF, 0xD8, 0x59, 0xFF, 0xFF, 0xD8, 0x59, 0xFF, 0xFF, 0xD8, 0x59, 0xFF, 0xFF, 0xD7, 0x59, 0xFE,
    0xFF, 0xD9, 0x59, 0xFF, 0xFF, 0xD7, 0x58, 0xFD, 0xFF, 0xD4, 0x59, 0x36, 0x00, 0x00, 0x00, 0x00,
    0xFF, 0xFF, 0x7F, 0x02, 0x00, 0x00, 0x00, 0x00, 0x00, 0x00, 0x00, 0x00, 0x00, 0x00, 0x00, 0x00,
    0x00, 0x00, 0x00, 0x00, 0x00, 0x00, 0x00, 0x00, 0x00, 0x00, 0x00, 0x00, 0xFF, 0xFF, 0x55, 0x03,
    0x00, 0x00, 0x00, 0x00, 0xFE, 0xE3, 0x5D, 0x52, 0xFF, 0xE6, 0x5F, 0xFF, 0xFF, 0xD4, 0x59, 0x3C,
    0x00, 0x00, 0x00, 0x00, 0xFF, 0xFF, 0x55, 0x03, 0xFF, 0xFF, 0x7F, 0x02, 0x00, 0x00, 0x00, 0x00,
    0x00, 0x00, 0x00, 0x00, 0x00, 0x00, 0x00, 0x00, 0x00, 0x00, 0x00, 0x00, 0x00, 0x00, 0x00, 0x00,
    0x00, 0x00, 0x00, 0x00, 0x00, 0x00, 0x00, 0x00, 0x00, 0x00, 0x00, 0x00, 0x00, 0x00, 0x00, 0x00,
    0x00, 0x00, 0x00, 0x00, 0x00, 0x00, 0x00, 0x00, 0x00, 0x00, 0x00, 0x00, 0x00, 0x00, 0x00, 0x00,
    0x00, 0x00, 0x00, 0x00, 0x00, 0x00, 0x00, 0x00, 0x00, 0x00, 0x00, 0x00, 0x00, 0x00, 0x00, 0x00,
    0x00, 0x00, 0x00, 0x00, 0x00, 0x00, 0x00, 0x00, 0x00, 0x00, 0x00, 0x00, 0x00, 0x00, 0x00, 0x00,
    0x00, 0x00, 0x00, 0x00, 0xFF, 0xFF, 0x00, 0x02, 0x00, 0x00, 0x00, 0x00, 0xFF, 0xBF, 0x55, 0x0C,
    0xFF, 0xDF, 0x5B, 0xC4, 0xFF, 0xE3, 0x5E, 0xF4, 0xFF, 0xD3, 0x56, 0x2F, 0x00, 0x00, 0x00, 0x00,
    0xFF, 0xAA, 0x55, 0x03, 0x00, 0x00, 0x00, 0x00, 0x00, 0x00, 0x00, 0x00, 0x00, 0x00, 0x00, 0x00,
    0x00, 0x00, 0x00, 0x00, 0x00, 0x00, 0x00, 0x00, 0x00, 0x00, 0x00, 0x00, 0x00, 0x00, 0x00, 0x00,
    0x00, 0x00, 0x00, 0x00, 0x00, 0x00, 0x00, 0x00, 0x00, 0x00, 0x00, 0x00, 0x00, 0x00, 0x00, 0x00,
    0x00, 0x00, 0x00, 0x00, 0x00, 0x00, 0x00, 0x00, 0x00, 0x00, 0x00, 0x00, 0x00, 0x00, 0x00, 0x00,
    0x00, 0x00, 0x00, 0x00, 0x00, 0x00, 0x00, 0x00, 0x00, 0x00, 0x00, 0x00, 0x00, 0x00, 0x00, 0x00,
    0x00, 0x00, 0x00, 0x00, 0x00, 0x00, 0x00, 0x00, 0x00, 0x00, 0x00, 0x00, 0x00, 0x00, 0x00, 0x00,
    0x00, 0x00, 0x00, 0x00, 0x00, 0x00, 0x00, 0x00, 0x00, 0x00, 0x00, 0x00, 0x00, 0x00, 0x00, 0x00,
    0x00, 0x00, 0x00, 0x00, 0x00, 0x00, 0x00, 0x00, 0x00, 0x00, 0x00, 0x00, 0x00, 0x00, 0x00, 0x00,
    0x00, 0x00, 0x00, 0x00, 0x00, 0x00, 0x00, 0x00, 0x00, 0x00, 0x00, 0x00, 0x00, 0x00, 0x00, 0x00,
    0x00, 0x00, 0x00, 0x00, 0x00, 0x00, 0x00, 0x00, 0x00, 0x00, 0x00, 0x00, 0x00, 0x00, 0x00, 0x00,
    0x00, 0x00, 0x00, 0x00, 0x00, 0x00, 0x00, 0x00, 0xFF, 0xFF, 0x55, 0x03, 0x00, 0x00, 0x00, 0x00,
    0xFF, 0xDD, 0x5A, 0x8F, 0xFE, 0xDF, 0x5B, 0xA4, 0xFF, 0xD3, 0x57, 0x46, 0xFF, 0xDC, 0x5B, 0xFF,
    0xFF, 0xE6, 0x5E, 0xFD, 0xFF, 0xEA, 0x60, 0xFF, 0xFF, 0xD7, 0x58, 0x8D, 0xFF, 0xDC, 0x59, 0x61,
    0xFF, 0xDE, 0x5A, 0xD5, 0xFF, 0x00, 0x00, 0x01, 0x00, 0x00, 0x00, 0x00, 0xFF, 0xFF, 0x00, 0x01,
    0x00, 0x00, 0x00, 0x00, 0x00, 0x00, 0x00, 0x00, 0x00, 0x00, 0x00, 0x00, 0x00, 0x00, 0x00, 0x00,
    0x00, 0x00, 0x00, 0x00, 0x00, 0x00, 0x00, 0x00, 0x00, 0x00, 0x00, 0x00, 0x00, 0x00, 0x00, 0x00,
    0x00, 0x00, 0x00, 0x00, 0x00, 0x00, 0x00, 0x00, 0x00, 0x00, 0x00, 0x00, 0x00, 0x00, 0x00, 0x00,
    0x00, 0x00, 0x00, 0x00, 0x00, 0x00, 0x00, 0x00, 0x00, 0x00, 0x00, 0x00, 0x00, 0x00, 0x00, 0x00,
    0x00, 0x00, 0x00, 0x00, 0x00, 0x00, 0x00, 0x00, 0xFF, 0x7F, 0x00, 0x02, 0x00, 0x00, 0x00, 0x00,
    0xFF, 0xD7, 0x4E, 0x0D, 0xFE, 0xDA, 0x59, 0xE5, 0xFF, 0xDB, 0x5A, 0x55, 0x00, 0x00, 0x00, 0x00,
    0xFF, 0xFF, 0x55, 0x03, 0x00, 0x00, 0x00, 0x00, 0x00, 0x00, 0x00, 0x00, 0x00, 0x00, 0x00, 0x00,
    0x00, 0x00, 0x00, 0x00, 0x00, 0x00, 0x00, 0x00, 0x00, 0x00, 0x00, 0x00, 0xFF, 0xFF, 0x7F, 0x02,
    0x00, 0x00, 0x00, 0x00, 0xFF, 0xD8, 0x58, 0x2E, 0xFF, 0xD7, 0x59, 0xFB, 0xFF, 0xD9, 0x5A, 0xFF,
    0xFF, 0xD7, 0x59, 0xFE, 0xFF, 0xD8, 0x59, 0xFF, 0xFF, 0xD8, 0x59, 0xFF, 0xFF, 0xD8, 0x59, 0xFF,
    0xFF, 0xD8, 0x59, 0xFF, 0xFF, 0xD8, 0x59, 0xFF, 0xFF, 0xD8, 0x59, 0xFF, 0xFF, 0xD8, 0x59, 0xFF,
    0xFF, 0xD8, 0x59, 0xFF, 0xFF, 0xD8, 0x59, 0xFF, 0xFF, 0xD7, 0x59, 0xFE, 0xFF, 0xDC, 0x5B, 0xFF,
    0xFF, 0xD7, 0x58, 0x4E, 0x00, 0x00, 0x00, 0x00, 0xFF, 0xFF, 0x55, 0x03, 0x00, 0x00, 0x00, 0x00,
    0x00, 0x00, 0x00, 0x00, 0x00, 0x00, 0x00, 0x00, 0x00, 0x00, 0x00, 0x00, 0x00, 0x00, 0x00, 0x00,
    0x00, 0x00, 0x00, 0x00, 0xFF, 0x7F, 0x7F, 0x02, 0x00, 0x00, 0x00, 0x00, 0xFF, 0xD5, 0x59, 0x25,
    0xFF, 0xD9, 0x59, 0xF1, 0xFF, 0xD7, 0x57, 0x40, 0x00, 0x00, 0x00, 0x00, 0xFF, 0xFF, 0x55, 0x03,
    0x00, 0x00, 0x00, 0x00, 0x00, 0x00, 0x00, 0x00, 0x00, 0x00, 0x00, 0x00, 0x00, 0x00, 0x00, 0x00,
    0x00, 0x00, 0x00, 0x00, 0x00, 0x00, 0x00, 0x00, 0x00, 0x00, 0x00, 0x00, 0x00, 0x00, 0x00, 0x00,
    0x00, 0x00, 0x00, 0x00, 0x00, 0x00, 0x00, 0x00, 0x00, 0x00, 0x00, 0x00, 0x00, 0x00, 0x00, 0x00,
    0x00, 0x00, 0x00, 0x00, 0x00, 0x00, 0x00, 0x00, 0x00, 0x00, 0x00, 0x00, 0x00, 0x00, 0x00, 0x00,
    0x00, 0x00, 0x00, 0x00, 0x00, 0x00, 0x00, 0x00, 0x00, 0x00, 0x00, 0x00, 0x00, 0x00, 0x00, 0x00,
    0x00, 0x00, 0x00, 0x00, 0x00, 0x00, 0x00, 0x00, 0xFF, 0xFF, 0x00, 0x02, 0x00, 0x00, 0x00, 0x00,
    0xFF, 0xAA, 0x55, 0x09, 0xFF, 0xDF, 0x5B, 0xBA, 0xFF, 0xE2, 0x5C, 0xFD, 0xFF, 0xCF, 0x53, 0x40,
    0x00, 0x00, 0x00, 0x00, 0xFF, 0xFF, 0x55, 0x03, 0x00, 0x00, 0x00, 0x00, 0x00, 0x00, 0x00, 0x00,
    0x00, 0x00, 0x00, 0x00, 0x00, 0x00, 0x00, 0x00, 0x00, 0x00, 0x00, 0x00, 0x00, 0x00, 0x00, 0x00,
    0x00, 0x00, 0x00, 0x00, 0x00, 0x00, 0x00, 0x00, 0x00, 0x00, 0x00, 0x00, 0x00, 0x00, 0x00, 0x00,
    0x00, 0x00, 0x00, 0x00, 0x00, 0x00, 0x00, 0x00, 0x00, 0x00, 0x00, 0x00, 0x00, 0x00, 0x00, 0x00,
    0x00, 0x00, 0x00, 0x00, 0x00, 0x00, 0x00, 0x00, 0x00, 0x00, 0x00, 0x00, 0x00, 0x00, 0x00, 0x00,
    0x00, 0x00, 0x00, 0x00, 0x00, 0x00, 0x00, 0x00, 0x00, 0x00, 0x00, 0x00, 0x00, 0x00, 0x00, 0x00,
    0x00, 0x00, 0x00, 0x00, 0x00, 0x00, 0x00, 0x00, 0x00, 0x00, 0x00, 0x00, 0x00, 0x00, 0x00, 0x00,
    0x00, 0x00, 0x00, 0x00, 0x00, 0x00, 0x00, 0x00, 0x00, 0x00, 0x00, 0x00, 0x00, 0x00, 0x00, 0x00,
    0x00, 0x00, 0x00, 0x00, 0x00, 0x00, 0x00, 0x00, 0x00, 0x00, 0x00, 0x00, 0x00, 0x00, 0x00, 0x00,
    0x00, 0x00, 0x00, 0x00, 0x00, 0x00, 0x00, 0x00, 0x00, 0x00, 0x00, 0x00, 0x00, 0x00, 0x00, 0x00,
    0x00, 0x00, 0x00, 0x00, 0x00, 0x00, 0x00, 0x00, 0x00, 0x00, 0x00, 0x00, 0x00, 0x00, 0x00, 0x00,
    0x00, 0x00, 0x00, 0x00, 0x00, 0x00, 0x00, 0x00, 0xFF, 0xDA, 0x59, 0xBE, 0xFF, 0xD5, 0x57, 0x5D,
    0xFF, 0xDF, 0x5C, 0xC1, 0xFF, 0xE3, 0x5E, 0xFF, 0xFF, 0xD7, 0x59, 0xF9, 0xFF, 0xD8, 0x59, 0xFE,
    0xFF, 0xDE, 0x5B, 0xFB, 0xFF, 0xDB, 0x57, 0x4F, 0xFF, 0xDA, 0x59, 0xD9, 0xFF, 0xD8, 0x58, 0x2E,
    0x00, 0x00, 0x00, 0x00, 0xFF, 0xFF, 0x7F, 0x02, 0x00, 0x00, 0x00, 0x00, 0x00, 0x00, 0x00, 0x00,
    0x00, 0x00, 0x00, 0x00, 0x00, 0x00, 0x00, 0x00, 0x00, 0x00, 0x00, 0x00, 0x00, 0x00, 0x00, 0x00,
    0x00, 0x00, 0x00, 0x00, 0x00, 0x00, 0x00, 0x00, 0x00, 0x00, 0x00, 0x00, 0x00, 0x00, 0x00, 0x00,
    0x00, 0x00, 0x00, 0x00, 0x00, 0x00, 0x00, 0x00, 0x00, 0x00, 0x00, 0x00, 0x00, 0x00, 0x00, 0x00,
    0x00, 0x00, 0x00, 0x00, 0x00, 0x00, 0x00, 0x00, 0x00, 0x00, 0x00, 0x00, 0x00, 0x00, 0x00, 0x00,
    0xFF, 0xFF, 0x55, 0x03, 0x00, 0x00, 0x00, 0x00, 0xFF, 0xDD, 0x59, 0x6A, 0xFF, 0xDD, 0x5A, 0xDE,
    0xFF, 0xAA, 0x2A, 0x06, 0x00, 0x00, 0x00, 0x00, 0xFF, 0xFF, 0x00, 0x01, 0x00, 0x00, 0x00, 0x00,
    0x00, 0x00, 0x00, 0x00, 0x00, 0x00, 0x00, 0x00, 0x00, 0x00, 0x00, 0x00, 0x00, 0x00, 0x00, 0x00,
    0x00, 0x00, 0x00, 0x00, 0xFF, 0xAA, 0x55, 0x03, 0x00, 0x00, 0x00, 0x00, 0xFF, 0xD7, 0x5A, 0x41,
    0xFF, 0xD9, 0x5A, 0xFF, 0xFF, 0xD8, 0x59, 0xFF, 0xFF, 0xD8, 0x59, 0xFE, 0xFF, 0xD8, 0x59, 0xFF,
    0xFF, 0xD8, 0x59, 0xFF, 0xFF, 0xD8, 0x59, 0xFF, 0xFF, 0xD8, 0x59, 0xFF, 0xFF, 0xD8, 0x59, 0xFF,
    0xFF, 0xD8, 0x59, 0xFF, 0xFF, 0xD8, 0x59, 0xFF, 0xFF, 0xD8, 0x59, 0xFF, 0xFF, 0xD8, 0x59, 0xFF,
    0xFF, 0xD7, 0x58, 0xFD, 0xFF, 0xE1, 0x5D, 0xFF, 0xFF, 0xD8, 0x57, 0x5D, 0x00, 0x00, 0x00, 0x00,
    0xFF, 0xBF, 0x3F, 0x04, 0x00, 0x00, 0x00, 0x00, 0x00, 0x00, 0x00, 0x00, 0x00, 0x00, 0x00, 0x00,
    0x00, 0x00, 0x00, 0x00, 0x00, 0x00, 0x00, 0x00, 0x00, 0x00, 0x00, 0x00, 0x00, 0x00, 0x00, 0x00,
    0xFF, 0xFF, 0x7F, 0x02, 0x00, 0x00, 0x00, 0x00, 0xFF, 0xDC, 0x5A, 0xB2, 0xFF, 0xDB, 0x5A, 0xA7,
    0x00, 0x00, 0x00, 0x00, 0xFF, 0xFF, 0x7F, 0x02, 0x00, 0x00, 0x00, 0x00, 0x00, 0x00, 0x00, 0x00,
    0x00, 0x00, 0x00, 0x00, 0x00, 0x00, 0x00, 0x00, 0x00, 0x00, 0x00, 0x00, 0x00, 0x00, 0x00, 0x00,
    0x00, 0x00, 0x00, 0x00, 0x00, 0x00, 0x00, 0x00, 0x00, 0x00, 0x00, 0x00, 0x00, 0x00, 0x00, 0x00,
    0x00, 0x00, 0x00, 0x00, 0x00, 0x00, 0x00, 0x00, 0x00, 0x00, 0x00, 0x00, 0x00, 0x00, 0x00, 0x00,
    0x00, 0x00, 0x00, 0x00, 0x00, 0x00, 0x00, 0x00, 0x00, 0x00, 0x00, 0x00, 0x00, 0x00, 0x00, 0x00,
    0x00, 0x00, 0x00, 0x00, 0x00, 0x00, 0x00, 0x00, 0x00, 0x00, 0x00, 0x00, 0xFF, 0x7F, 0x00, 0x02,
    0x00, 0x00, 0x00, 0x00, 0xFF, 0xAA, 0x55, 0x09, 0xFF, 0xE0, 0x5B, 0xB5, 0xFF, 0xE5, 0x5E, 0xFF,
    0xFF, 0xCF, 0x55, 0x4B, 0x00, 0x00, 0x00, 0x00, 0xFF, 0xFF, 0x55, 0x03, 0x00, 0x00, 0x00, 0x00,
    0x00, 0x00, 0x00, 0x00, 0x00, 0x00, 0x00, 0x00, 0x00, 0x00, 0x00, 0x00, 0x00, 0x00, 0x00, 0x00,
    0x00, 0x00, 0x00, 0x00, 0x00, 0x00, 0x00, 0x00, 0x00, 0x00, 0x00, 0x00, 0x00, 0x00, 0x00, 0x00,
    0x00, 0x00, 0x00, 0x00, 0x00, 0x00, 0x00, 0x00, 0x00, 0x00, 0x00, 0x00, 0x00, 0x00, 0x00, 0x00,
    0x00, 0x00, 0x00, 0x00, 0x00, 0x00, 0x00, 0x00, 0x00, 0x00, 0x00, 0x00, 0x00, 0x00, 0x00, 0x00,
    0x00, 0x00, 0x00, 0x00, 0x00, 0x00, 0x00, 0x00, 0x00, 0x00, 0x00, 0x00, 0x00, 0x00, 0x00, 0x00,
    0x00, 0x00, 0x00, 0x00, 0x00, 0x00, 0x00, 0x00, 0x00, 0x00, 0x00, 0x00, 0x00, 0x00, 0x00, 0x00,
    0x00, 0x00, 0x00, 0x00, 0x00, 0x00, 0x00, 0x00, 0x00, 0x00, 0x00, 0x00, 0x00, 0x00, 0x00, 0x00,
    0x00, 0x00, 0x00, 0x00, 0x00, 0x00, 0x00, 0x00, 0x00, 0x00, 0x00, 0x00, 0x00, 0x00, 0x00, 0x00,
    0x00, 0x00, 0x00, 0x00, 0x00, 0x00, 0x00, 0x00, 0x00, 0x00, 0x00, 0x00, 0x00, 0x00, 0x00, 0x00,
    0x00, 0x00, 0x00, 0x00, 0x00, 0x00, 0x00, 0x00, 0x00, 0x00, 0x00, 0x00, 0x00, 0x00, 0x00, 0x00,
    0x00, 0x00, 0x00, 0x00, 0xFF, 0x00, 0x00, 0x01, 0x00, 0x00, 0x00, 0x00, 0x00, 0x00, 0x00, 0x00,
    0xFF, 0xDA, 0x59, 0xBE, 0xFF, 0xDA, 0x5A, 0x5A, 0xFF, 0xDE, 0x5B, 0xCC, 0xFF, 0xDE, 0x5B, 0xFF,
    0xFF, 0xD8, 0x59, 0xF9, 0xFE, 0xD7, 0x59, 0xFC, 0xFF, 0xDC, 0x5B, 0xFE, 0xFE, 0xD9, 0x5A, 0x52,
    0xFF, 0xDA, 0x5A, 0xD3, 0xFF, 0xD7, 0x58, 0x34, 0x00, 0x00, 0x00, 0x00, 0xFF, 0xFF, 0x7F, 0x02,
    0x00, 0x00, 0x00, 0x00, 0x00, 0x00, 0x00, 0x00, 0x00, 0x00, 0x00, 0x00, 0x00, 0x00, 0x00, 0x00,
    0x00, 0x00, 0x00, 0x00, 0x00, 0x00, 0x00, 0x00, 0x00, 0x00, 0x00, 0x00, 0x00, 0x00, 0x00, 0x00,
    0x00, 0x00, 0x00, 0x00, 0x00, 0x00, 0x00, 0x00, 0x00, 0x00, 0x00, 0x00, 0x00, 0x00, 0x00, 0x00,
    0x00, 0x00, 0x00, 0x00, 0x00, 0x00, 0x00, 0x00, 0x00, 0x00, 0x00, 0x00, 0x00, 0x00, 0x00, 0x00,
    0x00, 0x00, 0x00, 0x00, 0x00, 0x00, 0x00, 0x00, 0x00, 0x00, 0x00, 0x00, 0x00, 0x00, 0x00, 0x00,
    0xFF, 0xDD, 0x5B, 0xCC, 0xFF, 0xDB, 0x59, 0x80, 0x00, 0x00, 0x00, 0x00, 0xFF, 0xFF, 0x55, 0x03,
    0x00, 0x00, 0x00, 0x00, 0x00, 0x00, 0x00, 0x00, 0x00, 0x00, 0x00, 0x00, 0x00, 0x00, 0x00, 0x00,
    0x00, 0x00, 0x00, 0x00, 0x00, 0x00, 0x00, 0x00, 0x00, 0x00, 0x00, 0x00, 0xFF, 0xFF, 0x55, 0x03,
    0x00, 0x00, 0x00, 0x00, 0xFF, 0xD6, 0x58, 0x4B, 0xFF, 0xDC, 0x5B, 0xFF, 0xFF, 0xD7, 0x59, 0xFE,
    0xFF, 0xD8, 0x59, 0xFF, 0xFF, 0xD8, 0x59, 0xFF, 0xFF, 0xD8, 0x59, 0xFF, 0xFF, 0xD8, 0x59, 0xFF,
    0xFF, 0xD8, 0x59, 0xFF, 0xFF, 0xD8, 0x59, 0xFF, 0xFF, 0xD8, 0x59, 0xFF, 0xFF, 0xD8, 0x59, 0xFF,
    0xFF, 0xD8, 0x59, 0xFF, 0xFF, 0xD8, 0x59, 0xFF, 0xFE, 0xD8, 0x59, 0xFC, 0xFF, 0xE2, 0x5D, 0xFF,
    0xFF, 0xD8, 0x5A, 0x63, 0x00, 0x00, 0x00, 0x00, 0xFF, 0xBF, 0x3F, 0x04, 0x00, 0x00, 0x00, 0x00,
    0x00, 0x00, 0x00, 0x00, 0x00, 0x00, 0x00, 0x00, 0x00, 0x00, 0x00, 0x00, 0x00, 0x00, 0x00, 0x00,
    0x00, 0x00, 0x00, 0x00, 0x00, 0x00, 0x00, 0x00, 0xFF, 0xAA, 0x55, 0x03, 0x00, 0x00, 0x00, 0x00,
    0xFF, 0xDA, 0x58, 0x45, 0xFE, 0xDC, 0x5B, 0xEE, 0xFF, 0xDB, 0x57, 0x1D, 0x00, 0x00, 0x00, 0x00,
    0xFF, 0xFF, 0xFF, 0x01, 0x00, 0x00, 0x00, 0x00, 0x00, 0x00, 0x00, 0x00, 0x00, 0x00, 0x00, 0x00,
    0x00, 0x00, 0x00, 0x00, 0x00, 0x00, 0x00, 0x00, 0x00, 0x00, 0x00, 0x00, 0x00, 0x00, 0x00, 0x00,
    0x00, 0x00, 0x00, 0x00, 0x00, 0x00, 0x00, 0x00, 0x00, 0x00, 0x00, 0x00, 0x00, 0x00, 0x00, 0x00,
    0x00, 0x00, 0x00, 0x00, 0x00, 0x00, 0x00, 0x00, 0x00, 0x00, 0x00, 0x00, 0x00, 0x00, 0x00, 0x00,
    0x00, 0x00, 0x00, 0x00, 0x00, 0x00, 0x00, 0x00, 0x00, 0x00, 0x00, 0x00, 0x00, 0x00, 0x00, 0x00,
    0xFF, 0xFF, 0x7F, 0x02, 0x00, 0x00, 0x00, 0x00, 0xFF, 0xBF, 0x55, 0x0C, 0xFF, 0xE0, 0x5B, 0xB8,
    0xFF, 0xE6, 0x5F, 0xFF, 0xFF, 0xD3, 0x56, 0x4D, 0x00, 0x00, 0x00, 0x00, 0xFF, 0xBF, 0x3F, 0x04,
    0x00, 0x00, 0x00, 0x00, 0x00, 0x00, 0x00, 0x00, 0x00, 0x00, 0x00, 0x00, 0x00, 0x00, 0x00, 0x00,
    0x00, 0x00, 0x00, 0x00, 0x00, 0x00, 0x00, 0x00, 0x00, 0x00, 0x00, 0x00, 0x00, 0x00, 0x00, 0x00,
    0x00, 0x00, 0x00, 0x00, 0x00, 0x00, 0x00, 0x00, 0x00, 0x00, 0x00, 0x00, 0x00, 0x00, 0x00, 0x00,
    0x00, 0x00, 0x00, 0x00, 0x00, 0x00, 0x00, 0x00, 0x00, 0x00, 0x00, 0x00, 0x00, 0x00, 0x00, 0x00,
    0x00, 0x00, 0x00, 0x00, 0x00, 0x00, 0x00, 0x00, 0x00, 0x00, 0x00, 0x00, 0x00, 0x00, 0x00, 0x00,
    0x00, 0x00, 0x00, 0x00, 0x00, 0x00, 0x00, 0x00, 0x00, 0x00, 0x00, 0x00, 0x00, 0x00, 0x00, 0x00,
    0x00, 0x00, 0x00, 0x00, 0x00, 0x00, 0x00, 0x00, 0x00, 0x00, 0x00, 0x00, 0x00, 0x00, 0x00, 0x00,
    0x00, 0x00, 0x00, 0x00, 0x00, 0x00, 0x00, 0x00, 0x00, 0x00, 0x00, 0x00, 0x00, 0x00, 0x00, 0x00,
    0x00, 0x00, 0x00, 0x00, 0x00, 0x00, 0x00, 0x00, 0x00, 0x00, 0x00, 0x00, 0x00, 0x00, 0x00, 0x00,
    0x00, 0x00, 0x00, 0x00, 0x00, 0x00, 0x00, 0x00, 0x00, 0x00, 0x00, 0x00, 0x00, 0x00, 0x00, 0x00,
    0x00, 0x00, 0x00, 0x00, 0x00, 0x00, 0x00, 0x00, 0x00, 0x00, 0x00, 0x00, 0x00, 0x00, 0x00, 0x00,
    0xFF, 0xFF, 0x55, 0x03, 0x00, 0x00, 0x00, 0x00, 0xFF, 0xDC, 0x59, 0x9C, 0xFF, 0xDF, 0x5A, 0x92,
    0xFF, 0xD5, 0x55, 0x62, 0xFF, 0xEE, 0x62, 0xFF, 0xFF, 0xE7, 0x5F, 0xFB, 0xFF, 0xF1, 0x63, 0xFF,
    0xFF, 0xD9, 0x59, 0xB1, 0xFF, 0xD8, 0x59, 0x50, 0xFF, 0xDE, 0x5B, 0xDC, 0xFF, 0xBF, 0x3F, 0x08,
    0x00, 0x00, 0x00, 0x00, 0xFF, 0xFF, 0x00, 0x01, 0x00, 0x00, 0x00, 0x00, 0x00, 0x00, 0x00, 0x00,
    0x00, 0x00, 0x00, 0x00, 0x00, 0x00, 0x00, 0x00, 0x00, 0x00, 0x00, 0x00, 0x00, 0x00, 0x00, 0x00,
    0x00, 0x00, 0x00, 0x00, 0x00, 0x00, 0x00, 0x00, 0x00, 0x00, 0x00, 0x00, 0x00, 0x00, 0x00, 0x00,
    0x00, 0x00, 0x00, 0x00, 0x00, 0x00, 0x00, 0x00, 0x00, 0x00, 0x00, 0x00, 0x00, 0x00, 0x00, 0x00,
    0x00, 0x00, 0x00, 0x00, 0x00, 0x00, 0x00, 0x00, 0x00, 0x00, 0x00, 0x00, 0xFF, 0xFF, 0x7F, 0x02,
    0x00, 0x00, 0x00, 0x00, 0xFF, 0xD9, 0x5A, 0x3E, 0xFF, 0xDD, 0x5B, 0xEA, 0xFF, 0xD3, 0x57, 0x1D,
    0x00, 0x00, 0x00, 0x00, 0xFF, 0xFF, 0x00, 0x01, 0x00, 0x00, 0x00, 0x00, 0x00, 0x00, 0x00, 0x00,
    0x00, 0x00, 0x00, 0x00, 0x00, 0x00, 0x00, 0x00, 0x00, 0x00, 0x00, 0x00, 0x00, 0x00, 0x00, 0x00,
    0x00, 0x00, 0x00, 0x00, 0xFF, 0xFF, 0x55, 0x03, 0x00, 0x00, 0x00, 0x00, 0xFF, 0xD7, 0x58, 0x4E,
    0xFF, 0xDD, 0x5B, 0xFF, 0xFF, 0xD7, 0x59, 0xFE, 0xFF, 0xD8, 0x59, 0xFF, 0xFF, 0xD8, 0x59, 0xFF,
    0xFF, 0xD8, 0x59, 0xFF, 0xFF, 0xD8, 0x59, 0xFF, 0xFF, 0xD8, 0x59, 0xFF, 0xFF, 0xD8, 0x59, 0xFF,
    0xFF, 0xD8, 0x59, 0xFF, 0xFF, 0xD8, 0x59, 0xFF, 0xFF, 0xD8, 0x59, 0xFF, 0xFF, 0xD8, 0x59, 0xFF,
    0xFF, 0xD7, 0x58, 0xFD, 0xFF, 0xE2, 0x5D, 0xFF, 0xFF, 0xD9, 0x5A, 0x60, 0x00, 0x00, 0x00, 0x00,
    0xFF, 0xBF, 0x3F, 0x04, 0x00, 0x00, 0x00, 0x00, 0x00, 0x00, 0x00, 0x00, 0x00, 0x00, 0x00, 0x00,
    0x00, 0x00, 0x00, 0x00, 0x00, 0x00, 0x00, 0x00, 0x00, 0x00, 0x00, 0x00, 0x00, 0x00, 0x00, 0x00,
    0x00, 0x00, 0x00, 0x00, 0x00, 0x00, 0x00, 0x00, 0x00, 0x00, 0x00, 0x00, 0xFE, 0xDD, 0x5B, 0xCF,
    0xFE, 0xDC, 0x5B, 0x7E, 0x00, 0x00, 0x00, 0x00, 0xFF, 0xFF, 0x55, 0x03, 0x00, 0x00, 0x00, 0x00,
    0x00, 0x00, 0x00, 0x00, 0x00, 0x00, 0x00, 0x00, 0x00, 0x00, 0x00, 0x00, 0x00, 0x00, 0x00, 0x00,
    0x00, 0x00, 0x00, 0x00, 0x00, 0x00, 0x00, 0x00, 0x00, 0x00, 0x00, 0x00, 0x00, 0x00, 0x00, 0x00,
    0x00, 0x00, 0x00, 0x00, 0x00, 0x00, 0x00, 0x00, 0x00, 0x00, 0x00, 0x00, 0x00, 0x00, 0x00, 0x00,
    0x00, 0x00, 0x00, 0x00, 0x00, 0x00, 0x00, 0x00, 0x00, 0x00, 0x00, 0x00, 0x00, 0x00, 0x00, 0x00,
    0x00, 0x00, 0x00, 0x00, 0xFF, 0xFF, 0x55, 0x03, 0x00, 0x00, 0x00, 0x00, 0xFF, 0xBB, 0x50, 0x13,
    0xFF, 0xDE, 0x5B, 0xC4, 0xFF, 0xE4, 0x5D, 0xFD, 0xFF, 0xD2, 0x52, 0x4A, 0x00, 0x00, 0x00, 0x00,
    0xFF, 0xFF, 0x55, 0x03, 0x00, 0x00, 0x00, 0x00, 0x00, 0x00, 0x00, 0x00, 0x00, 0x00, 0x00, 0x00,
    0x00, 0x00, 0x00, 0x00, 0x00, 0x00, 0x00, 0x00, 0x00, 0x00, 0x00, 0x00, 0x00, 0x00, 0x00, 0x00,
    0x00, 0x00, 0x00, 0x00, 0x00, 0x00, 0x00, 0x00, 0x00, 0x00, 0x00, 0x00, 0x00, 0x00, 0x00, 0x00,
    0x00, 0x00, 0x00, 0x00, 0x00, 0x00, 0x00, 0x00, 0x00, 0x00, 0x00, 0x00, 0x00, 0x00, 0x00, 0x00,
    0x00, 0x00, 0x00, 0x00, 0x00, 0x00, 0x00, 0x00, 0x00, 0x00, 0x00, 0x00, 0x00, 0x00, 0x00, 0x00,
    0x00, 0x00, 0x00, 0x00, 0x00, 0x00, 0x00, 0x00, 0x00, 0x00, 0x00, 0x00, 0x00, 0x00, 0x00, 0x00,
    0x00, 0x00, 0x00, 0x00, 0x00, 0x00, 0x00, 0x00, 0x00, 0x00, 0x00, 0x00, 0x00, 0x00, 0x00, 0x00,
    0x00, 0x00, 0x00, 0x00, 0x00, 0x00, 0x00, 0x00, 0x00, 0x00, 0x00, 0x00, 0x00, 0x00, 0x00, 0x00,
    0x00, 0x00, 0x00, 0x00, 0x00, 0x00, 0x00, 0x00, 0x00, 0x00, 0x00, 0x00, 0x00, 0x00, 0x00, 0x00,
    0x00, 0x00, 0x00, 0x00, 0x00, 0x00, 0x00, 0x00, 0x00, 0x00, 0x00, 0x00, 0x00, 0x00, 0x00, 0x00,
    0x00, 0x00, 0x00, 0x00, 0x00, 0x00, 0x00, 0x00, 0x00, 0x00, 0x00, 0x00, 0x00, 0x00, 0x00, 0x00,
    0x00, 0x00, 0x00, 0x00, 0x00, 0x00, 0x00, 0x00, 0xFF, 0x7F, 0x7F, 0x02, 0x00, 0x00, 0x00, 0x00,
    0xFF, 0xCE, 0x52, 0x25, 0xFF, 0xDC, 0x5A, 0xE6, 0xFF, 0xDC, 0x59, 0x61, 0xFF, 0xD7, 0x59, 0x53,
    0xFF, 0xD8, 0x57, 0x97, 0xFF, 0xD5, 0x57, 0x74, 0xFF, 0xCF, 0x56, 0x3B, 0xFF, 0xDD, 0x5B, 0xDE,
    0xFF, 0xDB, 0x59, 0x72, 0x00, 0x00, 0x00, 0x00, 0xFF, 0xAA, 0x55, 0x03, 0x00, 0x00, 0x00, 0x00,
    0x00, 0x00, 0x00, 0x00, 0x00, 0x00, 0x00, 0x00, 0x00, 0x00, 0x00, 0x00, 0x00, 0x00, 0x00, 0x00,
    0x00, 0x00, 0x00, 0x00, 0x00, 0x00, 0x00, 0x00, 0x00, 0x00, 0x00, 0x00, 0x00, 0x00, 0x00, 0x00,
    0x00, 0x00, 0x00, 0x00, 0x00, 0x00, 0x00, 0x00, 0x00, 0x00, 0x00, 0x00, 0x00, 0x00, 0x00, 0x00,
    0x00, 0x00, 0x00, 0x00, 0x00, 0x00, 0x00, 0x00, 0x00, 0x00, 0x00, 0x00, 0x00, 0x00, 0x00, 0x00,
    0x00, 0x00, 0x00, 0x00, 0xFF, 0xFF, 0x7F, 0x02, 0x00, 0x00, 0x00, 0x00, 0xFE, 0xDC, 0x5B, 0xA4,
    0xFF, 0xDD, 0x5A, 0xA6, 0x00, 0x00, 0x00, 0x00, 0xFF, 0xAA, 0x55, 0x03, 0x00, 0x00, 0x00, 0x00,
    0x00, 0x00, 0x00, 0x00, 0x00, 0x00, 0x00, 0x00, 0x00, 0x00, 0x00, 0x00, 0x00, 0x00, 0x00, 0x00,
    0x00, 0x00, 0x00, 0x00, 0x00, 0x00, 0x00, 0x00, 0x00, 0x00, 0x00, 0x00, 0xFF, 0xAA, 0x55, 0x03,
    0x00, 0x00, 0x00, 0x00, 0xFF, 0xDB, 0x5A, 0x41, 0xFF, 0xDA, 0x59, 0xFF, 0xFF, 0xD8, 0x59, 0xFF,
    0xFF, 0xD8, 0x59, 0xFE, 0xFF, 0xD8, 0x59, 0xFF, 0xFF, 0xD8, 0x59, 0xFF, 0xFF, 0xD8, 0x59, 0xFF,
    0xFF, 0xD8, 0x59, 0xFF, 0xFF, 0xD8, 0x59, 0xFF, 0xFF, 0xD8, 0x59, 0xFF, 0xFF, 0xD8, 0x59, 0xFF,
    0xFF, 0xD8, 0x59, 0xFF, 0xFF, 0xD8, 0x59, 0xFF, 0xFF, 0xD7, 0x59, 0xFE, 0xFF, 0xDD, 0x5B, 0xFF,
    0xFF, 0xD9, 0x58, 0x51, 0x00, 0x00, 0x00, 0x00, 0xFF, 0xFF, 0x55, 0x03, 0x00, 0x00, 0x00, 0x00,
    0x00, 0x00, 0x00, 0x00, 0x00, 0x00, 0x00, 0x00, 0x00, 0x00, 0x00, 0x00, 0x00, 0x00, 0x00, 0x00,
    0x00, 0x00, 0x00, 0x00, 0x00, 0x00, 0x00, 0x00, 0x00, 0x00, 0x00, 0x00, 0xFF, 0xFF, 0x55, 0x03,
    0x00, 0x00, 0x00, 0x00, 0xFF, 0xDA, 0x59, 0x69, 0xFF, 0xDD, 0x5B, 0xDA, 0xFF, 0xBF, 0x3F, 0x04,
    0x00, 0x00, 0x00, 0x00, 0xFF, 0xFF, 0x00, 0x01, 0x00, 0x00, 0x00, 0x00, 0x00, 0x00, 0x00, 0x00,
    0x00, 0x00, 0x00, 0x00, 0x00, 0x00, 0x00, 0x00, 0x00, 0x00, 0x00, 0x00, 0x00, 0x00, 0x00, 0x00,
    0x00, 0x00, 0x00, 0x00, 0x00, 0x00, 0x00, 0x00, 0x00, 0x00, 0x00, 0x00, 0x00, 0x00, 0x00, 0x00,
    0x00, 0x00, 0x00, 0x00, 0x00, 0x00, 0x00, 0x00, 0x00, 0x00, 0x00, 0x00, 0x00, 0x00, 0x00, 0x00,
    0x00, 0x00, 0x00, 0x00, 0x00, 0x00, 0x00, 0x00, 0xFF, 0xBF, 0x3F, 0x04, 0x00, 0x00, 0x00, 0x00,
    0xFF, 0xC7, 0x4F, 0x20, 0xFF, 0xDF, 0x5D, 0xD3, 0xFE, 0xE3, 0x5D, 0xF6, 0xFF, 0xCF, 0x56, 0x41,
    0x00, 0x00, 0x00, 0x00, 0xFF, 0xFF, 0x55, 0x03, 0x00, 0x00, 0x00, 0x00, 0x00, 0x00, 0x00, 0x00,
    0x00, 0x00, 0x00, 0x00, 0x00, 0x00, 0x00, 0x00, 0x00, 0x00, 0x00, 0x00, 0x00, 0x00, 0x00, 0x00,
    0x00, 0x00, 0x00, 0x00, 0x00, 0x00, 0x00, 0x00, 0x00, 0x00, 0x00, 0x00, 0x00, 0x00, 0x00, 0x00,
    0x00, 0x00, 0x00, 0x00, 0x00, 0x00, 0x00, 0x00, 0x00, 0x00, 0x00, 0x00, 0x00, 0x00, 0x00, 0x00,
    0x00, 0x00, 0x00, 0x00, 0x00, 0x00, 0x00, 0x00, 0x00, 0x00, 0x00, 0x00, 0x00, 0x00, 0x00, 0x00,
    0x00, 0x00, 0x00, 0x00, 0x00, 0x00, 0x00, 0x00, 0x00, 0x00, 0x00, 0x00, 0x00, 0x00, 0x00, 0x00,
    0x00, 0x00, 0x00, 0x00, 0x00, 0x00, 0x00, 0x00, 0x00, 0x00, 0x00, 0x00, 0x00, 0x00, 0x00, 0x00,
    0x00, 0x00, 0x00, 0x00, 0x00, 0x00, 0x00, 0x00, 0x00, 0x00, 0x00, 0x00, 0x00, 0x00, 0x00, 0x00,
    0x00, 0x00, 0x00, 0x00, 0x00, 0x00, 0x00, 0x00, 0x00, 0x00, 0x00, 0x00, 0x00, 0x00, 0x00, 0x00,
    0x00, 0x00, 0x00, 0x00, 0x00, 0x00, 0x00, 0x00, 0x00, 0x00, 0x00, 0x00, 0x00, 0x00, 0x00, 0x00,
    0x00, 0x00, 0x00, 0x00, 0x00, 0x00, 0x00, 0x00, 0x00, 0x00, 0x00, 0x00, 0x00, 0x00, 0x00, 0x00,
    0x00, 0x00, 0x00, 0x00, 0x00, 0x00, 0x00, 0x00, 0x00, 0x00, 0x00, 0x00, 0x00, 0x00, 0x00, 0x00,
    0x00, 0x00, 0x00, 0x00, 0xFF, 0xFF, 0x7F, 0x02, 0x00, 0x00, 0x00, 0x00, 0xFF, 0xD7, 0x5A, 0x41,
    0xFF, 0xD8, 0x58, 0xE1, 0xFF, 0xD7, 0x58, 0xB5, 0xFF, 0xD6, 0x59, 0x8C, 0xFF, 0xD6, 0x58, 0x9F,
    0xFF, 0xD7, 0x58, 0xE7, 0xFF, 0xD7, 0x58, 0x88, 0x00, 0x00, 0x00, 0x00, 0xFF, 0xFF, 0x00, 0x01,
    0x00, 0x00, 0x00, 0x00, 0x00, 0x00, 0x00, 0x00, 0x00, 0x00, 0x00, 0x00, 0x00, 0x00, 0x00, 0x00,
    0x00, 0x00, 0x00, 0x00, 0x00, 0x00, 0x00, 0x00, 0x00, 0x00, 0x00, 0x00, 0x00, 0x00, 0x00, 0x00,
    0x00, 0x00, 0x00, 0x00, 0x00, 0x00, 0x00, 0x00, 0x00, 0x00, 0x00, 0x00, 0x00, 0x00, 0x00, 0x00,
    0x00, 0x00, 0x00, 0x00, 0x00, 0x00, 0x00, 0x00, 0x00, 0x00, 0x00, 0x00, 0x00, 0x00, 0x00, 0x00,
    0x00, 0x00, 0x00, 0x00, 0x00, 0x00, 0x00, 0x00, 0xFF, 0xFF, 0x00, 0x01, 0x00, 0x00, 0x00, 0x00,
    0xFF, 0xE0, 0x5B, 0x19, 0xFF, 0xDD, 0x5A, 0xE6, 0xFF, 0xDD, 0x59, 0x3C, 0x00, 0x00, 0x00, 0x00,
    0xFF, 0xFF, 0x7F, 0x02, 0x00, 0x00, 0x00, 0x00, 0x00, 0x00, 0x00, 0x00, 0x00, 0x00, 0x00, 0x00,
    0x00, 0x00, 0x00, 0x00, 0x00, 0x00, 0x00, 0x00, 0x00, 0x00, 0x00, 0x00, 0x00, 0x00, 0x00, 0x00,
    0x00, 0x00, 0x00, 0x00, 0xFF, 0xFF, 0x7F, 0x02, 0x00, 0x00, 0x00, 0x00, 0xFF, 0xD7, 0x5A, 0x2D,
    0xFF, 0xD9, 0x59, 0xFA, 0xFF, 0xD9, 0x5A, 0xFF, 0xFF, 0xD7, 0x59, 0xFE, 0xFF, 0xD8, 0x59, 0xFF,
    0xFF, 0xD8, 0x59, 0xFF, 0xFF, 0xD8, 0x59, 0xFF, 0xFF, 0xD8, 0x59, 0xFF, 0xFF, 0xD8, 0x59, 0xFF,
    0xFF, 0xD8, 0x59, 0xFF, 0xFF, 0xD8, 0x59, 0xFF, 0xFF, 0xD8, 0x59, 0xFF, 0xFF, 0xD7, 0x59, 0xFE,
    0xFF, 0xD9, 0x59, 0xFF, 0xFE, 0xD8, 0x59, 0xFC, 0xFF, 0xD7, 0x5A, 0x33, 0x00, 0x00, 0x00, 0x00,
    0xFF, 0xFF, 0x7F, 0x02, 0x00, 0x00, 0x00, 0x00, 0x00, 0x00, 0x00, 0x00, 0x00, 0x00, 0x00, 0x00,
    0x00, 0x00, 0x00, 0x00, 0x00, 0x00, 0x00, 0x00, 0x00, 0x00, 0x00, 0x00, 0x00, 0x00, 0x00, 0x00,
    0x00, 0x00, 0x00, 0x00, 0xFF, 0xFF, 0x00, 0x01, 0x00, 0x00, 0x00, 0x00, 0xFE, 0xC8, 0x5B, 0x0E,
    0xFF, 0xDD, 0x5A, 0xE1, 0xFF, 0xDC, 0x5B, 0x51, 0x00, 0x00, 0x00, 0x00, 0xFF, 0xAA, 0x55, 0x03,
    0x00, 0x00, 0x00, 0x00, 0x00, 0x00, 0x00, 0x00, 0x00, 0x00, 0x00, 0x00, 0x00, 0x00, 0x00, 0x00,
    0x00, 0x00, 0x00, 0x00, 0x00, 0x00, 0x00, 0x00, 0x00, 0x00, 0x00, 0x00, 0x00, 0x00, 0x00, 0x00,
    0x00, 0x00, 0x00, 0x00, 0x00, 0x00, 0x00, 0x00, 0x00, 0x00, 0x00, 0x00, 0x00, 0x00, 0x00, 0x00,
    0x00, 0x00, 0x00, 0x00, 0x00, 0x00, 0x00, 0x00, 0xFF, 0xFF, 0x00, 0x01, 0xFF, 0xBF, 0x7F, 0x04,
    0x00, 0x00, 0x00, 0x00, 0xFF, 0xCE, 0x51, 0x35, 0xFE, 0xE1, 0x5D, 0xE9, 0xFF, 0xE1, 0x5C, 0xE7,
    0xFF, 0xCF, 0x55, 0x30, 0x00, 0x00, 0x00, 0x00, 0xFF, 0xFF, 0x55, 0x03, 0x00, 0x00, 0x00, 0x00,
    0x00, 0x00, 0x00, 0x00, 0x00, 0x00, 0x00, 0x00, 0x00, 0x00, 0x00, 0x00, 0x00, 0x00, 0x00, 0x00,
    0x00, 0x00, 0x00, 0x00, 0x00, 0x00, 0x00, 0x00, 0x00, 0x00, 0x00, 0x00, 0x00, 0x00, 0x00, 0x00,
    0x00, 0x00, 0x00, 0x00, 0x00, 0x00, 0x00, 0x00, 0x00, 0x00, 0x00, 0x00, 0x00, 0x00, 0x00, 0x00,
    0x00, 0x00, 0x00, 0x00, 0x00, 0x00, 0x00, 0x00, 0x00, 0x00, 0x00, 0x00, 0x00, 0x00, 0x00, 0x00,
    0x00, 0x00, 0x00, 0x00, 0x00, 0x00, 0x00, 0x00, 0x00, 0x00, 0x00, 0x00, 0x00, 0x00, 0x00, 0x00,
    0x00, 0x00, 0x00, 0x00, 0x00, 0x00, 0x00, 0x00, 0x00, 0x00, 0x00, 0x00, 0x00, 0x00, 0x00, 0x00,
    0x00, 0x00, 0x00, 0x00, 0x00, 0x00, 0x00, 0x00, 0x00, 0x00, 0x00, 0x00, 0x00, 0x00, 0x00, 0x00,
    0x00, 0x00, 0x00, 0x00, 0x00, 0x00, 0x00, 0x00, 0x00, 0x00, 0x00, 0x00, 0x00, 0x00, 0x00, 0x00,
    0x00, 0x00, 0x00, 0x00, 0x00, 0x00, 0x00, 0x00, 0x00, 0x00, 0x00, 0x00, 0x00, 0x00, 0x00, 0x00,
    0x00, 0x00, 0x00, 0x00, 0x00, 0x00, 0x00, 0x00, 0x00, 0x00, 0x00, 0x00, 0x00, 0x00, 0x00, 0x00,
    0x00, 0x00, 0x00, 0x00, 0x00, 0x00, 0x00, 0x00, 0x00, 0x00, 0x00, 0x00, 0x00, 0x00, 0x00, 0x00,
    0x00, 0x00, 0x00, 0x00, 0x00, 0x00, 0x00, 0x00, 0x00, 0x00, 0x00, 0x00, 0x00, 0x00, 0x00, 0x00,
    0xFF, 0x7F, 0x00, 0x02, 0x00, 0x00, 0x00, 0x00, 0xFF, 0xD4, 0x55, 0x12, 0xFF, 0xD6, 0x57, 0x6C,
    0xFF, 0xD6, 0x59, 0x91, 0xFF, 0xD7, 0x58, 0x82, 0xFF, 0xD9, 0x56, 0x2F, 0x00, 0x00, 0x00, 0x00,
    0xFF, 0xFF, 0x00, 0x02, 0x00, 0x00, 0x00, 0x00, 0x00, 0x00, 0x00, 0x00, 0x00, 0x00, 0x00, 0x00,
    0x00, 0x00, 0x00, 0x00, 0x00, 0x00, 0x00, 0x00, 0x00, 0x00, 0x00, 0x00, 0x00, 0x00, 0x00, 0x00,
    0x00, 0x00, 0x00, 0x00, 0x00, 0x00, 0x00, 0x00, 0x00, 0x00, 0x00, 0x00, 0x00, 0x00, 0x00, 0x00,
    0x00, 0x00, 0x00, 0x00, 0x00, 0x00, 0x00, 0x00, 0x00, 0x00, 0x00, 0x00, 0x00, 0x00, 0x00, 0x00,
    0x00, 0x00, 0x00, 0x00, 0x00, 0x00, 0x00, 0x00, 0x00, 0x00, 0x00, 0x00, 0x00, 0x00, 0x00, 0x00,
    0xFF, 0xFF, 0x55, 0x03, 0x00, 0x00, 0x00, 0x00, 0xFF, 0xDB, 0x59, 0x7A, 0xFF, 0xDD, 0x5A, 0xC7,
    0x00, 0x00, 0x00, 0x00, 0x00, 0x00, 0x00, 0x00, 0x00, 0x00, 0x00, 0x00, 0x00, 0x00, 0x00, 0x00,
    0x00, 0x00, 0x00, 0x00, 0x00, 0x00, 0x00, 0x00, 0x00, 0x00, 0x00, 0x00, 0x00, 0x00, 0x00, 0x00,
    0x00, 0x00, 0x00, 0x00, 0x00, 0x00, 0x00, 0x00, 0x00, 0x00, 0x00, 0x00, 0xFF, 0xFF, 0x00, 0x01,
    0x00, 0x00, 0x00, 0x00, 0xFF, 0xDD, 0x66, 0x0F, 0xFF, 0xD9, 0x59, 0xEA, 0xFF, 0xDC, 0x5A, 0xFF,
    0xFF, 0xD7, 0x59, 0xFE, 0xFF, 0xD8, 0x59, 0xFF, 0xFF, 0xD8, 0x59, 0xFF, 0xFF, 0xD8, 0x59, 0xFF,
    0xFF, 0xD8, 0x59, 0xFF, 0xFF, 0xD8, 0x59, 0xFF, 0xFF, 0xD8, 0x59, 0xFF, 0xFF, 0xD8, 0x59, 0xFF,
    0xFF, 0xD8, 0x59, 0xFF, 0xFF, 0xD7, 0x59, 0xFE, 0xFF, 0xDC, 0x5B, 0xFF, 0xFF, 0xD9, 0x5A, 0xE8,
    0xFF, 0xDD, 0x55, 0x0F, 0x00, 0x00, 0x00, 0x00, 0xFF, 0xFF, 0x00, 0x01, 0x00, 0x00, 0x00, 0x00,
    0x00, 0x00, 0x00, 0x00, 0x00, 0x00, 0x00, 0x00, 0x00, 0x00, 0x00, 0x00, 0x00, 0x00, 0x00, 0x00,
    0x00, 0x00, 0x00, 0x00, 0x00, 0x00, 0x00, 0x00, 0x00, 0x00, 0x00, 0x00, 0x00, 0x00, 0x00, 0x00,
    0xFF, 0xFF, 0x55, 0x03, 0x00, 0x00, 0x00, 0x00, 0xFF, 0xDB, 0x59, 0x8E, 0xFE, 0xDE, 0x5B, 0xB6,
    0x00, 0x00, 0x00, 0x00, 0xFF, 0xFF, 0x7F, 0x02, 0x00, 0x00, 0x00, 0x00, 0x00, 0x00, 0x00, 0x00,
    0x00, 0x00, 0x00, 0x00, 0x00, 0x00, 0x00, 0x00, 0x00, 0x00, 0x00, 0x00, 0x00, 0x00, 0x00, 0x00,
    0x00, 0x00, 0x00, 0x00, 0x00, 0x00, 0x00, 0x00, 0x00, 0x00, 0x00, 0x00, 0x00, 0x00, 0x00, 0x00,
    0x00, 0x00, 0x00, 0x00, 0x00, 0x00, 0x00, 0x00, 0x00, 0x00, 0x00, 0x00, 0xFF, 0x7F, 0x7F, 0x02,
    0xFF, 0xFF, 0x55, 0x03, 0x00, 0x00, 0x00, 0x00, 0xFF, 0xD3, 0x57, 0x57, 0xFE, 0xE3, 0x5E, 0xFC,
    0xFF, 0xDE, 0x5C, 0xCD, 0xFF, 0xD3, 0x57, 0x1D, 0x00, 0x00, 0x00, 0x00, 0xFF, 0xFF, 0x55, 0x03,
    0x00, 0x00, 0x00, 0x00, 0x00, 0x00, 0x00, 0x00, 0x00, 0x00, 0x00, 0x00, 0x00, 0x00, 0x00, 0x00,
    0x00, 0x00, 0x00, 0x00, 0x00, 0x00, 0x00, 0x00, 0x00, 0x00, 0x00, 0x00, 0x00, 0x00, 0x00, 0x00,
    0x00, 0x00, 0x00, 0x00, 0x00, 0x00, 0x00, 0x00, 0x00, 0x00, 0x00, 0x00, 0x00, 0x00, 0x00, 0x00,
    0x00, 0x00, 0x00, 0x00, 0x00, 0x00, 0x00, 0x00, 0x00, 0x00, 0x00, 0x00, 0x00, 0x00, 0x00, 0x00,
    0x00, 0x00, 0x00, 0x00, 0x00, 0x00, 0x00, 0x00, 0x00, 0x00, 0x00, 0x00, 0x00, 0x00, 0x00, 0x00,
    0x00, 0x00, 0x00, 0x00, 0x00, 0x00, 0x00, 0x00, 0x00, 0x00, 0x00, 0x00, 0x00, 0x00, 0x00, 0x00,
    0x00, 0x00, 0x00, 0x00, 0x00, 0x00, 0x00, 0x00, 0x00, 0x00, 0x00, 0x00, 0x00, 0x00, 0x00, 0x00,
    0x00, 0x00, 0x00, 0x00, 0x00, 0x00, 0x00, 0x00, 0x00, 0x00, 0x00, 0x00, 0x00, 0x00, 0x00, 0x00,
    0x00, 0x00, 0x00, 0x00, 0x00, 0x00, 0x00, 0x00, 0x00, 0x00, 0x00, 0x00, 0x00, 0x00, 0x00, 0x00,
    0x00, 0x00, 0x00, 0x00, 0x00, 0x00, 0x00, 0x00, 0x00, 0x00, 0x00, 0x00, 0x00, 0x00, 0x00, 0x00,
    0x00, 0x00, 0x00, 0x00, 0x00, 0x00, 0x00, 0x00, 0x00, 0x00, 0x00, 0x00, 0x00, 0x00, 0x00, 0x00,
    0x00, 0x00, 0x00, 0x00, 0x00, 0x00, 0x00, 0x00, 0x00, 0x00, 0x00, 0x00, 0x00, 0x00, 0x00, 0x00,
    0x00, 0x00, 0x00, 0x00, 0x00, 0x00, 0x00, 0x00, 0x00, 0x00, 0x00, 0x00, 0xFF, 0x7F, 0x00, 0x02,
    0x00, 0x00, 0x00, 0x00, 0x00, 0x00, 0x00, 0x00, 0x00, 0x00, 0x00, 0x00, 0x00, 0x00, 0x00, 0x00,
    0x00, 0x00, 0x00, 0x00, 0xFF, 0x7F, 0x00, 0x02, 0x00, 0x00, 0x00, 0x00, 0x00, 0x00, 0x00, 0x00,
    0x00, 0x00, 0x00, 0x00, 0x00, 0x00, 0x00, 0x00, 0x00, 0x00, 0x00, 0x00, 0x00, 0x00, 0x00, 0x00,
    0x00, 0x00, 0x00, 0x00, 0x00, 0x00, 0x00, 0x00, 0x00, 0x00, 0x00, 0x00, 0x00, 0x00, 0x00, 0x00,
    0x00, 0x00, 0x00, 0x00, 0x00, 0x00, 0x00, 0x00, 0x00, 0x00, 0x00, 0x00, 0x00, 0x00, 0x00, 0x00,
    0x00, 0x00, 0x00, 0x00, 0x00, 0x00, 0x00, 0x00, 0x00, 0x00, 0x00, 0x00, 0x00, 0x00, 0x00, 0x00,
    0xFF, 0xFF, 0x00, 0x01, 0xFF, 0x7F, 0x00, 0x02, 0x00, 0x00, 0x00, 0x00, 0xFF, 0x7F, 0x00, 0x02,
    0xFF, 0xDE, 0x5B, 0xD4, 0xFF, 0xDB, 0x5B, 0x64, 0x00, 0x00, 0x00, 0x00, 0xFF, 0xFF, 0x55, 0x03,
    0x00, 0x00, 0x00, 0x00, 0x00, 0x00, 0x00, 0x00, 0x00, 0x00, 0x00, 0x00, 0x00, 0x00, 0x00, 0x00,
    0x00, 0x00, 0x00, 0x00, 0x00, 0x00, 0x00, 0x00, 0x00, 0x00, 0x00, 0x00, 0x00, 0x00, 0x00, 0x00,
    0x00, 0x00, 0x00, 0x00, 0xFF, 0x00, 0x00, 0x01, 0x00, 0x00, 0x00, 0x00, 0x00, 0x00, 0x00, 0x00,
    0xFE, 0xDA, 0x5A, 0xBF, 0xFF, 0xE1, 0x5D, 0xFF, 0xFF, 0xD7, 0x58, 0xFD, 0xFF, 0xD8, 0x59, 0xFF,
    0xFF, 0xD8, 0x59, 0xFF, 0xFF, 0xD8, 0x59, 0xFF, 0xFF, 0xD8, 0x59, 0xFF, 0xFF, 0xD8, 0x59, 0xFF,
    0xFF, 0xD8, 0x59, 0xFF, 0xFF, 0xD8, 0x59, 0xFF, 0xFF, 0xD8, 0x59, 0xFF, 0xFE, 0xD7, 0x59, 0xFC,
    0xFF, 0xE3, 0x5E, 0xFF, 0xFF, 0xDA, 0x59, 0xB0, 0x00, 0x00, 0x00, 0x00, 0xFF, 0xFF, 0x00, 0x01,
    0x00, 0x00, 0x00, 0x00, 0x00, 0x00, 0x00, 0x00, 0x00, 0x00, 0x00, 0x00, 0x00, 0x00, 0x00, 0x00,
    0x00, 0x00, 0x00, 0x00, 0x00, 0x00, 0x00, 0x00, 0x00, 0x00, 0x00, 0x00, 0x00, 0x00, 0x00, 0x00,
    0x00, 0x00, 0x00, 0x00, 0x00, 0x00, 0x00, 0x00, 0xFF, 0x7F, 0x7F, 0x02, 0x00, 0x00, 0x00, 0x00,
    0xFF, 0xD6, 0x57, 0x26, 0xFF, 0xDC, 0x5A, 0xE6, 0xFF, 0xDA, 0x55, 0x2A, 0x00, 0x00, 0x00, 0x00,
    0xFF, 0x7F, 0x7F, 0x02, 0x00, 0x00, 0x00, 0x00, 0x00, 0x00, 0x00, 0x00, 0x00, 0x00, 0x00, 0x00,
    0x00, 0x00, 0x00, 0x00, 0x00, 0x00, 0x00, 0x00, 0x00, 0x00, 0x00, 0x00, 0x00, 0x00, 0x00, 0x00,
    0x00, 0x00, 0x00, 0x00, 0x00, 0x00, 0x00, 0x00, 0x00, 0x00, 0x00, 0x00, 0x00, 0x00, 0x00, 0x00,
    0xFF, 0xFF, 0x7F, 0x02, 0x00, 0x00, 0x00, 0x00, 0x00, 0x00, 0x00, 0x00, 0xFF, 0xD8, 0x57, 0x83,
    0xFF, 0xEE, 0x62, 0xFF, 0xFF, 0xD9, 0x59, 0xA9, 0xFF, 0xD0, 0x5C, 0x0B, 0x00, 0x00, 0x00, 0x00,
    0xFF, 0xFF, 0x7F, 0x02, 0x00, 0x00, 0x00, 0x00, 0x00, 0x00, 0x00, 0x00, 0x00, 0x00, 0x00, 0x00,
    0x00, 0x00, 0x00, 0x00, 0x00, 0x00, 0x00, 0x00, 0x00, 0x00, 0x00, 0x00, 0x00, 0x00, 0x00, 0x00,
    0x00, 0x00, 0x00, 0x00, 0x00, 0x00, 0x00, 0x00, 0x00, 0x00, 0x00, 0x00, 0x00, 0x00, 0x00, 0x00,
    0x00, 0x00, 0x00, 0x00, 0x00, 0x00, 0x00, 0x00, 0x00, 0x00, 0x00, 0x00, 0x00, 0x00, 0x00, 0x00,
    0x00, 0x00, 0x00, 0x00, 0x00, 0x00, 0x00, 0x00, 0x00, 0x00, 0x00, 0x00, 0x00, 0x00, 0x00, 0x00,
    0x00, 0x00, 0x00, 0x00, 0x00, 0x00, 0x00, 0x00, 0x00, 0x00, 0x00, 0x00, 0x00, 0x00, 0x00, 0x00,
    0x00, 0x00, 0x00, 0x00, 0x00, 0x00, 0x00, 0x00, 0x00, 0x00, 0x00, 0x00, 0x00, 0x00, 0x00, 0x00,
    0x00, 0x00, 0x00, 0x00, 0x00, 0x00, 0x00, 0x00, 0x00, 0x00, 0x00, 0x00, 0x00, 0x00, 0x00, 0x00,
    0x00, 0x00, 0x00, 0x00, 0x00, 0x00, 0x00, 0x00, 0x00, 0x00, 0x00, 0x00, 0x00, 0x00, 0x00, 0x00,
    0x00, 0x00, 0x00, 0x00, 0x00, 0x00, 0x00, 0x00, 0x00, 0x00, 0x00, 0x00, 0x00, 0x00, 0x00, 0x00,
    0x00, 0x00, 0x00, 0x00, 0x00, 0x00, 0x00, 0x00, 0x00, 0x00, 0x00, 0x00, 0x00, 0x00, 0x00, 0x00,
    0x00, 0x00, 0x00, 0x00, 0x00, 0x00, 0x00, 0x00, 0x00, 0x00, 0x00, 0x00, 0x00, 0x00, 0x00, 0x00,
    0x00, 0x00, 0x00, 0x00, 0x00, 0x00, 0x00, 0x00, 0x00, 0x00, 0x00, 0x00, 0x00, 0x00, 0x00, 0x00,
    0x00, 0x00, 0x00, 0x00, 0x00, 0x00, 0x00, 0x00, 0xFF, 0x00, 0x00, 0x01, 0xFF, 0xFF, 0x55, 0x03,
    0xFF, 0xFF, 0x55, 0x03, 0xFF, 0xFF, 0x55, 0x03, 0xFF, 0x7F, 0x7F, 0x02, 0x00, 0x00, 0x00, 0x00,
    0x00, 0x00, 0x00, 0x00, 0x00, 0x00, 0x00, 0x00, 0x00, 0x00, 0x00, 0x00, 0x00, 0x00, 0x00, 0x00,
    0x00, 0x00, 0x00, 0x00, 0x00, 0x00, 0x00, 0x00, 0x00, 0x00, 0x00, 0x00, 0x00, 0x00, 0x00, 0x00,
    0x00, 0x00, 0x00, 0x00, 0x00, 0x00, 0x00, 0x00, 0x00, 0x00, 0x00, 0x00, 0x00, 0x00, 0x00, 0x00,
    0x00, 0x00, 0x00, 0x00, 0x00, 0x00, 0x00, 0x00, 0x00, 0x00, 0x00, 0x00, 0x00, 0x00, 0x00, 0x00,
    0xFF, 0xAA, 0x55, 0x03, 0xFF, 0xFF, 0x55, 0x03, 0x00, 0x00, 0x00, 0x00, 0xFF, 0xAA, 0x55, 0x03,
    0x00, 0x00, 0x00, 0x00, 0xFF, 0xDE, 0x5A, 0x4F, 0xFF, 0xDE, 0x5B, 0xDE, 0xFF, 0xD4, 0x55, 0x0C,
    0x00, 0x00, 0x00, 0x00, 0xFF, 0xFF, 0x00, 0x01, 0x00, 0x00, 0x00, 0x00, 0x00, 0x00, 0x00, 0x00,
    0x00, 0x00, 0x00, 0x00, 0x00, 0x00, 0x00, 0x00, 0x00, 0x00, 0x00, 0x00, 0x00, 0x00, 0x00, 0x00,
    0x00, 0x00, 0x00, 0x00, 0x00, 0x00, 0x00, 0x00, 0x00, 0x00, 0x00, 0x00, 0x00, 0x00, 0x00, 0x00,
    0xFF, 0xBF, 0x3F, 0x04, 0x00, 0x00, 0x00, 0x00, 0xFF, 0xDC, 0x5A, 0x7F, 0xFF, 0xE6, 0x5E, 0xFF,
    0xFF, 0xD8, 0x59, 0xFB, 0xFF, 0xD8, 0x59, 0xFF, 0xFF, 0xD8, 0x59, 0xFF, 0xFF, 0xD8, 0x59, 0xFF,
    0xFF, 0xD8, 0x59, 0xFF, 0xFF, 0xD8, 0x59, 0xFF, 0xFF, 0xD8, 0x59, 0xFF, 0xFF, 0xD8, 0x59, 0xFF,
    0xFF, 0xD8, 0x59, 0xFF, 0xFE, 0xD7, 0x59, 0xFC, 0xFF, 0xE3, 0x5E, 0xFF, 0xFF, 0xDA, 0x58, 0x62,
    0x00, 0x00, 0x00, 0x00, 0xFF, 0xBF, 0x3F, 0x04, 0x00, 0x00, 0x00, 0x00, 0x00, 0x00, 0x00, 0x00,
    0x00, 0x00, 0x00, 0x00, 0x00, 0x00, 0x00, 0x00, 0x00, 0x00, 0x00, 0x00, 0x00, 0x00, 0x00, 0x00,
    0x00, 0x00, 0x00, 0x00, 0x00, 0x00, 0x00, 0x00, 0x00, 0x00, 0x00, 0x00, 0x00, 0x00, 0x00, 0x00,
    0x00, 0x00, 0x00, 0x00, 0xFF, 0xFF, 0x7F, 0x02, 0x00, 0x00, 0x00, 0x00, 0xFF, 0xDE, 0x5B, 0xAC,
    0xFF, 0xDD, 0x5B, 0x91, 0x00, 0x00, 0x00, 0x00, 0xFF, 0xFF, 0x55, 0x03, 0x00, 0x00, 0x00, 0x00,
    0x00, 0x00, 0x00, 0x00, 0x00, 0x00, 0x00, 0x00, 0x00, 0x00, 0x00, 0x00, 0x00, 0x00, 0x00, 0x00,
    0x00, 0x00, 0x00, 0x00, 0x00, 0x00, 0x00, 0x00, 0x00, 0x00, 0x00, 0x00, 0x00, 0x00, 0x00, 0x00,
    0xFF, 0xFF, 0x00, 0x01, 0xFF, 0xFF, 0x55, 0x03, 0x00, 0x00, 0x00, 0x00, 0xFF, 0xD0, 0x51, 0x16,
    0xFF, 0xDB, 0x5A, 0xBB, 0xFF, 0xE9, 0x60, 0xFF, 0xFE, 0xD6, 0x57, 0x77, 0x00, 0x00, 0x00, 0x00,
    0xFF, 0xFF, 0x00, 0x01, 0xFF, 0x7F, 0x7F, 0x02, 0x00, 0x00, 0x00, 0x00, 0x00, 0x00, 0x00, 0x00,
    0x00, 0x00, 0x00, 0x00, 0x00, 0x00, 0x00, 0x00, 0x00, 0x00, 0x00, 0x00, 0x00, 0x00, 0x00, 0x00,
    0x00, 0x00, 0x00, 0x00, 0x00, 0x00, 0x00, 0x00, 0x00, 0x00, 0x00, 0x00, 0x00, 0x00, 0x00, 0x00,
    0x00, 0x00, 0x00, 0x00, 0x00, 0x00, 0x00, 0x00, 0x00, 0x00, 0x00, 0x00, 0x00, 0x00, 0x00, 0x00,
    0x00, 0x00, 0x00, 0x00, 0x00, 0x00, 0x00, 0x00, 0x00, 0x00, 0x00, 0x00, 0x00, 0x00, 0x00, 0x00,
    0x00, 0x00, 0x00, 0x00, 0x00, 0x00, 0x00, 0x00, 0x00, 0x00, 0x00, 0x00, 0x00, 0x00, 0x00, 0x00,
    0x00, 0x00, 0x00, 0x00, 0x00, 0x00, 0x00, 0x00, 0x00, 0x00, 0x00, 0x00, 0x00, 0x00, 0x00, 0x00,
    0x00, 0x00, 0x00, 0x00, 0x00, 0x00, 0x00, 0x00, 0x00, 0x00, 0x00, 0x00, 0x00, 0x00, 0x00, 0x00,
    0x00, 0x00, 0x00, 0x00, 0x00, 0x00, 0x00, 0x00, 0x00, 0x00, 0x00, 0x00, 0x00, 0x00, 0x00, 0x00,
    0x00, 0x00, 0x00, 0x00, 0x00, 0x00, 0x00, 0x00, 0x00, 0x00, 0x00, 0x00, 0x00, 0x00, 0x00, 0x00,
    0x00, 0x00, 0x00, 0x00, 0x00, 0x00, 0x00, 0x00, 0x00, 0x00, 0x00, 0x00, 0x00, 0x00, 0x00, 0x00,
    0x00, 0x00, 0x00, 0x00, 0x00, 0x00, 0x00, 0x00, 0x00, 0x00, 0x00, 0x00, 0x00, 0x00, 0x00, 0x00,
    0x00, 0x00, 0x00, 0x00, 0x00, 0x00, 0x00, 0x00, 0x00, 0x00, 0x00, 0x00, 0x00, 0x00, 0x00, 0x00,
    0x00, 0x00, 0x00, 0x00, 0x00, 0x00, 0x00, 0x00, 0x00, 0x00, 0x00, 0x00, 0x00, 0x00, 0x00, 0x00,
    0x00, 0x00, 0x00, 0x00, 0x00, 0x00, 0x00, 0x00, 0x00, 0x00, 0x00, 0x00, 0x00, 0x00, 0x00, 0x00,
    0x00, 0x00, 0x00, 0x00, 0x00, 0x00, 0x00, 0x00, 0x00, 0x00, 0x00, 0x00, 0x00, 0x00, 0x00, 0x00,
    0x00, 0x00, 0x00, 0x00, 0x00, 0x00, 0x00, 0x00, 0x00, 0x00, 0x00, 0x00, 0x00, 0x00, 0x00, 0x00,
    0x00, 0x00, 0x00, 0x00, 0x00, 0x00, 0x00, 0x00, 0x00, 0x00, 0x00, 0x00, 0x00, 0x00, 0x00, 0x00,
    0x00, 0x00, 0x00, 0x00, 0x00, 0x00, 0x00, 0x00, 0x00, 0x00, 0x00, 0x00, 0x00, 0x00, 0x00, 0x00,
    0xFF, 0xFF, 0x00, 0x01, 0xFF, 0xFF, 0x00, 0x02, 0x00, 0x00, 0x00, 0x00, 0x00, 0x00, 0x00, 0x00,
    0x00, 0x00, 0x00, 0x00, 0xFF, 0xFF, 0xFF, 0x01, 0x00, 0x00, 0x00, 0x00, 0xFF, 0xDA, 0x5A, 0xB8,
    0xFF, 0xDA, 0x59, 0x8B, 0x00, 0x00, 0x00, 0x00, 0xFF, 0xFF, 0x55, 0x03, 0x00, 0x00, 0x00, 0x00,
    0x00, 0x00, 0x00, 0x00, 0x00, 0x00, 0x00, 0x00, 0x00, 0x00, 0x00, 0x00, 0x00, 0x00, 0x00, 0x00,
    0x00, 0x00, 0x00, 0x00, 0x00, 0x00, 0x00, 0x00, 0x00, 0x00, 0x00, 0x00, 0x00, 0x00, 0x00, 0x00,
    0x00, 0x00, 0x00, 0x00, 0x00, 0x00, 0x00, 0x00, 0xFF, 0xFF, 0x7F, 0x02, 0x00, 0x00, 0x00, 0x00,
    0xFF, 0xDB, 0x58, 0x2B, 0xFF, 0xDC, 0x5A, 0xF5, 0xFF, 0xD8, 0x59, 0xFF, 0xFF, 0xD7, 0x59, 0xFE,
    0xFF, 0xD8, 0x59, 0xFF, 0xFF, 0xD8, 0x59, 0xFF, 0xFF, 0xD8, 0x59, 0xFF, 0xFF, 0xD8, 0x59, 0xFF,
    0xFF, 0xD8, 0x59, 0xFF, 0xFF, 0xD8, 0x59, 0xFF, 0xFF, 0xD7, 0x58, 0xFD, 0xFF, 0xDD, 0x5B, 0xFF,
    0xFF, 0xDD, 0x5A, 0xDB, 0xFF, 0xCF, 0x4F, 0x10, 0x00, 0x00, 0x00, 0x00, 0xFF, 0xFF, 0x00, 0x01,
    0x00, 0x00, 0x00, 0x00, 0x00, 0x00, 0x00, 0x00, 0x00, 0x00, 0x00, 0x00, 0x00, 0x00, 0x00, 0x00,
    0x00, 0x00, 0x00, 0x00, 0x00, 0x00, 0x00, 0x00, 0x00, 0x00, 0x00, 0x00, 0x00, 0x00, 0x00, 0x00,
    0x00, 0x00, 0x00, 0x00, 0x00, 0x00, 0x00, 0x00, 0x00, 0x00, 0x00, 0x00, 0xFF, 0xFF, 0x7F, 0x02,
    0x00, 0x00, 0x00, 0x00, 0xFF, 0xDD, 0x5A, 0x44, 0xFF, 0xDD, 0x5A, 0xDE, 0xFF, 0xCF, 0x4F, 0x10,
    0x00, 0x00, 0x00, 0x00, 0xFF, 0xFF, 0x00, 0x01, 0x00, 0x00, 0x00, 0x00, 0x00, 0x00, 0x00, 0x00,
    0x00, 0x00, 0x00, 0x00, 0x00, 0x00, 0x00, 0x00, 0x00, 0x00, 0x00, 0x00, 0x00, 0x00, 0x00, 0x00,
    0x00, 0x00, 0x00, 0x00, 0xFF, 0xAA, 0x55, 0x03, 0xFF, 0xFF, 0x7F, 0x02, 0x00, 0x00, 0x00, 0x00,
    0xFF, 0xD3, 0x56, 0x47, 0xFE, 0xDF, 0x5B, 0xED, 0xFE, 0xDF, 0x5A, 0xE9, 0xFF, 0xD3, 0x53, 0x40,
    0x00, 0x00, 0x00, 0x00, 0xFF, 0xAA, 0x55, 0x03, 0xFF, 0xFF, 0x00, 0x01, 0x00, 0x00, 0x00, 0x00,
    0x00, 0x00, 0x00, 0x00, 0x00, 0x00, 0x00, 0x00, 0x00, 0x00, 0x00, 0x00, 0x00, 0x00, 0x00, 0x00,
    0x00, 0x00, 0x00, 0x00, 0x00, 0x00, 0x00, 0x00, 0x00, 0x00, 0x00, 0x00, 0x00, 0x00, 0x00, 0x00,
    0x00, 0x00, 0x00, 0x00, 0x00, 0x00, 0x00, 0x00, 0x00, 0x00, 0x00, 0x00, 0x00, 0x00, 0x00, 0x00,
    0x00, 0x00, 0x00, 0x00, 0x00, 0x00, 0x00, 0x00, 0x00, 0x00, 0x00, 0x00, 0x00, 0x00, 0x00, 0x00,
    0x00, 0x00, 0x00, 0x00, 0x00, 0x00, 0x00, 0x00, 0x00, 0x00, 0x00, 0x00, 0x00, 0x00, 0x00, 0x00,
    0x00, 0x00, 0x00, 0x00, 0x00, 0x00, 0x00, 0x00, 0x00, 0x00, 0x00, 0x00, 0x00, 0x00, 0x00, 0x00,
    0x00, 0x00, 0x00, 0x00, 0x00, 0x00, 0x00, 0x00, 0x00, 0x00, 0x00, 0x00, 0x00, 0x00, 0x00, 0x00,
    0x00, 0x00, 0x00, 0x00, 0x00, 0x00, 0x00, 0x00, 0x00, 0x00, 0x00, 0x00, 0x00, 0x00, 0x00, 0x00,
    0x00, 0x00, 0x00, 0x00, 0x00, 0x00, 0x00, 0x00, 0x00, 0x00, 0x00, 0x00, 0x00, 0x00, 0x00, 0x00,
    0x00, 0x00, 0x00, 0x00, 0x00, 0x00, 0x00, 0x00, 0x00, 0x00, 0x00, 0x00, 0x00, 0x00, 0x00, 0x00,
    0x00, 0x00, 0x00, 0x00, 0x00, 0x00, 0x00, 0x00, 0x00, 0x00, 0x00, 0x00, 0x00, 0x00, 0x00, 0x00,
    0x00, 0x00, 0x00, 0x00, 0x00, 0x00, 0x00, 0x00, 0x00, 0x00, 0x00, 0x00, 0x00, 0x00, 0x00, 0x00,
    0x00, 0x00, 0x00, 0x00, 0x00, 0x00, 0x00, 0x00, 0x00, 0x00, 0x00, 0x00, 0x00, 0x00, 0x00, 0x00,
    0x00, 0x00, 0x00, 0x00, 0x00, 0x00, 0x00, 0x00, 0x00, 0x00, 0x00, 0x00, 0x00, 0x00, 0x00, 0x00,
    0x00, 0x00, 0x00, 0x00, 0x00, 0x00, 0x00, 0x00, 0x00, 0x00, 0x00, 0x00, 0x00, 0x00, 0x00, 0x00,
    0x00, 0x00, 0x00, 0x00, 0x00, 0x00, 0x00, 0x00, 0x00, 0x00, 0x00, 0x00, 0x00, 0x00, 0x00, 0x00,
    0x00, 0x00, 0x00, 0x00, 0x00, 0x00, 0x00, 0x00, 0x00, 0x00, 0x00, 0x00, 0x00, 0x00, 0x00, 0x00,
    0x00, 0x00, 0x00, 0x00, 0x00, 0x00, 0x00, 0x00, 0x00, 0x00, 0x00, 0x00, 0x00, 0x00, 0x00, 0x00,
    0x00, 0x00, 0x00, 0x00, 0xFF, 0xFF, 0x00, 0x01, 0xFF, 0xFF, 0x00, 0x01, 0xFF, 0x7F, 0x7F, 0x02,
    0xFF, 0xD7, 0x56, 0x47, 0xFE, 0xD8, 0x58, 0xA4, 0xFF, 0xD7, 0x57, 0xCE, 0xFF, 0xD7, 0x57, 0xCE,
    0xFF, 0xD9, 0x59, 0xB9, 0xFF, 0xDA, 0x59, 0xF2, 0xFF, 0xD2, 0x58, 0x34, 0x00, 0x00, 0x00, 0x00,
    0xFF, 0xBF, 0x3F, 0x04, 0x00, 0x00, 0x00, 0x00, 0x00, 0x00, 0x00, 0x00, 0x00, 0x00, 0x00, 0x00,
    0x00, 0x00, 0x00, 0x00, 0x00, 0x00, 0x00, 0x00, 0x00, 0x00, 0x00, 0x00, 0x00, 0x00, 0x00, 0x00,
    0x00, 0x00, 0x00, 0x00, 0x00, 0x00, 0x00, 0x00, 0x00, 0x00, 0x00, 0x00, 0x00, 0x00, 0x00, 0x00,
    0x00, 0x00, 0x00, 0x00, 0xFF, 0xFF, 0x7F, 0x02, 0x00, 0x00, 0x00, 0x00, 0xFF, 0xDB, 0x5A, 0x96,
    0xFF, 0xE8, 0x5F, 0xFF, 0xFF, 0xD8, 0x59, 0xF9, 0xFF, 0xD8, 0x59, 0xFE, 0xFF, 0xD8, 0x59, 0xFF,
    0xFF, 0xD8, 0x59, 0xFF, 0xFF, 0xD8, 0x59, 0xFF, 0xFF, 0xD8, 0x59, 0xFF, 0xFF, 0xD7, 0x59, 0xFE,
    0xFF, 0xD8, 0x58, 0xFA, 0xFF, 0xE4, 0x5E, 0xFF, 0xFE, 0xD9, 0x5A, 0x65, 0x00, 0x00, 0x00, 0x00,
    0xFF, 0xAA, 0x55, 0x03, 0x00, 0x00, 0x00, 0x00, 0x00, 0x00, 0x00, 0x00, 0x00, 0x00, 0x00, 0x00,
    0x00, 0x00, 0x00, 0x00, 0x00, 0x00, 0x00, 0x00, 0x00, 0x00, 0x00, 0x00, 0x00, 0x00, 0x00, 0x00,
    0x00, 0x00, 0x00, 0x00, 0x00, 0x00, 0x00, 0x00, 0x00, 0x00, 0x00, 0x00, 0x00, 0x00, 0x00, 0x00,
    0x00, 0x00, 0x00, 0x00, 0x00, 0x00, 0x00, 0x00, 0x00, 0x00, 0x00, 0x00, 0x00, 0x00, 0x00, 0x00,
    0xFE, 0xDF, 0x5C, 0xCA, 0xFE, 0xDA, 0x58, 0x71, 0x00, 0x00, 0x00, 0x00, 0xFF, 0xFF, 0x55, 0x03,
    0x00, 0x00, 0x00, 0x00, 0x00, 0x00, 0x00, 0x00, 0x00, 0x00, 0x00, 0x00, 0x00, 0x00, 0x00, 0x00,
    0x00, 0x00, 0x00, 0x00, 0xFF, 0xFF, 0x7F, 0x02, 0xFF, 0xFF, 0x7F, 0x02, 0x00, 0x00, 0x00, 0x00,
    0xFF, 0xCC, 0x4C, 0x0A, 0xFF, 0xDA, 0x59, 0x91, 0xFF, 0xE9, 0x60, 0xFF, 0xFF, 0xD8, 0x59, 0xAE,
    0xFF, 0xD6, 0x5D, 0x13, 0x00, 0x00, 0x00, 0x00, 0xFF, 0xAA, 0x55, 0x03, 0x00, 0x00, 0x00, 0x00,
    0x00, 0x00, 0x00, 0x00, 0x00, 0x00, 0x00, 0x00, 0x00, 0x00, 0x00, 0x00, 0x00, 0x00, 0x00, 0x00,
    0x00, 0x00, 0x00, 0x00, 0x00, 0x00, 0x00, 0x00, 0x00, 0x00, 0x00, 0x00, 0x00, 0x00, 0x00, 0x00,
    0x00, 0x00, 0x00, 0x00, 0x00, 0x00, 0x00, 0x00, 0x00, 0x00, 0x00, 0x00, 0x00, 0x00, 0x00, 0x00,
    0x00, 0x00, 0x00, 0x00, 0x00, 0x00, 0x00, 0x00, 0x00, 0x00, 0x00, 0x00, 0x00, 0x00, 0x00, 0x00,
    0x00, 0x00, 0x00, 0x00, 0x00, 0x00, 0x00, 0x00, 0x00, 0x00, 0x00, 0x00, 0x00, 0x00, 0x00, 0x00,
    0x00, 0x00, 0x00, 0x00, 0x00, 0x00, 0x00, 0x00, 0x00, 0x00, 0x00, 0x00, 0x00, 0x00, 0x00, 0x00,
    0x00, 0x00, 0x00, 0x00, 0x00, 0x00, 0x00, 0x00, 0x00, 0x00, 0x00, 0x00, 0x00, 0x00, 0x00, 0x00,
    0x00, 0x00, 0x00, 0x00, 0x00, 0x00, 0x00, 0x00, 0x00, 0x00, 0x00, 0x00, 0x00, 0x00, 0x00, 0x00,
    0x00, 0x00, 0x00, 0x00, 0x00, 0x00, 0x00, 0x00, 0x00, 0x00, 0x00, 0x00, 0x00, 0x00, 0x00, 0x00,
    0x00, 0x00, 0x00, 0x00, 0x00, 0x00, 0x00, 0x00, 0x00, 0x00, 0x00, 0x00, 0x00, 0x00, 0x00, 0x00,
    0x00, 0x00, 0x00, 0x00, 0x00, 0x00, 0x00, 0x00, 0x00, 0x00, 0x00, 0x00, 0x00, 0x00, 0x00, 0x00,
    0x00, 0x00, 0x00, 0x00, 0x00, 0x00, 0x00, 0x00, 0x00, 0x00, 0x00, 0x00, 0x00, 0x00, 0x00, 0x00,
    0x00, 0x00, 0x00, 0x00, 0x00, 0x00, 0x00, 0x00, 0x00, 0x00, 0x00, 0x00, 0x00, 0x00, 0x00, 0x00,
    0x00, 0x00, 0x00, 0x00, 0x00, 0x00, 0x00, 0x00, 0x00, 0x00, 0x00, 0x00, 0x00, 0x00, 0x00, 0x00,
    0x00, 0x00, 0x00, 0x00, 0x00, 0x00, 0x00, 0x00, 0x00, 0x00, 0x00, 0x00, 0x00, 0x00, 0x00, 0x00,
    0x00, 0x00, 0x00, 0x00, 0x00, 0x00, 0x00, 0x00, 0x00, 0x00, 0x00, 0x00, 0x00, 0x00, 0x00, 0x00,
    0x00, 0x00, 0x00, 0x00, 0x00, 0x00, 0x00, 0x00, 0x00, 0x00, 0x00, 0x00, 0x00, 0x00, 0x00, 0x00,
    0x00, 0x00, 0x00, 0x00, 0x00, 0x00, 0x00, 0x00, 0x00, 0x00, 0x00, 0x00, 0x00, 0x00, 0x00, 0x00,
    0x00, 0x00, 0x00, 0x00, 0x00, 0x00, 0x00, 0x00, 0xFF, 0xFF, 0x00, 0x01, 0x00, 0x00, 0x00, 0x00,
    0xFF, 0xC9, 0x55, 0x18, 0xFF, 0xD8, 0x58, 0xB5, 0xFF, 0xEE, 0x62, 0xFF, 0xFF, 0xDC, 0x5A, 0xF2,
    0xFF, 0xD6, 0x57, 0xBD, 0xFF, 0xD7, 0x59, 0xB4, 0xFE, 0xD6, 0x57, 0xE5, 0xFF, 0xE5, 0x5E, 0xFF,
    0xFF, 0xDB, 0x59, 0xD3, 0xFF, 0xD4, 0x55, 0x30, 0x00, 0x00, 0x00, 0x00, 0xFF, 0x7F, 0x7F, 0x02,
    0x00, 0x00, 0x00, 0x00, 0x00, 0x00, 0x00, 0x00, 0x00, 0x00, 0x00, 0x00, 0x00, 0x00, 0x00, 0x00,
    0x00, 0x00, 0x00, 0x00, 0x00, 0x00, 0x00, 0x00, 0x00, 0x00, 0x00, 0x00, 0x00, 0x00, 0x00, 0x00,
    0x00, 0x00, 0x00, 0x00, 0x00, 0x00, 0x00, 0x00, 0x00, 0x00, 0x00, 0x00, 0xFF, 0xFF, 0x00, 0x01,
    0x00, 0x00, 0x00, 0x00, 0xFF, 0xD6, 0x50, 0x13, 0xFE, 0xDC, 0x5B, 0xCF, 0xFF, 0xE5, 0x5F, 0xFF,
    0xFF, 0xD7, 0x58, 0xFA, 0xFE, 0xD7, 0x59, 0xFC, 0xFF, 0xD7, 0x59, 0xFE, 0xFF, 0xD7, 0x59, 0xFE,
    0xFE, 0xD7, 0x59, 0xFC, 0xFF, 0xD7, 0x58, 0xFA, 0xFF, 0xE9, 0x60, 0xFF, 0xFF, 0xD9, 0x59, 0xAB,
    0x00, 0x00, 0x00, 0x00, 0xFF, 0x00, 0x00, 0x01, 0x00, 0x00, 0x00, 0x00, 0x00, 0x00, 0x00, 0x00,
    0x00, 0x00, 0x00, 0x00, 0x00, 0x00, 0x00, 0x00, 0x00, 0x00, 0x00, 0x00, 0x00, 0x00, 0x00, 0x00,
    0x00, 0x00, 0x00, 0x00, 0x00, 0x00, 0x00, 0x00, 0x00, 0x00, 0x00, 0x00, 0x00, 0x00, 0x00, 0x00,
    0x00, 0x00, 0x00, 0x00, 0x00, 0x00, 0x00, 0x00, 0x00, 0x00, 0x00, 0x00, 0x00, 0x00, 0x00, 0x00,
    0xFF, 0xFF, 0x55, 0x03, 0x00, 0x00, 0x00, 0x00, 0xFF, 0xDC, 0x5A, 0x68, 0xFF, 0xDE, 0x5B, 0xD4,
    0xFF, 0xBF, 0x00, 0x04, 0x00, 0x00, 0x00, 0x00, 0xFF, 0xFF, 0x00, 0x01, 0x00, 0x00, 0x00, 0x00,
    0x00, 0x00, 0x00, 0x00, 0xFF, 0xFF, 0x7F, 0x02, 0xFF, 0xAA, 0x55, 0x03, 0xFF, 0x00, 0x00, 0x01,
    0x00, 0x00, 0x00, 0x00, 0xFF, 0xD6, 0x57, 0x4C, 0xFF, 0xDC, 0x5A, 0xE4, 0xFE, 0xDC, 0x5B, 0xF6,
    0xFF, 0xD4, 0x58, 0x5F, 0x00, 0x00, 0x00, 0x00, 0xFF, 0xFF, 0x00, 0x01, 0xFF, 0xFF, 0x7F, 0x02,
    0x00, 0x00, 0x00, 0x00, 0x00, 0x00, 0x00, 0x00, 0x00, 0x00, 0x00, 0x00, 0x00, 0x00, 0x00, 0x00,
    0x00, 0x00, 0x00, 0x00, 0x00, 0x00, 0x00, 0x00, 0x00, 0x00, 0x00, 0x00, 0x00, 0x00, 0x00, 0x00,
    0x00, 0x00, 0x00, 0x00, 0x00, 0x00, 0x00, 0x00, 0x00, 0x00, 0x00, 0x00, 0x00, 0x00, 0x00, 0x00,
    0x00, 0x00, 0x00, 0x00, 0x00, 0x00, 0x00, 0x00, 0x00, 0x00, 0x00, 0x00, 0x00, 0x00, 0x00, 0x00,
    0x00, 0x00, 0x00, 0x00, 0x00, 0x00, 0x00, 0x00, 0x00, 0x00, 0x00, 0x00, 0x00, 0x00, 0x00, 0x00,
    0x00, 0x00, 0x00, 0x00, 0x00, 0x00, 0x00, 0x00, 0x00, 0x00, 0x00, 0x00, 0x00, 0x00, 0x00, 0x00,
    0x00, 0x00, 0x00, 0x00, 0x00, 0x00, 0x00, 0x00, 0x00, 0x00, 0x00, 0x00, 0x00, 0x00, 0x00, 0x00,
    0x00, 0x00, 0x00, 0x00, 0x00, 0x00, 0x00, 0x00, 0x00, 0x00, 0x00, 0x00, 0x00, 0x00, 0x00, 0x00,
    0x00, 0x00, 0x00, 0x00, 0x00, 0x00, 0x00, 0x00, 0x00, 0x00, 0x00, 0x00, 0x00, 0x00, 0x00, 0x00,
    0x00, 0x00, 0x00, 0x00, 0x00, 0x00, 0x00, 0x00, 0x00, 0x00, 0x00, 0x00, 0x00, 0x00, 0x00, 0x00,
    0x00, 0x00, 0x00, 0x00, 0x00, 0x00, 0x00, 0x00, 0x00, 0x00, 0x00, 0x00, 0x00, 0x00, 0x00, 0x00,
    0x00, 0x00, 0x00, 0x00, 0x00, 0x00, 0x00, 0x00, 0x00, 0x00, 0x00, 0x00, 0x00, 0x00, 0x00, 0x00,
    0x00, 0x00, 0x00, 0x00, 0x00, 0x00, 0x00, 0x00, 0x00, 0x00, 0x00, 0x00, 0x00, 0x00, 0x00, 0x00,
    0x00, 0x00, 0x00, 0x00, 0x00, 0x00, 0x00, 0x00, 0x00, 0x00, 0x00, 0x00, 0x00, 0x00, 0x00, 0x00,
    0x00, 0x00, 0x00, 0x00, 0x00, 0x00, 0x00, 0x00, 0x00, 0x00, 0x00, 0x00, 0x00, 0x00, 0x00, 0x00,
    0x00, 0x00, 0x00, 0x00, 0x00, 0x00, 0x00, 0x00, 0x00, 0x00, 0x00, 0x00, 0x00, 0x00, 0x00, 0x00,
    0x00, 0x00, 0x00, 0x00, 0x00, 0x00, 0x00, 0x00, 0x00, 0x00, 0x00, 0x00, 0x00, 0x00, 0x00, 0x00,
    0x00, 0x00, 0x00, 0x00, 0x00, 0x00, 0x00, 0x00, 0x00, 0x00, 0x00, 0x00, 0x00, 0x00, 0x00, 0x00,
    0x00, 0x00, 0x00, 0x00, 0x00, 0x00, 0x00, 0x00, 0x00, 0x00, 0x00, 0x00, 0xFF, 0xFF, 0x00, 0x01,
    0x00, 0x00, 0x00, 0x00, 0xFF, 0xBF, 0x4F, 0x10, 0xFF, 0xDD, 0x5B, 0xCC, 0xFF, 0xE7, 0x5F, 0xFF,
    0xFF, 0xD1, 0x56, 0x6A, 0xFF, 0xBF, 0x7F, 0x04, 0xFF, 0xDC, 0x5C, 0x16, 0xFF, 0xD9, 0x55, 0x1B,
    0xFF, 0xCC, 0x66, 0x05, 0xFF, 0xD1, 0x53, 0x43, 0xFF, 0xE2, 0x5C, 0xE8, 0xFE, 0xE1, 0x5D, 0xEE,
    0xFF, 0xCD, 0x53, 0x2E, 0x00, 0x00, 0x00, 0x00, 0xFF, 0xFF, 0x7F, 0x02, 0x00, 0x00, 0x00, 0x00,
    0x00, 0x00, 0x00, 0x00, 0x00, 0x00, 0x00, 0x00, 0x00, 0x00, 0x00, 0x00, 0x00, 0x00, 0x00, 0x00,
    0x00, 0x00, 0x00, 0x00, 0x00, 0x00, 0x00, 0x00, 0x00, 0x00, 0x00, 0x00, 0x00, 0x00, 0x00, 0x00,
    0x00, 0x00, 0x00, 0x00, 0x00, 0x00, 0x00, 0x00, 0xFF, 0xFF, 0x7F, 0x02, 0x00, 0x00, 0x00, 0x00,
    0xFF, 0xD7, 0x57, 0x20, 0xFF, 0xD8, 0x59, 0xCB, 0xFF, 0xE7, 0x5F, 0xFF, 0xFF, 0xDF, 0x5B, 0xFE,
    0xFF, 0xDB, 0x5A, 0xFF, 0xFF, 0xDB, 0x5A, 0xFF, 0xFF, 0xDF, 0x5B, 0xFE, 0xFF, 0xE8, 0x60, 0xFF,
    0xFF, 0xD8, 0x58, 0xB2, 0xFF, 0xEB, 0x62, 0x0D, 0x00, 0x00, 0x00, 0x00, 0xFF, 0xFF, 0x00, 0x01,
    0x00, 0x00, 0x00, 0x00, 0x00, 0x00, 0x00, 0x00, 0x00, 0x00, 0x00, 0x00, 0x00, 0x00, 0x00, 0x00,
    0x00, 0x00, 0x00, 0x00, 0x00, 0x00, 0x00, 0x00, 0x00, 0x00, 0x00, 0x00, 0x00, 0x00, 0x00, 0x00,
    0x00, 0x00, 0x00, 0x00, 0x00, 0x00, 0x00, 0x00, 0x00, 0x00, 0x00, 0x00, 0x00, 0x00, 0x00, 0x00,
    0x00, 0x00, 0x00, 0x00, 0x00, 0x00, 0x00, 0x00, 0xFF, 0xFF, 0x00, 0x01, 0x00, 0x00, 0x00, 0x00,
    0xFF, 0xD7, 0x4E, 0x0D, 0xFF, 0xDD, 0x5A, 0xE4, 0xFF, 0xDB, 0x5A, 0x5D, 0x00, 0x00, 0x00, 0x00,
    0xFF, 0xFF, 0x3F, 0x04, 0xFF, 0xFF, 0x7F, 0x02, 0xFF, 0xAA, 0x55, 0x03, 0xFF, 0xFF, 0x00, 0x01,
    0x00, 0x00, 0x00, 0x00, 0xFF, 0xD3, 0x56, 0x2F, 0xFF, 0xDA, 0x5A, 0xBB, 0xFF, 0xE6, 0x5E, 0xFF,
    0xFF, 0xD7, 0x58, 0xAD, 0xFF, 0xD6, 0x5B, 0x19, 0x00, 0x00, 0x00, 0x00, 0xFF, 0xAA, 0x55, 0x03,
    0xFF, 0xFF, 0x00, 0x01, 0x00, 0x00, 0x00, 0x00, 0x00, 0x00, 0x00, 0x00, 0x00, 0x00, 0x00, 0x00,
    0x00, 0x00, 0x00, 0x00, 0x00, 0x00, 0x00, 0x00, 0x00, 0x00, 0x00, 0x00, 0x00, 0x00, 0x00, 0x00,
    0x00, 0x00, 0x00, 0x00, 0x00, 0x00, 0x00, 0x00, 0x00, 0x00, 0x00, 0x00, 0x00, 0x00, 0x00, 0x00,
    0x00, 0x00, 0x00, 0x00, 0x00, 0x00, 0x00, 0x00, 0x00, 0x00, 0x00, 0x00, 0x00, 0x00, 0x00, 0x00,
    0x00, 0x00, 0x00, 0x00, 0x00, 0x00, 0x00, 0x00, 0x00, 0x00, 0x00, 0x00, 0x00, 0x00, 0x00, 0x00,
    0x00, 0x00, 0x00, 0x00, 0x00, 0x00, 0x00, 0x00, 0x00, 0x00, 0x00, 0x00, 0x00, 0x00, 0x00, 0x00,
    0x00, 0x00, 0x00, 0x00, 0x00, 0x00, 0x00, 0x00, 0x00, 0x00, 0x00, 0x00, 0x00, 0x00, 0x00, 0x00,
    0x00, 0x00, 0x00, 0x00, 0x00, 0x00, 0x00, 0x00, 0x00, 0x00, 0x00, 0x00, 0x00, 0x00, 0x00, 0x00,
    0x00, 0x00, 0x00, 0x00, 0x00, 0x00, 0x00, 0x00, 0x00, 0x00, 0x00, 0x00, 0x00, 0x00, 0x00, 0x00,
    0x00, 0x00, 0x00, 0x00, 0x00, 0x00, 0x00, 0x00, 0x00, 0x00, 0x00, 0x00, 0x00, 0x00, 0x00, 0x00,
    0x00, 0x00, 0x00, 0x00, 0x00, 0x00, 0x00, 0x00, 0x00, 0x00, 0x00, 0x00, 0x00, 0x00, 0x00, 0x00,
    0x00, 0x00, 0x00, 0x00, 0x00, 0x00, 0x00, 0x00, 0x00, 0x00, 0x00, 0x00, 0x00, 0x00, 0x00, 0x00,
    0x00, 0x00, 0x00, 0x00, 0x00, 0x00, 0x00, 0x00, 0x00, 0x00, 0x00, 0x00, 0x00, 0x00, 0x00, 0x00,
    0x00, 0x00, 0x00, 0x00, 0x00, 0x00, 0x00, 0x00, 0x00, 0x00, 0x00, 0x00, 0x00, 0x00, 0x00, 0x00,
    0x00, 0x00, 0x00, 0x00, 0x00, 0x00, 0x00, 0x00, 0x00, 0x00, 0x00, 0x00, 0x00, 0x00, 0x00, 0x00,
    0x00, 0x00, 0x00, 0x00, 0x00, 0x00, 0x00, 0x00, 0x00, 0x00, 0x00, 0x00, 0x00, 0x00, 0x00, 0x00,
    0x00, 0x00, 0x00, 0x00, 0x00, 0x00, 0x00, 0x00, 0x00, 0x00, 0x00, 0x00, 0x00, 0x00, 0x00, 0x00,
    0x00, 0x00, 0x00, 0x00, 0x00, 0x00, 0x00, 0x00, 0x00, 0x00, 0x00, 0x00, 0x00, 0x00, 0x00, 0x00,
    0x00, 0x00, 0x00, 0x00, 0x00, 0x00, 0x00, 0x00, 0x00, 0x00, 0x00, 0x00, 0x00, 0x00, 0x00, 0x00,
    0x00, 0x00, 0x00, 0x00, 0xFF, 0xFF, 0x7F, 0x02, 0x00, 0x00, 0x00, 0x00, 0xFF, 0xDA, 0x59, 0x92,
    0xFF, 0xEC, 0x61, 0xFF, 0xFF, 0xD8, 0x58, 0x48, 0xFF, 0xD4, 0x55, 0x18, 0xFF, 0xD7, 0x59, 0xBA,
    0xFE, 0xD8, 0x59, 0xFC, 0xFF, 0xD9, 0x59, 0xFF, 0xFF, 0xD7, 0x58, 0xD9, 0xFF, 0xD7, 0x5A, 0x41,
    0xFF, 0xC4, 0x4E, 0x1A, 0xFE, 0xDE, 0x5C, 0xEE, 0xFF, 0xDE, 0x5B, 0xC6, 0x00, 0x00, 0x00, 0x00,
    0x00, 0x00, 0x00, 0x00, 0xFF, 0xFF, 0x00, 0x01, 0x00, 0x00, 0x00, 0x00, 0x00, 0x00, 0x00, 0x00,
    0x00, 0x00, 0x00, 0x00, 0x00, 0x00, 0x00, 0x00, 0x00, 0x00, 0x00, 0x00, 0x00, 0x00, 0x00, 0x00,
    0x00, 0x00, 0x00, 0x00, 0x00, 0x00, 0x00, 0x00, 0x00, 0x00, 0x00, 0x00, 0x00, 0x00, 0x00, 0x00,
    0x00, 0x00, 0x00, 0x00, 0xFF, 0xFF, 0x00, 0x01, 0x00, 0x00, 0x00, 0x00, 0xFF, 0xD4, 0x55, 0x0C,
    0xFF, 0xD6, 0x59, 0x72, 0xFE, 0xD6, 0x57, 0xD1, 0xFE, 0xD7, 0x58, 0xEF, 0xFF, 0xD7, 0x59, 0xF0,
    0xFF, 0xD7, 0x58, 0xD3, 0xFF, 0xD6, 0x5A, 0x6B, 0xFF, 0xCC, 0x66, 0x05, 0xFF, 0x00, 0x00, 0x01,
    0xFF, 0xFF, 0x00, 0x01, 0x00, 0x00, 0x00, 0x00, 0x00, 0x00, 0x00, 0x00, 0x00, 0x00, 0x00, 0x00,
    0x00, 0x00, 0x00, 0x00, 0x00, 0x00, 0x00, 0x00, 0x00, 0x00, 0x00, 0x00, 0x00, 0x00, 0x00, 0x00,
    0x00, 0x00, 0x00, 0x00, 0x00, 0x00, 0x00, 0x00, 0x00, 0x00, 0x00, 0x00, 0x00, 0x00, 0x00, 0x00,
    0x00, 0x00, 0x00, 0x00, 0x00, 0x00, 0x00, 0x00, 0x00, 0x00, 0x00, 0x00, 0x00, 0x00, 0x00, 0x00,
    0x00, 0x00, 0x00, 0x00, 0xFF, 0xFF, 0x55, 0x03, 0x00, 0x00, 0x00, 0x00, 0xFF, 0xDA, 0x5A, 0x8D,
    0xFF, 0xDC, 0x59, 0xD5, 0x00, 0x00, 0x00, 0x00, 0x00, 0x00, 0x00, 0x00, 0xFF, 0x7F, 0x7F, 0x02,
    0x00, 0x00, 0x00, 0x00, 0xFF, 0xD4, 0x55, 0x24, 0xFF, 0xD7, 0x57, 0xA6, 0xFF, 0xE4, 0x5E, 0xFF,
    0xFF, 0xD9, 0x59, 0xDC, 0xFF, 0xD4, 0x58, 0x48, 0x00, 0x00, 0x00, 0x00, 0xFF, 0xFF, 0x00, 0x01,
    0xFF, 0xAA, 0x55, 0x03, 0x00, 0x00, 0x00, 0x00, 0x00, 0x00, 0x00, 0x00, 0x00, 0x00, 0x00, 0x00,
    0x00, 0x00, 0x00, 0x00, 0x00, 0x00, 0x00, 0x00, 0x00, 0x00, 0x00, 0x00, 0x00, 0x00, 0x00, 0x00,
    0x00, 0x00, 0x00, 0x00, 0x00, 0x00, 0x00, 0x00, 0x00, 0x00, 0x00, 0x00, 0x00, 0x00, 0x00, 0x00,
    0x00, 0x00, 0x00, 0x00, 0x00, 0x00, 0x00, 0x00, 0x00, 0x00, 0x00, 0x00, 0x00, 0x00, 0x00, 0x00,
    0x00, 0x00, 0x00, 0x00, 0x00, 0x00, 0x00, 0x00, 0x00, 0x00, 0x00, 0x00, 0x00, 0x00, 0x00, 0x00,
    0x00, 0x00, 0x00, 0x00, 0x00, 0x00, 0x00, 0x00, 0x00, 0x00, 0x00, 0x00, 0x00, 0x00, 0x00, 0x00,
    0x00, 0x00, 0x00, 0x00, 0x00, 0x00, 0x00, 0x00, 0x00, 0x00, 0x00, 0x00, 0x00, 0x00, 0x00, 0x00,
    0x00, 0x00, 0x00, 0x00, 0x00, 0x00, 0x00, 0x00, 0x00, 0x00, 0x00, 0x00, 0x00, 0x00, 0x00, 0x00,
    0x00, 0x00, 0x00, 0x00, 0x00, 0x00, 0x00, 0x00, 0x00, 0x00, 0x00, 0x00, 0x00, 0x00, 0x00, 0x00,
    0x00, 0x00, 0x00, 0x00, 0x00, 0x00, 0x00, 0x00, 0x00, 0x00, 0x00, 0x00, 0x00, 0x00, 0x00, 0x00,
    0x00, 0x00, 0x00, 0x00, 0x00, 0x00, 0x00, 0x00, 0x00, 0x00, 0x00, 0x00, 0x00, 0x00, 0x00, 0x00,
    0x00, 0x00, 0x00, 0x00, 0x00, 0x00, 0x00, 0x00, 0x00, 0x00, 0x00, 0x00, 0x00, 0x00, 0x00, 0x00,
    0x00, 0x00, 0x00, 0x00, 0x00, 0x00, 0x00, 0x00, 0x00, 0x00, 0x00, 0x00, 0x00, 0x00, 0x00, 0x00,
    0x00, 0x00, 0x00, 0x00, 0x00, 0x00, 0x00, 0x00, 0x00, 0x00, 0x00, 0x00, 0x00, 0x00, 0x00, 0x00,
    0x00, 0x00, 0x00, 0x00, 0x00, 0x00, 0x00, 0x00, 0x00, 0x00, 0x00, 0x00, 0x00, 0x00, 0x00, 0x00,
    0x00, 0x00, 0x00, 0x00, 0x00, 0x00, 0x00, 0x00, 0x00, 0x00, 0x00, 0x00, 0x00, 0x00, 0x00, 0x00,
    0x00, 0x00, 0x00, 0x00, 0x00, 0x00, 0x00, 0x00, 0x00, 0x00, 0x00, 0x00, 0x00, 0x00, 0x00, 0x00,
    0x00, 0x00, 0x00, 0x00, 0x00, 0x00, 0x00, 0x00, 0x00, 0x00, 0x00, 0x00, 0x00, 0x00, 0x00, 0x00,
    0x00, 0x00, 0x00, 0x00, 0x00, 0x00, 0x00, 0x00, 0x00, 0x00, 0x00, 0x00, 0x00, 0x00, 0x00, 0x00,
    0x00, 0x00, 0x00, 0x00, 0x00, 0x00, 0x00, 0x00, 0xFF, 0xFF, 0x00, 0x01, 0x00, 0x00, 0x00, 0x00,
    0xFF, 0xDD, 0x58, 0x17, 0xFF, 0xDC, 0x5A, 0xFD, 0xFF, 0xDB, 0x59, 0x9C, 0xFF, 0xCC, 0x55, 0x0F,
    0xFE, 0xDE, 0x5B, 0xE2, 0xFF, 0xE9, 0x60, 0xFF, 0xFF, 0xD9, 0x58, 0xFD, 0xFF, 0xD8, 0x58, 0xFE,
    0xFF, 0xE1, 0x5C, 0xFF, 0xFF, 0xE4, 0x5E, 0xFF, 0xFF, 0xD1, 0x56, 0x3E, 0xFF, 0xD6, 0x56, 0x58,
    0xFF, 0xEA, 0x60, 0xFF, 0xFF, 0xDD, 0x5A, 0x44, 0x00, 0x00, 0x00, 0x00, 0xFF, 0xAA, 0x55, 0x03,
    0x00, 0x00, 0x00, 0x00, 0x00, 0x00, 0x00, 0x00, 0x00, 0x00, 0x00, 0x00, 0x00, 0x00, 0x00, 0x00,
    0x00, 0x00, 0x00, 0x00, 0x00, 0x00, 0x00, 0x00, 0x00, 0x00, 0x00, 0x00, 0x00, 0x00, 0x00, 0x00,
    0x00, 0x00, 0x00, 0x00, 0x00, 0x00, 0x00, 0x00, 0x00, 0x00, 0x00, 0x00, 0x00, 0x00, 0x00, 0x00,
    0xFF, 0xFF, 0x00, 0x01, 0xFF, 0xFF, 0x00, 0x01, 0x00, 0x00, 0x00, 0x00, 0xFF, 0xFF, 0xFF, 0x01,
    0xFF, 0xD6, 0x5B, 0x19, 0xFE, 0xD1, 0x51, 0x1C, 0xFF, 0xFF, 0x7F, 0x02, 0x00, 0x00, 0x00, 0x00,
    0xFF, 0xFF, 0x00, 0x01, 0xFF, 0xFF, 0x00, 0x01, 0x00, 0x00, 0x00, 0x00, 0x00, 0x00, 0x00, 0x00,
    0x00, 0x00, 0x00, 0x00, 0x00, 0x00, 0x00, 0x00, 0x00, 0x00, 0x00, 0x00, 0x00, 0x00, 0x00, 0x00,
    0x00, 0x00, 0x00, 0x00, 0x00, 0x00, 0x00, 0x00, 0x00, 0x00, 0x00, 0x00, 0x00, 0x00, 0x00, 0x00,
    0x00, 0x00, 0x00, 0x00, 0x00, 0x00, 0x00, 0x00, 0x00, 0x00, 0x00, 0x00, 0x00, 0x00, 0x00, 0x00,
    0x00, 0x00, 0x00, 0x00, 0x00, 0x00, 0x00, 0x00, 0x00, 0x00, 0x00, 0x00, 0xFF, 0xFF, 0x7F, 0x02,
    0x00, 0x00, 0x00, 0x00, 0xFF, 0xD1, 0x55, 0x27, 0xFF, 0xDF, 0x5C, 0xFB, 0xFF, 0xD7, 0x5A, 0x68,
    0x00, 0x00, 0x00, 0x00, 0xFF, 0xD9, 0x5A, 0x22, 0xFF, 0xD5, 0x57, 0x9E, 0xFF, 0xE1, 0x5D, 0xFD,
    0xFF, 0xDD, 0x5B, 0xF0, 0xFF, 0xD7, 0x58, 0x6E, 0xFF, 0xD4, 0x55, 0x06, 0x00, 0x00, 0x00, 0x00,
    0xFF, 0xFF, 0x7F, 0x02, 0xFF, 0xFF, 0xFF, 0x01, 0x00, 0x00, 0x00, 0x00, 0x00, 0x00, 0x00, 0x00,
    0x00, 0x00, 0x00, 0x00, 0x00, 0x00, 0x00, 0x00, 0x00, 0x00, 0x00, 0x00, 0x00, 0x00, 0x00, 0x00,
    0x00, 0x00, 0x00, 0x00, 0x00, 0x00, 0x00, 0x00, 0x00, 0x00, 0x00, 0x00, 0x00, 0x00, 0x00, 0x00,
    0x00, 0x00, 0x00, 0x00, 0x00, 0x00, 0x00, 0x00, 0x00, 0x00, 0x00, 0x00, 0x00, 0x00, 0x00, 0x00,
    0x00, 0x00, 0x00, 0x00, 0x00, 0x00, 0x00, 0x00, 0x00, 0x00, 0x00, 0x00, 0x00, 0x00, 0x00, 0x00,
    0x00, 0x00, 0x00, 0x00, 0x00, 0x00, 0x00, 0x00, 0x00, 0x00, 0x00, 0x00, 0x00, 0x00, 0x00, 0x00,
    0x00, 0x00, 0x00, 0x00, 0x00, 0x00, 0x00, 0x00, 0x00, 0x00, 0x00, 0x00, 0x00, 0x00, 0x00, 0x00,
    0x00, 0x00, 0x00, 0x00, 0x00, 0x00, 0x00, 0x00, 0x00, 0x00, 0x00, 0x00, 0x00, 0x00, 0x00, 0x00,
    0x00, 0x00, 0x00, 0x00, 0x00, 0x00, 0x00, 0x00, 0x00, 0x00, 0x00, 0x00, 0x00, 0x00, 0x00, 0x00,
    0x00, 0x00, 0x00, 0x00, 0x00, 0x00, 0x00, 0x00, 0x00, 0x00, 0x00, 0x00, 0x00, 0x00, 0x00, 0x00,
    0x00, 0x00, 0x00, 0x00, 0x00, 0x00, 0x00, 0x00, 0x00, 0x00, 0x00, 0x00, 0x00, 0x00, 0x00, 0x00,
    0x00, 0x00, 0x00, 0x00, 0x00, 0x00, 0x00, 0x00, 0x00, 0x00, 0x00, 0x00, 0x00, 0x00, 0x00, 0x00,
    0x00, 0x00, 0x00, 0x00, 0x00, 0x00, 0x00, 0x00, 0x00, 0x00, 0x00, 0x00, 0x00, 0x00, 0x00, 0x00,
    0x00, 0x00, 0x00, 0x00, 0x00, 0x00, 0x00, 0x00, 0x00, 0x00, 0x00, 0x00, 0x00, 0x00, 0x00, 0x00,
    0x00, 0x00, 0x00, 0x00, 0x00, 0x00, 0x00, 0x00, 0x00, 0x00, 0x00, 0x00, 0x00, 0x00, 0x00, 0x00,
    0x00, 0x00, 0x00, 0x00, 0x00, 0x00, 0x00, 0x00, 0x00, 0x00, 0x00, 0x00, 0x00, 0x00, 0x00, 0x00,
    0x00, 0x00, 0x00, 0x00, 0x00, 0x00, 0x00, 0x00, 0x00, 0x00, 0x00, 0x00, 0x00, 0x00, 0x00, 0x00,
    0x00, 0x00, 0x00, 0x00, 0x00, 0x00, 0x00, 0x00, 0x00, 0x00, 0x00, 0x00, 0x00, 0x00, 0x00, 0x00,
    0x00, 0x00, 0x00, 0x00, 0x00, 0x00, 0x00, 0x00, 0x00, 0x00, 0x00, 0x00, 0x00, 0x00, 0x00, 0x00,
    0x00, 0x00, 0x00, 0x00, 0x00, 0x00, 0x00, 0x00, 0x00, 0x00, 0x00, 0x00, 0x00, 0x00, 0x00, 0x00,
    0xFF, 0xFF, 0x55, 0x03, 0x00, 0x00, 0x00, 0x00, 0xFF, 0xDF, 0x5C, 0x50, 0xFF, 0xE7, 0x5F, 0xFF,
    0xFF, 0xD4, 0x55, 0x3C, 0xFF, 0xE0, 0x5B, 0x6D, 0xFF, 0xEC, 0x61, 0xFF, 0xFF, 0xD7, 0x59, 0xF8,
    0xFF, 0xD8, 0x59, 0xFE, 0xFF, 0xD8, 0x59, 0xFF, 0xFF, 0xD7, 0x58, 0xFA, 0xFF, 0xE3, 0x5D, 0xFF,
    0xFF, 0xDF, 0x5A, 0xB9, 0xFF, 0xC3, 0x4B, 0x11, 0xFF, 0xDB, 0x5A, 0xFF, 0xFF, 0xDC, 0x5B, 0x86,
    0x00, 0x00, 0x00, 0x00, 0xFF, 0xBF, 0x3F, 0x04, 0x00, 0x00, 0x00, 0x00, 0x00, 0x00, 0x00, 0x00,
    0x00, 0x00, 0x00, 0x00, 0x00, 0x00, 0x00, 0x00, 0x00, 0x00, 0x00, 0x00, 0x00, 0x00, 0x00, 0x00,
    0x00, 0x00, 0x00, 0x00, 0x00, 0x00, 0x00, 0x00, 0x00, 0x00, 0x00, 0x00, 0x00, 0x00, 0x00, 0x00,
    0x00, 0x00, 0x00, 0x00, 0x00, 0x00, 0x00, 0x00, 0x00, 0x00, 0x00, 0x00, 0xFF, 0xFF, 0x00, 0x01,
    0xFF, 0xFF, 0x7F, 0x02, 0x00, 0x00, 0x00, 0x00, 0x00, 0x00, 0x00, 0x00, 0x00, 0x00, 0x00, 0x00,
    0x00, 0x00, 0x00, 0x00, 0xFF, 0xAA, 0x55, 0x03, 0xFF, 0x00, 0x00, 0x01, 0x00, 0x00, 0x00, 0x00,
    0x00, 0x00, 0x00, 0x00, 0x00, 0x00, 0x00, 0x00, 0x00, 0x00, 0x00, 0x00, 0x00, 0x00, 0x00, 0x00,
    0x00, 0x00, 0x00, 0x00, 0x00, 0x00, 0x00, 0x00, 0x00, 0x00, 0x00, 0x00, 0x00, 0x00, 0x00, 0x00,
    0x00, 0x00, 0x00, 0x00, 0x00, 0x00, 0x00, 0x00, 0x00, 0x00, 0x00, 0x00, 0x00, 0x00, 0x00, 0x00,
    0x00, 0x00, 0x00, 0x00, 0x00, 0x00, 0x00, 0x00, 0x00, 0x00, 0x00, 0x00, 0x00, 0x00, 0x00, 0x00,
    0x00, 0x00, 0x00, 0x00, 0x00, 0x00, 0x00, 0x00, 0xFF, 0xFF, 0x7F, 0x02, 0x00, 0x00, 0x00, 0x00,
    0xFF, 0xDD, 0x5B, 0x9A, 0xFF, 0xEC, 0x61, 0xFF, 0xFF, 0xD6, 0x56, 0xD6, 0xFF, 0xE1, 0x5C, 0xF8,
    0xFF, 0xDB, 0x5A, 0xF7, 0xFF, 0xD6, 0x57, 0x83, 0xFF, 0xCF, 0x4F, 0x10, 0x00, 0x00, 0x00, 0x00,
    0xFF, 0xFF, 0x00, 0x02, 0xFF, 0xFF, 0x00, 0x02, 0x00, 0x00, 0x00, 0x00, 0x00, 0x00, 0x00, 0x00,
    0x00, 0x00, 0x00, 0x00, 0x00, 0x00, 0x00, 0x00, 0x00, 0x00, 0x00, 0x00, 0x00, 0x00, 0x00, 0x00,
    0x00, 0x00, 0x00, 0x00, 0x00, 0x00, 0x00, 0x00, 0x00, 0x00, 0x00, 0x00, 0x00, 0x00, 0x00, 0x00,
    0x00, 0x00, 0x00, 0x00, 0x00, 0x00, 0x00, 0x00, 0x00, 0x00, 0x00, 0x00, 0x00, 0x00, 0x00, 0x00,
    0x00, 0x00, 0x00, 0x00, 0x00, 0x00, 0x00, 0x00, 0x00, 0x00, 0x00, 0x00, 0x00, 0x00, 0x00, 0x00,
    0x00, 0x00, 0x00, 0x00, 0x00, 0x00, 0x00, 0x00, 0x00, 0x00, 0x00, 0x00, 0x00, 0x00, 0x00, 0x00,
    0x00, 0x00, 0x00, 0x00, 0x00, 0x00, 0x00, 0x00, 0x00, 0x00, 0x00, 0x00, 0x00, 0x00, 0x00, 0x00,
    0x00, 0x00, 0x00, 0x00, 0x00, 0x00, 0x00, 0x00, 0x00, 0x00, 0x00, 0x00, 0x00, 0x00, 0x00, 0x00,
    0x00, 0x00, 0x00, 0x00, 0x00, 0x00, 0x00, 0x00, 0x00, 0x00, 0x00, 0x00, 0x00, 0x00, 0x00, 0x00,
    0x00, 0x00, 0x00, 0x00, 0x00, 0x00, 0x00, 0x00, 0x00, 0x00, 0x00, 0x00, 0x00, 0x00, 0x00, 0x00,
    0x00, 0x00, 0x00, 0x00, 0x00, 0x00, 0x00, 0x00, 0x00, 0x00, 0x00, 0x00, 0x00, 0x00, 0x00, 0x00,
    0x00, 0x00, 0x00, 0x00, 0x00, 0x00, 0x00, 0x00, 0x00, 0x00, 0x00, 0x00, 0x00, 0x00, 0x00, 0x00,
    0x00, 0x00, 0x00, 0x00, 0x00, 0x00, 0x00, 0x00, 0x00, 0x00, 0x00, 0x00, 0x00, 0x00, 0x00, 0x00,
    0x00, 0x00, 0x00, 0x00, 0x00, 0x00, 0x00, 0x00, 0x00, 0x00, 0x00, 0x00, 0x00, 0x00, 0x00, 0x00,
    0x00, 0x00, 0x00, 0x00, 0x00, 0x00, 0x00, 0x00, 0x00, 0x00, 0x00, 0x00, 0x00, 0x00, 0x00, 0x00,
    0x00, 0x00, 0x00, 0x00, 0x00, 0x00, 0x00, 0x00, 0x00, 0x00, 0x00, 0x00, 0x00, 0x00, 0x00, 0x00,
    0x00, 0x00, 0x00, 0x00, 0x00, 0x00, 0x00, 0x00, 0x00, 0x00, 0x00, 0x00, 0x00, 0x00, 0x00, 0x00,
    0x00, 0x00, 0x00, 0x00, 0x00, 0x00, 0x00, 0x00, 0x00, 0x00, 0x00, 0x00, 0x00, 0x00, 0x00, 0x00,
    0x00, 0x00, 0x00, 0x00, 0x00, 0x00, 0x00, 0x00, 0x00, 0x00, 0x00, 0x00, 0x00, 0x00, 0x00, 0x00,
    0x00, 0x00, 0x00, 0x00, 0x00, 0x00, 0x00, 0x00, 0x00, 0x00, 0x00, 0x00, 0x00, 0x00, 0x00, 0x00,
    0x00, 0x00, 0x00, 0x00, 0x00, 0x00, 0x00, 0x00, 0xFF, 0xBF, 0x3F, 0x04, 0x00, 0x00, 0x00, 0x00,
    0xFF, 0xDB, 0x5A, 0x6B, 0xFF, 0xE2, 0x5D, 0xFF, 0xFF, 0xD3, 0x57, 0x23, 0xFF, 0xDC, 0x5A, 0x99,
    0xFF, 0xE6, 0x5E, 0xFF, 0xFE, 0xD7, 0x59, 0xFC, 0xFF, 0xD8, 0x59, 0xFF, 0xFF, 0xD8, 0x59, 0xFF,
    0xFF, 0xD7, 0x59, 0xFE, 0xFF, 0xDC, 0x5A, 0xFF, 0xFF, 0xDB, 0x59, 0xE4, 0xFF, 0xDD, 0x55, 0x0F,
    0xFF, 0xD7, 0x58, 0xE3, 0xFE, 0xD7, 0x59, 0xA3, 0x00, 0x00, 0x00, 0x00, 0xFF, 0xAA, 0x55, 0x03,
    0x00, 0x00, 0x00, 0x00, 0x00, 0x00, 0x00, 0x00, 0x00, 0x00, 0x00, 0x00, 0x00, 0x00, 0x00, 0x00,
    0x00, 0x00, 0x00, 0x00, 0x00, 0x00, 0x00, 0x00, 0x00, 0x00, 0x00, 0x00, 0x00, 0x00, 0x00, 0x00,
    0x00, 0x00, 0x00, 0x00, 0x00, 0x00, 0x00, 0x00, 0x00, 0x00, 0x00, 0x00, 0x00, 0x00, 0x00, 0x00,
    0x00, 0x00, 0x00, 0x00, 0x00, 0x00, 0x00, 0x00, 0x00, 0x00, 0x00, 0x00, 0x00, 0x00, 0x00, 0x00,
    0xFF, 0xFF, 0x00, 0x01, 0xFF, 0xFF, 0x00, 0x01, 0x00, 0x00, 0x00, 0x00, 0x00, 0x00, 0x00, 0x00,
    0x00, 0x00, 0x00, 0x00, 0x00, 0x00, 0x00, 0x00, 0x00, 0x00, 0x00, 0x00, 0x00, 0x00, 0x00, 0x00,
    0x00, 0x00, 0x00, 0x00, 0x00, 0x00, 0x00, 0x00, 0x00, 0x00, 0x00, 0x00, 0x00, 0x00, 0x00, 0x00,
    0x00, 0x00, 0x00, 0x00, 0x00, 0x00, 0x00, 0x00, 0x00, 0x00, 0x00, 0x00, 0x00, 0x00, 0x00, 0x00,
    0x00, 0x00, 0x00, 0x00, 0x00, 0x00, 0x00, 0x00, 0x00, 0x00, 0x00, 0x00, 0x00, 0x00, 0x00, 0x00,
    0x00, 0x00, 0x00, 0x00, 0x00, 0x00, 0x00, 0x00, 0x00, 0x00, 0x00, 0x00, 0x00, 0x00, 0x00, 0x00,
    0xFF, 0xFF, 0x00, 0x01, 0x00, 0x00, 0x00, 0x00, 0xFF, 0xD6, 0x50, 0x13, 0xFF, 0xD8, 0x58, 0x9E,
    0xFF, 0xD6, 0x58, 0xD0, 0xFF, 0xD6, 0x58, 0x7F, 0xFF, 0xC9, 0x50, 0x13, 0x00, 0x00, 0x00, 0x00,
    0xFF, 0xFF, 0x00, 0x01, 0xFF, 0xAA, 0x55, 0x03, 0xFF, 0xFF, 0x00, 0x01, 0x00, 0x00, 0x00, 0x00,
    0x00, 0x00, 0x00, 0x00, 0x00, 0x00, 0x00, 0x00, 0x00, 0x00, 0x00, 0x00, 0x00, 0x00, 0x00, 0x00,
    0x00, 0x00, 0x00, 0x00, 0x00, 0x00, 0x00, 0x00, 0x00, 0x00, 0x00, 0x00, 0x00, 0x00, 0x00, 0x00,
    0x00, 0x00, 0x00, 0x00, 0x00, 0x00, 0x00, 0x00, 0x00, 0x00, 0x00, 0x00, 0x00, 0x00, 0x00, 0x00,
    0x00, 0x00, 0x00, 0x00, 0x00, 0x00, 0x00, 0x00, 0x00, 0x00, 0x00, 0x00, 0x00, 0x00, 0x00, 0x00,
    0x00, 0x00, 0x00, 0x00, 0x00, 0x00, 0x00, 0x00, 0x00, 0x00, 0x00, 0x00, 0x00, 0x00, 0x00, 0x00,
    0x00, 0x00, 0x00, 0x00, 0x00, 0x00, 0x00, 0x00, 0x00, 0x00, 0x00, 0x00, 0x00, 0x00, 0x00, 0x00,
    0x00, 0x00, 0x00, 0x00, 0x00, 0x00, 0x00, 0x00, 0x00, 0x00, 0x00, 0x00, 0x00, 0x00, 0x00, 0x00,
    0x00, 0x00, 0x00, 0x00, 0x00, 0x00, 0x00, 0x00, 0x00, 0x00, 0x00, 0x00, 0x00, 0x00, 0x00, 0x00,
    0x00, 0x00, 0x00, 0x00, 0x00, 0x00, 0x00, 0x00, 0x00, 0x00, 0x00, 0x00, 0x00, 0x00, 0x00, 0x00,
    0x00, 0x00, 0x00, 0x00, 0x00, 0x00, 0x00, 0x00, 0x00, 0x00, 0x00, 0x00, 0x00, 0x00, 0x00, 0x00,
    0x00, 0x00, 0x00, 0x00, 0x00, 0x00, 0x00, 0x00, 0x00, 0x00, 0x00, 0x00, 0x00, 0x00, 0x00, 0x00,
    0x00, 0x00, 0x00, 0x00, 0x00, 0x00, 0x00, 0x00, 0x00, 0x00, 0x00, 0x00, 0x00, 0x00, 0x00, 0x00,
    0x00, 0x00, 0x00, 0x00, 0x00, 0x00, 0x00, 0x00, 0x00, 0x00, 0x00, 0x00, 0x00, 0x00, 0x00, 0x00,
    0x00, 0x00, 0x00, 0x00, 0x00, 0x00, 0x00, 0x00, 0x00, 0x00, 0x00, 0x00, 0x00, 0x00, 0x00, 0x00,
    0x00, 0x00, 0x00, 0x00, 0x00, 0x00, 0x00, 0x00, 0x00, 0x00, 0x00, 0x00, 0x00, 0x00, 0x00, 0x00,
    0x00, 0x00, 0x00, 0x00, 0x00, 0x00, 0x00, 0x00, 0x00, 0x00, 0x00, 0x00, 0x00, 0x00, 0x00, 0x00,
    0x00, 0x00, 0x00, 0x00, 0x00, 0x00, 0x00, 0x00, 0x00, 0x00, 0x00, 0x00, 0x00, 0x00, 0x00, 0x00,
    0x00, 0x00, 0x00, 0x00, 0x00, 0x00, 0x00, 0x00, 0x00, 0x00, 0x00, 0x00, 0x00, 0x00, 0x00, 0x00,
    0x00, 0x00, 0x00, 0x00, 0x00, 0x00, 0x00, 0x00, 0x00, 0x00, 0x00, 0x00, 0x00, 0x00, 0x00, 0x00,
    0x00, 0x00, 0x00, 0x00, 0x00, 0x00, 0x00, 0x00, 0x00, 0x00, 0x00, 0x00, 0x00, 0x00, 0x00, 0x00,
    0xFF, 0xBF, 0x3F, 0x04, 0x00, 0x00, 0x00, 0x00, 0xFF, 0xDA, 0x5B, 0x5C, 0xFF, 0xE5, 0x5E, 0xFF,
    0xFF, 0xD4, 0x55, 0x30, 0xFE, 0xDE, 0x5B, 0x7E, 0xFF, 0xE9, 0x60, 0xFF, 0xFF, 0xD7, 0x59, 0xF9,
    0xFF, 0xD8, 0x59, 0xFF, 0xFF, 0xD8, 0x59, 0xFF, 0xFE, 0xD7, 0x59, 0xFC, 0xFF, 0xDE, 0x5C, 0xFF,
    0xFF, 0xDC, 0x5B, 0xCE, 0xFE, 0xC8, 0x48, 0x0E, 0xFE, 0xD7, 0x59, 0xF6, 0xFF, 0xDB, 0x59, 0x91,
    0x00, 0x00, 0x00, 0x00, 0xFF, 0xBF, 0x3F, 0x04, 0x00, 0x00, 0x00, 0x00, 0x00, 0x00, 0x00, 0x00,
    0x00, 0x00, 0x00, 0x00, 0x00, 0x00, 0x00, 0x00, 0x00, 0x00, 0x00, 0x00, 0x00, 0x00, 0x00, 0x00,
    0x00, 0x00, 0x00, 0x00, 0x00, 0x00, 0x00, 0x00, 0x00, 0x00, 0x00, 0x00, 0x00, 0x00, 0x00, 0x00,
    0x00, 0x00, 0x00, 0x00, 0x00, 0x00, 0x00, 0x00, 0x00, 0x00, 0x00, 0x00, 0x00, 0x00, 0x00, 0x00,
    0x00, 0x00, 0x00, 0x00, 0x00, 0x00, 0x00, 0x00, 0x00, 0x00, 0x00, 0x00, 0x00, 0x00, 0x00, 0x00,
    0x00, 0x00, 0x00, 0x00, 0x00, 0x00, 0x00, 0x00, 0x00, 0x00, 0x00, 0x00, 0x00, 0x00, 0x00, 0x00,
    0x00, 0x00, 0x00, 0x00, 0x00, 0x00, 0x00, 0x00, 0x00, 0x00, 0x00, 0x00, 0x00, 0x00, 0x00, 0x00,
    0x00, 0x00, 0x00, 0x00, 0x00, 0x00, 0x00, 0x00, 0x00, 0x00, 0x00, 0x00, 0x00, 0x00, 0x00, 0x00,
    0x00, 0x00, 0x00, 0x00, 0x00, 0x00, 0x00, 0x00, 0x00, 0x00, 0x00, 0x00, 0x00, 0x00, 0x00, 0x00,
    0x00, 0x00, 0x00, 0x00, 0x00, 0x00, 0x00, 0x00, 0x00, 0x00, 0x00, 0x00, 0x00, 0x00, 0x00, 0x00,
    0x00, 0x00, 0x00, 0x00, 0x00, 0x00, 0x00, 0x00, 0x00, 0x00, 0x00, 0x00, 0x00, 0x00, 0x00, 0x00,
    0xFF, 0xFF, 0x00, 0x01, 0x00, 0x00, 0x00, 0x00, 0x00, 0x00, 0x00, 0x00, 0x00, 0x00, 0x00, 0x00,
    0x00, 0x00, 0x00, 0x00, 0xFF, 0xAA, 0x00, 0x03, 0xFF, 0xFF, 0x00, 0x01, 0x00, 0x00, 0x00, 0x00,
    0x00, 0x00, 0x00, 0x00, 0x00, 0x00, 0x00, 0x00, 0x00, 0x00, 0x00, 0x00, 0x00, 0x00, 0x00, 0x00,
    0x00, 0x00, 0x00, 0x00, 0x00, 0x00, 0x00, 0x00, 0x00, 0x00, 0x00, 0x00, 0x00, 0x00, 0x00, 0x00,
    0x00, 0x00, 0x00, 0x00, 0x00, 0x00, 0x00, 0x00, 0x00, 0x00, 0x00, 0x00, 0x00, 0x00, 0x00, 0x00,
    0x00, 0x00, 0x00, 0x00, 0x00, 0x00, 0x00, 0x00, 0x00, 0x00, 0x00, 0x00, 0x00, 0x00, 0x00, 0x00,
    0x00, 0x00, 0x00, 0x00, 0x00, 0x00, 0x00, 0x00, 0x00, 0x00, 0x00, 0x00, 0x00, 0x00, 0x00, 0x00,
    0x00, 0x00, 0x00, 0x00, 0x00, 0x00, 0x00, 0x00, 0x00, 0x00, 0x00, 0x00, 0x00, 0x00, 0x00, 0x00,
    0x00, 0x00, 0x00, 0x00, 0x00, 0x00, 0x00, 0x00, 0x00, 0x00, 0x00, 0x00, 0x00, 0x00, 0x00, 0x00,
    0x00, 0x00, 0x00, 0x00, 0x00, 0x00, 0x00, 0x00, 0x00, 0x00, 0x00, 0x00, 0x00, 0x00, 0x00, 0x00,
    0x00, 0x00, 0x00, 0x00, 0x00, 0x00, 0x00, 0x00, 0x00, 0x00, 0x00, 0x00, 0x00, 0x00, 0x00, 0x00,
    0x00, 0x00, 0x00, 0x00, 0x00, 0x00, 0x00, 0x00, 0x00, 0x00, 0x00, 0x00, 0x00, 0x00, 0x00, 0x00,
    0x00, 0x00, 0x00, 0x00, 0x00, 0x00, 0x00, 0x00, 0x00, 0x00, 0x00, 0x00, 0x00, 0x00, 0x00, 0x00,
    0x00, 0x00, 0x00, 0x00, 0x00, 0x00, 0x00, 0x00, 0x00, 0x00, 0x00, 0x00, 0x00, 0x00, 0x00, 0x00,
    0x00, 0x00, 0x00, 0x00, 0x00, 0x00, 0x00, 0x00, 0x00, 0x00, 0x00, 0x00, 0x00, 0x00, 0x00, 0x00,
    0x00, 0x00, 0x00, 0x00, 0x00, 0x00, 0x00, 0x00, 0x00, 0x00, 0x00, 0x00, 0x00, 0x00, 0x00, 0x00,
    0x00, 0x00, 0x00, 0x00, 0x00, 0x00, 0x00, 0x00, 0x00, 0x00, 0x00, 0x00, 0x00, 0x00, 0x00, 0x00,
    0x00, 0x00, 0x00, 0x00, 0x00, 0x00, 0x00, 0x00, 0x00, 0x00, 0x00, 0x00, 0x00, 0x00, 0x00, 0x00,
    0x00, 0x00, 0x00, 0x00, 0x00, 0x00, 0x00, 0x00, 0x00, 0x00, 0x00, 0x00, 0x00, 0x00, 0x00, 0x00,
    0x00, 0x00, 0x00, 0x00, 0x00, 0x00, 0x00, 0x00, 0x00, 0x00, 0x00, 0x00, 0x00, 0x00, 0x00, 0x00,
    0x00, 0x00, 0x00, 0x00, 0x00, 0x00, 0x00, 0x00, 0x00, 0x00, 0x00, 0x00, 0x00, 0x00, 0x00, 0x00,
    0x00, 0x00, 0x00, 0x00, 0x00, 0x00, 0x00, 0x00, 0x00, 0x00, 0x00, 0x00, 0x00, 0x00, 0x00, 0x00,
    0x00, 0x00, 0x00, 0x00, 0x00, 0x00, 0x00, 0x00, 0xFF, 0xFF, 0x7F, 0x02, 0x00, 0x00, 0x00, 0x00,
    0xFF, 0xDE, 0x5B, 0x27, 0xFF, 0xE4, 0x5E, 0xFF, 0xFF, 0xDA, 0x59, 0x7D, 0xFF, 0xD3, 0x57, 0x23,
    0xFF, 0xE0, 0x5C, 0xF9, 0xFF, 0xDF, 0x5C, 0xFF, 0xFF, 0xD7, 0x58, 0xFB, 0xFF, 0xD8, 0x58, 0xFA,
    0xFE, 0xD9, 0x59, 0xFC, 0xFF, 0xEF, 0x62, 0xFF, 0xFF, 0xD8, 0x59, 0x6A, 0xFE, 0xD1, 0x56, 0x38,
    0xFF, 0xE9, 0x60, 0xFF, 0xFF, 0xDC, 0x58, 0x59, 0x00, 0x00, 0x00, 0x00, 0xFF, 0xFF, 0x55, 0x03,
    0x00, 0x00, 0x00, 0x00, 0x00, 0x00, 0x00, 0x00, 0x00, 0x00, 0x00, 0x00, 0x00, 0x00, 0x00, 0x00,
    0x00, 0x00, 0x00, 0x00, 0x00, 0x00, 0x00, 0x00, 0x00, 0x00, 0x00, 0x00, 0x00, 0x00, 0x00, 0x00,
    0x00, 0x00, 0x00, 0x00, 0x00, 0x00, 0x00, 0x00, 0x00, 0x00, 0x00, 0x00, 0x00, 0x00, 0x00, 0x00,
    0x00, 0x00, 0x00, 0x00, 0x00, 0x00, 0x00, 0x00, 0x00, 0x00, 0x00, 0x00, 0x00, 0x00, 0x00, 0x00,
    0x00, 0x00, 0x00, 0x00, 0x00, 0x00, 0x00, 0x00, 0x00, 0x00, 0x00, 0x00, 0x00, 0x00, 0x00, 0x00,
    0x00, 0x00, 0x00, 0x00, 0x00, 0x00, 0x00, 0x00, 0x00, 0x00, 0x00, 0x00, 0x00, 0x00, 0x00, 0x00,
    0x00, 0x00, 0x00, 0x00, 0x00, 0x00, 0x00, 0x00, 0x00, 0x00, 0x00, 0x00, 0x00, 0x00, 0x00, 0x00,
    0x00, 0x00, 0x00, 0x00, 0x00, 0x00, 0x00, 0x00, 0x00, 0x00, 0x00, 0x00, 0x00, 0x00, 0x00, 0x00,
    0x00, 0x00, 0x00, 0x00, 0x00, 0x00, 0x00, 0x00, 0x00, 0x00, 0x00, 0x00, 0x00, 0x00, 0x00, 0x00,
    0x00, 0x00, 0x00, 0x00, 0x00, 0x00, 0x00, 0x00, 0x00, 0x00, 0x00, 0x00, 0x00, 0x00, 0x00, 0x00,
    0x00, 0x00, 0x00, 0x00, 0x00, 0x00, 0x00, 0x00, 0xFF, 0xFF, 0x00, 0x01, 0xFF, 0xFF, 0x00, 0x01,
    0x00, 0x00, 0x00, 0x00, 0xFF, 0xAA, 0x55, 0x03, 0xFF, 0xFF, 0x00, 0x01, 0x00, 0x00, 0x00, 0x00,
    0x00, 0x00, 0x00, 0x00, 0x00, 0x00, 0x00, 0x00, 0x00, 0x00, 0x00, 0x00, 0x00, 0x00, 0x00, 0x00,
    0x00, 0x00, 0x00, 0x00, 0x00, 0x00, 0x00, 0x00, 0x00, 0x00, 0x00, 0x00, 0x00, 0x00, 0x00, 0x00,
    0x00, 0x00, 0x00, 0x00, 0x00, 0x00, 0x00, 0x00, 0x00, 0x00, 0x00, 0x00, 0x00, 0x00, 0x00, 0x00,
    0x00, 0x00, 0x00, 0x00, 0x00, 0x00, 0x00, 0x00, 0x00, 0x00, 0x00, 0x00, 0x00, 0x00, 0x00, 0x00,
    0x00, 0x00, 0x00, 0x00, 0x00, 0x00, 0x00, 0x00, 0x00, 0x00, 0x00, 0x00, 0x00, 0x00, 0x00, 0x00,
    0x00, 0x00, 0x00, 0x00, 0x00, 0x00, 0x00, 0x00, 0x00, 0x00, 0x00, 0x00, 0x00, 0x00, 0x00, 0x00,
    0x00, 0x00, 0x00, 0x00, 0x00, 0x00, 0x00, 0x00, 0x00, 0x00, 0x00, 0x00, 0x00, 0x00, 0x00, 0x00,
    0x00, 0x00, 0x00, 0x00, 0x00, 0x00, 0x00, 0x00, 0x00, 0x00, 0x00, 0x00, 0x00, 0x00, 0x00, 0x00,
    0x00, 0x00, 0x00, 0x00, 0x00, 0x00, 0x00, 0x00, 0x00, 0x00, 0x00, 0x00, 0x00, 0x00, 0x00, 0x00,
    0x00, 0x00, 0x00, 0x00, 0x00, 0x00, 0x00, 0x00, 0x00, 0x00, 0x00, 0x00, 0x00, 0x00, 0x00, 0x00,
    0x00, 0x00, 0x00, 0x00, 0x00, 0x00, 0x00, 0x00, 0x00, 0x00, 0x00, 0x00, 0x00, 0x00, 0x00, 0x00,
    0x00, 0x00, 0x00, 0x00, 0x00, 0x00, 0x00, 0x00, 0x00, 0x00, 0x00, 0x00, 0x00, 0x00, 0x00, 0x00,
    0x00, 0x00, 0x00, 0x00, 0x00, 0x00, 0x00, 0x00, 0x00, 0x00, 0x00, 0x00, 0x00, 0x00, 0x00, 0x00,
    0x00, 0x00, 0x00, 0x00, 0x00, 0x00, 0x00, 0x00, 0x00, 0x00, 0x00, 0x00, 0x00, 0x00, 0x00, 0x00,
    0x00, 0x00, 0x00, 0x00, 0x00, 0x00, 0x00, 0x00, 0x00, 0x00, 0x00, 0x00, 0x00, 0x00, 0x00, 0x00,
    0x00, 0x00, 0x00, 0x00, 0x00, 0x00, 0x00, 0x00, 0x00, 0x00, 0x00, 0x00, 0x00, 0x00, 0x00, 0x00,
    0x00, 0x00, 0x00, 0x00, 0x00, 0x00, 0x00, 0x00, 0x00, 0x00, 0x00, 0x00, 0x00, 0x00, 0x00, 0x00,
    0x00, 0x00, 0x00, 0x00, 0x00, 0x00, 0x00, 0x00, 0x00, 0x00, 0x00, 0x00, 0x00, 0x00, 0x00, 0x00,
    0x00, 0x00, 0x00, 0x00, 0x00, 0x00, 0x00, 0x00, 0x00, 0x00, 0x00, 0x00, 0x00, 0x00, 0x00, 0x00,
    0x00, 0x00, 0x00, 0x00, 0x00, 0x00, 0x00, 0x00, 0x00, 0x00, 0x00, 0x00, 0x00, 0x00, 0x00, 0x00,
    0x00, 0x00, 0x00, 0x00, 0x00, 0x00, 0x00, 0x00, 0x00, 0x00, 0x00, 0x00, 0x00, 0x00, 0x00, 0x00,
    0x00, 0x00, 0x00, 0x00, 0xFF, 0xFF, 0x00, 0x01, 0x00, 0x00, 0x00, 0x00, 0xFF, 0xDD, 0x5C, 0xB4,
    0xFF, 0xDE, 0x5B, 0xFA, 0xFF, 0xD7, 0x57, 0x20, 0xFF, 0xD8, 0x57, 0x49, 0xFF, 0xD8, 0x58, 0xF2,
    0xFF, 0xE8, 0x5F, 0xFF, 0xFF, 0xEA, 0x60, 0xFE, 0xFF, 0xDD, 0x5B, 0xFF, 0xFF, 0xD5, 0x56, 0x8E,
    0xFF, 0xAA, 0x55, 0x03, 0xFF, 0xDD, 0x5A, 0xC7, 0xFE, 0xDE, 0x5B, 0xE5, 0xFF, 0xBF, 0x55, 0x0C,
    0x00, 0x00, 0x00, 0x00, 0xFF, 0xFF, 0x00, 0x01, 0x00, 0x00, 0x00, 0x00, 0x00, 0x00, 0x00, 0x00,
    0x00, 0x00, 0x00, 0x00, 0x00, 0x00, 0x00, 0x00, 0x00, 0x00, 0x00, 0x00, 0x00, 0x00, 0x00, 0x00,
    0x00, 0x00, 0x00, 0x00, 0x00, 0x00, 0x00, 0x00, 0x00, 0x00, 0x00, 0x00, 0x00, 0x00, 0x00, 0x00,
    0x00, 0x00, 0x00, 0x00, 0x00, 0x00, 0x00, 0x00, 0x00, 0x00, 0x00, 0x00, 0x00, 0x00, 0x00, 0x00,
    0x00, 0x00, 0x00, 0x00, 0x00, 0x00, 0x00, 0x00, 0x00, 0x00, 0x00, 0x00, 0x00, 0x00, 0x00, 0x00,
    0x00, 0x00, 0x00, 0x00, 0x00, 0x00, 0x00, 0x00, 0x00, 0x00, 0x00, 0x00, 0x00, 0x00, 0x00, 0x00,
    0x00, 0x00, 0x00, 0x00, 0x00, 0x00, 0x00, 0x00, 0x00, 0x00, 0x00, 0x00, 0x00, 0x00, 0x00, 0x00,
    0x00, 0x00, 0x00, 0x00, 0x00, 0x00, 0x00, 0x00, 0x00, 0x00, 0x00, 0x00, 0x00, 0x00, 0x00, 0x00,
    0x00, 0x00, 0x00, 0x00, 0x00, 0x00, 0x00, 0x00, 0x00, 0x00, 0x00, 0x00, 0x00, 0x00, 0x00, 0x00,
    0x00, 0x00, 0x00, 0x00, 0x00, 0x00, 0x00, 0x00, 0x00, 0x00, 0x00, 0x00, 0x00, 0x00, 0x00, 0x00,
    0x00, 0x00, 0x00, 0x00, 0x00, 0x00, 0x00, 0x00, 0x00, 0x00, 0x00, 0x00, 0x00, 0x00, 0x00, 0x00,
    0x00, 0x00, 0x00, 0x00, 0x00, 0x00, 0x00, 0x00, 0x00, 0x00, 0x00, 0x00, 0x00, 0x00, 0x00, 0x00,
    0x00, 0x00, 0x00, 0x00, 0x00, 0x00, 0x00, 0x00, 0x00, 0x00, 0x00, 0x00, 0x00, 0x00, 0x00, 0x00,
    0x00, 0x00, 0x00, 0x00, 0x00, 0x00, 0x00, 0x00, 0x00, 0x00, 0x00, 0x00, 0x00, 0x00, 0x00, 0x00,
    0x00, 0x00, 0x00, 0x00, 0x00, 0x00, 0x00, 0x00, 0x00, 0x00, 0x00, 0x00, 0x00, 0x00, 0x00, 0x00,
    0x00, 0x00, 0x00, 0x00, 0x00, 0x00, 0x00, 0x00, 0x00, 0x00, 0x00, 0x00, 0x00, 0x00, 0x00, 0x00,
    0x00, 0x00, 0x00, 0x00, 0x00, 0x00, 0x00, 0x00, 0x00, 0x00, 0x00, 0x00, 0x00, 0x00, 0x00, 0x00,
    0x00, 0x00, 0x00, 0x00, 0x00, 0x00, 0x00, 0x00, 0x00, 0x00, 0x00, 0x00, 0x00, 0x00, 0x00, 0x00,
    0x00, 0x00, 0x00, 0x00, 0x00, 0x00, 0x00, 0x00, 0x00, 0x00, 0x00, 0x00, 0x00, 0x00, 0x00, 0x00,
    0x00, 0x00, 0x00, 0x00, 0x00, 0x00, 0x00, 0x00, 0x00, 0x00, 0x00, 0x00, 0x00, 0x00, 0x00, 0x00,
    0x00, 0x00, 0x00, 0x00, 0x00, 0x00, 0x00, 0x00, 0x00, 0x00, 0x00, 0x00, 0x00, 0x00, 0x00, 0x00,
    0x00, 0x00, 0x00, 0x00, 0x00, 0x00, 0x00, 0x00, 0x00, 0x00, 0x00, 0x00, 0x00, 0x00, 0x00, 0x00,
    0x00, 0x00, 0x00, 0x00, 0x00, 0x00, 0x00, 0x00, 0x00, 0x00, 0x00, 0x00, 0x00, 0x00, 0x00, 0x00,
    0x00, 0x00, 0x00, 0x00, 0x00, 0x00, 0x00, 0x00, 0x00, 0x00, 0x00, 0x00, 0x00, 0x00, 0x00, 0x00,
    0x00, 0x00, 0x00, 0x00, 0x00, 0x00, 0x00, 0x00, 0x00, 0x00, 0x00, 0x00, 0x00, 0x00, 0x00, 0x00,
    0x00, 0x00, 0x00, 0x00, 0x00, 0x00, 0x00, 0x00, 0x00, 0x00, 0x00, 0x00, 0x00, 0x00, 0x00, 0x00,
    0x00, 0x00, 0x00, 0x00, 0x00, 0x00, 0x00, 0x00, 0x00, 0x00, 0x00, 0x00, 0x00, 0x00, 0x00, 0x00,
    0x00, 0x00, 0x00, 0x00, 0x00, 0x00, 0x00, 0x00, 0x00, 0x00, 0x00, 0x00, 0x00, 0x00, 0x00, 0x00,
    0x00, 0x00, 0x00, 0x00, 0x00, 0x00, 0x00, 0x00, 0x00, 0x00, 0x00, 0x00, 0x00, 0x00, 0x00, 0x00,
    0x00, 0x00, 0x00, 0x00, 0x00, 0x00, 0x00, 0x00, 0x00, 0x00, 0x00, 0x00, 0x00, 0x00, 0x00, 0x00,
    0x00, 0x00, 0x00, 0x00, 0x00, 0x00, 0x00, 0x00, 0x00, 0x00, 0x00, 0x00, 0x00, 0x00, 0x00, 0x00,
    0x00, 0x00, 0x00, 0x00, 0x00, 0x00, 0x00, 0x00, 0x00, 0x00, 0x00, 0x00, 0x00, 0x00, 0x00, 0x00,
    0x00, 0x00, 0x00, 0x00, 0x00, 0x00, 0x00, 0x00, 0x00, 0x00, 0x00, 0x00, 0x00, 0x00, 0x00, 0x00,
    0x00, 0x00, 0x00, 0x00, 0x00, 0x00, 0x00, 0x00, 0x00, 0x00, 0x00, 0x00, 0xFF, 0xFF, 0x7F, 0x02,
    0x00, 0x00, 0x00, 0x00, 0xFF, 0xCE, 0x55, 0x2A, 0xFF, 0xE1, 0x5C, 0xF0, 0xFF, 0xE0, 0x5C, 0xE1,
    0xFF, 0xCA, 0x55, 0x27, 0xFF, 0xD0, 0x5C, 0x0B, 0xFF, 0xD7, 0x59, 0x4D, 0xFF, 0xD8, 0x57, 0x57,
    0xFF, 0xD3, 0x57, 0x23, 0xFF, 0xC6, 0x55, 0x09, 0xFF, 0xDE, 0x5B, 0xAF, 0xFF, 0xEB, 0x60, 0xFF,
    0xFE, 0xD3, 0x57, 0x52, 0x00, 0x00, 0x00, 0x00, 0xFF, 0xAA, 0x55, 0x03, 0x00, 0x00, 0x00, 0x00,
    0x00, 0x00, 0x00, 0x00, 0x00, 0x00, 0x00, 0x00, 0x00, 0x00, 0x00, 0x00, 0x00, 0x00, 0x00, 0x00,
    0x00, 0x00, 0x00, 0x00, 0x00, 0x00, 0x00, 0x00, 0x00, 0x00, 0x00, 0x00, 0x00, 0x00, 0x00, 0x00,
    0x00, 0x00, 0x00, 0x00, 0x00, 0x00, 0x00, 0x00, 0x00, 0x00, 0x00, 0x00, 0x00, 0x00, 0x00, 0x00,
    0x00, 0x00, 0x00, 0x00, 0x00, 0x00, 0x00, 0x00, 0x00, 0x00, 0x00, 0x00, 0x00, 0x00, 0x00, 0x00,
    0x00, 0x00, 0x00, 0x00, 0x00, 0x00, 0x00, 0x00, 0x00, 0x00, 0x00, 0x00, 0x00, 0x00, 0x00, 0x00,
    0x00, 0x00, 0x00, 0x00, 0x00, 0x00, 0x00, 0x00, 0x00, 0x00, 0x00, 0x00, 0x00, 0x00, 0x00, 0x00,
    0x00, 0x00, 0x00, 0x00, 0x00, 0x00, 0x00, 0x00, 0x00, 0x00, 0x00, 0x00, 0x00, 0x00, 0x00, 0x00,
    0x00, 0x00, 0x00, 0x00, 0x00, 0x00, 0x00, 0x00, 0x00, 0x00, 0x00, 0x00, 0x00, 0x00, 0x00, 0x00,
    0x00, 0x00, 0x00, 0x00, 0x00, 0x00, 0x00, 0x00, 0x00, 0x00, 0x00, 0x00, 0x00, 0x00, 0x00, 0x00,
    0x00, 0x00, 0x00, 0x00, 0x00, 0x00, 0x00, 0x00, 0x00, 0x00, 0x00, 0x00, 0x00, 0x00, 0x00, 0x00,
    0x00, 0x00, 0x00, 0x00, 0x00, 0x00, 0x00, 0x00, 0x00, 0x00, 0x00, 0x00, 0x00, 0x00, 0x00, 0x00,
    0x00, 0x00, 0x00, 0x00, 0x00, 0x00, 0x00, 0x00, 0x00, 0x00, 0x00, 0x00, 0x00, 0x00, 0x00, 0x00,
    0x00, 0x00, 0x00, 0x00, 0x00, 0x00, 0x00, 0x00, 0x00, 0x00, 0x00, 0x00, 0x00, 0x00, 0x00, 0x00,
    0x00, 0x00, 0x00, 0x00, 0x00, 0x00, 0x00, 0x00, 0x00, 0x00, 0x00, 0x00, 0x00, 0x00, 0x00, 0x00,
    0x00, 0x00, 0x00, 0x00, 0x00, 0x00, 0x00, 0x00, 0x00, 0x00, 0x00, 0x00, 0x00, 0x00, 0x00, 0x00,
    0x00, 0x00, 0x00, 0x00, 0x00, 0x00, 0x00, 0x00, 0x00, 0x00, 0x00, 0x00, 0x00, 0x00, 0x00, 0x00,
    0x00, 0x00, 0x00, 0x00, 0x00, 0x00, 0x00, 0x00, 0x00, 0x00, 0x00, 0x00, 0x00, 0x00, 0x00, 0x00,
    0x00, 0x00, 0x00, 0x00, 0x00, 0x00, 0x00, 0x00, 0x00, 0x00, 0x00, 0x00, 0x00, 0x00, 0x00, 0x00,
    0x00, 0x00, 0x00, 0x00, 0x00, 0x00, 0x00, 0x00, 0x00, 0x00, 0x00, 0x00, 0x00, 0x00, 0x00, 0x00,
    0x00, 0x00, 0x00, 0x00, 0x00, 0x00, 0x00, 0x00, 0x00, 0x00, 0x00, 0x00, 0x00, 0x00, 0x00, 0x00,
    0x00, 0x00, 0x00, 0x00, 0x00, 0x00, 0x00, 0x00, 0x00, 0x00, 0x00, 0x00, 0x00, 0x00, 0x00, 0x00,
    0x00, 0x00, 0x00, 0x00, 0x00, 0x00, 0x00, 0x00, 0x00, 0x00, 0x00, 0x00, 0x00, 0x00, 0x00, 0x00,
    0x00, 0x00, 0x00, 0x00, 0x00, 0x00, 0x00, 0x00, 0x00, 0x00, 0x00, 0x00, 0x00, 0x00, 0x00, 0x00,
    0x00, 0x00, 0x00, 0x00, 0x00, 0x00, 0x00, 0x00, 0x00, 0x00, 0x00, 0x00, 0x00, 0x00, 0x00, 0x00,
    0x00, 0x00, 0x00, 0x00, 0x00, 0x00, 0x00, 0x00, 0x00, 0x00, 0x00, 0x00, 0x00, 0x00, 0x00, 0x00,
    0x00, 0x00, 0x00, 0x00, 0x00, 0x00, 0x00, 0x00, 0x00, 0x00, 0x00, 0x00, 0x00, 0x00, 0x00, 0x00,
    0x00, 0x00, 0x00, 0x00, 0x00, 0x00, 0x00, 0x00, 0x00, 0x00, 0x00, 0x00, 0x00, 0x00, 0x00, 0x00,
    0x00, 0x00, 0x00, 0x00, 0x00, 0x00, 0x00, 0x00, 0x00, 0x00, 0x00, 0x00, 0x00, 0x00, 0x00, 0x00,
    0x00, 0x00, 0x00, 0x00, 0x00, 0x00, 0x00, 0x00, 0x00, 0x00, 0x00, 0x00, 0x00, 0x00, 0x00, 0x00,
    0x00, 0x00, 0x00, 0x00, 0x00, 0x00, 0x00, 0x00, 0x00, 0x00, 0x00, 0x00, 0x00, 0x00, 0x00, 0x00,
    0x00, 0x00, 0x00, 0x00, 0x00, 0x00, 0x00, 0x00, 0x00, 0x00, 0x00, 0x00, 0x00, 0x00, 0x00, 0x00,
    0x00, 0x00, 0x00, 0x00, 0x00, 0x00, 0x00, 0x00, 0x00, 0x00, 0x00, 0x00, 0x00, 0x00, 0x00, 0x00,
    0x00, 0x00, 0x00, 0x00, 0x00, 0x00, 0x00, 0x00, 0x00, 0x00, 0x00, 0x00, 0x00, 0x00, 0x00, 0x00,
    0x00, 0x00, 0x00, 0x00, 0x00, 0x00, 0x00, 0x00, 0xFF, 0xFF, 0x7F, 0x02, 0x00, 0x00, 0x00, 0x00,
    0xFF, 0xD0, 0x55, 0x3C, 0xFF, 0xDE, 0x5A, 0xE6, 0xFF, 0xE8, 0x5F, 0xFF, 0xFF, 0xD6, 0x58, 0xB2,
    0xFF, 0xD7, 0x59, 0x67, 0xFF, 0xD8, 0x57, 0x5D, 0xFF, 0xD6, 0x58, 0x96, 0xFF, 0xE3, 0x5D, 0xF1,
    0xFE, 0xE2, 0x5D, 0xFC, 0xFF, 0xD2, 0x55, 0x62, 0x00, 0x00, 0x00, 0x00, 0xFF, 0x7F, 0x00, 0x02,
    0x00, 0x00, 0x00, 0x00, 0x00, 0x00, 0x00, 0x00, 0x00, 0x00, 0x00, 0x00, 0x00, 0x00, 0x00, 0x00,
    0x00, 0x00, 0x00, 0x00, 0x00, 0x00, 0x00, 0x00, 0x00, 0x00, 0x00, 0x00, 0x00, 0x00, 0x00, 0x00,
    0x00, 0x00, 0x00, 0x00, 0x00, 0x00, 0x00, 0x00, 0x00, 0x00, 0x00, 0x00, 0x00, 0x00, 0x00, 0x00,
    0x00, 0x00, 0x00, 0x00, 0x00, 0x00, 0x00, 0x00, 0x00, 0x00, 0x00, 0x00, 0x00, 0x00, 0x00, 0x00,
    0x00, 0x00, 0x00, 0x00, 0x00, 0x00, 0x00, 0x00, 0x00, 0x00, 0x00, 0x00, 0x00, 0x00, 0x00, 0x00,
    0x00, 0x00, 0x00, 0x00, 0x00, 0x00, 0x00, 0x00, 0x00, 0x00, 0x00, 0x00, 0x00, 0x00, 0x00, 0x00,
    0x00, 0x00, 0x00, 0x00, 0x00, 0x00, 0x00, 0x00, 0x00, 0x00, 0x00, 0x00, 0x00, 0x00, 0x00, 0x00,
    0x00, 0x00, 0x00, 0x00, 0x00, 0x00, 0x00, 0x00, 0x00, 0x00, 0x00, 0x00, 0x00, 0x00, 0x00, 0x00,
    0x00, 0x00, 0x00, 0x00, 0x00, 0x00, 0x00, 0x00, 0x00, 0x00, 0x00, 0x00, 0x00, 0x00, 0x00, 0x00,
    0x00, 0x00, 0x00, 0x00, 0x00, 0x00, 0x00, 0x00, 0x00, 0x00, 0x00, 0x00, 0x00, 0x00, 0x00, 0x00,
    0x00, 0x00, 0x00, 0x00, 0x00, 0x00, 0x00, 0x00, 0x00, 0x00, 0x00, 0x00, 0x00, 0x00, 0x00, 0x00,
    0x00, 0x00, 0x00, 0x00, 0x00, 0x00, 0x00, 0x00, 0x00, 0x00, 0x00, 0x00, 0x00, 0x00, 0x00, 0x00,
    0x00, 0x00, 0x00, 0x00, 0x00, 0x00, 0x00, 0x00, 0x00, 0x00, 0x00, 0x00, 0x00, 0x00, 0x00, 0x00,
    0x00, 0x00, 0x00, 0x00, 0x00, 0x00, 0x00, 0x00, 0x00, 0x00, 0x00, 0x00, 0x00, 0x00, 0x00, 0x00,
    0x00, 0x00, 0x00, 0x00, 0x00, 0x00, 0x00, 0x00, 0x00, 0x00, 0x00, 0x00, 0x00, 0x00, 0x00, 0x00,
    0x00, 0x00, 0x00, 0x00, 0x00, 0x00, 0x00, 0x00, 0x00, 0x00, 0x00, 0x00, 0x00, 0x00, 0x00, 0x00,
    0x00, 0x00, 0x00, 0x00, 0x00, 0x00, 0x00, 0x00, 0x00, 0x00, 0x00, 0x00, 0x00, 0x00, 0x00, 0x00,
    0x00, 0x00, 0x00, 0x00, 0x00, 0x00, 0x00, 0x00, 0x00, 0x00, 0x00, 0x00, 0x00, 0x00, 0x00, 0x00,
    0x00, 0x00, 0x00, 0x00, 0x00, 0x00, 0x00, 0x00, 0x00, 0x00, 0x00, 0x00, 0x00, 0x00, 0x00, 0x00,
    0x00, 0x00, 0x00, 0x00, 0x00, 0x00, 0x00, 0x00, 0x00, 0x00, 0x00, 0x00, 0x00, 0x00, 0x00, 0x00,
    0x00, 0x00, 0x00, 0x00, 0x00, 0x00, 0x00, 0x00, 0x00, 0x00, 0x00, 0x00, 0x00, 0x00, 0x00, 0x00,
    0x00, 0x00, 0x00, 0x00, 0x00, 0x00, 0x00, 0x00, 0x00, 0x00, 0x00, 0x00, 0x00, 0x00, 0x00, 0x00,
    0x00, 0x00, 0x00, 0x00, 0x00, 0x00, 0x00, 0x00, 0x00, 0x00, 0x00, 0x00, 0x00, 0x00, 0x00, 0x00,
    0x00, 0x00, 0x00, 0x00, 0x00, 0x00, 0x00, 0x00, 0x00, 0x00, 0x00, 0x00, 0x00, 0x00, 0x00, 0x00,
    0x00, 0x00, 0x00, 0x00, 0x00, 0x00, 0x00, 0x00, 0x00, 0x00, 0x00, 0x00, 0x00, 0x00, 0x00, 0x00,
    0x00, 0x00, 0x00, 0x00, 0x00, 0x00, 0x00, 0x00, 0x00, 0x00, 0x00, 0x00, 0x00, 0x00, 0x00, 0x00,
    0x00, 0x00, 0x00, 0x00, 0x00, 0x00, 0x00, 0x00, 0x00, 0x00, 0x00, 0x00, 0x00, 0x00, 0x00, 0x00,
    0x00, 0x00, 0x00, 0x00, 0x00, 0x00, 0x00, 0x00, 0x00, 0x00, 0x00, 0x00, 0x00, 0x00, 0x00, 0x00,
    0x00, 0x00, 0x00, 0x00, 0x00, 0x00, 0x00, 0x00, 0x00, 0x00, 0x00, 0x00, 0x00, 0x00, 0x00, 0x00,
    0x00, 0x00, 0x00, 0x00, 0x00, 0x00, 0x00, 0x00, 0x00, 0x00, 0x00, 0x00, 0x00, 0x00, 0x00, 0x00,
    0x00, 0x00, 0x00, 0x00, 0x00, 0x00, 0x00, 0x00, 0x00, 0x00, 0x00, 0x00, 0x00, 0x00, 0x00, 0x00,
    0x00, 0x00, 0x00, 0x00, 0x00, 0x00, 0x00, 0x00, 0x00, 0x00, 0x00, 0x00, 0x00, 0x00, 0x00, 0x00,
    0x00, 0x00, 0x00, 0x00, 0x00, 0x00, 0x00, 0x00, 0x00, 0x00, 0x00, 0x00, 0x00, 0x00, 0x00, 0x00,
    0x00, 0x00, 0x00, 0x00, 0x00, 0x00, 0x00, 0x00, 0x00, 0x00, 0x00, 0x00, 0x00, 0x00, 0x00, 0x00,
    0x00, 0x00, 0x00, 0x00, 0xFF, 0xFF, 0x00, 0x02, 0x00, 0x00, 0x00, 0x00, 0xFF, 0xDD, 0x4D, 0x17,
    0xFF, 0xD5, 0x58, 0x87, 0xFE, 0xD8, 0x58, 0xE9, 0xFF, 0xE4, 0x5E, 0xFF, 0xFF, 0xE4, 0x5E, 0xFF,
    0xFF, 0xD7, 0x59, 0xF5, 0xFF, 0xD7, 0x58, 0xA1, 0xFE, 0xD9, 0x5D, 0x29, 0x00, 0x00, 0x00, 0x00,
    0xFF, 0x7F, 0x00, 0x02, 0x00, 0x00, 0x00, 0x00, 0x00, 0x00, 0x00, 0x00, 0x00, 0x00, 0x00, 0x00,
    0x00, 0x00, 0x00, 0x00, 0x00, 0x00, 0x00, 0x00, 0x00, 0x00, 0x00, 0x00, 0x00, 0x00, 0x00, 0x00,
    0x00, 0x00, 0x00, 0x00, 0x00, 0x00, 0x00, 0x00, 0x00, 0x00, 0x00, 0x00, 0x00, 0x00, 0x00, 0x00,
    0x00, 0x00, 0x00, 0x00, 0x00, 0x00, 0x00, 0x00, 0x00, 0x00, 0x00, 0x00, 0x00, 0x00, 0x00, 0x00,
    0x00, 0x00, 0x00, 0x00, 0x00, 0x00, 0x00, 0x00, 0x00, 0x00, 0x00, 0x00, 0x00, 0x00, 0x00, 0x00,
    0x00, 0x00, 0x00, 0x00, 0x00, 0x00, 0x00, 0x00, 0x00, 0x00, 0x00, 0x00, 0x00, 0x00, 0x00, 0x00,
    0x00, 0x00, 0x00, 0x00, 0x00, 0x00, 0x00, 0x00, 0x00, 0x00, 0x00, 0x00, 0x00, 0x00, 0x00, 0x00,
    0x00, 0x00, 0x00, 0x00, 0x00, 0x00, 0x00, 0x00, 0x00, 0x00, 0x00, 0x00, 0x00, 0x00, 0x00, 0x00,
    0x00, 0x00, 0x00, 0x00, 0x00, 0x00, 0x00, 0x00, 0x00, 0x00, 0x00, 0x00, 0x00, 0x00, 0x00, 0x00,
    0x00, 0x00, 0x00, 0x00, 0x00, 0x00, 0x00, 0x00, 0x00, 0x00, 0x00, 0x00, 0x00, 0x00, 0x00, 0x00,
    0x00, 0x00, 0x00, 0x00, 0x00, 0x00, 0x00, 0x00, 0x00, 0x00, 0x00, 0x00, 0x00, 0x00, 0x00, 0x00,
    0x00, 0x00, 0x00, 0x00, 0x00, 0x00, 0x00, 0x00, 0x00, 0x00, 0x00, 0x00, 0x00, 0x00, 0x00, 0x00,
    0x00, 0x00, 0x00, 0x00, 0x00, 0x00, 0x00, 0x00, 0x00, 0x00, 0x00, 0x00, 0x00, 0x00, 0x00, 0x00,
    0x00, 0x00, 0x00, 0x00, 0x00, 0x00, 0x00, 0x00, 0x00, 0x00, 0x00, 0x00, 0x00, 0x00, 0x00, 0x00,
    0x00, 0x00, 0x00, 0x00, 0x00, 0x00, 0x00, 0x00, 0x00, 0x00, 0x00, 0x00, 0x00, 0x00, 0x00, 0x00,
    0x00, 0x00, 0x00, 0x00, 0x00, 0x00, 0x00, 0x00, 0x00, 0x00, 0x00, 0x00, 0x00, 0x00, 0x00, 0x00,
    0x00, 0x00, 0x00, 0x00, 0x00, 0x00, 0x00, 0x00, 0x00, 0x00, 0x00, 0x00, 0x00, 0x00, 0x00, 0x00,
    0x00, 0x00, 0x00, 0x00, 0x00, 0x00, 0x00, 0x00, 0x00, 0x00, 0x00, 0x00, 0x00, 0x00, 0x00, 0x00,
    0x00, 0x00, 0x00, 0x00, 0x00, 0x00, 0x00, 0x00, 0x00, 0x00, 0x00, 0x00, 0x00, 0x00, 0x00, 0x00,
    0x00, 0x00, 0x00, 0x00, 0x00, 0x00, 0x00, 0x00, 0x00, 0x00, 0x00, 0x00, 0x00, 0x00, 0x00, 0x00,
    0x00, 0x00, 0x00, 0x00, 0x00, 0x00, 0x00, 0x00, 0x00, 0x00, 0x00, 0x00, 0x00, 0x00, 0x00, 0x00,
    0x00, 0x00, 0x00, 0x00, 0x00, 0x00, 0x00, 0x00, 0x00, 0x00, 0x00, 0x00, 0x00, 0x00, 0x00, 0x00,
    0x00, 0x00, 0x00, 0x00, 0x00, 0x00, 0x00, 0x00, 0x00, 0x00, 0x00, 0x00, 0x00, 0x00, 0x00, 0x00,
    0x00, 0x00, 0x00, 0x00, 0x00, 0x00, 0x00, 0x00, 0x00, 0x00, 0x00, 0x00, 0x00, 0x00, 0x00, 0x00,
    0x00, 0x00, 0x00, 0x00, 0x00, 0x00, 0x00, 0x00, 0x00, 0x00, 0x00, 0x00, 0x00, 0x00, 0x00, 0x00,
    0x00, 0x00, 0x00, 0x00, 0x00, 0x00, 0x00, 0x00, 0x00, 0x00, 0x00, 0x00, 0x00, 0x00, 0x00, 0x00,
    0x00, 0x00, 0x00, 0x00, 0x00, 0x00, 0x00, 0x00, 0x00, 0x00, 0x00, 0x00, 0x00, 0x00, 0x00, 0x00,
    0x00, 0x00, 0x00, 0x00, 0x00, 0x00, 0x00, 0x00, 0x00, 0x00, 0x00, 0x00, 0x00, 0x00, 0x00, 0x00,
    0x00, 0x00, 0x00, 0x00, 0x00, 0x00, 0x00, 0x00, 0x00, 0x00, 0x00, 0x00, 0x00, 0x00, 0x00, 0x00,
    0x00, 0x00, 0x00, 0x00, 0x00, 0x00, 0x00, 0x00, 0x00, 0x00, 0x00, 0x00, 0x00, 0x00, 0x00, 0x00,
    0x00, 0x00, 0x00, 0x00, 0x00, 0x00, 0x00, 0x00, 0x00, 0x00, 0x00, 0x00, 0x00, 0x00, 0x00, 0x00,
    0x00, 0x00, 0x00, 0x00, 0x00, 0x00, 0x00, 0x00, 0x00, 0x00, 0x00, 0x00, 0x00, 0x00, 0x00, 0x00,
    0x00, 0x00, 0x00, 0x00, 0x00, 0x00, 0x00, 0x00, 0x00, 0x00, 0x00, 0x00, 0x00, 0x00, 0x00, 0x00,
    0x00, 0x00, 0x00, 0x00, 0x00, 0x00, 0x00, 0x00, 0x00, 0x00, 0x00, 0x00, 0x00, 0x00, 0x00, 0x00,
    0x00, 0x00, 0x00, 0x00, 0x00, 0x00, 0x00, 0x00, 0x00, 0x00, 0x00, 0x00, 0x00, 0x00, 0x00, 0x00,
    0x00, 0x00, 0x00, 0x00, 0x00, 0x00, 0x00, 0x00, 0x00, 0x00, 0x00, 0x00, 0x00, 0x00, 0x00, 0x00,
    0x00, 0x00, 0x00, 0x00, 0x00, 0x00, 0x00, 0x00, 0x00, 0x00, 0x00, 0x00, 0x00, 0x00, 0x00, 0x00,
    0x00, 0x00, 0x00, 0x00, 0x00, 0x00, 0x00, 0x00, 0x00, 0x00, 0x00, 0x00, 0x00, 0x00, 0x00, 0x00,
    0x00, 0x00, 0x00, 0x00, 0x00, 0x00, 0x00, 0x00, 0x00, 0x00, 0x00, 0x00, 0x00, 0x00, 0x00, 0x00,
    0x00, 0x00, 0x00, 0x00, 0x00, 0x00, 0x00, 0x00, 0x00, 0x00, 0x00, 0x00, 0x00, 0x00, 0x00, 0x00,
    0x00, 0x00, 0x00, 0x00, 0x00, 0x00, 0x00, 0x00, 0x00, 0x00, 0x00, 0x00, 0x00, 0x00, 0x00, 0x00,
    0x00, 0x00, 0x00, 0x00, 0x00, 0x00, 0x00, 0x00, 0x00, 0x00, 0x00, 0x00, 0x00, 0x00, 0x00, 0x00,
    0x00, 0x00, 0x00, 0x00, 0x00, 0x00, 0x00, 0x00, 0x00, 0x00, 0x00, 0x00, 0x00, 0x00, 0x00, 0x00,
    0x00, 0x00, 0x00, 0x00, 0x00, 0x00, 0x00, 0x00, 0x00, 0x00, 0x00, 0x00, 0x00, 0x00, 0x00, 0x00,
    0x00, 0x00, 0x00, 0x00, 0x00, 0x00, 0x00, 0x00, 0x00, 0x00, 0x00, 0x00, 0x00, 0x00, 0x00, 0x00,
    0x00, 0x00, 0x00, 0x00, 0x00, 0x00, 0x00, 0x00, 0x00, 0x00, 0x00, 0x00, 0x00, 0x00, 0x00, 0x00,
    0x00, 0x00, 0x00, 0x00, 0x00, 0x00, 0x00, 0x00, 0x00, 0x00, 0x00, 0x00, 0x00, 0x00, 0x00, 0x00,
    0x00, 0x00, 0x00, 0x00, 0x00, 0x00, 0x00, 0x00, 0x00, 0x00, 0x00, 0x00, 0x00, 0x00, 0x00, 0x00,
    0x00, 0x00, 0x00, 0x00, 0x00, 0x00, 0x00, 0x00, 0x00, 0x00, 0x00, 0x00, 0x00, 0x00, 0x00, 0x00,
    0x00, 0x00, 0x00, 0x00, 0x00, 0x00, 0x00, 0x00, 0x00, 0x00, 0x00, 0x00, 0x00, 0x00, 0x00, 0x00,
    0x00, 0x00, 0x00, 0x00, 0x00, 0x00, 0x00, 0x00, 0x00, 0x00, 0x00, 0x00, 0x00, 0x00, 0x00, 0x00,
    0x00, 0x00, 0x00, 0x00, 0x00, 0x00, 0x00, 0x00, 0x00, 0x00, 0x00, 0x00, 0x00, 0x00, 0x00, 0x00,
    0x00, 0x00, 0x00, 0x00, 0x00, 0x00, 0x00, 0x00, 0x00, 0x00, 0x00, 0x00, 0x00, 0x00, 0x00, 0x00,
    0x00, 0x00, 0x00, 0x00, 0x00, 0x00, 0x00, 0x00, 0x00, 0x00, 0x00, 0x00, 0x00, 0x00, 0x00, 0x00,
    0x00, 0x00, 0x00, 0x00, 0x00, 0x00, 0x00, 0x00, 0x00, 0x00, 0x00, 0x00, 0x00, 0x00, 0x00, 0x00,
    0x00, 0x00, 0x00, 0x00, 0x00, 0x00, 0x00, 0x00, 0x00, 0x00, 0x00, 0x00, 0x00, 0x00, 0x00, 0x00,
    0x00, 0x00, 0x00, 0x00, 0x00, 0x00, 0x00, 0x00, 0x00, 0x00, 0x00, 0x00, 0x00, 0x00, 0x00, 0x00,
    0x00, 0x00, 0x00, 0x00, 0x00, 0x00, 0x00, 0x00, 0x00, 0x00, 0x00, 0x00, 0x00, 0x00, 0x00, 0x00,
    0x00, 0x00, 0x00, 0x00, 0x00, 0x00, 0x00, 0x00, 0x00, 0x00, 0x00, 0x00, 0x00, 0x00, 0x00, 0x00,
    0x00, 0x00, 0x00, 0x00, 0x00, 0x00, 0x00, 0x00, 0x00, 0x00, 0x00, 0x00, 0x00, 0x00, 0x00, 0x00,
    0x00, 0x00, 0x00, 0x00, 0x00, 0x00, 0x00, 0x00, 0x00, 0x00, 0x00, 0x00, 0x00, 0x00, 0x00, 0x00,
    0x00, 0x00, 0x00, 0x00, 0x00, 0x00, 0x00, 0x00, 0x00, 0x00, 0x00, 0x00, 0x00, 0x00, 0x00, 0x00,
    0x00, 0x00, 0x00, 0x00, 0x00, 0x00, 0x00, 0x00, 0x00, 0x00, 0x00, 0x00, 0x00, 0x00, 0x00, 0x00,
    0x00, 0x00, 0x00, 0x00, 0x00, 0x00, 0x00, 0x00, 0x00, 0x00, 0x00, 0x00, 0x00, 0x00, 0x00, 0x00,
    0x00, 0x00, 0x00, 0x00, 0x00, 0x00, 0x00, 0x00, 0x00, 0x00, 0x00, 0x00, 0x00, 0x00, 0x00, 0x00,
    0x00, 0x00, 0x00, 0x00, 0x00, 0x00, 0x00, 0x00, 0x00, 0x00, 0x00, 0x00, 0x00, 0x00, 0x00, 0x00,
    0x00, 0x00, 0x00, 0x00, 0x00, 0x00, 0x00, 0x00, 0x00, 0x00, 0x00, 0x00, 0x00, 0x00, 0x00, 0x00,
    0x00, 0x00, 0x00, 0x00, 0x00, 0x00, 0x00, 0x00, 0x00, 0x00, 0x00, 0x00, 0x00, 0x00, 0x00, 0x00,
    0x00, 0x00, 0x00, 0x00, 0x00, 0x00, 0x00, 0x00, 0x00, 0x00, 0x00, 0x00, 0x00, 0x00, 0x00, 0x00,
    0x00, 0x00, 0x00, 0x00, 0x00, 0x00, 0x00, 0x00, 0x00, 0x00, 0x00, 0x00, 0x00, 0x00, 0x00, 0x00,
    0x00, 0x00, 0x00, 0x00, 0x00, 0x00, 0x00, 0x00, 0x00, 0x00, 0x00, 0x00, 0x00, 0x00, 0x00, 0x00,
    0x00, 0x00, 0x00, 0x00, 0x00, 0x00, 0x00, 0x00, 0x00, 0x00, 0x00, 0x00, 0x00, 0x00, 0x00, 0x00,
    0x00, 0x00, 0x00, 0x00, 0x00, 0x00, 0x00, 0x00, 0x00, 0x00, 0x00, 0x00, 0x00, 0x00, 0x00, 0x00,
    0x00, 0x00, 0x00, 0x00, 0x00, 0x00, 0x00, 0x00, 0x00, 0x00, 0x00, 0x00, 0x00, 0x00, 0x00, 0x00,
    0x00, 0x00, 0x00, 0x00, 0x00, 0x00, 0x00, 0x00, 0x00, 0x00, 0x00, 0x00, 0x00, 0x00, 0x00, 0x00,
    0x00, 0x00, 0x00, 0x00, 0x00, 0x00, 0x00, 0x00, 0x00, 0x00, 0x00, 0x00, 0x00, 0x00, 0x00, 0x00,
    0x00, 0x00, 0x00, 0x00, 0x00, 0x00, 0x00, 0x00, 0x00, 0x00, 0x00, 0x00, 0x00, 0x00, 0x00, 0x00,
    0x00, 0x00, 0x00, 0x00, 0x00, 0x00, 0x00, 0x00, 0x00, 0x00, 0x00, 0x00, 0x00, 0x00, 0x00, 0x00,
    0x00, 0x00, 0x00, 0x00, 0x00, 0x00, 0x00, 0x00, 0x00, 0x00, 0x00, 0x00, 0x00, 0x00, 0x00, 0x00,
    0x00, 0x00, 0x00, 0x00, 0x00, 0x00, 0x00, 0x00, 0x00, 0x00, 0x00, 0x00, 0x00, 0x00, 0x00, 0x00,
    0x00, 0x00, 0x00, 0x00, 0x00, 0x00, 0x00, 0x00, 0x00, 0x00, 0x00, 0x00, 0x00, 0x00, 0x00, 0x00,
    0x00, 0x00, 0x00, 0x00, 0x00, 0x00, 0x00, 0x00, 0x00, 0x00, 0x00, 0x00, 0x00, 0x00, 0x00, 0x00,
    0x00, 0x00, 0x00, 0x00, 0x00, 0x00, 0x00, 0x00, 0x00, 0x00, 0x00, 0x00, 0x00, 0x00, 0x00, 0x00,
    0x00, 0x00, 0x00, 0x00, 0x00, 0x00, 0x00, 0x00, 0x00, 0x00, 0x00, 0x00, 0x00, 0x00, 0x00, 0x00,
    0x00, 0x00, 0x00, 0x00, 0x00, 0x00, 0x00, 0x00, 0x00, 0x00, 0x00, 0x00, 0x00, 0x00, 0x00, 0x00,
    0x00, 0x00, 0x00, 0x00, 0x00, 0x00, 0x00, 0x00, 0x00, 0x00, 0x00, 0x00, 0x00, 0x00, 0x00, 0x00,
    0x00, 0x00, 0x00, 0x00, 0x00, 0x00, 0x00, 0x00, 0x00, 0x00, 0x00, 0x00, 0x00, 0x00, 0x00, 0x00,
    0x00, 0x00, 0x00, 0x00, 0x00, 0x00, 0x00, 0x00, 0x00, 0x00, 0x00, 0x00, 0x00, 0x00, 0x00, 0x00,
    0x00, 0x00, 0x00, 0x00, 0x00, 0x00, 0x00, 0x00, 0x00, 0x00, 0x00, 0x00, 0x00, 0x00, 0x00, 0x00,
    0x00, 0x00, 0x00, 0x00, 0x00, 0x00, 0x00, 0x00, 0x00, 0x00, 0x00, 0x00, 0x00, 0x00, 0x00, 0x00,
    0x00, 0x00, 0x00, 0x00, 0x00, 0x00, 0x00, 0x00, 0x00, 0x00, 0x00, 0x00, 0x00, 0x00, 0x00, 0x00,
    0x00, 0x00, 0x00, 0x00, 0x00, 0x00, 0x00, 0x00, 0x00, 0x00, 0x00, 0x00, 0x00, 0x00, 0x00, 0x00,
    0x00, 0x00, 0x00, 0x00, 0x00, 0x00, 0x00, 0x00, 0x00, 0x00, 0x00, 0x00, 0x00, 0x00, 0x00, 0x00,
    0x00, 0x00, 0x00, 0x00, 0x00, 0x00, 0x00, 0x00, 0x00, 0x00, 0x00, 0x00, 0x00, 0x00, 0x00, 0x00,
    0x00, 0x00, 0x00, 0x00, 0x00, 0x00, 0x00, 0x00, 0x00, 0x00, 0x00, 0x00, 0x00, 0x00, 0x00, 0x00,
    0x00, 0x00, 0x00, 0x00, 0x00, 0x00, 0x00, 0x00, 0x00, 0x00, 0x00, 0x00, 0x00, 0x00, 0x00, 0x00,
    0x00, 0x00, 0x00, 0x00, 0x00, 0x00, 0x00, 0x00, 0x00, 0x00, 0x00, 0x00, 0x00, 0x00, 0x00, 0x00,
    0x00, 0x00, 0x00, 0x00, 0x00, 0x00, 0x00, 0x00, 0x00, 0x00, 0x00, 0x00, 0x00, 0x00, 0x00, 0x00,
    0x00, 0x00, 0x00, 0x00, 0x00, 0x00, 0x00, 0x00, 0x00, 0x00, 0x00, 0x00, 0x00, 0x00, 0x00, 0x00,
    0x00, 0x00, 0x00, 0x00, 0x00, 0x00, 0x00, 0x00, 0x00, 0x00, 0x00, 0x00, 0x00, 0x00, 0x00, 0x00,
    0x00, 0x00, 0x00, 0x00, 0x00, 0x00, 0x00, 0x00, 0x00, 0x00, 0x00, 0x00, 0x00, 0x00, 0x00, 0x00,
    0x00, 0x00, 0x00, 0x00, 0x00, 0x00, 0x00, 0x00, 0x00, 0x00, 0x00, 0x00, 0x00, 0x00, 0x00, 0x00,
    0x00, 0x00, 0x00, 0x00, 0x00, 0x00, 0x00, 0x00, 0x00, 0x00, 0x00, 0x00, 0x00, 0x00, 0x00, 0x00,
    0x00, 0x00, 0x00, 0x00, 0x00, 0x00, 0x00, 0x00, 0x00, 0x00, 0x00, 0x00, 0x00, 0x00, 0x00, 0x00,
    0x00, 0x00, 0x00, 0x00, 0x00, 0x00, 0x00, 0x00, 0x00, 0x00, 0x00, 0x00, 0x00, 0x00, 0x00, 0x00,
    0x00, 0x00, 0x00, 0x00, 0x00, 0x00, 0x00, 0x00, 0x00, 0x00, 0x00, 0x00, 0x00, 0x00, 0x00, 0x00,
    0x00, 0x00, 0x00, 0x00, 0x00, 0x00, 0x00, 0x00, 0x00, 0x00, 0x00, 0x00, 0x00, 0x00, 0x00, 0x00,
    0x00, 0x00, 0x00, 0x00, 0x00, 0x00, 0x00, 0x00, 0x00, 0x00, 0x00, 0x00, 0x00, 0x00, 0x00, 0x00,
    0x00, 0x00, 0x00, 0x00, 0x00, 0x00, 0x00, 0x00, 0x00, 0x00, 0x00, 0x00, 0x00, 0x00, 0x00, 0x00,
    0x00, 0x00, 0x00, 0x00, 0x00, 0x00, 0x00, 0x00, 0x00, 0x00, 0x00, 0x00, 0x00, 0x00, 0x00, 0x00,
    0x00, 0x00, 0x00, 0x00, 0x00, 0x00, 0x00, 0x00, 0x00, 0x00, 0x00, 0x00, 0x00, 0x00, 0x00, 0x00,
    0x00, 0x00, 0x00, 0x00, 0x00, 0x00, 0x00, 0x00, 0x00, 0x00, 0x00, 0x00, 0x00, 0x00, 0x00, 0x00,
    0x00, 0x00, 0x00, 0x00, 0x00, 0x00, 0x00, 0x00, 0x00, 0x00, 0x00, 0x00, 0x00, 0x00, 0x00, 0x00,
    0x00, 0x00, 0x00, 0x00, 0x00, 0x00, 0x00, 0x00, 0x00, 0x00, 0x00, 0x00, 0x00, 0x00, 0x00, 0x00,
    0x00, 0x00, 0x00, 0x00, 0x00, 0x00, 0x00, 0x00, 0x00, 0x00, 0x00, 0x00, 0x00, 0x00, 0x00, 0x00,
    0x00, 0x00, 0x00, 0x00, 0x00, 0x00, 0x00, 0x00, 0x00, 0x00, 0x00, 0x00, 0x00, 0x00, 0x00, 0x00,
    0x00, 0x00, 0x00, 0x00, 0x00, 0x00, 0x00, 0x00, 0x00, 0x00, 0x00, 0x00, 0x00, 0x00, 0x00, 0x00,
    0x00, 0x00, 0x00, 0x00, 0x00, 0x00, 0x00, 0x00, 0x00, 0x00, 0x00, 0x00, 0x00, 0x00, 0x00, 0x00,
    0x00, 0x00, 0x00, 0x00, 0x00, 0x00, 0x00, 0x00, 0x00, 0x00, 0x00, 0x00, 0x00, 0x00, 0x00, 0x00,
    0x00, 0x00, 0x00, 0x00, 0x00, 0x00, 0x00, 0x00, 0x00, 0x00, 0x00, 0x00, 0x00, 0x00, 0x00, 0x00,
    0x00, 0x00, 0x00, 0x00, 0x00, 0x00, 0x00, 0x00, 0x00, 0x00, 0x00, 0x00, 0x00, 0x00, 0x00, 0x00,
    0x00, 0x00, 0x00, 0x00, 0x00, 0x00, 0x00, 0x00, 0x00, 0x00, 0x00, 0x00, 0x00, 0x00, 0x00, 0x00,
    0x00, 0x00, 0x00, 0x00, 0x00, 0x00, 0x00, 0x00, 0x00, 0x00, 0x00, 0x00, 0x00, 0x00, 0x00, 0x00,
    0x00, 0x00, 0x00, 0x00, 0x00, 0x00, 0x00, 0x00, 0x00, 0x00, 0x00, 0x00, 0x00, 0x00, 0x00, 0x00,
    0x00, 0x00, 0x00, 0x00, 0x00, 0x00, 0x00, 0x00, 0x00, 0x00, 0x00, 0x00, 0x00, 0x00, 0x00, 0x00,
    0x00, 0x00, 0x00, 0x00, 0x00, 0x00, 0x00, 0x00, 0x00, 0x00, 0x00, 0x00, 0x00, 0x00, 0x00, 0x00,
    0x00, 0x00, 0x00, 0x00, 0x00, 0x00, 0x00, 0x00, 0x00, 0x00, 0x00, 0x00, 0x00, 0x00, 0x00, 0x00,
    0x00, 0x00, 0x00, 0x00, 0x00, 0x00, 0x00, 0x00, 0x00, 0x00, 0x00, 0x00, 0x00, 0x00, 0x00, 0x00,
    0x00, 0x00, 0x00, 0x00, 0x00, 0x00, 0x00, 0x00, 0x00, 0x00, 0x00, 0x00, 0x00, 0x00, 0x00, 0x00,
    0x00, 0x00, 0x00, 0x00, 0x00, 0x00, 0x00, 0x00, 0x00, 0x00, 0x00, 0x00, 0x00, 0x00, 0x00, 0x00,
    0x00, 0x00, 0x00, 0x00, 0x00, 0x00, 0x00, 0x00, 0x00, 0x00, 0x00, 0x00, 0x00, 0x00, 0x00, 0x00,
    0x00, 0x00, 0x00, 0x00, 0x00, 0x00, 0x00, 0x00, 0x00, 0x00, 0x00, 0x00, 0x00, 0x00, 0x00, 0x00,
    0x00, 0x00, 0x00, 0x00, 0x00, 0x00, 0x00, 0x00, 0x00, 0x00, 0x00, 0x00, 0x00, 0x00, 0x00, 0x00,
    0x00, 0x00, 0x00, 0x00, 0x00, 0x00, 0x00, 0x00, 0x00, 0x00, 0x00, 0x00, 0x00, 0x00, 0x00, 0x00,
    0x00, 0x00, 0x00, 0x00, 0x00, 0x00, 0x00, 0x00, 0x00, 0x00, 0x00, 0x00, 0x00, 0x00, 0x00, 0x00,
    0x00, 0x00, 0x00, 0x00, 0x00, 0x00, 0x00, 0x00, 0x00, 0x00, 0x00, 0x00, 0x00, 0x00, 0x00, 0x00,
    0x00, 0x00, 0x00, 0x00, 0x00, 0x00, 0x00, 0x00, 0x00, 0x00, 0x00, 0x00, 0x00, 0x00, 0x00, 0x00,
    0x00, 0x00, 0x00, 0x00, 0x00, 0x00, 0x00, 0x00, 0x00, 0x00, 0x00, 0x00, 0x00, 0x00, 0x00, 0x00,
    0x00, 0x00, 0x00, 0x00, 0x00, 0x00, 0x00, 0x00, 0x00, 0x00, 0x00, 0x00, 0x00, 0x00, 0x00, 0x00,
    0x00, 0x00, 0x00, 0x00, 0x00, 0x00, 0x00, 0x00, 0x00, 0x00, 0x00, 0x00, 0x00, 0x00, 0x00, 0x00,
    0x00, 0x00, 0x00, 0x00, 0x00, 0x00, 0x00, 0x00, 0x00, 0x00, 0x00, 0x00, 0x00, 0x00, 0x00, 0x00,
    0x00, 0x00, 0x00, 0x00, 0x00, 0x00, 0x00, 0x00, 0x00, 0x00, 0x00, 0x00, 0x00, 0x00, 0x00, 0x00,
    0x00, 0x00, 0x00, 0x00, 0x00, 0x00, 0x00, 0x00, 0x00, 0x00, 0x00, 0x00, 0x00, 0x00, 0x00, 0x00,
    0x00, 0x00, 0x00, 0x00, 0x00, 0x00, 0x00, 0x00, 0x00, 0x00, 0x00, 0x00, 0x00, 0x00, 0x00, 0x00,
    0x00, 0x00, 0x00, 0x00, 0x00, 0x00, 0x00, 0x00, 0x00, 0x00, 0x00, 0x00, 0x00, 0x00, 0x00, 0x00,
    0x00, 0x00, 0x00, 0x00, 0x00, 0x00, 0x00, 0x00, 0x00, 0x00, 0x00, 0x00, 0x00, 0x00, 0x00, 0x00,
    0x00, 0x00, 0x00, 0x00, 0x00, 0x00, 0x00, 0x00, 0x00, 0x00, 0x00, 0x00, 0x00, 0x00, 0x00, 0x00,
    0x00, 0x00, 0x00, 0x00, 0x00, 0x00, 0x00, 0x00, 0x00, 0x00, 0x00, 0x00, 0x00, 0x00, 0x00, 0x00,
    0x00, 0x00, 0x00, 0x00, 0x00, 0x00, 0x00, 0x00, 0x00, 0x00, 0x00, 0x00, 0x00, 0x00, 0x00, 0x00,
    0x00, 0x00, 0x00, 0x00, 0x00, 0x00, 0x00, 0x00, 0x00, 0x00, 0x00, 0x00, 0x00, 0x00, 0x00, 0x00,
    0x00, 0x00, 0x00, 0x00, 0x00, 0x00, 0x00, 0x00, 0x00, 0x00, 0x00, 0x00, 0x00, 0x00, 0x00, 0x00,
    0x00, 0x00, 0x00, 0x00, 0x00, 0x00, 0x00, 0x00, 0x00, 0x00, 0x00, 0x00, 0x00, 0x00, 0x00, 0x00,
    0x00, 0x00, 0x00, 0x00, 0x00, 0x00, 0x00, 0x00, 0x00, 0x00, 0x00, 0x00, 0x00, 0x00, 0x00, 0x00,
    0x00, 0x00, 0x00, 0x00, 0x00, 0x00, 0x00, 0x00, 0x00, 0x00, 0x00, 0x00, 0x00, 0x00, 0x00, 0x00,
    0x00, 0x00, 0x00, 0x00, 0x00, 0x00, 0x00, 0x00, 0x00, 0x00, 0x00, 0x00, 0x00, 0x00, 0x00, 0x00,
    0x00, 0x00, 0x00, 0x00, 0x00, 0x00, 0x00, 0x00, 0x00, 0x00, 0x00, 0x00, 0x00, 0x00, 0x00, 0x00,
    0x00, 0x00, 0x00, 0x00, 0x00, 0x00, 0x00, 0x00, 0x00, 0x00, 0x00, 0x00, 0x00, 0x00, 0x00, 0x00,
    0x00, 0x00, 0x00, 0x00, 0x00, 0x00, 0x00, 0x00, 0x00, 0x00, 0x00, 0x00, 0x00, 0x00, 0x00, 0x00,
    0x00, 0x00, 0x00, 0x00, 0x00, 0x00, 0x00, 0x00, 0x00, 0x00, 0x00, 0x00, 0x00, 0x00, 0x00, 0x00,
    0x00, 0x00, 0x00, 0x00, 0x00, 0x00, 0x00, 0x00, 0x00, 0x00, 0x00, 0x00, 0x00, 0x00, 0x00, 0x00,
    0x00, 0x00, 0x00, 0x00, 0x00, 0x00, 0x00, 0x00, 0x00, 0x00, 0x00, 0x00, 0x00, 0x00, 0x00, 0x00,
    0x00, 0x00, 0x00, 0x00, 0x00, 0x00, 0x00, 0x00, 0x00, 0x00, 0x00, 0x00, 0x00, 0x00, 0x00, 0x00,
    0x00, 0x00, 0x00, 0x00, 0x00, 0x00, 0x00, 0x00, 0x00, 0x00, 0x00, 0x00, 0x00, 0x00, 0x00, 0x00,
    0x00, 0x00, 0x00, 0x00, 0x00, 0x00, 0x00, 0x00, 0x00, 0x00, 0x00, 0x00, 0x00, 0x00, 0x00, 0x00,
    0x00, 0x00, 0x00, 0x00, 0x00, 0x00, 0x00, 0x00, 0x00, 0x00, 0x00, 0x00, 0x00, 0x00, 0x00, 0x00,
    0x00, 0x00, 0x00, 0x00, 0x00, 0x00, 0x00, 0x00, 0x00, 0x00, 0x00, 0x00, 0x00, 0x00, 0x00, 0x00,
    0x00, 0x00, 0x00, 0x00, 0x00, 0x00, 0x00, 0x00, 0x00, 0x00, 0x00, 0x00, 0x00, 0x00, 0x00, 0x00,
    0x00, 0x00, 0x00, 0x00, 0x00, 0x00, 0x00, 0x00, 0x00, 0x00, 0x00, 0x00, 0x00, 0x00, 0x00, 0x00,
    0x00, 0x00, 0x00, 0x00, 0x00, 0x00, 0x00, 0x00, 0x00, 0x00, 0x00, 0x00, 0x00, 0x00, 0x00, 0x00,
    0x00, 0x00, 0x00, 0x00, 0x00, 0x00, 0x00, 0x00, 0x00, 0x00, 0x00, 0x00, 0x00, 0x00, 0x00, 0x00,
    0x00, 0x00, 0x00, 0x00, 0x00, 0x00, 0x00, 0x00, 0x00, 0x00, 0x00, 0x00, 0x00, 0x00, 0x00, 0x00,
    0x00, 0x00, 0x00, 0x00, 0x00, 0x00, 0x00, 0x00, 0x00, 0x00, 0x00, 0x00, 0x00, 0x00, 0x00, 0x00,
    0x00, 0x00, 0x00, 0x00, 0x00, 0x00, 0x00, 0x00, 0x00, 0x00, 0x00, 0x00, 0x00, 0x00, 0x00, 0x00,
    0x00, 0x00, 0x00, 0x00, 0x00, 0x00, 0x00, 0x00, 0x00, 0x00, 0x00, 0x00, 0x00, 0x00, 0x00, 0x00,
    0x00, 0x00, 0x00, 0x00, 0x00, 0x00, 0x00, 0x00, 0x00, 0x00, 0x00, 0x00, 0x00, 0x00, 0x00, 0x00,
    0x00, 0x00, 0x00, 0x00, 0x00, 0x00, 0x00, 0x00, 0x00, 0x00, 0x00, 0x00, 0x00, 0x00, 0x00, 0x00,
    0x00, 0x00, 0x00, 0x00, 0x00, 0x00, 0x00, 0x00, 0x00, 0x00, 0x00, 0x00, 0x00, 0x00, 0x00, 0x00,
    0x00, 0x00, 0x00, 0x00, 0x00, 0x00, 0x00, 0x00, 0x00, 0x00, 0x00, 0x00, 0x00, 0x00, 0x00, 0x00,
    0x00, 0x00, 0x00, 0x00, 0x00, 0x00, 0x00, 0x00, 0x00, 0x00, 0x00, 0x00, 0x00, 0x00, 0x00, 0x00,
    0x00, 0x00, 0x00, 0x00, 0x00, 0x00, 0x00, 0x00, 0x00, 0x00, 0x00, 0x00, 0x00, 0x00, 0x00, 0x00,
    0x00, 0x00, 0x00, 0x00, 0x00, 0x00, 0x00, 0x00, 0x00, 0x00, 0x00, 0x00, 0x00, 0x00, 0x00, 0x00,
    0x00, 0x00, 0x00, 0x00, 0x00, 0x00, 0x00, 0x00, 0x00, 0x00, 0x00, 0x00, 0x00, 0x00, 0x00, 0x00,
    0x00, 0x00, 0x00, 0x00, 0x00, 0x00, 0x00, 0x00, 0x00, 0x00, 0x00, 0x00, 0x00, 0x00, 0x00, 0x00,
    0x00, 0x00, 0x00, 0x00, 0x00, 0x00, 0x00, 0x00, 0x00, 0x00, 0x00, 0x00, 0x00, 0x00, 0x00, 0x00,
    0x00, 0x00, 0x00, 0x00, 0x00, 0x00, 0x00, 0x00, 0x00, 0x00, 0x00, 0x00, 0x00, 0x00, 0x00, 0x00,
    0x00, 0x00, 0x00, 0x00, 0x00, 0x00, 0x00, 0x00, 0x00, 0x00, 0x00, 0x00, 0x00, 0x00, 0x00, 0x00,
    0x00, 0x00, 0x00, 0x00, 0x00, 0x00, 0x00, 0x00, 0x00, 0x00, 0x00, 0x00, 0x00, 0x00, 0x00, 0x00,
    0x00, 0x00, 0x00, 0x00, 0x00, 0x00, 0x00, 0x00, 0x00, 0x00, 0x00, 0x00, 0x00, 0x00, 0x00, 0x00,
    0x00, 0x00, 0x00, 0x00, 0x00, 0x00, 0x00, 0x00, 0x00, 0x00, 0x00, 0x00, 0x00, 0x00, 0x00, 0x00,
    0x00, 0x00, 0x00, 0x00, 0x00, 0x00, 0x00, 0x00, 0x00, 0x00, 0x00, 0x00, 0x00, 0x00, 0x00, 0x00,
    0x00, 0x00, 0x00, 0x00, 0x00, 0x00, 0x00, 0x00, 0x00, 0x00, 0x00, 0x00, 0x00, 0x00, 0x00, 0x00,
    0x00, 0x00, 0x00, 0x00, 0x00, 0x00, 0x00, 0x00, 0x00, 0x00, 0x00, 0x00, 0x00, 0x00, 0x00, 0x00,
    0x00, 0x00, 0x00, 0x00, 0x00, 0x00, 0x00, 0x00, 0x00, 0x00, 0x00, 0x00, 0x00, 0x00, 0x00, 0x00,
    0x00, 0x00, 0x00, 0x00, 0x00, 0x00, 0x00, 0x00, 0x00, 0x00, 0x00, 0x00, 0x00, 0x00, 0x00, 0x00,
    0x00, 0x00, 0x00, 0x00, 0x00, 0x00, 0x00, 0x00, 0x00, 0x00, 0x00, 0x00, 0x00, 0x00, 0x00, 0x00,
    0x00, 0x00, 0x00, 0x00, 0x00, 0x00, 0x00, 0x00, 0x00, 0x00, 0x00, 0x00, 0x00, 0x00, 0x00, 0x00,
    0x00, 0x00, 0x00, 0x00, 0x00, 0x00, 0x00, 0x00, 0x00, 0x00, 0x00, 0x00, 0x00, 0x00, 0x00, 0x00,
    0x00, 0x00, 0x00, 0x00, 0x00, 0x00, 0x00, 0x00, 0x00, 0x00, 0x00, 0x00, 0x00, 0x00, 0x00, 0x00,
    0x00, 0x00, 0x00, 0x00, 0x00, 0x00, 0x00, 0x00, 0x00, 0x00, 0x00, 0x00, 0x00, 0x00, 0x00, 0x00,
    0x00, 0x00, 0x00, 0x00, 0x00, 0x00, 0x00, 0x00, 0x00, 0x00, 0x00, 0x00, 0x00, 0x00, 0x00, 0x00,
    0x00, 0x00, 0x00, 0x00, 0x00, 0x00, 0x00, 0x00, 0x00, 0x00, 0x00, 0x00, 0x00, 0x00, 0x00, 0x00,
    0x00, 0x00, 0x00, 0x00, 0x00, 0x00, 0x00, 0x00, 0x00, 0x00, 0x00, 0x00, 0x00, 0x00, 0x00, 0x00,
    0x00, 0x00, 0x00, 0x00, 0x00, 0x00, 0x00, 0x00, 0x00, 0x00, 0x00, 0x00, 0x00, 0x00, 0x00, 0x00,
    0x00, 0x00, 0x00, 0x00, 0x00, 0x00, 0x00, 0x00, 0x00, 0x00, 0x00, 0x00, 0x00, 0x00, 0x00, 0x00,
    0x00, 0x00, 0x00, 0x00, 0x00, 0x00, 0x00, 0x00, 0x00, 0x00, 0x00, 0x00, 0x00, 0x00, 0x00, 0x00,
    0x00, 0x00, 0x00, 0x00, 0x00, 0x00, 0x00, 0x00, 0x00, 0x00, 0x00, 0x00, 0x00, 0x00, 0x00, 0x00,
    0x00, 0x00, 0x00, 0x00, 0x00, 0x00, 0x00, 0x00, 0x00, 0x00, 0x00, 0x00, 0x00, 0x00, 0x00, 0x00,
    0x00, 0x00, 0x00, 0x00, 0x00, 0x00, 0x00, 0x00, 0x00, 0x00, 0x00, 0x00, 0x00, 0x00, 0x00, 0x00,
    0x00, 0x00, 0x00, 0x00, 0x00, 0x00, 0x00, 0x00, 0x00, 0x00, 0x00, 0x00, 0x00, 0x00, 0x00, 0x00,
    0x00, 0x00, 0x00, 0x00, 0x00, 0x00, 0x00, 0x00, 0x00, 0x00, 0x00, 0x00, 0x00, 0x00, 0x00, 0x00,
    0x00, 0x00, 0x00, 0x00, 0x00, 0x00, 0x00, 0x00, 0x00, 0x00, 0x00, 0x00, 0x00, 0x00, 0x00, 0x00,
    0x00, 0x00, 0x00, 0x00, 0x00, 0x00, 0x00, 0x00, 0x00, 0x00, 0x00, 0x00, 0x00, 0x00, 0x00, 0x00,
    0x00, 0x00, 0x00, 0x00, 0x00, 0x00, 0x00, 0x00, 0x00, 0x00, 0x00, 0x00, 0x00, 0x00, 0x00, 0x00,
    0x00, 0x00, 0x00, 0x00, 0x00, 0x00, 0x00, 0x00, 0x00, 0x00, 0x00, 0x00, 0x00, 0x00, 0x00, 0x00,
    0x00, 0x00, 0x00, 0x00, 0x00, 0x00, 0x00, 0x00, 0x00, 0x00, 0x00, 0x00, 0x00, 0x00, 0x00, 0x00,
    0x00, 0x00, 0x00, 0x00, 0x00, 0x00, 0x00, 0x00, 0x00, 0x00, 0x00, 0x00, 0x00, 0x00, 0x00, 0x00,
    0x00, 0x00, 0x00, 0x00, 0x00, 0x00, 0x00, 0x00, 0x00, 0x00, 0x00, 0x00, 0x00, 0x00, 0x00, 0x00,
    0x00, 0x00, 0x00, 0x00, 0x00, 0x00, 0x00, 0x00, 0x00, 0x00, 0x00, 0x00, 0x00, 0x00, 0x00, 0x00,
    0x00, 0x00, 0x00, 0x00, 0x00, 0x00, 0x00, 0x00, 0x00, 0x00, 0x00, 0x00, 0x00, 0x00, 0x00, 0x00,
    0x00, 0x00, 0x00, 0x00, 0x00, 0x00, 0x00, 0x00, 0x00, 0x00, 0x00, 0x00, 0x00, 0x00, 0x00, 0x00,
    0x00, 0x00, 0x00, 0x00, 0x00, 0x00, 0x00, 0x00, 0x00, 0x00, 0x00, 0x00, 0x00, 0x00, 0x00, 0x00,
    0x00, 0x00, 0x00, 0x00, 0x00, 0x00, 0x00, 0x00, 0x00, 0x00, 0x00, 0x00, 0x00, 0x00, 0x00, 0x00,
    0x00, 0x00, 0x00, 0x00, 0x00, 0x00, 0x00, 0x00, 0x00, 0x00, 0x00, 0x00, 0x00, 0x00, 0x00, 0x00,
    0x00, 0x00, 0x00, 0x00, 0x00, 0x00, 0x00, 0x00, 0x00, 0x00, 0x00, 0x00, 0x00, 0x00, 0x00, 0x00,
    0x00, 0x00, 0x00, 0x00, 0x00, 0x00, 0x00, 0x00, 0x00, 0x00, 0x00, 0x00, 0x00, 0x00, 0x00, 0x00,
    0x00, 0x00, 0x00, 0x00, 0x00, 0x00, 0x00, 0x00, 0x00, 0x00, 0x00, 0x00, 0x00, 0x00, 0x00, 0x00,
    0x00, 0x00, 0x00, 0x00, 0x00, 0x00, 0x00, 0x00, 0x00, 0x00, 0x00, 0x00, 0x00, 0x00, 0x00, 0x00,
    0x00, 0x00, 0x00, 0x00, 0x00, 0x00, 0x00, 0x00, 0x00, 0x00, 0x00, 0x00, 0x00, 0x00, 0x00, 0x00,
    0x00, 0x00, 0x00, 0x00, 0x00, 0x00, 0x00, 0x00, 0x00, 0x00, 0x00, 0x00, 0x00, 0x00, 0x00, 0x00,
    0x00, 0x00, 0x00, 0x00, 0x00, 0x00, 0x00, 0x00, 0x00, 0x00, 0x00, 0x00, 0x00, 0x00, 0x00, 0x00,
    0x00, 0x00, 0x00, 0x00, 0x00, 0x00, 0x00, 0x00, 0x00, 0x00, 0x00, 0x00, 0x00, 0x00, 0x00, 0x00,
    0x00, 0x00, 0x00, 0x00, 0x00, 0x00, 0x00, 0x00, 0x00, 0x00, 0x00, 0x00, 0x00, 0x00, 0x00, 0x00,
    0x00, 0x00, 0x00, 0x00, 0x00, 0x00, 0x00, 0x00, 0x00, 0x00, 0x00, 0x00, 0x00, 0x00, 0x00, 0x00,
    0x00, 0x00, 0x00, 0x00, 0x00, 0x00, 0x00, 0x00, 0x00, 0x00, 0x00, 0x00, 0x00, 0x00, 0x00, 0x00,
    0x00, 0x00, 0x00, 0x00, 0x00, 0x00, 0x00, 0x00, 0x00, 0x00, 0x00, 0x00, 0x00, 0x00, 0x00, 0x00,
    0x00, 0x00, 0x00, 0x00, 0x00, 0x00, 0x00, 0x00, 0x00, 0x00, 0x00, 0x00, 0x00, 0x00, 0x00, 0x00,
    0x00, 0x00, 0x00, 0x00, 0x00, 0x00, 0x00, 0x00, 0x00, 0x00, 0x00, 0x00, 0x00, 0x00, 0x00, 0x00,
    0x00, 0x00, 0x00, 0x00, 0x00, 0x00, 0x00, 0x00, 0x00, 0x00, 0x00, 0x00, 0x00, 0x00, 0x00, 0x00,
    0x00, 0x00, 0x00, 0x00, 0x00, 0x00, 0x00, 0x00, 0x00, 0x00, 0x00, 0x00, 0x00, 0x00, 0x00, 0x00,
    0x00, 0x00, 0x00, 0x00, 0x00, 0x00, 0x00, 0x00, 0x00, 0x00, 0x00, 0x00, 0x00, 0x00, 0x00, 0x00,
    0x00, 0x00, 0x00, 0x00, 0x00, 0x00, 0x00, 0x00, 0x00, 0x00, 0x00, 0x00, 0x00, 0x00, 0x00, 0x00,
    0x00, 0x00, 0x00, 0x00, 0x00, 0x00, 0x00, 0x00, 0x00, 0x00, 0x00, 0x00, 0x00, 0x00, 0x00, 0x00,
    0x00, 0x00, 0x00, 0x00, 0x00, 0x00, 0x00, 0x00, 0x00, 0x00, 0x00, 0x00, 0x00, 0x00, 0x00, 0x00,
    0x00, 0x00, 0x00, 0x00, 0x00, 0x00, 0x00, 0x00, 0x00, 0x00, 0x00, 0x00, 0x00, 0x00, 0x00, 0x00,
    0x00, 0x00, 0x00, 0x00, 0x00, 0x00, 0x00, 0x00, 0x00, 0x00, 0x00, 0x00, 0x00, 0x00, 0x00, 0x00,
    0x00, 0x00, 0x00, 0x00, 0x00, 0x00, 0x00, 0x00, 0x00, 0x00, 0x00, 0x00, 0x00, 0x00, 0x00, 0x00,
    0x00, 0x00, 0x00, 0x00, 0x00, 0x00, 0x00, 0x00, 0x00, 0x00, 0x00, 0x00, 0x00, 0x00, 0x00, 0x00,
    0x00, 0x00, 0x00, 0x00, 0x00, 0x00, 0x00, 0x00, 0x00, 0x00, 0x00, 0x00, 0x00, 0x00, 0x00, 0x00,
    0x00, 0x00, 0x00, 0x00, 0x00, 0x00, 0x00, 0x00, 0x00, 0x00, 0x00, 0x00, 0x00, 0x00, 0x00, 0x00,
};

const lv_image_dsc_t img_sheikah_eye = {
    .header.cf = LV_COLOR_FORMAT_ARGB8888,
    .header.w = 150,
    .header.h = 150,
    .header.stride = 600,
    .data_size = 90000,
    .data = img_sheikah_eye_map,
};
